{
  "type": "FeatureCollection",
  "atlas": {
    "capa": "agua-embalsada",
    "schema_version": "1.21.0",
    "verificado_a": "2026-08-07"
  },
  "features": [
    {
      "type": "Feature",
      "id": "agua-embalsada:alfilorios-cantabricoocci",
      "geometry": {
        "type": "Point",
        "coordinates": [
          -5.91809,
          43.29388
        ]
      },
      "properties": {
        "slug": "alfilorios-cantabricoocci",
        "nombre": "Embalse de Alfilorios",
        "categoria": "embalse",
        "descripcion": "Capacidad de 8 hm³ y 4 hm³ embalsados según el parte de 2026-08-04 del Boletín Hidrológico. Demarcación: Cantábrico Occidental.",
        "estado_registro": "vigente",
        "verif": "confirmado",
        "geo_precision": "paraje",
        "geo_fuente": "«Embalse de los Alfilorios» en el Nomenclátor Geográfico Básico de España",
        "geo_fuente__v": "confirmado",
        "geo_fuente__f": "f2",
        "fecha_alta": "2026-08-07",
        "fecha_verificacion": "2026-08-07",
        "demarcacion": "Cantábrico Occidental",
        "capacidad_hm3": 8.0,
        "capacidad_hm3__v": "confirmado",
        "capacidad_hm3__f": "f1",
        "agua_actual_hm3": 4.0,
        "agua_actual_hm3__v": "confirmado",
        "agua_actual_hm3__f": "f1",
        "fecha_dato": "2026-08-04",
        "hidroelectrico": false,
        "claves": [],
        "fuentes": [
          {
            "id": "f1",
            "tipo": "primaria",
            "titulo": "Boletín Hidrológico Semanal — histórico de embalses 1988-2026 (Dirección General del Agua, Ministerio para la Transición Ecológica y el Reto Demográfico)",
            "url": "https://www.miteco.gob.es/content/dam/miteco/es/agua/temas/evaluacion-de-los-recursos-hidricos/boletin-hidrologico/Historico-de-embalses/BD-Embalses.zip",
            "fecha": "2026-08-04",
            "archivo": "fuentes/2026-08-07_miteco_bd-embalses-boletin-hidrologico-1988-2026.zip"
          },
          {
            "id": "f2",
            "tipo": "primaria",
            "titulo": "Nomenclátor Geográfico Básico de España — Instituto Geográfico Nacional",
            "url": "https://api-features.ign.es/collections/namedplace/items",
            "fecha": "2026-08-07",
            "archivo": "fuentes/2026-08-07_ign_ngbe-toponimos-embalses.json"
          }
        ]
      }
    },
    {
      "type": "Feature",
      "id": "agua-embalsada:arbon-cantabricoocci",
      "geometry": {
        "type": "Point",
        "coordinates": [
          -6.73022,
          43.47711
        ]
      },
      "properties": {
        "slug": "arbon-cantabricoocci",
        "nombre": "Embalse de Arbón",
        "categoria": "embalse",
        "descripcion": "Capacidad de 41 hm³ y 37 hm³ embalsados según el parte de 2026-08-04 del Boletín Hidrológico. Demarcación: Cantábrico Occidental.",
        "estado_registro": "vigente",
        "verif": "confirmado",
        "geo_precision": "paraje",
        "geo_fuente": "«Embalse de Arbón» en el Nomenclátor Geográfico Básico de España",
        "geo_fuente__v": "confirmado",
        "geo_fuente__f": "f2",
        "fecha_alta": "2026-08-07",
        "fecha_verificacion": "2026-08-07",
        "demarcacion": "Cantábrico Occidental",
        "capacidad_hm3": 41.0,
        "capacidad_hm3__v": "confirmado",
        "capacidad_hm3__f": "f1",
        "agua_actual_hm3": 37.0,
        "agua_actual_hm3__v": "confirmado",
        "agua_actual_hm3__f": "f1",
        "fecha_dato": "2026-08-04",
        "hidroelectrico": true,
        "claves": [],
        "fuentes": [
          {
            "id": "f1",
            "tipo": "primaria",
            "titulo": "Boletín Hidrológico Semanal — histórico de embalses 1988-2026 (Dirección General del Agua, Ministerio para la Transición Ecológica y el Reto Demográfico)",
            "url": "https://www.miteco.gob.es/content/dam/miteco/es/agua/temas/evaluacion-de-los-recursos-hidricos/boletin-hidrologico/Historico-de-embalses/BD-Embalses.zip",
            "fecha": "2026-08-04",
            "archivo": "fuentes/2026-08-07_miteco_bd-embalses-boletin-hidrologico-1988-2026.zip"
          },
          {
            "id": "f2",
            "tipo": "primaria",
            "titulo": "Nomenclátor Geográfico Básico de España — Instituto Geográfico Nacional",
            "url": "https://api-features.ign.es/collections/namedplace/items",
            "fecha": "2026-08-07",
            "archivo": "fuentes/2026-08-07_ign_ngbe-toponimos-embalses.json"
          }
        ]
      }
    },
    {
      "type": "Feature",
      "id": "agua-embalsada:barcala-cantabricoocci",
      "geometry": {
        "type": "Point",
        "coordinates": [
          -6.30408,
          43.32092
        ]
      },
      "properties": {
        "slug": "barcala-cantabricoocci",
        "nombre": "Embalse de Barca, La",
        "categoria": "embalse",
        "descripcion": "Capacidad de 34 hm³ y 28 hm³ embalsados según el parte de 2026-08-04 del Boletín Hidrológico. Demarcación: Cantábrico Occidental.",
        "estado_registro": "vigente",
        "verif": "confirmado",
        "geo_precision": "paraje",
        "geo_fuente": "«Embalse de la Barca» en el Nomenclátor Geográfico Básico de España",
        "geo_fuente__v": "confirmado",
        "geo_fuente__f": "f2",
        "fecha_alta": "2026-08-07",
        "fecha_verificacion": "2026-08-07",
        "demarcacion": "Cantábrico Occidental",
        "capacidad_hm3": 34.0,
        "capacidad_hm3__v": "confirmado",
        "capacidad_hm3__f": "f1",
        "agua_actual_hm3": 28.0,
        "agua_actual_hm3__v": "confirmado",
        "agua_actual_hm3__f": "f1",
        "fecha_dato": "2026-08-04",
        "hidroelectrico": true,
        "claves": [],
        "fuentes": [
          {
            "id": "f1",
            "tipo": "primaria",
            "titulo": "Boletín Hidrológico Semanal — histórico de embalses 1988-2026 (Dirección General del Agua, Ministerio para la Transición Ecológica y el Reto Demográfico)",
            "url": "https://www.miteco.gob.es/content/dam/miteco/es/agua/temas/evaluacion-de-los-recursos-hidricos/boletin-hidrologico/Historico-de-embalses/BD-Embalses.zip",
            "fecha": "2026-08-04",
            "archivo": "fuentes/2026-08-07_miteco_bd-embalses-boletin-hidrologico-1988-2026.zip"
          },
          {
            "id": "f2",
            "tipo": "primaria",
            "titulo": "Nomenclátor Geográfico Básico de España — Instituto Geográfico Nacional",
            "url": "https://api-features.ign.es/collections/namedplace/items",
            "fecha": "2026-08-07",
            "archivo": "fuentes/2026-08-07_ign_ngbe-toponimos-embalses.json"
          }
        ]
      }
    },
    {
      "type": "Feature",
      "id": "agua-embalsada:cohillala-cantabricoocci",
      "geometry": {
        "type": "Point",
        "coordinates": [
          -4.3891,
          43.13269
        ]
      },
      "properties": {
        "slug": "cohillala-cantabricoocci",
        "nombre": "Embalse de Cohilla, La",
        "categoria": "embalse",
        "descripcion": "Capacidad de 12 hm³ y 1 hm³ embalsados según el parte de 2026-08-04 del Boletín Hidrológico. Demarcación: Cantábrico Occidental.",
        "estado_registro": "vigente",
        "verif": "confirmado",
        "geo_precision": "paraje",
        "geo_fuente": "«Embalse de la Cohilla» en el Nomenclátor Geográfico Básico de España",
        "geo_fuente__v": "confirmado",
        "geo_fuente__f": "f2",
        "fecha_alta": "2026-08-07",
        "fecha_verificacion": "2026-08-07",
        "demarcacion": "Cantábrico Occidental",
        "capacidad_hm3": 12.0,
        "capacidad_hm3__v": "confirmado",
        "capacidad_hm3__f": "f1",
        "agua_actual_hm3": 1.0,
        "agua_actual_hm3__v": "confirmado",
        "agua_actual_hm3__f": "f1",
        "fecha_dato": "2026-08-04",
        "hidroelectrico": true,
        "claves": [],
        "fuentes": [
          {
            "id": "f1",
            "tipo": "primaria",
            "titulo": "Boletín Hidrológico Semanal — histórico de embalses 1988-2026 (Dirección General del Agua, Ministerio para la Transición Ecológica y el Reto Demográfico)",
            "url": "https://www.miteco.gob.es/content/dam/miteco/es/agua/temas/evaluacion-de-los-recursos-hidricos/boletin-hidrologico/Historico-de-embalses/BD-Embalses.zip",
            "fecha": "2026-08-04",
            "archivo": "fuentes/2026-08-07_miteco_bd-embalses-boletin-hidrologico-1988-2026.zip"
          },
          {
            "id": "f2",
            "tipo": "primaria",
            "titulo": "Nomenclátor Geográfico Básico de España — Instituto Geográfico Nacional",
            "url": "https://api-features.ign.es/collections/namedplace/items",
            "fecha": "2026-08-07",
            "archivo": "fuentes/2026-08-07_ign_ngbe-toponimos-embalses.json"
          }
        ]
      }
    },
    {
      "type": "Feature",
      "id": "agua-embalsada:doiras-cantabricoocci",
      "geometry": {
        "type": "Point",
        "coordinates": [
          -6.82532,
          43.38629
        ]
      },
      "properties": {
        "slug": "doiras-cantabricoocci",
        "nombre": "Embalse de Doiras",
        "categoria": "embalse",
        "descripcion": "Capacidad de 97 hm³ y 79 hm³ embalsados según el parte de 2026-08-04 del Boletín Hidrológico. Demarcación: Cantábrico Occidental.",
        "estado_registro": "vigente",
        "verif": "confirmado",
        "geo_precision": "paraje",
        "geo_fuente": "«Embalse de Doiras» en el Nomenclátor Geográfico Básico de España",
        "geo_fuente__v": "confirmado",
        "geo_fuente__f": "f2",
        "fecha_alta": "2026-08-07",
        "fecha_verificacion": "2026-08-07",
        "demarcacion": "Cantábrico Occidental",
        "capacidad_hm3": 97.0,
        "capacidad_hm3__v": "confirmado",
        "capacidad_hm3__f": "f1",
        "agua_actual_hm3": 79.0,
        "agua_actual_hm3__v": "confirmado",
        "agua_actual_hm3__f": "f1",
        "fecha_dato": "2026-08-04",
        "hidroelectrico": true,
        "claves": [],
        "fuentes": [
          {
            "id": "f1",
            "tipo": "primaria",
            "titulo": "Boletín Hidrológico Semanal — histórico de embalses 1988-2026 (Dirección General del Agua, Ministerio para la Transición Ecológica y el Reto Demográfico)",
            "url": "https://www.miteco.gob.es/content/dam/miteco/es/agua/temas/evaluacion-de-los-recursos-hidricos/boletin-hidrologico/Historico-de-embalses/BD-Embalses.zip",
            "fecha": "2026-08-04",
            "archivo": "fuentes/2026-08-07_miteco_bd-embalses-boletin-hidrologico-1988-2026.zip"
          },
          {
            "id": "f2",
            "tipo": "primaria",
            "titulo": "Nomenclátor Geográfico Básico de España — Instituto Geográfico Nacional",
            "url": "https://api-features.ign.es/collections/namedplace/items",
            "fecha": "2026-08-07",
            "archivo": "fuentes/2026-08-07_ign_ngbe-toponimos-embalses.json"
          }
        ]
      }
    },
    {
      "type": "Feature",
      "id": "agua-embalsada:rioseco-cantabricoocci",
      "geometry": {
        "type": "Point",
        "coordinates": [
          -5.47339,
          43.22827
        ]
      },
      "properties": {
        "slug": "rioseco-cantabricoocci",
        "nombre": "Embalse de Rioseco",
        "categoria": "embalse",
        "descripcion": "Capacidad de 4 hm³ y 3 hm³ embalsados según el parte de 2026-08-04 del Boletín Hidrológico. Demarcación: Cantábrico Occidental.",
        "estado_registro": "vigente",
        "verif": "confirmado",
        "geo_precision": "paraje",
        "geo_fuente": "«Embalse de Rioseco» en el Nomenclátor Geográfico Básico de España",
        "geo_fuente__v": "confirmado",
        "geo_fuente__f": "f2",
        "fecha_alta": "2026-08-07",
        "fecha_verificacion": "2026-08-07",
        "demarcacion": "Cantábrico Occidental",
        "capacidad_hm3": 4.0,
        "capacidad_hm3__v": "confirmado",
        "capacidad_hm3__f": "f1",
        "agua_actual_hm3": 3.0,
        "agua_actual_hm3__v": "confirmado",
        "agua_actual_hm3__f": "f1",
        "fecha_dato": "2026-08-04",
        "hidroelectrico": false,
        "claves": [],
        "fuentes": [
          {
            "id": "f1",
            "tipo": "primaria",
            "titulo": "Boletín Hidrológico Semanal — histórico de embalses 1988-2026 (Dirección General del Agua, Ministerio para la Transición Ecológica y el Reto Demográfico)",
            "url": "https://www.miteco.gob.es/content/dam/miteco/es/agua/temas/evaluacion-de-los-recursos-hidricos/boletin-hidrologico/Historico-de-embalses/BD-Embalses.zip",
            "fecha": "2026-08-04",
            "archivo": "fuentes/2026-08-07_miteco_bd-embalses-boletin-hidrologico-1988-2026.zip"
          },
          {
            "id": "f2",
            "tipo": "primaria",
            "titulo": "Nomenclátor Geográfico Básico de España — Instituto Geográfico Nacional",
            "url": "https://api-features.ign.es/collections/namedplace/items",
            "fecha": "2026-08-07",
            "archivo": "fuentes/2026-08-07_ign_ngbe-toponimos-embalses.json"
          }
        ]
      }
    },
    {
      "type": "Feature",
      "id": "agua-embalsada:salime-cantabricoocci",
      "geometry": {
        "type": "Point",
        "coordinates": [
          -6.84914,
          43.22155
        ]
      },
      "properties": {
        "slug": "salime-cantabricoocci",
        "nombre": "Embalse de Salime",
        "categoria": "embalse",
        "descripcion": "Capacidad de 238 hm³ y 154 hm³ embalsados según el parte de 2026-08-04 del Boletín Hidrológico. Demarcación: Cantábrico Occidental.",
        "estado_registro": "vigente",
        "verif": "confirmado",
        "geo_precision": "paraje",
        "geo_fuente": "«Embalse de Salime» en el Nomenclátor Geográfico Básico de España",
        "geo_fuente__v": "confirmado",
        "geo_fuente__f": "f2",
        "fecha_alta": "2026-08-07",
        "fecha_verificacion": "2026-08-07",
        "demarcacion": "Cantábrico Occidental",
        "capacidad_hm3": 238.0,
        "capacidad_hm3__v": "confirmado",
        "capacidad_hm3__f": "f1",
        "agua_actual_hm3": 154.0,
        "agua_actual_hm3__v": "confirmado",
        "agua_actual_hm3__f": "f1",
        "fecha_dato": "2026-08-04",
        "hidroelectrico": true,
        "claves": [],
        "fuentes": [
          {
            "id": "f1",
            "tipo": "primaria",
            "titulo": "Boletín Hidrológico Semanal — histórico de embalses 1988-2026 (Dirección General del Agua, Ministerio para la Transición Ecológica y el Reto Demográfico)",
            "url": "https://www.miteco.gob.es/content/dam/miteco/es/agua/temas/evaluacion-de-los-recursos-hidricos/boletin-hidrologico/Historico-de-embalses/BD-Embalses.zip",
            "fecha": "2026-08-04",
            "archivo": "fuentes/2026-08-07_miteco_bd-embalses-boletin-hidrologico-1988-2026.zip"
          },
          {
            "id": "f2",
            "tipo": "primaria",
            "titulo": "Nomenclátor Geográfico Básico de España — Instituto Geográfico Nacional",
            "url": "https://api-features.ign.es/collections/namedplace/items",
            "fecha": "2026-08-07",
            "archivo": "fuentes/2026-08-07_ign_ngbe-toponimos-embalses.json"
          }
        ]
      }
    },
    {
      "type": "Feature",
      "id": "agua-embalsada:somiedolagos-cantabricoocci",
      "geometry": {
        "type": "Point",
        "coordinates": [
          -6.25177,
          43.11773
        ]
      },
      "properties": {
        "slug": "somiedolagos-cantabricoocci",
        "nombre": "Embalse de Somiedo (Lagos)",
        "categoria": "embalse",
        "descripcion": "Capacidad de 6 hm³ y 3 hm³ embalsados según el parte de 2017-09-26 del Boletín Hidrológico. Demarcación: Cantábrico Occidental.",
        "estado_registro": "historico",
        "verif": "confirmado",
        "geo_precision": "paraje",
        "geo_fuente": "«Embalse de Somiedo» en el Nomenclátor Geográfico Básico de España",
        "geo_fuente__v": "confirmado",
        "geo_fuente__f": "f2",
        "fecha_alta": "2026-08-07",
        "fecha_verificacion": "2026-08-07",
        "demarcacion": "Cantábrico Occidental",
        "capacidad_hm3": 6.0,
        "capacidad_hm3__v": "confirmado",
        "capacidad_hm3__f": "f1",
        "agua_actual_hm3": 3.0,
        "agua_actual_hm3__v": "confirmado",
        "agua_actual_hm3__f": "f1",
        "fecha_dato": "2017-09-26",
        "hidroelectrico": true,
        "claves": [
          {
            "k": "Este parte dejó de alimentarse",
            "v": "El último dato de este embalse en la serie del Boletín es de 2017-09-26, y la serie llega a agosto de 2026. No es una lectura actual: por eso el registro va como `historico` y no se borra.",
            "verif": "confirmado",
            "fuente": "f1"
          }
        ],
        "fuentes": [
          {
            "id": "f1",
            "tipo": "primaria",
            "titulo": "Boletín Hidrológico Semanal — histórico de embalses 1988-2026 (Dirección General del Agua, Ministerio para la Transición Ecológica y el Reto Demográfico)",
            "url": "https://www.miteco.gob.es/content/dam/miteco/es/agua/temas/evaluacion-de-los-recursos-hidricos/boletin-hidrologico/Historico-de-embalses/BD-Embalses.zip",
            "fecha": "2017-09-26",
            "archivo": "fuentes/2026-08-07_miteco_bd-embalses-boletin-hidrologico-1988-2026.zip"
          },
          {
            "id": "f2",
            "tipo": "primaria",
            "titulo": "Nomenclátor Geográfico Básico de España — Instituto Geográfico Nacional",
            "url": "https://api-features.ign.es/collections/namedplace/items",
            "fecha": "2026-08-07",
            "archivo": "fuentes/2026-08-07_ign_ngbe-toponimos-embalses.json"
          }
        ]
      }
    },
    {
      "type": "Feature",
      "id": "agua-embalsada:tanes-cantabricoocci",
      "geometry": {
        "type": "Point",
        "coordinates": [
          -5.42798,
          43.2207
        ]
      },
      "properties": {
        "slug": "tanes-cantabricoocci",
        "nombre": "Embalse de Tanes",
        "categoria": "embalse",
        "descripcion": "Capacidad de 34 hm³ y 29 hm³ embalsados según el parte de 2026-08-04 del Boletín Hidrológico. Demarcación: Cantábrico Occidental.",
        "estado_registro": "vigente",
        "verif": "confirmado",
        "geo_precision": "paraje",
        "geo_fuente": "«Embalse de Tanes» en el Nomenclátor Geográfico Básico de España",
        "geo_fuente__v": "confirmado",
        "geo_fuente__f": "f2",
        "fecha_alta": "2026-08-07",
        "fecha_verificacion": "2026-08-07",
        "demarcacion": "Cantábrico Occidental",
        "capacidad_hm3": 34.0,
        "capacidad_hm3__v": "confirmado",
        "capacidad_hm3__f": "f1",
        "agua_actual_hm3": 29.0,
        "agua_actual_hm3__v": "confirmado",
        "agua_actual_hm3__f": "f1",
        "fecha_dato": "2026-08-04",
        "hidroelectrico": false,
        "claves": [],
        "fuentes": [
          {
            "id": "f1",
            "tipo": "primaria",
            "titulo": "Boletín Hidrológico Semanal — histórico de embalses 1988-2026 (Dirección General del Agua, Ministerio para la Transición Ecológica y el Reto Demográfico)",
            "url": "https://www.miteco.gob.es/content/dam/miteco/es/agua/temas/evaluacion-de-los-recursos-hidricos/boletin-hidrologico/Historico-de-embalses/BD-Embalses.zip",
            "fecha": "2026-08-04",
            "archivo": "fuentes/2026-08-07_miteco_bd-embalses-boletin-hidrologico-1988-2026.zip"
          },
          {
            "id": "f2",
            "tipo": "primaria",
            "titulo": "Nomenclátor Geográfico Básico de España — Instituto Geográfico Nacional",
            "url": "https://api-features.ign.es/collections/namedplace/items",
            "fecha": "2026-08-07",
            "archivo": "fuentes/2026-08-07_ign_ngbe-toponimos-embalses.json"
          }
        ]
      }
    },
    {
      "type": "Feature",
      "id": "agua-embalsada:anarbe-cantabricoorie",
      "geometry": {
        "type": "Point",
        "coordinates": [
          -1.87488,
          43.21228
        ]
      },
      "properties": {
        "slug": "anarbe-cantabricoorie",
        "nombre": "Embalse de Añarbe",
        "categoria": "embalse",
        "descripcion": "Capacidad de 38 hm³ y 26 hm³ embalsados según el parte de 2026-08-04 del Boletín Hidrológico. Demarcación: Cantábrico Oriental.",
        "estado_registro": "vigente",
        "verif": "confirmado",
        "geo_precision": "paraje",
        "geo_fuente": "«Añarbeko urtegia» en el Nomenclátor Geográfico Básico de España",
        "geo_fuente__v": "confirmado",
        "geo_fuente__f": "f2",
        "fecha_alta": "2026-08-07",
        "fecha_verificacion": "2026-08-07",
        "demarcacion": "Cantábrico Oriental",
        "capacidad_hm3": 38.0,
        "capacidad_hm3__v": "confirmado",
        "capacidad_hm3__f": "f1",
        "agua_actual_hm3": 26.0,
        "agua_actual_hm3__v": "confirmado",
        "agua_actual_hm3__f": "f1",
        "fecha_dato": "2026-08-04",
        "hidroelectrico": false,
        "claves": [],
        "fuentes": [
          {
            "id": "f1",
            "tipo": "primaria",
            "titulo": "Boletín Hidrológico Semanal — histórico de embalses 1988-2026 (Dirección General del Agua, Ministerio para la Transición Ecológica y el Reto Demográfico)",
            "url": "https://www.miteco.gob.es/content/dam/miteco/es/agua/temas/evaluacion-de-los-recursos-hidricos/boletin-hidrologico/Historico-de-embalses/BD-Embalses.zip",
            "fecha": "2026-08-04",
            "archivo": "fuentes/2026-08-07_miteco_bd-embalses-boletin-hidrologico-1988-2026.zip"
          },
          {
            "id": "f2",
            "tipo": "primaria",
            "titulo": "Nomenclátor Geográfico Básico de España — Instituto Geográfico Nacional",
            "url": "https://api-features.ign.es/collections/namedplace/items",
            "fecha": "2026-08-07",
            "archivo": "fuentes/2026-08-07_ign_ngbe-toponimos-embalses.json"
          }
        ]
      }
    },
    {
      "type": "Feature",
      "id": "agua-embalsada:ordunte-cantabricoorie",
      "geometry": {
        "type": "Point",
        "coordinates": [
          -3.28418,
          43.16028
        ]
      },
      "properties": {
        "slug": "ordunte-cantabricoorie",
        "nombre": "Embalse de Ordunte",
        "categoria": "embalse",
        "descripcion": "Capacidad de 22 hm³ y 16 hm³ embalsados según el parte de 2026-08-04 del Boletín Hidrológico. Demarcación: Cantábrico Oriental.",
        "estado_registro": "vigente",
        "verif": "confirmado",
        "geo_precision": "paraje",
        "geo_fuente": "«Embalse de Ordunte» en el Nomenclátor Geográfico Básico de España",
        "geo_fuente__v": "confirmado",
        "geo_fuente__f": "f2",
        "fecha_alta": "2026-08-07",
        "fecha_verificacion": "2026-08-07",
        "demarcacion": "Cantábrico Oriental",
        "capacidad_hm3": 22.0,
        "capacidad_hm3__v": "confirmado",
        "capacidad_hm3__f": "f1",
        "agua_actual_hm3": 16.0,
        "agua_actual_hm3__v": "confirmado",
        "agua_actual_hm3__f": "f1",
        "fecha_dato": "2026-08-04",
        "hidroelectrico": false,
        "claves": [],
        "fuentes": [
          {
            "id": "f1",
            "tipo": "primaria",
            "titulo": "Boletín Hidrológico Semanal — histórico de embalses 1988-2026 (Dirección General del Agua, Ministerio para la Transición Ecológica y el Reto Demográfico)",
            "url": "https://www.miteco.gob.es/content/dam/miteco/es/agua/temas/evaluacion-de-los-recursos-hidricos/boletin-hidrologico/Historico-de-embalses/BD-Embalses.zip",
            "fecha": "2026-08-04",
            "archivo": "fuentes/2026-08-07_miteco_bd-embalses-boletin-hidrologico-1988-2026.zip"
          },
          {
            "id": "f2",
            "tipo": "primaria",
            "titulo": "Nomenclátor Geográfico Básico de España — Instituto Geográfico Nacional",
            "url": "https://api-features.ign.es/collections/namedplace/items",
            "fecha": "2026-08-07",
            "archivo": "fuentes/2026-08-07_ign_ngbe-toponimos-embalses.json"
          }
        ]
      }
    },
    {
      "type": "Feature",
      "id": "agua-embalsada:beninar-cuencamediterr",
      "geometry": {
        "type": "Point",
        "coordinates": [
          -3.02631,
          36.87567
        ]
      },
      "properties": {
        "slug": "beninar-cuencamediterr",
        "nombre": "Embalse de Benínar",
        "categoria": "embalse",
        "descripcion": "Capacidad de 63 hm³ y 12 hm³ embalsados según el parte de 2026-08-04 del Boletín Hidrológico. Demarcación: Cuenca Mediterránea Andaluza.",
        "estado_registro": "vigente",
        "verif": "confirmado",
        "geo_precision": "paraje",
        "geo_fuente": "«Embalse de Benínar» en el Nomenclátor Geográfico Básico de España",
        "geo_fuente__v": "confirmado",
        "geo_fuente__f": "f2",
        "fecha_alta": "2026-08-07",
        "fecha_verificacion": "2026-08-07",
        "demarcacion": "Cuenca Mediterránea Andaluza",
        "capacidad_hm3": 63.0,
        "capacidad_hm3__v": "confirmado",
        "capacidad_hm3__f": "f1",
        "agua_actual_hm3": 12.0,
        "agua_actual_hm3__v": "confirmado",
        "agua_actual_hm3__f": "f1",
        "fecha_dato": "2026-08-04",
        "hidroelectrico": false,
        "claves": [],
        "fuentes": [
          {
            "id": "f1",
            "tipo": "primaria",
            "titulo": "Boletín Hidrológico Semanal — histórico de embalses 1988-2026 (Dirección General del Agua, Ministerio para la Transición Ecológica y el Reto Demográfico)",
            "url": "https://www.miteco.gob.es/content/dam/miteco/es/agua/temas/evaluacion-de-los-recursos-hidricos/boletin-hidrologico/Historico-de-embalses/BD-Embalses.zip",
            "fecha": "2026-08-04",
            "archivo": "fuentes/2026-08-07_miteco_bd-embalses-boletin-hidrologico-1988-2026.zip"
          },
          {
            "id": "f2",
            "tipo": "primaria",
            "titulo": "Nomenclátor Geográfico Básico de España — Instituto Geográfico Nacional",
            "url": "https://api-features.ign.es/collections/namedplace/items",
            "fecha": "2026-08-07",
            "archivo": "fuentes/2026-08-07_ign_ngbe-toponimos-embalses.json"
          }
        ]
      }
    },
    {
      "type": "Feature",
      "id": "agua-embalsada:beznar-cuencamediterr",
      "geometry": {
        "type": "Point",
        "coordinates": [
          -3.53949,
          36.91528
        ]
      },
      "properties": {
        "slug": "beznar-cuencamediterr",
        "nombre": "Embalse de Béznar",
        "categoria": "embalse",
        "descripcion": "Capacidad de 53 hm³ y 41 hm³ embalsados según el parte de 2026-08-04 del Boletín Hidrológico. Demarcación: Cuenca Mediterránea Andaluza.",
        "estado_registro": "vigente",
        "verif": "confirmado",
        "geo_precision": "paraje",
        "geo_fuente": "«Embalse de Béznar» en el Nomenclátor Geográfico Básico de España",
        "geo_fuente__v": "confirmado",
        "geo_fuente__f": "f2",
        "fecha_alta": "2026-08-07",
        "fecha_verificacion": "2026-08-07",
        "demarcacion": "Cuenca Mediterránea Andaluza",
        "capacidad_hm3": 53.0,
        "capacidad_hm3__v": "confirmado",
        "capacidad_hm3__f": "f1",
        "agua_actual_hm3": 41.0,
        "agua_actual_hm3__v": "confirmado",
        "agua_actual_hm3__f": "f1",
        "fecha_dato": "2026-08-04",
        "hidroelectrico": false,
        "claves": [],
        "fuentes": [
          {
            "id": "f1",
            "tipo": "primaria",
            "titulo": "Boletín Hidrológico Semanal — histórico de embalses 1988-2026 (Dirección General del Agua, Ministerio para la Transición Ecológica y el Reto Demográfico)",
            "url": "https://www.miteco.gob.es/content/dam/miteco/es/agua/temas/evaluacion-de-los-recursos-hidricos/boletin-hidrologico/Historico-de-embalses/BD-Embalses.zip",
            "fecha": "2026-08-04",
            "archivo": "fuentes/2026-08-07_miteco_bd-embalses-boletin-hidrologico-1988-2026.zip"
          },
          {
            "id": "f2",
            "tipo": "primaria",
            "titulo": "Nomenclátor Geográfico Básico de España — Instituto Geográfico Nacional",
            "url": "https://api-features.ign.es/collections/namedplace/items",
            "fecha": "2026-08-07",
            "archivo": "fuentes/2026-08-07_ign_ngbe-toponimos-embalses.json"
          }
        ]
      }
    },
    {
      "type": "Feature",
      "id": "agua-embalsada:charcoredondo-cuencamediterr",
      "geometry": {
        "type": "Point",
        "coordinates": [
          -5.54401,
          36.23248
        ]
      },
      "properties": {
        "slug": "charcoredondo-cuencamediterr",
        "nombre": "Embalse de Charco Redondo",
        "categoria": "embalse",
        "descripcion": "Capacidad de 82 hm³ y 59 hm³ embalsados según el parte de 2026-08-04 del Boletín Hidrológico. Demarcación: Cuenca Mediterránea Andaluza.",
        "estado_registro": "vigente",
        "verif": "confirmado",
        "geo_precision": "paraje",
        "geo_fuente": "«Embalse de Charco Redondo» en el Nomenclátor Geográfico Básico de España",
        "geo_fuente__v": "confirmado",
        "geo_fuente__f": "f2",
        "fecha_alta": "2026-08-07",
        "fecha_verificacion": "2026-08-07",
        "demarcacion": "Cuenca Mediterránea Andaluza",
        "capacidad_hm3": 82.0,
        "capacidad_hm3__v": "confirmado",
        "capacidad_hm3__f": "f1",
        "agua_actual_hm3": 59.0,
        "agua_actual_hm3__v": "confirmado",
        "agua_actual_hm3__f": "f1",
        "fecha_dato": "2026-08-04",
        "hidroelectrico": false,
        "claves": [],
        "fuentes": [
          {
            "id": "f1",
            "tipo": "primaria",
            "titulo": "Boletín Hidrológico Semanal — histórico de embalses 1988-2026 (Dirección General del Agua, Ministerio para la Transición Ecológica y el Reto Demográfico)",
            "url": "https://www.miteco.gob.es/content/dam/miteco/es/agua/temas/evaluacion-de-los-recursos-hidricos/boletin-hidrologico/Historico-de-embalses/BD-Embalses.zip",
            "fecha": "2026-08-04",
            "archivo": "fuentes/2026-08-07_miteco_bd-embalses-boletin-hidrologico-1988-2026.zip"
          },
          {
            "id": "f2",
            "tipo": "primaria",
            "titulo": "Nomenclátor Geográfico Básico de España — Instituto Geográfico Nacional",
            "url": "https://api-features.ign.es/collections/namedplace/items",
            "fecha": "2026-08-07",
            "archivo": "fuentes/2026-08-07_ign_ngbe-toponimos-embalses.json"
          }
        ]
      }
    },
    {
      "type": "Feature",
      "id": "agua-embalsada:concepcion-cuencamediterr",
      "geometry": {
        "type": "Point",
        "coordinates": [
          -4.96069,
          36.53528
        ]
      },
      "properties": {
        "slug": "concepcion-cuencamediterr",
        "nombre": "Embalse de Concepción",
        "categoria": "embalse",
        "descripcion": "Capacidad de 62 hm³ y 42 hm³ embalsados según el parte de 2026-08-04 del Boletín Hidrológico. Demarcación: Cuenca Mediterránea Andaluza.",
        "estado_registro": "vigente",
        "verif": "confirmado",
        "geo_precision": "paraje",
        "geo_fuente": "«Embalse de la Concepción» en el Nomenclátor Geográfico Básico de España",
        "geo_fuente__v": "confirmado",
        "geo_fuente__f": "f2",
        "fecha_alta": "2026-08-07",
        "fecha_verificacion": "2026-08-07",
        "demarcacion": "Cuenca Mediterránea Andaluza",
        "capacidad_hm3": 62.0,
        "capacidad_hm3__v": "confirmado",
        "capacidad_hm3__f": "f1",
        "agua_actual_hm3": 42.0,
        "agua_actual_hm3__v": "confirmado",
        "agua_actual_hm3__f": "f1",
        "fecha_dato": "2026-08-04",
        "hidroelectrico": false,
        "claves": [],
        "fuentes": [
          {
            "id": "f1",
            "tipo": "primaria",
            "titulo": "Boletín Hidrológico Semanal — histórico de embalses 1988-2026 (Dirección General del Agua, Ministerio para la Transición Ecológica y el Reto Demográfico)",
            "url": "https://www.miteco.gob.es/content/dam/miteco/es/agua/temas/evaluacion-de-los-recursos-hidricos/boletin-hidrologico/Historico-de-embalses/BD-Embalses.zip",
            "fecha": "2026-08-04",
            "archivo": "fuentes/2026-08-07_miteco_bd-embalses-boletin-hidrologico-1988-2026.zip"
          },
          {
            "id": "f2",
            "tipo": "primaria",
            "titulo": "Nomenclátor Geográfico Básico de España — Instituto Geográfico Nacional",
            "url": "https://api-features.ign.es/collections/namedplace/items",
            "fecha": "2026-08-07",
            "archivo": "fuentes/2026-08-07_ign_ngbe-toponimos-embalses.json"
          }
        ]
      }
    },
    {
      "type": "Feature",
      "id": "agua-embalsada:cuevasdealmanzora-cuencamediterr",
      "geometry": {
        "type": "Point",
        "coordinates": [
          -1.89722,
          37.32788
        ]
      },
      "properties": {
        "slug": "cuevasdealmanzora-cuencamediterr",
        "nombre": "Embalse de Cuevas de Almanzora",
        "categoria": "embalse",
        "descripcion": "Capacidad de 161 hm³ y 12 hm³ embalsados según el parte de 2026-08-04 del Boletín Hidrológico. Demarcación: Cuenca Mediterránea Andaluza.",
        "estado_registro": "vigente",
        "verif": "confirmado",
        "geo_precision": "paraje",
        "geo_fuente": "«Embalse de Cuevas del Almanzora» en el Nomenclátor Geográfico Básico de España",
        "geo_fuente__v": "confirmado",
        "geo_fuente__f": "f2",
        "fecha_alta": "2026-08-07",
        "fecha_verificacion": "2026-08-07",
        "demarcacion": "Cuenca Mediterránea Andaluza",
        "capacidad_hm3": 161.0,
        "capacidad_hm3__v": "confirmado",
        "capacidad_hm3__f": "f1",
        "agua_actual_hm3": 12.0,
        "agua_actual_hm3__v": "confirmado",
        "agua_actual_hm3__f": "f1",
        "fecha_dato": "2026-08-04",
        "hidroelectrico": false,
        "claves": [],
        "fuentes": [
          {
            "id": "f1",
            "tipo": "primaria",
            "titulo": "Boletín Hidrológico Semanal — histórico de embalses 1988-2026 (Dirección General del Agua, Ministerio para la Transición Ecológica y el Reto Demográfico)",
            "url": "https://www.miteco.gob.es/content/dam/miteco/es/agua/temas/evaluacion-de-los-recursos-hidricos/boletin-hidrologico/Historico-de-embalses/BD-Embalses.zip",
            "fecha": "2026-08-04",
            "archivo": "fuentes/2026-08-07_miteco_bd-embalses-boletin-hidrologico-1988-2026.zip"
          },
          {
            "id": "f2",
            "tipo": "primaria",
            "titulo": "Nomenclátor Geográfico Básico de España — Instituto Geográfico Nacional",
            "url": "https://api-features.ign.es/collections/namedplace/items",
            "fecha": "2026-08-07",
            "archivo": "fuentes/2026-08-07_ign_ngbe-toponimos-embalses.json"
          }
        ]
      }
    },
    {
      "type": "Feature",
      "id": "agua-embalsada:guadarranque-cuencamediterr",
      "geometry": {
        "type": "Point",
        "coordinates": [
          -5.4624,
          36.30811
        ]
      },
      "properties": {
        "slug": "guadarranque-cuencamediterr",
        "nombre": "Embalse de Guadarranque",
        "categoria": "embalse",
        "descripcion": "Capacidad de 88 hm³ y 72 hm³ embalsados según el parte de 2026-08-04 del Boletín Hidrológico. Demarcación: Cuenca Mediterránea Andaluza.",
        "estado_registro": "vigente",
        "verif": "confirmado",
        "geo_precision": "paraje",
        "geo_fuente": "«Embalse del Guadarranque» en el Nomenclátor Geográfico Básico de España",
        "geo_fuente__v": "confirmado",
        "geo_fuente__f": "f2",
        "fecha_alta": "2026-08-07",
        "fecha_verificacion": "2026-08-07",
        "demarcacion": "Cuenca Mediterránea Andaluza",
        "capacidad_hm3": 88.0,
        "capacidad_hm3__v": "confirmado",
        "capacidad_hm3__f": "f1",
        "agua_actual_hm3": 72.0,
        "agua_actual_hm3__v": "confirmado",
        "agua_actual_hm3__f": "f1",
        "fecha_dato": "2026-08-04",
        "hidroelectrico": false,
        "claves": [],
        "fuentes": [
          {
            "id": "f1",
            "tipo": "primaria",
            "titulo": "Boletín Hidrológico Semanal — histórico de embalses 1988-2026 (Dirección General del Agua, Ministerio para la Transición Ecológica y el Reto Demográfico)",
            "url": "https://www.miteco.gob.es/content/dam/miteco/es/agua/temas/evaluacion-de-los-recursos-hidricos/boletin-hidrologico/Historico-de-embalses/BD-Embalses.zip",
            "fecha": "2026-08-04",
            "archivo": "fuentes/2026-08-07_miteco_bd-embalses-boletin-hidrologico-1988-2026.zip"
          },
          {
            "id": "f2",
            "tipo": "primaria",
            "titulo": "Nomenclátor Geográfico Básico de España — Instituto Geográfico Nacional",
            "url": "https://api-features.ign.es/collections/namedplace/items",
            "fecha": "2026-08-07",
            "archivo": "fuentes/2026-08-07_ign_ngbe-toponimos-embalses.json"
          }
        ]
      }
    },
    {
      "type": "Feature",
      "id": "agua-embalsada:limonero-cuencamediterr",
      "geometry": {
        "type": "Point",
        "coordinates": [
          -4.4314,
          36.75928
        ]
      },
      "properties": {
        "slug": "limonero-cuencamediterr",
        "nombre": "Embalse de Limonero",
        "categoria": "embalse",
        "descripcion": "Capacidad de 22 hm³ y 15 hm³ embalsados según el parte de 2026-08-04 del Boletín Hidrológico. Demarcación: Cuenca Mediterránea Andaluza.",
        "estado_registro": "vigente",
        "verif": "confirmado",
        "geo_precision": "paraje",
        "geo_fuente": "«Embalse del Limonero» en el Nomenclátor Geográfico Básico de España",
        "geo_fuente__v": "confirmado",
        "geo_fuente__f": "f2",
        "fecha_alta": "2026-08-07",
        "fecha_verificacion": "2026-08-07",
        "demarcacion": "Cuenca Mediterránea Andaluza",
        "capacidad_hm3": 22.0,
        "capacidad_hm3__v": "confirmado",
        "capacidad_hm3__f": "f1",
        "agua_actual_hm3": 15.0,
        "agua_actual_hm3__v": "confirmado",
        "agua_actual_hm3__f": "f1",
        "fecha_dato": "2026-08-04",
        "hidroelectrico": false,
        "claves": [],
        "fuentes": [
          {
            "id": "f1",
            "tipo": "primaria",
            "titulo": "Boletín Hidrológico Semanal — histórico de embalses 1988-2026 (Dirección General del Agua, Ministerio para la Transición Ecológica y el Reto Demográfico)",
            "url": "https://www.miteco.gob.es/content/dam/miteco/es/agua/temas/evaluacion-de-los-recursos-hidricos/boletin-hidrologico/Historico-de-embalses/BD-Embalses.zip",
            "fecha": "2026-08-04",
            "archivo": "fuentes/2026-08-07_miteco_bd-embalses-boletin-hidrologico-1988-2026.zip"
          },
          {
            "id": "f2",
            "tipo": "primaria",
            "titulo": "Nomenclátor Geográfico Básico de España — Instituto Geográfico Nacional",
            "url": "https://api-features.ign.es/collections/namedplace/items",
            "fecha": "2026-08-07",
            "archivo": "fuentes/2026-08-07_ign_ngbe-toponimos-embalses.json"
          }
        ]
      }
    },
    {
      "type": "Feature",
      "id": "agua-embalsada:rules-cuencamediterr",
      "geometry": {
        "type": "Point",
        "coordinates": [
          -3.4903,
          36.86188
        ]
      },
      "properties": {
        "slug": "rules-cuencamediterr",
        "nombre": "Embalse de Rules",
        "categoria": "embalse",
        "descripcion": "Capacidad de 111 hm³ y 103 hm³ embalsados según el parte de 2026-08-04 del Boletín Hidrológico. Demarcación: Cuenca Mediterránea Andaluza.",
        "estado_registro": "vigente",
        "verif": "confirmado",
        "geo_precision": "paraje",
        "geo_fuente": "«Embalse de Rules» en el Nomenclátor Geográfico Básico de España",
        "geo_fuente__v": "confirmado",
        "geo_fuente__f": "f2",
        "fecha_alta": "2026-08-07",
        "fecha_verificacion": "2026-08-07",
        "demarcacion": "Cuenca Mediterránea Andaluza",
        "capacidad_hm3": 111.0,
        "capacidad_hm3__v": "confirmado",
        "capacidad_hm3__f": "f1",
        "agua_actual_hm3": 103.0,
        "agua_actual_hm3__v": "confirmado",
        "agua_actual_hm3__f": "f1",
        "fecha_dato": "2026-08-04",
        "hidroelectrico": false,
        "claves": [],
        "fuentes": [
          {
            "id": "f1",
            "tipo": "primaria",
            "titulo": "Boletín Hidrológico Semanal — histórico de embalses 1988-2026 (Dirección General del Agua, Ministerio para la Transición Ecológica y el Reto Demográfico)",
            "url": "https://www.miteco.gob.es/content/dam/miteco/es/agua/temas/evaluacion-de-los-recursos-hidricos/boletin-hidrologico/Historico-de-embalses/BD-Embalses.zip",
            "fecha": "2026-08-04",
            "archivo": "fuentes/2026-08-07_miteco_bd-embalses-boletin-hidrologico-1988-2026.zip"
          },
          {
            "id": "f2",
            "tipo": "primaria",
            "titulo": "Nomenclátor Geográfico Básico de España — Instituto Geográfico Nacional",
            "url": "https://api-features.ign.es/collections/namedplace/items",
            "fecha": "2026-08-07",
            "archivo": "fuentes/2026-08-07_ign_ngbe-toponimos-embalses.json"
          }
        ]
      }
    },
    {
      "type": "Feature",
      "id": "agua-embalsada:vinuelala-cuencamediterr",
      "geometry": {
        "type": "Point",
        "coordinates": [
          -4.16162,
          36.86011
        ]
      },
      "properties": {
        "slug": "vinuelala-cuencamediterr",
        "nombre": "Embalse de Viñuela, La",
        "categoria": "embalse",
        "descripcion": "Capacidad de 165 hm³ y 146 hm³ embalsados según el parte de 2026-08-04 del Boletín Hidrológico. Demarcación: Cuenca Mediterránea Andaluza.",
        "estado_registro": "vigente",
        "verif": "confirmado",
        "geo_precision": "paraje",
        "geo_fuente": "«Embalse de la Viñuela» en el Nomenclátor Geográfico Básico de España",
        "geo_fuente__v": "confirmado",
        "geo_fuente__f": "f2",
        "fecha_alta": "2026-08-07",
        "fecha_verificacion": "2026-08-07",
        "demarcacion": "Cuenca Mediterránea Andaluza",
        "capacidad_hm3": 165.0,
        "capacidad_hm3__v": "confirmado",
        "capacidad_hm3__f": "f1",
        "agua_actual_hm3": 146.0,
        "agua_actual_hm3__v": "confirmado",
        "agua_actual_hm3__f": "f1",
        "fecha_dato": "2026-08-04",
        "hidroelectrico": false,
        "claves": [],
        "fuentes": [
          {
            "id": "f1",
            "tipo": "primaria",
            "titulo": "Boletín Hidrológico Semanal — histórico de embalses 1988-2026 (Dirección General del Agua, Ministerio para la Transición Ecológica y el Reto Demográfico)",
            "url": "https://www.miteco.gob.es/content/dam/miteco/es/agua/temas/evaluacion-de-los-recursos-hidricos/boletin-hidrologico/Historico-de-embalses/BD-Embalses.zip",
            "fecha": "2026-08-04",
            "archivo": "fuentes/2026-08-07_miteco_bd-embalses-boletin-hidrologico-1988-2026.zip"
          },
          {
            "id": "f2",
            "tipo": "primaria",
            "titulo": "Nomenclátor Geográfico Básico de España — Instituto Geográfico Nacional",
            "url": "https://api-features.ign.es/collections/namedplace/items",
            "fecha": "2026-08-07",
            "archivo": "fuentes/2026-08-07_ign_ngbe-toponimos-embalses.json"
          }
        ]
      }
    },
    {
      "type": "Feature",
      "id": "agua-embalsada:boadella-cuencasinterna",
      "geometry": {
        "type": "Point",
        "coordinates": [
          2.83331,
          42.34088
        ]
      },
      "properties": {
        "slug": "boadella-cuencasinterna",
        "nombre": "Embalse de Boadella",
        "categoria": "embalse",
        "descripcion": "Capacidad de 61 hm³ y 45 hm³ embalsados según el parte de 2026-08-04 del Boletín Hidrológico. Demarcación: Cuencas Internas de Cataluña.",
        "estado_registro": "vigente",
        "verif": "confirmado",
        "geo_precision": "paraje",
        "geo_fuente": "«Embassament de Darnius Boadella» en el Nomenclátor Geográfico Básico de España",
        "geo_fuente__v": "confirmado",
        "geo_fuente__f": "f2",
        "fecha_alta": "2026-08-07",
        "fecha_verificacion": "2026-08-07",
        "demarcacion": "Cuencas Internas de Cataluña",
        "capacidad_hm3": 61.0,
        "capacidad_hm3__v": "confirmado",
        "capacidad_hm3__f": "f1",
        "agua_actual_hm3": 45.0,
        "agua_actual_hm3__v": "confirmado",
        "agua_actual_hm3__f": "f1",
        "fecha_dato": "2026-08-04",
        "hidroelectrico": false,
        "claves": [],
        "fuentes": [
          {
            "id": "f1",
            "tipo": "primaria",
            "titulo": "Boletín Hidrológico Semanal — histórico de embalses 1988-2026 (Dirección General del Agua, Ministerio para la Transición Ecológica y el Reto Demográfico)",
            "url": "https://www.miteco.gob.es/content/dam/miteco/es/agua/temas/evaluacion-de-los-recursos-hidricos/boletin-hidrologico/Historico-de-embalses/BD-Embalses.zip",
            "fecha": "2026-08-04",
            "archivo": "fuentes/2026-08-07_miteco_bd-embalses-boletin-hidrologico-1988-2026.zip"
          },
          {
            "id": "f2",
            "tipo": "primaria",
            "titulo": "Nomenclátor Geográfico Básico de España — Instituto Geográfico Nacional",
            "url": "https://api-features.ign.es/collections/namedplace/items",
            "fecha": "2026-08-07",
            "archivo": "fuentes/2026-08-07_ign_ngbe-toponimos-embalses.json"
          }
        ]
      }
    },
    {
      "type": "Feature",
      "id": "agua-embalsada:foix-cuencasinterna",
      "geometry": {
        "type": "Point",
        "coordinates": [
          1.65167,
          41.25568
        ]
      },
      "properties": {
        "slug": "foix-cuencasinterna",
        "nombre": "Embalse de Foix",
        "categoria": "embalse",
        "descripcion": "Capacidad de 4 hm³ y 0 hm³ embalsados según el parte de 2011-03-01 del Boletín Hidrológico. Demarcación: Cuencas Internas de Cataluña.",
        "estado_registro": "historico",
        "verif": "confirmado",
        "geo_precision": "paraje",
        "geo_fuente": "«Pantà de Foix» en el Nomenclátor Geográfico Básico de España",
        "geo_fuente__v": "confirmado",
        "geo_fuente__f": "f2",
        "fecha_alta": "2026-08-07",
        "fecha_verificacion": "2026-08-07",
        "demarcacion": "Cuencas Internas de Cataluña",
        "capacidad_hm3": 4.0,
        "capacidad_hm3__v": "confirmado",
        "capacidad_hm3__f": "f1",
        "agua_actual_hm3": 0.0,
        "agua_actual_hm3__v": "confirmado",
        "agua_actual_hm3__f": "f1",
        "fecha_dato": "2011-03-01",
        "hidroelectrico": false,
        "claves": [
          {
            "k": "Este parte dejó de alimentarse",
            "v": "El último dato de este embalse en la serie del Boletín es de 2011-03-01, y la serie llega a agosto de 2026. No es una lectura actual: por eso el registro va como `historico` y no se borra.",
            "verif": "confirmado",
            "fuente": "f1"
          }
        ],
        "fuentes": [
          {
            "id": "f1",
            "tipo": "primaria",
            "titulo": "Boletín Hidrológico Semanal — histórico de embalses 1988-2026 (Dirección General del Agua, Ministerio para la Transición Ecológica y el Reto Demográfico)",
            "url": "https://www.miteco.gob.es/content/dam/miteco/es/agua/temas/evaluacion-de-los-recursos-hidricos/boletin-hidrologico/Historico-de-embalses/BD-Embalses.zip",
            "fecha": "2011-03-01",
            "archivo": "fuentes/2026-08-07_miteco_bd-embalses-boletin-hidrologico-1988-2026.zip"
          },
          {
            "id": "f2",
            "tipo": "primaria",
            "titulo": "Nomenclátor Geográfico Básico de España — Instituto Geográfico Nacional",
            "url": "https://api-features.ign.es/collections/namedplace/items",
            "fecha": "2026-08-07",
            "archivo": "fuentes/2026-08-07_ign_ngbe-toponimos-embalses.json"
          }
        ]
      }
    },
    {
      "type": "Feature",
      "id": "agua-embalsada:labaells-cuencasinterna",
      "geometry": {
        "type": "Point",
        "coordinates": [
          1.87848,
          42.12207
        ]
      },
      "properties": {
        "slug": "labaells-cuencasinterna",
        "nombre": "Embalse de La Baells",
        "categoria": "embalse",
        "descripcion": "Capacidad de 109 hm³ y 90 hm³ embalsados según el parte de 2026-08-04 del Boletín Hidrológico. Demarcación: Cuencas Internas de Cataluña.",
        "estado_registro": "vigente",
        "verif": "confirmado",
        "geo_precision": "paraje",
        "geo_fuente": "«Pantà de la Baells» en el Nomenclátor Geográfico Básico de España",
        "geo_fuente__v": "confirmado",
        "geo_fuente__f": "f2",
        "fecha_alta": "2026-08-07",
        "fecha_verificacion": "2026-08-07",
        "demarcacion": "Cuencas Internas de Cataluña",
        "capacidad_hm3": 109.0,
        "capacidad_hm3__v": "confirmado",
        "capacidad_hm3__f": "f1",
        "agua_actual_hm3": 90.0,
        "agua_actual_hm3__v": "confirmado",
        "agua_actual_hm3__f": "f1",
        "fecha_dato": "2026-08-04",
        "hidroelectrico": false,
        "claves": [],
        "fuentes": [
          {
            "id": "f1",
            "tipo": "primaria",
            "titulo": "Boletín Hidrológico Semanal — histórico de embalses 1988-2026 (Dirección General del Agua, Ministerio para la Transición Ecológica y el Reto Demográfico)",
            "url": "https://www.miteco.gob.es/content/dam/miteco/es/agua/temas/evaluacion-de-los-recursos-hidricos/boletin-hidrologico/Historico-de-embalses/BD-Embalses.zip",
            "fecha": "2026-08-04",
            "archivo": "fuentes/2026-08-07_miteco_bd-embalses-boletin-hidrologico-1988-2026.zip"
          },
          {
            "id": "f2",
            "tipo": "primaria",
            "titulo": "Nomenclátor Geográfico Básico de España — Instituto Geográfico Nacional",
            "url": "https://api-features.ign.es/collections/namedplace/items",
            "fecha": "2026-08-07",
            "archivo": "fuentes/2026-08-07_ign_ngbe-toponimos-embalses.json"
          }
        ]
      }
    },
    {
      "type": "Feature",
      "id": "agua-embalsada:lallosadelcavall-cuencasinterna",
      "geometry": {
        "type": "Point",
        "coordinates": [
          1.58289,
          42.09949
        ]
      },
      "properties": {
        "slug": "lallosadelcavall-cuencasinterna",
        "nombre": "Embalse de La Llosa del Cavall",
        "categoria": "embalse",
        "descripcion": "Capacidad de 80 hm³ y 68 hm³ embalsados según el parte de 2026-08-04 del Boletín Hidrológico. Demarcación: Cuencas Internas de Cataluña.",
        "estado_registro": "vigente",
        "verif": "confirmado",
        "geo_precision": "paraje",
        "geo_fuente": "«Pantà de la Llosa del Cavall» en el Nomenclátor Geográfico Básico de España",
        "geo_fuente__v": "confirmado",
        "geo_fuente__f": "f2",
        "fecha_alta": "2026-08-07",
        "fecha_verificacion": "2026-08-07",
        "demarcacion": "Cuencas Internas de Cataluña",
        "capacidad_hm3": 80.0,
        "capacidad_hm3__v": "confirmado",
        "capacidad_hm3__f": "f1",
        "agua_actual_hm3": 68.0,
        "agua_actual_hm3__v": "confirmado",
        "agua_actual_hm3__f": "f1",
        "fecha_dato": "2026-08-04",
        "hidroelectrico": false,
        "claves": [],
        "fuentes": [
          {
            "id": "f1",
            "tipo": "primaria",
            "titulo": "Boletín Hidrológico Semanal — histórico de embalses 1988-2026 (Dirección General del Agua, Ministerio para la Transición Ecológica y el Reto Demográfico)",
            "url": "https://www.miteco.gob.es/content/dam/miteco/es/agua/temas/evaluacion-de-los-recursos-hidricos/boletin-hidrologico/Historico-de-embalses/BD-Embalses.zip",
            "fecha": "2026-08-04",
            "archivo": "fuentes/2026-08-07_miteco_bd-embalses-boletin-hidrologico-1988-2026.zip"
          },
          {
            "id": "f2",
            "tipo": "primaria",
            "titulo": "Nomenclátor Geográfico Básico de España — Instituto Geográfico Nacional",
            "url": "https://api-features.ign.es/collections/namedplace/items",
            "fecha": "2026-08-07",
            "archivo": "fuentes/2026-08-07_ign_ngbe-toponimos-embalses.json"
          }
        ]
      }
    },
    {
      "type": "Feature",
      "id": "agua-embalsada:riudecanyes-cuencasinterna",
      "geometry": {
        "type": "Point",
        "coordinates": [
          0.95868,
          41.13373
        ]
      },
      "properties": {
        "slug": "riudecanyes-cuencasinterna",
        "nombre": "Embalse de Riudecanyes",
        "categoria": "embalse",
        "descripcion": "Capacidad de 5 hm³ y 3 hm³ embalsados según el parte de 2026-08-04 del Boletín Hidrológico. Demarcación: Cuencas Internas de Cataluña.",
        "estado_registro": "vigente",
        "verif": "confirmado",
        "geo_precision": "paraje",
        "geo_fuente": "«Pantà de Riudecanyes» en el Nomenclátor Geográfico Básico de España",
        "geo_fuente__v": "confirmado",
        "geo_fuente__f": "f2",
        "fecha_alta": "2026-08-07",
        "fecha_verificacion": "2026-08-07",
        "demarcacion": "Cuencas Internas de Cataluña",
        "capacidad_hm3": 5.0,
        "capacidad_hm3__v": "confirmado",
        "capacidad_hm3__f": "f1",
        "agua_actual_hm3": 3.0,
        "agua_actual_hm3__v": "confirmado",
        "agua_actual_hm3__f": "f1",
        "fecha_dato": "2026-08-04",
        "hidroelectrico": false,
        "claves": [],
        "fuentes": [
          {
            "id": "f1",
            "tipo": "primaria",
            "titulo": "Boletín Hidrológico Semanal — histórico de embalses 1988-2026 (Dirección General del Agua, Ministerio para la Transición Ecológica y el Reto Demográfico)",
            "url": "https://www.miteco.gob.es/content/dam/miteco/es/agua/temas/evaluacion-de-los-recursos-hidricos/boletin-hidrologico/Historico-de-embalses/BD-Embalses.zip",
            "fecha": "2026-08-04",
            "archivo": "fuentes/2026-08-07_miteco_bd-embalses-boletin-hidrologico-1988-2026.zip"
          },
          {
            "id": "f2",
            "tipo": "primaria",
            "titulo": "Nomenclátor Geográfico Básico de España — Instituto Geográfico Nacional",
            "url": "https://api-features.ign.es/collections/namedplace/items",
            "fecha": "2026-08-07",
            "archivo": "fuentes/2026-08-07_ign_ngbe-toponimos-embalses.json"
          }
        ]
      }
    },
    {
      "type": "Feature",
      "id": "agua-embalsada:sau-cuencasinterna",
      "geometry": {
        "type": "Point",
        "coordinates": [
          2.4129,
          41.96808
        ]
      },
      "properties": {
        "slug": "sau-cuencasinterna",
        "nombre": "Embalse de Sau",
        "categoria": "embalse",
        "descripcion": "Capacidad de 165 hm³ y 132 hm³ embalsados según el parte de 2026-08-04 del Boletín Hidrológico. Demarcación: Cuencas Internas de Cataluña.",
        "estado_registro": "vigente",
        "verif": "confirmado",
        "geo_precision": "paraje",
        "geo_fuente": "«Pantà de Sau» en el Nomenclátor Geográfico Básico de España",
        "geo_fuente__v": "confirmado",
        "geo_fuente__f": "f2",
        "fecha_alta": "2026-08-07",
        "fecha_verificacion": "2026-08-07",
        "demarcacion": "Cuencas Internas de Cataluña",
        "capacidad_hm3": 165.0,
        "capacidad_hm3__v": "confirmado",
        "capacidad_hm3__f": "f1",
        "agua_actual_hm3": 132.0,
        "agua_actual_hm3__v": "confirmado",
        "agua_actual_hm3__f": "f1",
        "fecha_dato": "2026-08-04",
        "hidroelectrico": false,
        "claves": [],
        "fuentes": [
          {
            "id": "f1",
            "tipo": "primaria",
            "titulo": "Boletín Hidrológico Semanal — histórico de embalses 1988-2026 (Dirección General del Agua, Ministerio para la Transición Ecológica y el Reto Demográfico)",
            "url": "https://www.miteco.gob.es/content/dam/miteco/es/agua/temas/evaluacion-de-los-recursos-hidricos/boletin-hidrologico/Historico-de-embalses/BD-Embalses.zip",
            "fecha": "2026-08-04",
            "archivo": "fuentes/2026-08-07_miteco_bd-embalses-boletin-hidrologico-1988-2026.zip"
          },
          {
            "id": "f2",
            "tipo": "primaria",
            "titulo": "Nomenclátor Geográfico Básico de España — Instituto Geográfico Nacional",
            "url": "https://api-features.ign.es/collections/namedplace/items",
            "fecha": "2026-08-07",
            "archivo": "fuentes/2026-08-07_ign_ngbe-toponimos-embalses.json"
          }
        ]
      }
    },
    {
      "type": "Feature",
      "id": "agua-embalsada:susqueda-cuencasinterna",
      "geometry": {
        "type": "Point",
        "coordinates": [
          2.52771,
          41.97931
        ]
      },
      "properties": {
        "slug": "susqueda-cuencasinterna",
        "nombre": "Embalse de Susqueda",
        "categoria": "embalse",
        "descripcion": "Capacidad de 233 hm³ y 200 hm³ embalsados según el parte de 2026-08-04 del Boletín Hidrológico. Demarcación: Cuencas Internas de Cataluña.",
        "estado_registro": "vigente",
        "verif": "confirmado",
        "geo_precision": "paraje",
        "geo_fuente": "«Pantà de Susqueda» en el Nomenclátor Geográfico Básico de España",
        "geo_fuente__v": "confirmado",
        "geo_fuente__f": "f2",
        "fecha_alta": "2026-08-07",
        "fecha_verificacion": "2026-08-07",
        "demarcacion": "Cuencas Internas de Cataluña",
        "capacidad_hm3": 233.0,
        "capacidad_hm3__v": "confirmado",
        "capacidad_hm3__f": "f1",
        "agua_actual_hm3": 200.0,
        "agua_actual_hm3__v": "confirmado",
        "agua_actual_hm3__f": "f1",
        "fecha_dato": "2026-08-04",
        "hidroelectrico": false,
        "claves": [],
        "fuentes": [
          {
            "id": "f1",
            "tipo": "primaria",
            "titulo": "Boletín Hidrológico Semanal — histórico de embalses 1988-2026 (Dirección General del Agua, Ministerio para la Transición Ecológica y el Reto Demográfico)",
            "url": "https://www.miteco.gob.es/content/dam/miteco/es/agua/temas/evaluacion-de-los-recursos-hidricos/boletin-hidrologico/Historico-de-embalses/BD-Embalses.zip",
            "fecha": "2026-08-04",
            "archivo": "fuentes/2026-08-07_miteco_bd-embalses-boletin-hidrologico-1988-2026.zip"
          },
          {
            "id": "f2",
            "tipo": "primaria",
            "titulo": "Nomenclátor Geográfico Básico de España — Instituto Geográfico Nacional",
            "url": "https://api-features.ign.es/collections/namedplace/items",
            "fecha": "2026-08-07",
            "archivo": "fuentes/2026-08-07_ign_ngbe-toponimos-embalses.json"
          }
        ]
      }
    },
    {
      "type": "Feature",
      "id": "agua-embalsada:ibaieder-cuencasinterna",
      "geometry": {
        "type": "Point",
        "coordinates": [
          -2.22699,
          43.12872
        ]
      },
      "properties": {
        "slug": "ibaieder-cuencasinterna",
        "nombre": "Embalse de Ibai-Eder",
        "categoria": "embalse",
        "descripcion": "Capacidad de 11 hm³ y 9 hm³ embalsados según el parte de 2026-08-04 del Boletín Hidrológico. Demarcación: Cuencas Internas del País Vasco.",
        "estado_registro": "vigente",
        "verif": "confirmado",
        "geo_precision": "paraje",
        "geo_fuente": "«Ibaieder urtegia» en el Nomenclátor Geográfico Básico de España",
        "geo_fuente__v": "confirmado",
        "geo_fuente__f": "f2",
        "fecha_alta": "2026-08-07",
        "fecha_verificacion": "2026-08-07",
        "demarcacion": "Cuencas Internas del País Vasco",
        "capacidad_hm3": 11.0,
        "capacidad_hm3__v": "confirmado",
        "capacidad_hm3__f": "f1",
        "agua_actual_hm3": 9.0,
        "agua_actual_hm3__v": "confirmado",
        "agua_actual_hm3__f": "f1",
        "fecha_dato": "2026-08-04",
        "hidroelectrico": false,
        "claves": [],
        "fuentes": [
          {
            "id": "f1",
            "tipo": "primaria",
            "titulo": "Boletín Hidrológico Semanal — histórico de embalses 1988-2026 (Dirección General del Agua, Ministerio para la Transición Ecológica y el Reto Demográfico)",
            "url": "https://www.miteco.gob.es/content/dam/miteco/es/agua/temas/evaluacion-de-los-recursos-hidricos/boletin-hidrologico/Historico-de-embalses/BD-Embalses.zip",
            "fecha": "2026-08-04",
            "archivo": "fuentes/2026-08-07_miteco_bd-embalses-boletin-hidrologico-1988-2026.zip"
          },
          {
            "id": "f2",
            "tipo": "primaria",
            "titulo": "Nomenclátor Geográfico Básico de España — Instituto Geográfico Nacional",
            "url": "https://api-features.ign.es/collections/namedplace/items",
            "fecha": "2026-08-07",
            "archivo": "fuentes/2026-08-07_ign_ngbe-toponimos-embalses.json"
          }
        ]
      }
    },
    {
      "type": "Feature",
      "id": "agua-embalsada:urkulu-cuencasinterna",
      "geometry": {
        "type": "Point",
        "coordinates": [
          -2.46991,
          43.02332
        ]
      },
      "properties": {
        "slug": "urkulu-cuencasinterna",
        "nombre": "Embalse de Urkulu",
        "categoria": "embalse",
        "descripcion": "Capacidad de 10 hm³ y 9 hm³ embalsados según el parte de 2026-08-04 del Boletín Hidrológico. Demarcación: Cuencas Internas del País Vasco.",
        "estado_registro": "vigente",
        "verif": "confirmado",
        "geo_precision": "paraje",
        "geo_fuente": "«Urkulu urtegia» en el Nomenclátor Geográfico Básico de España",
        "geo_fuente__v": "confirmado",
        "geo_fuente__f": "f2",
        "fecha_alta": "2026-08-07",
        "fecha_verificacion": "2026-08-07",
        "demarcacion": "Cuencas Internas del País Vasco",
        "capacidad_hm3": 10.0,
        "capacidad_hm3__v": "confirmado",
        "capacidad_hm3__f": "f1",
        "agua_actual_hm3": 9.0,
        "agua_actual_hm3__v": "confirmado",
        "agua_actual_hm3__f": "f1",
        "fecha_dato": "2026-08-04",
        "hidroelectrico": false,
        "claves": [],
        "fuentes": [
          {
            "id": "f1",
            "tipo": "primaria",
            "titulo": "Boletín Hidrológico Semanal — histórico de embalses 1988-2026 (Dirección General del Agua, Ministerio para la Transición Ecológica y el Reto Demográfico)",
            "url": "https://www.miteco.gob.es/content/dam/miteco/es/agua/temas/evaluacion-de-los-recursos-hidricos/boletin-hidrologico/Historico-de-embalses/BD-Embalses.zip",
            "fecha": "2026-08-04",
            "archivo": "fuentes/2026-08-07_miteco_bd-embalses-boletin-hidrologico-1988-2026.zip"
          },
          {
            "id": "f2",
            "tipo": "primaria",
            "titulo": "Nomenclátor Geográfico Básico de España — Instituto Geográfico Nacional",
            "url": "https://api-features.ign.es/collections/namedplace/items",
            "fecha": "2026-08-07",
            "archivo": "fuentes/2026-08-07_ign_ngbe-toponimos-embalses.json"
          }
        ]
      }
    },
    {
      "type": "Feature",
      "id": "agua-embalsada:aldeadavila-duero",
      "geometry": {
        "type": "Point",
        "coordinates": [
          -6.6712,
          41.22351
        ]
      },
      "properties": {
        "slug": "aldeadavila-duero",
        "nombre": "Embalse de Aldeadávila",
        "categoria": "embalse",
        "descripcion": "Capacidad de 114 hm³ y 104 hm³ embalsados según el parte de 2026-08-04 del Boletín Hidrológico. Demarcación: Duero.",
        "estado_registro": "vigente",
        "verif": "confirmado",
        "geo_precision": "paraje",
        "geo_fuente": "«Embalse de Aldeadávila» en el Nomenclátor Geográfico Básico de España, y el punto cae en el cauce fronterizo: se comprobó su demarcación en la vecindad",
        "geo_fuente__v": "confirmado",
        "geo_fuente__f": "f2",
        "fecha_alta": "2026-08-07",
        "fecha_verificacion": "2026-08-07",
        "demarcacion": "Duero",
        "capacidad_hm3": 114.0,
        "capacidad_hm3__v": "confirmado",
        "capacidad_hm3__f": "f1",
        "agua_actual_hm3": 104.0,
        "agua_actual_hm3__v": "confirmado",
        "agua_actual_hm3__f": "f1",
        "fecha_dato": "2026-08-04",
        "hidroelectrico": true,
        "claves": [
          {
            "k": "El punto cae fuera de todo polígono, y no es un error",
            "v": "El cauce que embalsa ES la frontera con Portugal, así que la coordenada del nomenclátor queda fuera de la demarcación española. Se comprobó mirando la vecindad: a dos kilómetros el punto ya cae en la cuenca que el Boletín declara.",
            "verif": "confirmado",
            "fuente": "f1"
          }
        ],
        "fuentes": [
          {
            "id": "f1",
            "tipo": "primaria",
            "titulo": "Boletín Hidrológico Semanal — histórico de embalses 1988-2026 (Dirección General del Agua, Ministerio para la Transición Ecológica y el Reto Demográfico)",
            "url": "https://www.miteco.gob.es/content/dam/miteco/es/agua/temas/evaluacion-de-los-recursos-hidricos/boletin-hidrologico/Historico-de-embalses/BD-Embalses.zip",
            "fecha": "2026-08-04",
            "archivo": "fuentes/2026-08-07_miteco_bd-embalses-boletin-hidrologico-1988-2026.zip"
          },
          {
            "id": "f2",
            "tipo": "primaria",
            "titulo": "Nomenclátor Geográfico Básico de España — Instituto Geográfico Nacional",
            "url": "https://api-features.ign.es/collections/namedplace/items",
            "fecha": "2026-08-07",
            "archivo": "fuentes/2026-08-07_ign_ngbe-toponimos-embalses.json"
          }
        ]
      }
    },
    {
      "type": "Feature",
      "id": "agua-embalsada:almendra-duero",
      "geometry": {
        "type": "Point",
        "coordinates": [
          -6.28601,
          41.2597
        ]
      },
      "properties": {
        "slug": "almendra-duero",
        "nombre": "Embalse de Almendra",
        "categoria": "embalse",
        "descripcion": "Capacidad de 2.649 hm³ y 2.037 hm³ embalsados según el parte de 2026-08-04 del Boletín Hidrológico. Demarcación: Duero.",
        "estado_registro": "vigente",
        "verif": "confirmado",
        "geo_precision": "paraje",
        "geo_fuente": "«Embalse de Almendra» en el Nomenclátor Geográfico Básico de España",
        "geo_fuente__v": "confirmado",
        "geo_fuente__f": "f2",
        "fecha_alta": "2026-08-07",
        "fecha_verificacion": "2026-08-07",
        "demarcacion": "Duero",
        "capacidad_hm3": 2649.0,
        "capacidad_hm3__v": "confirmado",
        "capacidad_hm3__f": "f1",
        "agua_actual_hm3": 2037.0,
        "agua_actual_hm3__v": "confirmado",
        "agua_actual_hm3__f": "f1",
        "fecha_dato": "2026-08-04",
        "hidroelectrico": true,
        "claves": [],
        "fuentes": [
          {
            "id": "f1",
            "tipo": "primaria",
            "titulo": "Boletín Hidrológico Semanal — histórico de embalses 1988-2026 (Dirección General del Agua, Ministerio para la Transición Ecológica y el Reto Demográfico)",
            "url": "https://www.miteco.gob.es/content/dam/miteco/es/agua/temas/evaluacion-de-los-recursos-hidricos/boletin-hidrologico/Historico-de-embalses/BD-Embalses.zip",
            "fecha": "2026-08-04",
            "archivo": "fuentes/2026-08-07_miteco_bd-embalses-boletin-hidrologico-1988-2026.zip"
          },
          {
            "id": "f2",
            "tipo": "primaria",
            "titulo": "Nomenclátor Geográfico Básico de España — Instituto Geográfico Nacional",
            "url": "https://api-features.ign.es/collections/namedplace/items",
            "fecha": "2026-08-07",
            "archivo": "fuentes/2026-08-07_ign_ngbe-toponimos-embalses.json"
          }
        ]
      }
    },
    {
      "type": "Feature",
      "id": "agua-embalsada:arlanzon-duero",
      "geometry": {
        "type": "Point",
        "coordinates": [
          -3.3418,
          42.26312
        ]
      },
      "properties": {
        "slug": "arlanzon-duero",
        "nombre": "Embalse de Arlanzón",
        "categoria": "embalse",
        "descripcion": "Capacidad de 22 hm³ y 15 hm³ embalsados según el parte de 2026-08-04 del Boletín Hidrológico. Demarcación: Duero.",
        "estado_registro": "vigente",
        "verif": "confirmado",
        "geo_precision": "paraje",
        "geo_fuente": "«Embalse del Arlanzón» en el Nomenclátor Geográfico Básico de España",
        "geo_fuente__v": "confirmado",
        "geo_fuente__f": "f2",
        "fecha_alta": "2026-08-07",
        "fecha_verificacion": "2026-08-07",
        "demarcacion": "Duero",
        "capacidad_hm3": 22.0,
        "capacidad_hm3__v": "confirmado",
        "capacidad_hm3__f": "f1",
        "agua_actual_hm3": 15.0,
        "agua_actual_hm3__v": "confirmado",
        "agua_actual_hm3__f": "f1",
        "fecha_dato": "2026-08-04",
        "hidroelectrico": false,
        "claves": [],
        "fuentes": [
          {
            "id": "f1",
            "tipo": "primaria",
            "titulo": "Boletín Hidrológico Semanal — histórico de embalses 1988-2026 (Dirección General del Agua, Ministerio para la Transición Ecológica y el Reto Demográfico)",
            "url": "https://www.miteco.gob.es/content/dam/miteco/es/agua/temas/evaluacion-de-los-recursos-hidricos/boletin-hidrologico/Historico-de-embalses/BD-Embalses.zip",
            "fecha": "2026-08-04",
            "archivo": "fuentes/2026-08-07_miteco_bd-embalses-boletin-hidrologico-1988-2026.zip"
          },
          {
            "id": "f2",
            "tipo": "primaria",
            "titulo": "Nomenclátor Geográfico Básico de España — Instituto Geográfico Nacional",
            "url": "https://api-features.ign.es/collections/namedplace/items",
            "fecha": "2026-08-07",
            "archivo": "fuentes/2026-08-07_ign_ngbe-toponimos-embalses.json"
          }
        ]
      }
    },
    {
      "type": "Feature",
      "id": "agua-embalsada:barriosdeluna-duero",
      "geometry": {
        "type": "Point",
        "coordinates": [
          -5.86371,
          42.84967
        ]
      },
      "properties": {
        "slug": "barriosdeluna-duero",
        "nombre": "Embalse de Barrios de Luna",
        "categoria": "embalse",
        "descripcion": "Capacidad de 311 hm³ y 154 hm³ embalsados según el parte de 2026-08-04 del Boletín Hidrológico. Demarcación: Duero.",
        "estado_registro": "vigente",
        "verif": "confirmado",
        "geo_precision": "paraje",
        "geo_fuente": "«Embalse de Barrios de Luna» en el Nomenclátor Geográfico Básico de España",
        "geo_fuente__v": "confirmado",
        "geo_fuente__f": "f2",
        "fecha_alta": "2026-08-07",
        "fecha_verificacion": "2026-08-07",
        "demarcacion": "Duero",
        "capacidad_hm3": 311.0,
        "capacidad_hm3__v": "confirmado",
        "capacidad_hm3__f": "f1",
        "agua_actual_hm3": 154.0,
        "agua_actual_hm3__v": "confirmado",
        "agua_actual_hm3__f": "f1",
        "fecha_dato": "2026-08-04",
        "hidroelectrico": false,
        "claves": [],
        "fuentes": [
          {
            "id": "f1",
            "tipo": "primaria",
            "titulo": "Boletín Hidrológico Semanal — histórico de embalses 1988-2026 (Dirección General del Agua, Ministerio para la Transición Ecológica y el Reto Demográfico)",
            "url": "https://www.miteco.gob.es/content/dam/miteco/es/agua/temas/evaluacion-de-los-recursos-hidricos/boletin-hidrologico/Historico-de-embalses/BD-Embalses.zip",
            "fecha": "2026-08-04",
            "archivo": "fuentes/2026-08-07_miteco_bd-embalses-boletin-hidrologico-1988-2026.zip"
          },
          {
            "id": "f2",
            "tipo": "primaria",
            "titulo": "Nomenclátor Geográfico Básico de España — Instituto Geográfico Nacional",
            "url": "https://api-features.ign.es/collections/namedplace/items",
            "fecha": "2026-08-07",
            "archivo": "fuentes/2026-08-07_ign_ngbe-toponimos-embalses.json"
          }
        ]
      }
    },
    {
      "type": "Feature",
      "id": "agua-embalsada:burgomillodo-duero",
      "geometry": {
        "type": "Point",
        "coordinates": [
          -3.8855,
          41.33728
        ]
      },
      "properties": {
        "slug": "burgomillodo-duero",
        "nombre": "Embalse de Burgomillodo",
        "categoria": "embalse",
        "descripcion": "Capacidad de 14 hm³ y 12 hm³ embalsados según el parte de 2026-08-04 del Boletín Hidrológico. Demarcación: Duero.",
        "estado_registro": "vigente",
        "verif": "confirmado",
        "geo_precision": "paraje",
        "geo_fuente": "«Embalse de Burgomillodo» en el Nomenclátor Geográfico Básico de España",
        "geo_fuente__v": "confirmado",
        "geo_fuente__f": "f2",
        "fecha_alta": "2026-08-07",
        "fecha_verificacion": "2026-08-07",
        "demarcacion": "Duero",
        "capacidad_hm3": 14.0,
        "capacidad_hm3__v": "confirmado",
        "capacidad_hm3__f": "f1",
        "agua_actual_hm3": 12.0,
        "agua_actual_hm3__v": "confirmado",
        "agua_actual_hm3__f": "f1",
        "fecha_dato": "2026-08-04",
        "hidroelectrico": true,
        "claves": [],
        "fuentes": [
          {
            "id": "f1",
            "tipo": "primaria",
            "titulo": "Boletín Hidrológico Semanal — histórico de embalses 1988-2026 (Dirección General del Agua, Ministerio para la Transición Ecológica y el Reto Demográfico)",
            "url": "https://www.miteco.gob.es/content/dam/miteco/es/agua/temas/evaluacion-de-los-recursos-hidricos/boletin-hidrologico/Historico-de-embalses/BD-Embalses.zip",
            "fecha": "2026-08-04",
            "archivo": "fuentes/2026-08-07_miteco_bd-embalses-boletin-hidrologico-1988-2026.zip"
          },
          {
            "id": "f2",
            "tipo": "primaria",
            "titulo": "Nomenclátor Geográfico Básico de España — Instituto Geográfico Nacional",
            "url": "https://api-features.ign.es/collections/namedplace/items",
            "fecha": "2026-08-07",
            "archivo": "fuentes/2026-08-07_ign_ngbe-toponimos-embalses.json"
          }
        ]
      }
    },
    {
      "type": "Feature",
      "id": "agua-embalsada:camporredondo-duero",
      "geometry": {
        "type": "Point",
        "coordinates": [
          -4.71631,
          42.90613
        ]
      },
      "properties": {
        "slug": "camporredondo-duero",
        "nombre": "Embalse de Camporredondo",
        "categoria": "embalse",
        "descripcion": "Capacidad de 69 hm³ y 31 hm³ embalsados según el parte de 2026-08-04 del Boletín Hidrológico. Demarcación: Duero.",
        "estado_registro": "vigente",
        "verif": "confirmado",
        "geo_precision": "paraje",
        "geo_fuente": "«Embalse de Camporredondo» en el Nomenclátor Geográfico Básico de España",
        "geo_fuente__v": "confirmado",
        "geo_fuente__f": "f2",
        "fecha_alta": "2026-08-07",
        "fecha_verificacion": "2026-08-07",
        "demarcacion": "Duero",
        "capacidad_hm3": 69.0,
        "capacidad_hm3__v": "confirmado",
        "capacidad_hm3__f": "f1",
        "agua_actual_hm3": 31.0,
        "agua_actual_hm3__v": "confirmado",
        "agua_actual_hm3__f": "f1",
        "fecha_dato": "2026-08-04",
        "hidroelectrico": false,
        "claves": [],
        "fuentes": [
          {
            "id": "f1",
            "tipo": "primaria",
            "titulo": "Boletín Hidrológico Semanal — histórico de embalses 1988-2026 (Dirección General del Agua, Ministerio para la Transición Ecológica y el Reto Demográfico)",
            "url": "https://www.miteco.gob.es/content/dam/miteco/es/agua/temas/evaluacion-de-los-recursos-hidricos/boletin-hidrologico/Historico-de-embalses/BD-Embalses.zip",
            "fecha": "2026-08-04",
            "archivo": "fuentes/2026-08-07_miteco_bd-embalses-boletin-hidrologico-1988-2026.zip"
          },
          {
            "id": "f2",
            "tipo": "primaria",
            "titulo": "Nomenclátor Geográfico Básico de España — Instituto Geográfico Nacional",
            "url": "https://api-features.ign.es/collections/namedplace/items",
            "fecha": "2026-08-07",
            "archivo": "fuentes/2026-08-07_ign_ngbe-toponimos-embalses.json"
          }
        ]
      }
    },
    {
      "type": "Feature",
      "id": "agua-embalsada:cernadilla-duero",
      "geometry": {
        "type": "Point",
        "coordinates": [
          -6.45911,
          42.01947
        ]
      },
      "properties": {
        "slug": "cernadilla-duero",
        "nombre": "Embalse de Cernadilla",
        "categoria": "embalse",
        "descripcion": "Capacidad de 255 hm³ y 111 hm³ embalsados según el parte de 2026-08-04 del Boletín Hidrológico. Demarcación: Duero.",
        "estado_registro": "vigente",
        "verif": "confirmado",
        "geo_precision": "paraje",
        "geo_fuente": "«Embalse de Cernadilla» en el Nomenclátor Geográfico Básico de España",
        "geo_fuente__v": "confirmado",
        "geo_fuente__f": "f2",
        "fecha_alta": "2026-08-07",
        "fecha_verificacion": "2026-08-07",
        "demarcacion": "Duero",
        "capacidad_hm3": 255.0,
        "capacidad_hm3__v": "confirmado",
        "capacidad_hm3__f": "f1",
        "agua_actual_hm3": 111.0,
        "agua_actual_hm3__v": "confirmado",
        "agua_actual_hm3__f": "f1",
        "fecha_dato": "2026-08-04",
        "hidroelectrico": true,
        "claves": [],
        "fuentes": [
          {
            "id": "f1",
            "tipo": "primaria",
            "titulo": "Boletín Hidrológico Semanal — histórico de embalses 1988-2026 (Dirección General del Agua, Ministerio para la Transición Ecológica y el Reto Demográfico)",
            "url": "https://www.miteco.gob.es/content/dam/miteco/es/agua/temas/evaluacion-de-los-recursos-hidricos/boletin-hidrologico/Historico-de-embalses/BD-Embalses.zip",
            "fecha": "2026-08-04",
            "archivo": "fuentes/2026-08-07_miteco_bd-embalses-boletin-hidrologico-1988-2026.zip"
          },
          {
            "id": "f2",
            "tipo": "primaria",
            "titulo": "Nomenclátor Geográfico Básico de España — Instituto Geográfico Nacional",
            "url": "https://api-features.ign.es/collections/namedplace/items",
            "fecha": "2026-08-07",
            "archivo": "fuentes/2026-08-07_ign_ngbe-toponimos-embalses.json"
          }
        ]
      }
    },
    {
      "type": "Feature",
      "id": "agua-embalsada:cervera-duero",
      "geometry": {
        "type": "Point",
        "coordinates": [
          -4.53668,
          42.87372
        ]
      },
      "properties": {
        "slug": "cervera-duero",
        "nombre": "Embalse de Cervera",
        "categoria": "embalse",
        "descripcion": "Capacidad de 10 hm³ y 10 hm³ embalsados según el parte de 2026-08-04 del Boletín Hidrológico. Demarcación: Duero.",
        "estado_registro": "vigente",
        "verif": "confirmado",
        "geo_precision": "paraje",
        "geo_fuente": "«Embalse de Cervera-Ruesga» en el Nomenclátor Geográfico Básico de España",
        "geo_fuente__v": "confirmado",
        "geo_fuente__f": "f2",
        "fecha_alta": "2026-08-07",
        "fecha_verificacion": "2026-08-07",
        "demarcacion": "Duero",
        "capacidad_hm3": 10.0,
        "capacidad_hm3__v": "confirmado",
        "capacidad_hm3__f": "f1",
        "agua_actual_hm3": 10.0,
        "agua_actual_hm3__v": "confirmado",
        "agua_actual_hm3__f": "f1",
        "fecha_dato": "2026-08-04",
        "hidroelectrico": false,
        "claves": [],
        "fuentes": [
          {
            "id": "f1",
            "tipo": "primaria",
            "titulo": "Boletín Hidrológico Semanal — histórico de embalses 1988-2026 (Dirección General del Agua, Ministerio para la Transición Ecológica y el Reto Demográfico)",
            "url": "https://www.miteco.gob.es/content/dam/miteco/es/agua/temas/evaluacion-de-los-recursos-hidricos/boletin-hidrologico/Historico-de-embalses/BD-Embalses.zip",
            "fecha": "2026-08-04",
            "archivo": "fuentes/2026-08-07_miteco_bd-embalses-boletin-hidrologico-1988-2026.zip"
          },
          {
            "id": "f2",
            "tipo": "primaria",
            "titulo": "Nomenclátor Geográfico Básico de España — Instituto Geográfico Nacional",
            "url": "https://api-features.ign.es/collections/namedplace/items",
            "fecha": "2026-08-07",
            "archivo": "fuentes/2026-08-07_ign_ngbe-toponimos-embalses.json"
          }
        ]
      }
    },
    {
      "type": "Feature",
      "id": "agua-embalsada:compuerto-duero",
      "geometry": {
        "type": "Point",
        "coordinates": [
          -4.7738,
          42.88709
        ]
      },
      "properties": {
        "slug": "compuerto-duero",
        "nombre": "Embalse de Compuerto",
        "categoria": "embalse",
        "descripcion": "Capacidad de 95 hm³ y 49 hm³ embalsados según el parte de 2026-08-04 del Boletín Hidrológico. Demarcación: Duero.",
        "estado_registro": "vigente",
        "verif": "confirmado",
        "geo_precision": "paraje",
        "geo_fuente": "«Embalse de Compuerto» en el Nomenclátor Geográfico Básico de España",
        "geo_fuente__v": "confirmado",
        "geo_fuente__f": "f2",
        "fecha_alta": "2026-08-07",
        "fecha_verificacion": "2026-08-07",
        "demarcacion": "Duero",
        "capacidad_hm3": 95.0,
        "capacidad_hm3__v": "confirmado",
        "capacidad_hm3__f": "f1",
        "agua_actual_hm3": 49.0,
        "agua_actual_hm3__v": "confirmado",
        "agua_actual_hm3__f": "f1",
        "fecha_dato": "2026-08-04",
        "hidroelectrico": false,
        "claves": [],
        "fuentes": [
          {
            "id": "f1",
            "tipo": "primaria",
            "titulo": "Boletín Hidrológico Semanal — histórico de embalses 1988-2026 (Dirección General del Agua, Ministerio para la Transición Ecológica y el Reto Demográfico)",
            "url": "https://www.miteco.gob.es/content/dam/miteco/es/agua/temas/evaluacion-de-los-recursos-hidricos/boletin-hidrologico/Historico-de-embalses/BD-Embalses.zip",
            "fecha": "2026-08-04",
            "archivo": "fuentes/2026-08-07_miteco_bd-embalses-boletin-hidrologico-1988-2026.zip"
          },
          {
            "id": "f2",
            "tipo": "primaria",
            "titulo": "Nomenclátor Geográfico Básico de España — Instituto Geográfico Nacional",
            "url": "https://api-features.ign.es/collections/namedplace/items",
            "fecha": "2026-08-07",
            "archivo": "fuentes/2026-08-07_ign_ngbe-toponimos-embalses.json"
          }
        ]
      }
    },
    {
      "type": "Feature",
      "id": "agua-embalsada:cuerdadelpozo-duero",
      "geometry": {
        "type": "Point",
        "coordinates": [
          -2.70361,
          41.87567
        ]
      },
      "properties": {
        "slug": "cuerdadelpozo-duero",
        "nombre": "Embalse de Cuerda del Pozo",
        "categoria": "embalse",
        "descripcion": "Capacidad de 249 hm³ y 163 hm³ embalsados según el parte de 2026-08-04 del Boletín Hidrológico. Demarcación: Duero.",
        "estado_registro": "vigente",
        "verif": "confirmado",
        "geo_precision": "paraje",
        "geo_fuente": "«Embalse de la Cuerda del Pozo» en el Nomenclátor Geográfico Básico de España",
        "geo_fuente__v": "confirmado",
        "geo_fuente__f": "f2",
        "fecha_alta": "2026-08-07",
        "fecha_verificacion": "2026-08-07",
        "demarcacion": "Duero",
        "capacidad_hm3": 249.0,
        "capacidad_hm3__v": "confirmado",
        "capacidad_hm3__f": "f1",
        "agua_actual_hm3": 163.0,
        "agua_actual_hm3__v": "confirmado",
        "agua_actual_hm3__f": "f1",
        "fecha_dato": "2026-08-04",
        "hidroelectrico": false,
        "claves": [],
        "fuentes": [
          {
            "id": "f1",
            "tipo": "primaria",
            "titulo": "Boletín Hidrológico Semanal — histórico de embalses 1988-2026 (Dirección General del Agua, Ministerio para la Transición Ecológica y el Reto Demográfico)",
            "url": "https://www.miteco.gob.es/content/dam/miteco/es/agua/temas/evaluacion-de-los-recursos-hidricos/boletin-hidrologico/Historico-de-embalses/BD-Embalses.zip",
            "fecha": "2026-08-04",
            "archivo": "fuentes/2026-08-07_miteco_bd-embalses-boletin-hidrologico-1988-2026.zip"
          },
          {
            "id": "f2",
            "tipo": "primaria",
            "titulo": "Nomenclátor Geográfico Básico de España — Instituto Geográfico Nacional",
            "url": "https://api-features.ign.es/collections/namedplace/items",
            "fecha": "2026-08-07",
            "archivo": "fuentes/2026-08-07_ign_ngbe-toponimos-embalses.json"
          }
        ]
      }
    },
    {
      "type": "Feature",
      "id": "agua-embalsada:iruena-duero",
      "geometry": {
        "type": "Point",
        "coordinates": [
          -6.57629,
          40.44452
        ]
      },
      "properties": {
        "slug": "iruena-duero",
        "nombre": "Embalse de Irueña",
        "categoria": "embalse",
        "descripcion": "Capacidad de 110 hm³ y 73 hm³ embalsados según el parte de 2026-08-04 del Boletín Hidrológico. Demarcación: Duero.",
        "estado_registro": "vigente",
        "verif": "confirmado",
        "geo_precision": "paraje",
        "geo_fuente": "«Embalse de Irueña» en el Nomenclátor Geográfico Básico de España",
        "geo_fuente__v": "confirmado",
        "geo_fuente__f": "f2",
        "fecha_alta": "2026-08-07",
        "fecha_verificacion": "2026-08-07",
        "demarcacion": "Duero",
        "capacidad_hm3": 110.0,
        "capacidad_hm3__v": "confirmado",
        "capacidad_hm3__f": "f1",
        "agua_actual_hm3": 73.0,
        "agua_actual_hm3__v": "confirmado",
        "agua_actual_hm3__f": "f1",
        "fecha_dato": "2026-08-04",
        "hidroelectrico": false,
        "claves": [],
        "fuentes": [
          {
            "id": "f1",
            "tipo": "primaria",
            "titulo": "Boletín Hidrológico Semanal — histórico de embalses 1988-2026 (Dirección General del Agua, Ministerio para la Transición Ecológica y el Reto Demográfico)",
            "url": "https://www.miteco.gob.es/content/dam/miteco/es/agua/temas/evaluacion-de-los-recursos-hidricos/boletin-hidrologico/Historico-de-embalses/BD-Embalses.zip",
            "fecha": "2026-08-04",
            "archivo": "fuentes/2026-08-07_miteco_bd-embalses-boletin-hidrologico-1988-2026.zip"
          },
          {
            "id": "f2",
            "tipo": "primaria",
            "titulo": "Nomenclátor Geográfico Básico de España — Instituto Geográfico Nacional",
            "url": "https://api-features.ign.es/collections/namedplace/items",
            "fecha": "2026-08-07",
            "archivo": "fuentes/2026-08-07_ign_ngbe-toponimos-embalses.json"
          }
        ]
      }
    },
    {
      "type": "Feature",
      "id": "agua-embalsada:linaresdelarroyo-duero",
      "geometry": {
        "type": "Point",
        "coordinates": [
          -3.5559,
          41.52753
        ]
      },
      "properties": {
        "slug": "linaresdelarroyo-duero",
        "nombre": "Embalse de Linares del Arroyo",
        "categoria": "embalse",
        "descripcion": "Capacidad de 54 hm³ y 33 hm³ embalsados según el parte de 2026-08-04 del Boletín Hidrológico. Demarcación: Duero.",
        "estado_registro": "vigente",
        "verif": "confirmado",
        "geo_precision": "paraje",
        "geo_fuente": "«Embalse de Linares del Arroyo» en el Nomenclátor Geográfico Básico de España",
        "geo_fuente__v": "confirmado",
        "geo_fuente__f": "f2",
        "fecha_alta": "2026-08-07",
        "fecha_verificacion": "2026-08-07",
        "demarcacion": "Duero",
        "capacidad_hm3": 54.0,
        "capacidad_hm3__v": "confirmado",
        "capacidad_hm3__f": "f1",
        "agua_actual_hm3": 33.0,
        "agua_actual_hm3__v": "confirmado",
        "agua_actual_hm3__f": "f1",
        "fecha_dato": "2026-08-04",
        "hidroelectrico": false,
        "claves": [],
        "fuentes": [
          {
            "id": "f1",
            "tipo": "primaria",
            "titulo": "Boletín Hidrológico Semanal — histórico de embalses 1988-2026 (Dirección General del Agua, Ministerio para la Transición Ecológica y el Reto Demográfico)",
            "url": "https://www.miteco.gob.es/content/dam/miteco/es/agua/temas/evaluacion-de-los-recursos-hidricos/boletin-hidrologico/Historico-de-embalses/BD-Embalses.zip",
            "fecha": "2026-08-04",
            "archivo": "fuentes/2026-08-07_miteco_bd-embalses-boletin-hidrologico-1988-2026.zip"
          },
          {
            "id": "f2",
            "tipo": "primaria",
            "titulo": "Nomenclátor Geográfico Básico de España — Instituto Geográfico Nacional",
            "url": "https://api-features.ign.es/collections/namedplace/items",
            "fecha": "2026-08-07",
            "archivo": "fuentes/2026-08-07_ign_ngbe-toponimos-embalses.json"
          }
        ]
      }
    },
    {
      "type": "Feature",
      "id": "agua-embalsada:pontonaltoel-duero",
      "geometry": {
        "type": "Point",
        "coordinates": [
          -4.03619,
          40.91492
        ]
      },
      "properties": {
        "slug": "pontonaltoel-duero",
        "nombre": "Embalse de Pontón Alto, El",
        "categoria": "embalse",
        "descripcion": "Capacidad de 7 hm³ y 6 hm³ embalsados según el parte de 2026-08-04 del Boletín Hidrológico. Demarcación: Duero.",
        "estado_registro": "vigente",
        "verif": "confirmado",
        "geo_precision": "paraje",
        "geo_fuente": "«Embalse del Pontón Alto» en el Nomenclátor Geográfico Básico de España",
        "geo_fuente__v": "confirmado",
        "geo_fuente__f": "f2",
        "fecha_alta": "2026-08-07",
        "fecha_verificacion": "2026-08-07",
        "demarcacion": "Duero",
        "capacidad_hm3": 7.0,
        "capacidad_hm3__v": "confirmado",
        "capacidad_hm3__f": "f1",
        "agua_actual_hm3": 6.0,
        "agua_actual_hm3__v": "confirmado",
        "agua_actual_hm3__f": "f1",
        "fecha_dato": "2026-08-04",
        "hidroelectrico": false,
        "claves": [],
        "fuentes": [
          {
            "id": "f1",
            "tipo": "primaria",
            "titulo": "Boletín Hidrológico Semanal — histórico de embalses 1988-2026 (Dirección General del Agua, Ministerio para la Transición Ecológica y el Reto Demográfico)",
            "url": "https://www.miteco.gob.es/content/dam/miteco/es/agua/temas/evaluacion-de-los-recursos-hidricos/boletin-hidrologico/Historico-de-embalses/BD-Embalses.zip",
            "fecha": "2026-08-04",
            "archivo": "fuentes/2026-08-07_miteco_bd-embalses-boletin-hidrologico-1988-2026.zip"
          },
          {
            "id": "f2",
            "tipo": "primaria",
            "titulo": "Nomenclátor Geográfico Básico de España — Instituto Geográfico Nacional",
            "url": "https://api-features.ign.es/collections/namedplace/items",
            "fecha": "2026-08-07",
            "archivo": "fuentes/2026-08-07_ign_ngbe-toponimos-embalses.json"
          }
        ]
      }
    },
    {
      "type": "Feature",
      "id": "agua-embalsada:pormajuanbenet-duero",
      "geometry": {
        "type": "Point",
        "coordinates": [
          -5.29352,
          42.92908
        ]
      },
      "properties": {
        "slug": "pormajuanbenet-duero",
        "nombre": "Embalse de Porma-(Juan Benet)",
        "categoria": "embalse",
        "descripcion": "Capacidad de 318 hm³ y 181 hm³ embalsados según el parte de 2026-08-04 del Boletín Hidrológico. Demarcación: Duero.",
        "estado_registro": "vigente",
        "verif": "confirmado",
        "geo_precision": "paraje",
        "geo_fuente": "«Embalse del Porma» en el Nomenclátor Geográfico Básico de España",
        "geo_fuente__v": "confirmado",
        "geo_fuente__f": "f2",
        "fecha_alta": "2026-08-07",
        "fecha_verificacion": "2026-08-07",
        "demarcacion": "Duero",
        "capacidad_hm3": 318.0,
        "capacidad_hm3__v": "confirmado",
        "capacidad_hm3__f": "f1",
        "agua_actual_hm3": 181.0,
        "agua_actual_hm3__v": "confirmado",
        "agua_actual_hm3__f": "f1",
        "fecha_dato": "2026-08-04",
        "hidroelectrico": false,
        "claves": [],
        "fuentes": [
          {
            "id": "f1",
            "tipo": "primaria",
            "titulo": "Boletín Hidrológico Semanal — histórico de embalses 1988-2026 (Dirección General del Agua, Ministerio para la Transición Ecológica y el Reto Demográfico)",
            "url": "https://www.miteco.gob.es/content/dam/miteco/es/agua/temas/evaluacion-de-los-recursos-hidricos/boletin-hidrologico/Historico-de-embalses/BD-Embalses.zip",
            "fecha": "2026-08-04",
            "archivo": "fuentes/2026-08-07_miteco_bd-embalses-boletin-hidrologico-1988-2026.zip"
          },
          {
            "id": "f2",
            "tipo": "primaria",
            "titulo": "Nomenclátor Geográfico Básico de España — Instituto Geográfico Nacional",
            "url": "https://api-features.ign.es/collections/namedplace/items",
            "fecha": "2026-08-07",
            "archivo": "fuentes/2026-08-07_ign_ngbe-toponimos-embalses.json"
          }
        ]
      }
    },
    {
      "type": "Feature",
      "id": "agua-embalsada:puenteporto-duero",
      "geometry": {
        "type": "Point",
        "coordinates": [
          -6.83038,
          42.11591
        ]
      },
      "properties": {
        "slug": "puenteporto-duero",
        "nombre": "Embalse de Puente Porto",
        "categoria": "embalse",
        "descripcion": "Capacidad de 23 hm³ y 5 hm³ embalsados según el parte de 2026-08-04 del Boletín Hidrológico. Demarcación: Duero.",
        "estado_registro": "vigente",
        "verif": "confirmado",
        "geo_precision": "paraje",
        "geo_fuente": "«Embalse de Puente Porto» en el Nomenclátor Geográfico Básico de España",
        "geo_fuente__v": "confirmado",
        "geo_fuente__f": "f2",
        "fecha_alta": "2026-08-07",
        "fecha_verificacion": "2026-08-07",
        "demarcacion": "Duero",
        "capacidad_hm3": 23.0,
        "capacidad_hm3__v": "confirmado",
        "capacidad_hm3__f": "f1",
        "agua_actual_hm3": 5.0,
        "agua_actual_hm3__v": "confirmado",
        "agua_actual_hm3__f": "f1",
        "fecha_dato": "2026-08-04",
        "hidroelectrico": true,
        "claves": [],
        "fuentes": [
          {
            "id": "f1",
            "tipo": "primaria",
            "titulo": "Boletín Hidrológico Semanal — histórico de embalses 1988-2026 (Dirección General del Agua, Ministerio para la Transición Ecológica y el Reto Demográfico)",
            "url": "https://www.miteco.gob.es/content/dam/miteco/es/agua/temas/evaluacion-de-los-recursos-hidricos/boletin-hidrologico/Historico-de-embalses/BD-Embalses.zip",
            "fecha": "2026-08-04",
            "archivo": "fuentes/2026-08-07_miteco_bd-embalses-boletin-hidrologico-1988-2026.zip"
          },
          {
            "id": "f2",
            "tipo": "primaria",
            "titulo": "Nomenclátor Geográfico Básico de España — Instituto Geográfico Nacional",
            "url": "https://api-features.ign.es/collections/namedplace/items",
            "fecha": "2026-08-07",
            "archivo": "fuentes/2026-08-07_ign_ngbe-toponimos-embalses.json"
          }
        ]
      }
    },
    {
      "type": "Feature",
      "id": "agua-embalsada:requejada-duero",
      "geometry": {
        "type": "Point",
        "coordinates": [
          -4.52948,
          42.90631
        ]
      },
      "properties": {
        "slug": "requejada-duero",
        "nombre": "Embalse de Requejada",
        "categoria": "embalse",
        "descripcion": "Capacidad de 59 hm³ y 37 hm³ embalsados según el parte de 2026-08-04 del Boletín Hidrológico. Demarcación: Duero.",
        "estado_registro": "vigente",
        "verif": "confirmado",
        "geo_precision": "paraje",
        "geo_fuente": "«Embalse de Requejada» en el Nomenclátor Geográfico Básico de España",
        "geo_fuente__v": "confirmado",
        "geo_fuente__f": "f2",
        "fecha_alta": "2026-08-07",
        "fecha_verificacion": "2026-08-07",
        "demarcacion": "Duero",
        "capacidad_hm3": 59.0,
        "capacidad_hm3__v": "confirmado",
        "capacidad_hm3__f": "f1",
        "agua_actual_hm3": 37.0,
        "agua_actual_hm3__v": "confirmado",
        "agua_actual_hm3__f": "f1",
        "fecha_dato": "2026-08-04",
        "hidroelectrico": false,
        "claves": [],
        "fuentes": [
          {
            "id": "f1",
            "tipo": "primaria",
            "titulo": "Boletín Hidrológico Semanal — histórico de embalses 1988-2026 (Dirección General del Agua, Ministerio para la Transición Ecológica y el Reto Demográfico)",
            "url": "https://www.miteco.gob.es/content/dam/miteco/es/agua/temas/evaluacion-de-los-recursos-hidricos/boletin-hidrologico/Historico-de-embalses/BD-Embalses.zip",
            "fecha": "2026-08-04",
            "archivo": "fuentes/2026-08-07_miteco_bd-embalses-boletin-hidrologico-1988-2026.zip"
          },
          {
            "id": "f2",
            "tipo": "primaria",
            "titulo": "Nomenclátor Geográfico Básico de España — Instituto Geográfico Nacional",
            "url": "https://api-features.ign.es/collections/namedplace/items",
            "fecha": "2026-08-07",
            "archivo": "fuentes/2026-08-07_ign_ngbe-toponimos-embalses.json"
          }
        ]
      }
    },
    {
      "type": "Feature",
      "id": "agua-embalsada:riano-duero",
      "geometry": {
        "type": "Point",
        "coordinates": [
          -5.00848,
          42.98151
        ]
      },
      "properties": {
        "slug": "riano-duero",
        "nombre": "Embalse de Riaño",
        "categoria": "embalse",
        "descripcion": "Capacidad de 641 hm³ y 375 hm³ embalsados según el parte de 2026-08-04 del Boletín Hidrológico. Demarcación: Duero.",
        "estado_registro": "vigente",
        "verif": "confirmado",
        "geo_precision": "paraje",
        "geo_fuente": "«Embalse de Riaño» en el Nomenclátor Geográfico Básico de España",
        "geo_fuente__v": "confirmado",
        "geo_fuente__f": "f2",
        "fecha_alta": "2026-08-07",
        "fecha_verificacion": "2026-08-07",
        "demarcacion": "Duero",
        "capacidad_hm3": 641.0,
        "capacidad_hm3__v": "confirmado",
        "capacidad_hm3__f": "f1",
        "agua_actual_hm3": 375.0,
        "agua_actual_hm3__v": "confirmado",
        "agua_actual_hm3__f": "f1",
        "fecha_dato": "2026-08-04",
        "hidroelectrico": false,
        "claves": [],
        "fuentes": [
          {
            "id": "f1",
            "tipo": "primaria",
            "titulo": "Boletín Hidrológico Semanal — histórico de embalses 1988-2026 (Dirección General del Agua, Ministerio para la Transición Ecológica y el Reto Demográfico)",
            "url": "https://www.miteco.gob.es/content/dam/miteco/es/agua/temas/evaluacion-de-los-recursos-hidricos/boletin-hidrologico/Historico-de-embalses/BD-Embalses.zip",
            "fecha": "2026-08-04",
            "archivo": "fuentes/2026-08-07_miteco_bd-embalses-boletin-hidrologico-1988-2026.zip"
          },
          {
            "id": "f2",
            "tipo": "primaria",
            "titulo": "Nomenclátor Geográfico Básico de España — Instituto Geográfico Nacional",
            "url": "https://api-features.ign.es/collections/namedplace/items",
            "fecha": "2026-08-07",
            "archivo": "fuentes/2026-08-07_ign_ngbe-toponimos-embalses.json"
          }
        ]
      }
    },
    {
      "type": "Feature",
      "id": "agua-embalsada:rabanos-duero",
      "geometry": {
        "type": "Point",
        "coordinates": [
          -2.4751,
          41.71472
        ]
      },
      "properties": {
        "slug": "rabanos-duero",
        "nombre": "Embalse de Rábanos",
        "categoria": "embalse",
        "descripcion": "Capacidad de 8 hm³ y 8 hm³ embalsados según el parte de 2026-08-04 del Boletín Hidrológico. Demarcación: Duero.",
        "estado_registro": "vigente",
        "verif": "confirmado",
        "geo_precision": "paraje",
        "geo_fuente": "«Embalse de los Rábanos» en el Nomenclátor Geográfico Básico de España",
        "geo_fuente__v": "confirmado",
        "geo_fuente__f": "f2",
        "fecha_alta": "2026-08-07",
        "fecha_verificacion": "2026-08-07",
        "demarcacion": "Duero",
        "capacidad_hm3": 8.0,
        "capacidad_hm3__v": "confirmado",
        "capacidad_hm3__f": "f1",
        "agua_actual_hm3": 8.0,
        "agua_actual_hm3__v": "confirmado",
        "agua_actual_hm3__f": "f1",
        "fecha_dato": "2026-08-04",
        "hidroelectrico": true,
        "claves": [],
        "fuentes": [
          {
            "id": "f1",
            "tipo": "primaria",
            "titulo": "Boletín Hidrológico Semanal — histórico de embalses 1988-2026 (Dirección General del Agua, Ministerio para la Transición Ecológica y el Reto Demográfico)",
            "url": "https://www.miteco.gob.es/content/dam/miteco/es/agua/temas/evaluacion-de-los-recursos-hidricos/boletin-hidrologico/Historico-de-embalses/BD-Embalses.zip",
            "fecha": "2026-08-04",
            "archivo": "fuentes/2026-08-07_miteco_bd-embalses-boletin-hidrologico-1988-2026.zip"
          },
          {
            "id": "f2",
            "tipo": "primaria",
            "titulo": "Nomenclátor Geográfico Básico de España — Instituto Geográfico Nacional",
            "url": "https://api-features.ign.es/collections/namedplace/items",
            "fecha": "2026-08-07",
            "archivo": "fuentes/2026-08-07_ign_ngbe-toponimos-embalses.json"
          }
        ]
      }
    },
    {
      "type": "Feature",
      "id": "agua-embalsada:sanjose-duero",
      "geometry": {
        "type": "Point",
        "coordinates": [
          -5.27191,
          41.40112
        ]
      },
      "properties": {
        "slug": "sanjose-duero",
        "nombre": "Embalse de San José",
        "categoria": "embalse",
        "descripcion": "Capacidad de 6 hm³ y 6 hm³ embalsados según el parte de 2026-08-04 del Boletín Hidrológico. Demarcación: Duero.",
        "estado_registro": "vigente",
        "verif": "confirmado",
        "geo_precision": "paraje",
        "geo_fuente": "«Embalse de San José» en el Nomenclátor Geográfico Básico de España",
        "geo_fuente__v": "confirmado",
        "geo_fuente__f": "f2",
        "fecha_alta": "2026-08-07",
        "fecha_verificacion": "2026-08-07",
        "demarcacion": "Duero",
        "capacidad_hm3": 6.0,
        "capacidad_hm3__v": "confirmado",
        "capacidad_hm3__f": "f1",
        "agua_actual_hm3": 6.0,
        "agua_actual_hm3__v": "confirmado",
        "agua_actual_hm3__f": "f1",
        "fecha_dato": "2026-08-04",
        "hidroelectrico": false,
        "claves": [],
        "fuentes": [
          {
            "id": "f1",
            "tipo": "primaria",
            "titulo": "Boletín Hidrológico Semanal — histórico de embalses 1988-2026 (Dirección General del Agua, Ministerio para la Transición Ecológica y el Reto Demográfico)",
            "url": "https://www.miteco.gob.es/content/dam/miteco/es/agua/temas/evaluacion-de-los-recursos-hidricos/boletin-hidrologico/Historico-de-embalses/BD-Embalses.zip",
            "fecha": "2026-08-04",
            "archivo": "fuentes/2026-08-07_miteco_bd-embalses-boletin-hidrologico-1988-2026.zip"
          },
          {
            "id": "f2",
            "tipo": "primaria",
            "titulo": "Nomenclátor Geográfico Básico de España — Instituto Geográfico Nacional",
            "url": "https://api-features.ign.es/collections/namedplace/items",
            "fecha": "2026-08-07",
            "archivo": "fuentes/2026-08-07_ign_ngbe-toponimos-embalses.json"
          }
        ]
      }
    },
    {
      "type": "Feature",
      "id": "agua-embalsada:santateresa-duero",
      "geometry": {
        "type": "Point",
        "coordinates": [
          -5.58227,
          40.62909
        ]
      },
      "properties": {
        "slug": "santateresa-duero",
        "nombre": "Embalse de Santa Teresa",
        "categoria": "embalse",
        "descripcion": "Capacidad de 496 hm³ y 356 hm³ embalsados según el parte de 2026-08-04 del Boletín Hidrológico. Demarcación: Duero.",
        "estado_registro": "vigente",
        "verif": "confirmado",
        "geo_precision": "paraje",
        "geo_fuente": "«Embalse de Santa Teresa» en el Nomenclátor Geográfico Básico de España",
        "geo_fuente__v": "confirmado",
        "geo_fuente__f": "f2",
        "fecha_alta": "2026-08-07",
        "fecha_verificacion": "2026-08-07",
        "demarcacion": "Duero",
        "capacidad_hm3": 496.0,
        "capacidad_hm3__v": "confirmado",
        "capacidad_hm3__f": "f1",
        "agua_actual_hm3": 356.0,
        "agua_actual_hm3__v": "confirmado",
        "agua_actual_hm3__f": "f1",
        "fecha_dato": "2026-08-04",
        "hidroelectrico": false,
        "claves": [],
        "fuentes": [
          {
            "id": "f1",
            "tipo": "primaria",
            "titulo": "Boletín Hidrológico Semanal — histórico de embalses 1988-2026 (Dirección General del Agua, Ministerio para la Transición Ecológica y el Reto Demográfico)",
            "url": "https://www.miteco.gob.es/content/dam/miteco/es/agua/temas/evaluacion-de-los-recursos-hidricos/boletin-hidrologico/Historico-de-embalses/BD-Embalses.zip",
            "fecha": "2026-08-04",
            "archivo": "fuentes/2026-08-07_miteco_bd-embalses-boletin-hidrologico-1988-2026.zip"
          },
          {
            "id": "f2",
            "tipo": "primaria",
            "titulo": "Nomenclátor Geográfico Básico de España — Instituto Geográfico Nacional",
            "url": "https://api-features.ign.es/collections/namedplace/items",
            "fecha": "2026-08-07",
            "archivo": "fuentes/2026-08-07_ign_ngbe-toponimos-embalses.json"
          }
        ]
      }
    },
    {
      "type": "Feature",
      "id": "agua-embalsada:saucelle-duero",
      "geometry": {
        "type": "Point",
        "coordinates": [
          -6.7757,
          41.07611
        ]
      },
      "properties": {
        "slug": "saucelle-duero",
        "nombre": "Embalse de Saucelle",
        "categoria": "embalse",
        "descripcion": "Capacidad de 181 hm³ y 176 hm³ embalsados según el parte de 2026-08-04 del Boletín Hidrológico. Demarcación: Duero.",
        "estado_registro": "vigente",
        "verif": "confirmado",
        "geo_precision": "paraje",
        "geo_fuente": "«Embalse de Saucelle» en el Nomenclátor Geográfico Básico de España, y el punto cae en el cauce fronterizo: se comprobó su demarcación en la vecindad",
        "geo_fuente__v": "confirmado",
        "geo_fuente__f": "f2",
        "fecha_alta": "2026-08-07",
        "fecha_verificacion": "2026-08-07",
        "demarcacion": "Duero",
        "capacidad_hm3": 181.0,
        "capacidad_hm3__v": "confirmado",
        "capacidad_hm3__f": "f1",
        "agua_actual_hm3": 176.0,
        "agua_actual_hm3__v": "confirmado",
        "agua_actual_hm3__f": "f1",
        "fecha_dato": "2026-08-04",
        "hidroelectrico": true,
        "claves": [
          {
            "k": "El punto cae fuera de todo polígono, y no es un error",
            "v": "El cauce que embalsa ES la frontera con Portugal, así que la coordenada del nomenclátor queda fuera de la demarcación española. Se comprobó mirando la vecindad: a dos kilómetros el punto ya cae en la cuenca que el Boletín declara.",
            "verif": "confirmado",
            "fuente": "f1"
          }
        ],
        "fuentes": [
          {
            "id": "f1",
            "tipo": "primaria",
            "titulo": "Boletín Hidrológico Semanal — histórico de embalses 1988-2026 (Dirección General del Agua, Ministerio para la Transición Ecológica y el Reto Demográfico)",
            "url": "https://www.miteco.gob.es/content/dam/miteco/es/agua/temas/evaluacion-de-los-recursos-hidricos/boletin-hidrologico/Historico-de-embalses/BD-Embalses.zip",
            "fecha": "2026-08-04",
            "archivo": "fuentes/2026-08-07_miteco_bd-embalses-boletin-hidrologico-1988-2026.zip"
          },
          {
            "id": "f2",
            "tipo": "primaria",
            "titulo": "Nomenclátor Geográfico Básico de España — Instituto Geográfico Nacional",
            "url": "https://api-features.ign.es/collections/namedplace/items",
            "fecha": "2026-08-07",
            "archivo": "fuentes/2026-08-07_ign_ngbe-toponimos-embalses.json"
          }
        ]
      }
    },
    {
      "type": "Feature",
      "id": "agua-embalsada:serones-duero",
      "geometry": {
        "type": "Point",
        "coordinates": [
          -4.474,
          40.68988
        ]
      },
      "properties": {
        "slug": "serones-duero",
        "nombre": "Embalse de Serones",
        "categoria": "embalse",
        "descripcion": "Capacidad de 6 hm³ y 6 hm³ embalsados según el parte de 2026-08-04 del Boletín Hidrológico. Demarcación: Duero.",
        "estado_registro": "vigente",
        "verif": "confirmado",
        "geo_precision": "paraje",
        "geo_fuente": "«Embalse de los Serones» en el Nomenclátor Geográfico Básico de España",
        "geo_fuente__v": "confirmado",
        "geo_fuente__f": "f2",
        "fecha_alta": "2026-08-07",
        "fecha_verificacion": "2026-08-07",
        "demarcacion": "Duero",
        "capacidad_hm3": 6.0,
        "capacidad_hm3__v": "confirmado",
        "capacidad_hm3__f": "f1",
        "agua_actual_hm3": 6.0,
        "agua_actual_hm3__v": "confirmado",
        "agua_actual_hm3__f": "f1",
        "fecha_dato": "2026-08-04",
        "hidroelectrico": false,
        "claves": [],
        "fuentes": [
          {
            "id": "f1",
            "tipo": "primaria",
            "titulo": "Boletín Hidrológico Semanal — histórico de embalses 1988-2026 (Dirección General del Agua, Ministerio para la Transición Ecológica y el Reto Demográfico)",
            "url": "https://www.miteco.gob.es/content/dam/miteco/es/agua/temas/evaluacion-de-los-recursos-hidricos/boletin-hidrologico/Historico-de-embalses/BD-Embalses.zip",
            "fecha": "2026-08-04",
            "archivo": "fuentes/2026-08-07_miteco_bd-embalses-boletin-hidrologico-1988-2026.zip"
          },
          {
            "id": "f2",
            "tipo": "primaria",
            "titulo": "Nomenclátor Geográfico Básico de España — Instituto Geográfico Nacional",
            "url": "https://api-features.ign.es/collections/namedplace/items",
            "fecha": "2026-08-07",
            "archivo": "fuentes/2026-08-07_ign_ngbe-toponimos-embalses.json"
          }
        ]
      }
    },
    {
      "type": "Feature",
      "id": "agua-embalsada:valparaiso-duero",
      "geometry": {
        "type": "Point",
        "coordinates": [
          -6.27161,
          41.99292
        ]
      },
      "properties": {
        "slug": "valparaiso-duero",
        "nombre": "Embalse de Valparaíso",
        "categoria": "embalse",
        "descripcion": "Capacidad de 169 hm³ y 158 hm³ embalsados según el parte de 2026-08-04 del Boletín Hidrológico. Demarcación: Duero.",
        "estado_registro": "vigente",
        "verif": "confirmado",
        "geo_precision": "paraje",
        "geo_fuente": "«Embalse de Valparaíso» en el Nomenclátor Geográfico Básico de España",
        "geo_fuente__v": "confirmado",
        "geo_fuente__f": "f2",
        "fecha_alta": "2026-08-07",
        "fecha_verificacion": "2026-08-07",
        "demarcacion": "Duero",
        "capacidad_hm3": 169.0,
        "capacidad_hm3__v": "confirmado",
        "capacidad_hm3__f": "f1",
        "agua_actual_hm3": 158.0,
        "agua_actual_hm3__v": "confirmado",
        "agua_actual_hm3__f": "f1",
        "fecha_dato": "2026-08-04",
        "hidroelectrico": true,
        "claves": [],
        "fuentes": [
          {
            "id": "f1",
            "tipo": "primaria",
            "titulo": "Boletín Hidrológico Semanal — histórico de embalses 1988-2026 (Dirección General del Agua, Ministerio para la Transición Ecológica y el Reto Demográfico)",
            "url": "https://www.miteco.gob.es/content/dam/miteco/es/agua/temas/evaluacion-de-los-recursos-hidricos/boletin-hidrologico/Historico-de-embalses/BD-Embalses.zip",
            "fecha": "2026-08-04",
            "archivo": "fuentes/2026-08-07_miteco_bd-embalses-boletin-hidrologico-1988-2026.zip"
          },
          {
            "id": "f2",
            "tipo": "primaria",
            "titulo": "Nomenclátor Geográfico Básico de España — Instituto Geográfico Nacional",
            "url": "https://api-features.ign.es/collections/namedplace/items",
            "fecha": "2026-08-07",
            "archivo": "fuentes/2026-08-07_ign_ngbe-toponimos-embalses.json"
          }
        ]
      }
    },
    {
      "type": "Feature",
      "id": "agua-embalsada:venciaslas-duero",
      "geometry": {
        "type": "Point",
        "coordinates": [
          -3.96472,
          41.42853
        ]
      },
      "properties": {
        "slug": "venciaslas-duero",
        "nombre": "Embalse de Vencías, Las",
        "categoria": "embalse",
        "descripcion": "Capacidad de 5 hm³ y 4 hm³ embalsados según el parte de 2026-08-04 del Boletín Hidrológico. Demarcación: Duero.",
        "estado_registro": "vigente",
        "verif": "confirmado",
        "geo_precision": "paraje",
        "geo_fuente": "«Embalse de las Vencías» en el Nomenclátor Geográfico Básico de España",
        "geo_fuente__v": "confirmado",
        "geo_fuente__f": "f2",
        "fecha_alta": "2026-08-07",
        "fecha_verificacion": "2026-08-07",
        "demarcacion": "Duero",
        "capacidad_hm3": 5.0,
        "capacidad_hm3__v": "confirmado",
        "capacidad_hm3__f": "f1",
        "agua_actual_hm3": 4.0,
        "agua_actual_hm3__v": "confirmado",
        "agua_actual_hm3__f": "f1",
        "fecha_dato": "2026-08-04",
        "hidroelectrico": true,
        "claves": [],
        "fuentes": [
          {
            "id": "f1",
            "tipo": "primaria",
            "titulo": "Boletín Hidrológico Semanal — histórico de embalses 1988-2026 (Dirección General del Agua, Ministerio para la Transición Ecológica y el Reto Demográfico)",
            "url": "https://www.miteco.gob.es/content/dam/miteco/es/agua/temas/evaluacion-de-los-recursos-hidricos/boletin-hidrologico/Historico-de-embalses/BD-Embalses.zip",
            "fecha": "2026-08-04",
            "archivo": "fuentes/2026-08-07_miteco_bd-embalses-boletin-hidrologico-1988-2026.zip"
          },
          {
            "id": "f2",
            "tipo": "primaria",
            "titulo": "Nomenclátor Geográfico Básico de España — Instituto Geográfico Nacional",
            "url": "https://api-features.ign.es/collections/namedplace/items",
            "fecha": "2026-08-07",
            "archivo": "fuentes/2026-08-07_ign_ngbe-toponimos-embalses.json"
          }
        ]
      }
    },
    {
      "type": "Feature",
      "id": "agua-embalsada:villagonzalo-duero",
      "geometry": {
        "type": "Point",
        "coordinates": [
          -5.4964,
          40.86072
        ]
      },
      "properties": {
        "slug": "villagonzalo-duero",
        "nombre": "Embalse de Villagonzalo",
        "categoria": "embalse",
        "descripcion": "Capacidad de 6 hm³ y 6 hm³ embalsados según el parte de 2026-08-04 del Boletín Hidrológico. Demarcación: Duero.",
        "estado_registro": "vigente",
        "verif": "confirmado",
        "geo_precision": "paraje",
        "geo_fuente": "«Embalse de Villagonzalo» en el Nomenclátor Geográfico Básico de España",
        "geo_fuente__v": "confirmado",
        "geo_fuente__f": "f2",
        "fecha_alta": "2026-08-07",
        "fecha_verificacion": "2026-08-07",
        "demarcacion": "Duero",
        "capacidad_hm3": 6.0,
        "capacidad_hm3__v": "confirmado",
        "capacidad_hm3__f": "f1",
        "agua_actual_hm3": 6.0,
        "agua_actual_hm3__v": "confirmado",
        "agua_actual_hm3__f": "f1",
        "fecha_dato": "2026-08-04",
        "hidroelectrico": false,
        "claves": [],
        "fuentes": [
          {
            "id": "f1",
            "tipo": "primaria",
            "titulo": "Boletín Hidrológico Semanal — histórico de embalses 1988-2026 (Dirección General del Agua, Ministerio para la Transición Ecológica y el Reto Demográfico)",
            "url": "https://www.miteco.gob.es/content/dam/miteco/es/agua/temas/evaluacion-de-los-recursos-hidricos/boletin-hidrologico/Historico-de-embalses/BD-Embalses.zip",
            "fecha": "2026-08-04",
            "archivo": "fuentes/2026-08-07_miteco_bd-embalses-boletin-hidrologico-1988-2026.zip"
          },
          {
            "id": "f2",
            "tipo": "primaria",
            "titulo": "Nomenclátor Geográfico Básico de España — Instituto Geográfico Nacional",
            "url": "https://api-features.ign.es/collections/namedplace/items",
            "fecha": "2026-08-07",
            "archivo": "fuentes/2026-08-07_ign_ngbe-toponimos-embalses.json"
          }
        ]
      }
    },
    {
      "type": "Feature",
      "id": "agua-embalsada:villalcampo-duero",
      "geometry": {
        "type": "Point",
        "coordinates": [
          -6.08069,
          41.49451
        ]
      },
      "properties": {
        "slug": "villalcampo-duero",
        "nombre": "Embalse de Villalcampo",
        "categoria": "embalse",
        "descripcion": "Capacidad de 66 hm³ y 59 hm³ embalsados según el parte de 2026-08-04 del Boletín Hidrológico. Demarcación: Duero.",
        "estado_registro": "vigente",
        "verif": "confirmado",
        "geo_precision": "paraje",
        "geo_fuente": "«Embalse de Villalcampo» en el Nomenclátor Geográfico Básico de España",
        "geo_fuente__v": "confirmado",
        "geo_fuente__f": "f2",
        "fecha_alta": "2026-08-07",
        "fecha_verificacion": "2026-08-07",
        "demarcacion": "Duero",
        "capacidad_hm3": 66.0,
        "capacidad_hm3__v": "confirmado",
        "capacidad_hm3__f": "f1",
        "agua_actual_hm3": 59.0,
        "agua_actual_hm3__v": "confirmado",
        "agua_actual_hm3__f": "f1",
        "fecha_dato": "2026-08-04",
        "hidroelectrico": true,
        "claves": [],
        "fuentes": [
          {
            "id": "f1",
            "tipo": "primaria",
            "titulo": "Boletín Hidrológico Semanal — histórico de embalses 1988-2026 (Dirección General del Agua, Ministerio para la Transición Ecológica y el Reto Demográfico)",
            "url": "https://www.miteco.gob.es/content/dam/miteco/es/agua/temas/evaluacion-de-los-recursos-hidricos/boletin-hidrologico/Historico-de-embalses/BD-Embalses.zip",
            "fecha": "2026-08-04",
            "archivo": "fuentes/2026-08-07_miteco_bd-embalses-boletin-hidrologico-1988-2026.zip"
          },
          {
            "id": "f2",
            "tipo": "primaria",
            "titulo": "Nomenclátor Geográfico Básico de España — Instituto Geográfico Nacional",
            "url": "https://api-features.ign.es/collections/namedplace/items",
            "fecha": "2026-08-07",
            "archivo": "fuentes/2026-08-07_ign_ngbe-toponimos-embalses.json"
          }
        ]
      }
    },
    {
      "type": "Feature",
      "id": "agua-embalsada:villameca-duero",
      "geometry": {
        "type": "Point",
        "coordinates": [
          -6.07281,
          42.64868
        ]
      },
      "properties": {
        "slug": "villameca-duero",
        "nombre": "Embalse de Villameca",
        "categoria": "embalse",
        "descripcion": "Capacidad de 19 hm³ y 7 hm³ embalsados según el parte de 2026-08-04 del Boletín Hidrológico. Demarcación: Duero.",
        "estado_registro": "vigente",
        "verif": "confirmado",
        "geo_precision": "paraje",
        "geo_fuente": "«Embalse de Villameca» en el Nomenclátor Geográfico Básico de España",
        "geo_fuente__v": "confirmado",
        "geo_fuente__f": "f2",
        "fecha_alta": "2026-08-07",
        "fecha_verificacion": "2026-08-07",
        "demarcacion": "Duero",
        "capacidad_hm3": 19.0,
        "capacidad_hm3__v": "confirmado",
        "capacidad_hm3__f": "f1",
        "agua_actual_hm3": 7.0,
        "agua_actual_hm3__v": "confirmado",
        "agua_actual_hm3__f": "f1",
        "fecha_dato": "2026-08-04",
        "hidroelectrico": false,
        "claves": [],
        "fuentes": [
          {
            "id": "f1",
            "tipo": "primaria",
            "titulo": "Boletín Hidrológico Semanal — histórico de embalses 1988-2026 (Dirección General del Agua, Ministerio para la Transición Ecológica y el Reto Demográfico)",
            "url": "https://www.miteco.gob.es/content/dam/miteco/es/agua/temas/evaluacion-de-los-recursos-hidricos/boletin-hidrologico/Historico-de-embalses/BD-Embalses.zip",
            "fecha": "2026-08-04",
            "archivo": "fuentes/2026-08-07_miteco_bd-embalses-boletin-hidrologico-1988-2026.zip"
          },
          {
            "id": "f2",
            "tipo": "primaria",
            "titulo": "Nomenclátor Geográfico Básico de España — Instituto Geográfico Nacional",
            "url": "https://api-features.ign.es/collections/namedplace/items",
            "fecha": "2026-08-07",
            "archivo": "fuentes/2026-08-07_ign_ngbe-toponimos-embalses.json"
          }
        ]
      }
    },
    {
      "type": "Feature",
      "id": "agua-embalsada:agueda-duero",
      "geometry": {
        "type": "Point",
        "coordinates": [
          -6.47961,
          40.52271
        ]
      },
      "properties": {
        "slug": "agueda-duero",
        "nombre": "Embalse de Águeda",
        "categoria": "embalse",
        "descripcion": "Capacidad de 15 hm³ y 11 hm³ embalsados según el parte de 2026-08-04 del Boletín Hidrológico. Demarcación: Duero.",
        "estado_registro": "vigente",
        "verif": "confirmado",
        "geo_precision": "paraje",
        "geo_fuente": "«Embalse del Águeda» en el Nomenclátor Geográfico Básico de España",
        "geo_fuente__v": "confirmado",
        "geo_fuente__f": "f2",
        "fecha_alta": "2026-08-07",
        "fecha_verificacion": "2026-08-07",
        "demarcacion": "Duero",
        "capacidad_hm3": 15.0,
        "capacidad_hm3__v": "confirmado",
        "capacidad_hm3__f": "f1",
        "agua_actual_hm3": 11.0,
        "agua_actual_hm3__v": "confirmado",
        "agua_actual_hm3__f": "f1",
        "fecha_dato": "2026-08-04",
        "hidroelectrico": false,
        "claves": [],
        "fuentes": [
          {
            "id": "f1",
            "tipo": "primaria",
            "titulo": "Boletín Hidrológico Semanal — histórico de embalses 1988-2026 (Dirección General del Agua, Ministerio para la Transición Ecológica y el Reto Demográfico)",
            "url": "https://www.miteco.gob.es/content/dam/miteco/es/agua/temas/evaluacion-de-los-recursos-hidricos/boletin-hidrologico/Historico-de-embalses/BD-Embalses.zip",
            "fecha": "2026-08-04",
            "archivo": "fuentes/2026-08-07_miteco_bd-embalses-boletin-hidrologico-1988-2026.zip"
          },
          {
            "id": "f2",
            "tipo": "primaria",
            "titulo": "Nomenclátor Geográfico Básico de España — Instituto Geográfico Nacional",
            "url": "https://api-features.ign.es/collections/namedplace/items",
            "fecha": "2026-08-07",
            "archivo": "fuentes/2026-08-07_ign_ngbe-toponimos-embalses.json"
          }
        ]
      }
    },
    {
      "type": "Feature",
      "id": "agua-embalsada:uzquiza-duero",
      "geometry": {
        "type": "Point",
        "coordinates": [
          -3.34698,
          42.30609
        ]
      },
      "properties": {
        "slug": "uzquiza-duero",
        "nombre": "Embalse de Úzquiza",
        "categoria": "embalse",
        "descripcion": "Capacidad de 75 hm³ y 56 hm³ embalsados según el parte de 2026-08-04 del Boletín Hidrológico. Demarcación: Duero.",
        "estado_registro": "vigente",
        "verif": "confirmado",
        "geo_precision": "paraje",
        "geo_fuente": "«Embalse de Uzquiza» en el Nomenclátor Geográfico Básico de España",
        "geo_fuente__v": "confirmado",
        "geo_fuente__f": "f2",
        "fecha_alta": "2026-08-07",
        "fecha_verificacion": "2026-08-07",
        "demarcacion": "Duero",
        "capacidad_hm3": 75.0,
        "capacidad_hm3__v": "confirmado",
        "capacidad_hm3__f": "f1",
        "agua_actual_hm3": 56.0,
        "agua_actual_hm3__v": "confirmado",
        "agua_actual_hm3__f": "f1",
        "fecha_dato": "2026-08-04",
        "hidroelectrico": false,
        "claves": [],
        "fuentes": [
          {
            "id": "f1",
            "tipo": "primaria",
            "titulo": "Boletín Hidrológico Semanal — histórico de embalses 1988-2026 (Dirección General del Agua, Ministerio para la Transición Ecológica y el Reto Demográfico)",
            "url": "https://www.miteco.gob.es/content/dam/miteco/es/agua/temas/evaluacion-de-los-recursos-hidricos/boletin-hidrologico/Historico-de-embalses/BD-Embalses.zip",
            "fecha": "2026-08-04",
            "archivo": "fuentes/2026-08-07_miteco_bd-embalses-boletin-hidrologico-1988-2026.zip"
          },
          {
            "id": "f2",
            "tipo": "primaria",
            "titulo": "Nomenclátor Geográfico Básico de España — Instituto Geográfico Nacional",
            "url": "https://api-features.ign.es/collections/namedplace/items",
            "fecha": "2026-08-07",
            "archivo": "fuentes/2026-08-07_ign_ngbe-toponimos-embalses.json"
          }
        ]
      }
    },
    {
      "type": "Feature",
      "id": "agua-embalsada:albina-ebro",
      "geometry": {
        "type": "Point",
        "coordinates": [
          -2.62781,
          43.00171
        ]
      },
      "properties": {
        "slug": "albina-ebro",
        "nombre": "Embalse de Albiña",
        "categoria": "embalse",
        "descripcion": "Capacidad de 5 hm³ y 3 hm³ embalsados según el parte de 2026-08-04 del Boletín Hidrológico. Demarcación: Ebro.",
        "estado_registro": "vigente",
        "verif": "confirmado",
        "geo_precision": "paraje",
        "geo_fuente": "«Albina urtegia» en el Nomenclátor Geográfico Básico de España",
        "geo_fuente__v": "confirmado",
        "geo_fuente__f": "f2",
        "fecha_alta": "2026-08-07",
        "fecha_verificacion": "2026-08-07",
        "demarcacion": "Ebro",
        "capacidad_hm3": 5.0,
        "capacidad_hm3__v": "confirmado",
        "capacidad_hm3__f": "f1",
        "agua_actual_hm3": 3.0,
        "agua_actual_hm3__v": "confirmado",
        "agua_actual_hm3__f": "f1",
        "fecha_dato": "2026-08-04",
        "hidroelectrico": false,
        "claves": [],
        "fuentes": [
          {
            "id": "f1",
            "tipo": "primaria",
            "titulo": "Boletín Hidrológico Semanal — histórico de embalses 1988-2026 (Dirección General del Agua, Ministerio para la Transición Ecológica y el Reto Demográfico)",
            "url": "https://www.miteco.gob.es/content/dam/miteco/es/agua/temas/evaluacion-de-los-recursos-hidricos/boletin-hidrologico/Historico-de-embalses/BD-Embalses.zip",
            "fecha": "2026-08-04",
            "archivo": "fuentes/2026-08-07_miteco_bd-embalses-boletin-hidrologico-1988-2026.zip"
          },
          {
            "id": "f2",
            "tipo": "primaria",
            "titulo": "Nomenclátor Geográfico Básico de España — Instituto Geográfico Nacional",
            "url": "https://api-features.ign.es/collections/namedplace/items",
            "fecha": "2026-08-07",
            "archivo": "fuentes/2026-08-07_ign_ngbe-toponimos-embalses.json"
          }
        ]
      }
    },
    {
      "type": "Feature",
      "id": "agua-embalsada:alcanizestanca-ebro",
      "geometry": {
        "type": "Point",
        "coordinates": [
          -0.18268,
          41.06268
        ]
      },
      "properties": {
        "slug": "alcanizestanca-ebro",
        "nombre": "Embalse de Alcañiz (Estanca)",
        "categoria": "embalse",
        "descripcion": "Capacidad de 7 hm³ y 5 hm³ embalsados según el parte de 2026-08-04 del Boletín Hidrológico. Demarcación: Ebro.",
        "estado_registro": "vigente",
        "verif": "confirmado",
        "geo_precision": "paraje",
        "geo_fuente": "«La Estanca de Alcañiz» en el Nomenclátor Geográfico Básico de España",
        "geo_fuente__v": "confirmado",
        "geo_fuente__f": "f2",
        "fecha_alta": "2026-08-07",
        "fecha_verificacion": "2026-08-07",
        "demarcacion": "Ebro",
        "capacidad_hm3": 7.0,
        "capacidad_hm3__v": "confirmado",
        "capacidad_hm3__f": "f1",
        "agua_actual_hm3": 5.0,
        "agua_actual_hm3__v": "confirmado",
        "agua_actual_hm3__f": "f1",
        "fecha_dato": "2026-08-04",
        "hidroelectrico": false,
        "claves": [],
        "fuentes": [
          {
            "id": "f1",
            "tipo": "primaria",
            "titulo": "Boletín Hidrológico Semanal — histórico de embalses 1988-2026 (Dirección General del Agua, Ministerio para la Transición Ecológica y el Reto Demográfico)",
            "url": "https://www.miteco.gob.es/content/dam/miteco/es/agua/temas/evaluacion-de-los-recursos-hidricos/boletin-hidrologico/Historico-de-embalses/BD-Embalses.zip",
            "fecha": "2026-08-04",
            "archivo": "fuentes/2026-08-07_miteco_bd-embalses-boletin-hidrologico-1988-2026.zip"
          },
          {
            "id": "f2",
            "tipo": "primaria",
            "titulo": "Nomenclátor Geográfico Básico de España — Instituto Geográfico Nacional",
            "url": "https://api-features.ign.es/collections/namedplace/items",
            "fecha": "2026-08-07",
            "archivo": "fuentes/2026-08-07_ign_ngbe-toponimos-embalses.json"
          }
        ]
      }
    },
    {
      "type": "Feature",
      "id": "agua-embalsada:alloz-ebro",
      "geometry": {
        "type": "Point",
        "coordinates": [
          -1.9425,
          42.70648
        ]
      },
      "properties": {
        "slug": "alloz-ebro",
        "nombre": "Embalse de Alloz",
        "categoria": "embalse",
        "descripcion": "Capacidad de 66 hm³ y 50 hm³ embalsados según el parte de 2026-08-04 del Boletín Hidrológico. Demarcación: Ebro.",
        "estado_registro": "vigente",
        "verif": "confirmado",
        "geo_precision": "paraje",
        "geo_fuente": "«Allozko urtegia» en el Nomenclátor Geográfico Básico de España",
        "geo_fuente__v": "confirmado",
        "geo_fuente__f": "f2",
        "fecha_alta": "2026-08-07",
        "fecha_verificacion": "2026-08-07",
        "demarcacion": "Ebro",
        "capacidad_hm3": 66.0,
        "capacidad_hm3__v": "confirmado",
        "capacidad_hm3__f": "f1",
        "agua_actual_hm3": 50.0,
        "agua_actual_hm3__v": "confirmado",
        "agua_actual_hm3__f": "f1",
        "fecha_dato": "2026-08-04",
        "hidroelectrico": false,
        "claves": [],
        "fuentes": [
          {
            "id": "f1",
            "tipo": "primaria",
            "titulo": "Boletín Hidrológico Semanal — histórico de embalses 1988-2026 (Dirección General del Agua, Ministerio para la Transición Ecológica y el Reto Demográfico)",
            "url": "https://www.miteco.gob.es/content/dam/miteco/es/agua/temas/evaluacion-de-los-recursos-hidricos/boletin-hidrologico/Historico-de-embalses/BD-Embalses.zip",
            "fecha": "2026-08-04",
            "archivo": "fuentes/2026-08-07_miteco_bd-embalses-boletin-hidrologico-1988-2026.zip"
          },
          {
            "id": "f2",
            "tipo": "primaria",
            "titulo": "Nomenclátor Geográfico Básico de España — Instituto Geográfico Nacional",
            "url": "https://api-features.ign.es/collections/namedplace/items",
            "fecha": "2026-08-07",
            "archivo": "fuentes/2026-08-07_ign_ngbe-toponimos-embalses.json"
          }
        ]
      }
    },
    {
      "type": "Feature",
      "id": "agua-embalsada:barasona-ebro",
      "geometry": {
        "type": "Point",
        "coordinates": [
          0.3111,
          42.12433
        ]
      },
      "properties": {
        "slug": "barasona-ebro",
        "nombre": "Embalse de Barasona",
        "categoria": "embalse",
        "descripcion": "Capacidad de 85 hm³ y 52 hm³ embalsados según el parte de 2026-08-04 del Boletín Hidrológico. Demarcación: Ebro.",
        "estado_registro": "vigente",
        "verif": "confirmado",
        "geo_precision": "paraje",
        "geo_fuente": "«Embalse de Barasona» en el Nomenclátor Geográfico Básico de España",
        "geo_fuente__v": "confirmado",
        "geo_fuente__f": "f2",
        "fecha_alta": "2026-08-07",
        "fecha_verificacion": "2026-08-07",
        "demarcacion": "Ebro",
        "capacidad_hm3": 85.0,
        "capacidad_hm3__v": "confirmado",
        "capacidad_hm3__f": "f1",
        "agua_actual_hm3": 52.0,
        "agua_actual_hm3__v": "confirmado",
        "agua_actual_hm3__f": "f1",
        "fecha_dato": "2026-08-04",
        "hidroelectrico": false,
        "claves": [],
        "fuentes": [
          {
            "id": "f1",
            "tipo": "primaria",
            "titulo": "Boletín Hidrológico Semanal — histórico de embalses 1988-2026 (Dirección General del Agua, Ministerio para la Transición Ecológica y el Reto Demográfico)",
            "url": "https://www.miteco.gob.es/content/dam/miteco/es/agua/temas/evaluacion-de-los-recursos-hidricos/boletin-hidrologico/Historico-de-embalses/BD-Embalses.zip",
            "fecha": "2026-08-04",
            "archivo": "fuentes/2026-08-07_miteco_bd-embalses-boletin-hidrologico-1988-2026.zip"
          },
          {
            "id": "f2",
            "tipo": "primaria",
            "titulo": "Nomenclátor Geográfico Básico de España — Instituto Geográfico Nacional",
            "url": "https://api-features.ign.es/collections/namedplace/items",
            "fecha": "2026-08-07",
            "archivo": "fuentes/2026-08-07_ign_ngbe-toponimos-embalses.json"
          }
        ]
      }
    },
    {
      "type": "Feature",
      "id": "agua-embalsada:bubal-ebro",
      "geometry": {
        "type": "Point",
        "coordinates": [
          -0.31592,
          42.68109
        ]
      },
      "properties": {
        "slug": "bubal-ebro",
        "nombre": "Embalse de Búbal",
        "categoria": "embalse",
        "descripcion": "Capacidad de 63 hm³ y 10 hm³ embalsados según el parte de 2026-08-04 del Boletín Hidrológico. Demarcación: Ebro.",
        "estado_registro": "vigente",
        "verif": "confirmado",
        "geo_precision": "paraje",
        "geo_fuente": "«Embalse de Búbal» en el Nomenclátor Geográfico Básico de España",
        "geo_fuente__v": "confirmado",
        "geo_fuente__f": "f2",
        "fecha_alta": "2026-08-07",
        "fecha_verificacion": "2026-08-07",
        "demarcacion": "Ebro",
        "capacidad_hm3": 63.0,
        "capacidad_hm3__v": "confirmado",
        "capacidad_hm3__f": "f1",
        "agua_actual_hm3": 10.0,
        "agua_actual_hm3__v": "confirmado",
        "agua_actual_hm3__f": "f1",
        "fecha_dato": "2026-08-04",
        "hidroelectrico": false,
        "claves": [],
        "fuentes": [
          {
            "id": "f1",
            "tipo": "primaria",
            "titulo": "Boletín Hidrológico Semanal — histórico de embalses 1988-2026 (Dirección General del Agua, Ministerio para la Transición Ecológica y el Reto Demográfico)",
            "url": "https://www.miteco.gob.es/content/dam/miteco/es/agua/temas/evaluacion-de-los-recursos-hidricos/boletin-hidrologico/Historico-de-embalses/BD-Embalses.zip",
            "fecha": "2026-08-04",
            "archivo": "fuentes/2026-08-07_miteco_bd-embalses-boletin-hidrologico-1988-2026.zip"
          },
          {
            "id": "f2",
            "tipo": "primaria",
            "titulo": "Nomenclátor Geográfico Básico de España — Instituto Geográfico Nacional",
            "url": "https://api-features.ign.es/collections/namedplace/items",
            "fecha": "2026-08-07",
            "archivo": "fuentes/2026-08-07_ign_ngbe-toponimos-embalses.json"
          }
        ]
      }
    },
    {
      "type": "Feature",
      "id": "agua-embalsada:calanda-ebro",
      "geometry": {
        "type": "Point",
        "coordinates": [
          -0.21161,
          40.91571
        ]
      },
      "properties": {
        "slug": "calanda-ebro",
        "nombre": "Embalse de Calanda",
        "categoria": "embalse",
        "descripcion": "Capacidad de 54 hm³ y 30 hm³ embalsados según el parte de 2026-08-04 del Boletín Hidrológico. Demarcación: Ebro.",
        "estado_registro": "vigente",
        "verif": "confirmado",
        "geo_precision": "paraje",
        "geo_fuente": "«Embalse de Calanda» en el Nomenclátor Geográfico Básico de España",
        "geo_fuente__v": "confirmado",
        "geo_fuente__f": "f2",
        "fecha_alta": "2026-08-07",
        "fecha_verificacion": "2026-08-07",
        "demarcacion": "Ebro",
        "capacidad_hm3": 54.0,
        "capacidad_hm3__v": "confirmado",
        "capacidad_hm3__f": "f1",
        "agua_actual_hm3": 30.0,
        "agua_actual_hm3__v": "confirmado",
        "agua_actual_hm3__f": "f1",
        "fecha_dato": "2026-08-04",
        "hidroelectrico": false,
        "claves": [],
        "fuentes": [
          {
            "id": "f1",
            "tipo": "primaria",
            "titulo": "Boletín Hidrológico Semanal — histórico de embalses 1988-2026 (Dirección General del Agua, Ministerio para la Transición Ecológica y el Reto Demográfico)",
            "url": "https://www.miteco.gob.es/content/dam/miteco/es/agua/temas/evaluacion-de-los-recursos-hidricos/boletin-hidrologico/Historico-de-embalses/BD-Embalses.zip",
            "fecha": "2026-08-04",
            "archivo": "fuentes/2026-08-07_miteco_bd-embalses-boletin-hidrologico-1988-2026.zip"
          },
          {
            "id": "f2",
            "tipo": "primaria",
            "titulo": "Nomenclátor Geográfico Básico de España — Instituto Geográfico Nacional",
            "url": "https://api-features.ign.es/collections/namedplace/items",
            "fecha": "2026-08-07",
            "archivo": "fuentes/2026-08-07_ign_ngbe-toponimos-embalses.json"
          }
        ]
      }
    },
    {
      "type": "Feature",
      "id": "agua-embalsada:canelles-ebro",
      "geometry": {
        "type": "Point",
        "coordinates": [
          0.6123,
          41.97888
        ]
      },
      "properties": {
        "slug": "canelles-ebro",
        "nombre": "Embalse de Canelles",
        "categoria": "embalse",
        "descripcion": "Capacidad de 679 hm³ y 451 hm³ embalsados según el parte de 2026-08-04 del Boletín Hidrológico. Demarcación: Ebro.",
        "estado_registro": "vigente",
        "verif": "confirmado",
        "geo_precision": "paraje",
        "geo_fuente": "«Embalse de Canelles» en el Nomenclátor Geográfico Básico de España",
        "geo_fuente__v": "confirmado",
        "geo_fuente__f": "f2",
        "fecha_alta": "2026-08-07",
        "fecha_verificacion": "2026-08-07",
        "demarcacion": "Ebro",
        "capacidad_hm3": 679.0,
        "capacidad_hm3__v": "confirmado",
        "capacidad_hm3__f": "f1",
        "agua_actual_hm3": 451.0,
        "agua_actual_hm3__v": "confirmado",
        "agua_actual_hm3__f": "f1",
        "fecha_dato": "2026-08-04",
        "hidroelectrico": true,
        "claves": [],
        "fuentes": [
          {
            "id": "f1",
            "tipo": "primaria",
            "titulo": "Boletín Hidrológico Semanal — histórico de embalses 1988-2026 (Dirección General del Agua, Ministerio para la Transición Ecológica y el Reto Demográfico)",
            "url": "https://www.miteco.gob.es/content/dam/miteco/es/agua/temas/evaluacion-de-los-recursos-hidricos/boletin-hidrologico/Historico-de-embalses/BD-Embalses.zip",
            "fecha": "2026-08-04",
            "archivo": "fuentes/2026-08-07_miteco_bd-embalses-boletin-hidrologico-1988-2026.zip"
          },
          {
            "id": "f2",
            "tipo": "primaria",
            "titulo": "Nomenclátor Geográfico Básico de España — Instituto Geográfico Nacional",
            "url": "https://api-features.ign.es/collections/namedplace/items",
            "fecha": "2026-08-07",
            "archivo": "fuentes/2026-08-07_ign_ngbe-toponimos-embalses.json"
          }
        ]
      }
    },
    {
      "type": "Feature",
      "id": "agua-embalsada:cavallers-ebro",
      "geometry": {
        "type": "Point",
        "coordinates": [
          0.85492,
          42.5855
        ]
      },
      "properties": {
        "slug": "cavallers-ebro",
        "nombre": "Embalse de Cavallers",
        "categoria": "embalse",
        "descripcion": "Capacidad de 16 hm³ y 15 hm³ embalsados según el parte de 2026-08-04 del Boletín Hidrológico. Demarcación: Ebro.",
        "estado_registro": "vigente",
        "verif": "confirmado",
        "geo_precision": "paraje",
        "geo_fuente": "«Pantà de Cavallers» en el Nomenclátor Geográfico Básico de España",
        "geo_fuente__v": "confirmado",
        "geo_fuente__f": "f2",
        "fecha_alta": "2026-08-07",
        "fecha_verificacion": "2026-08-07",
        "demarcacion": "Ebro",
        "capacidad_hm3": 16.0,
        "capacidad_hm3__v": "confirmado",
        "capacidad_hm3__f": "f1",
        "agua_actual_hm3": 15.0,
        "agua_actual_hm3__v": "confirmado",
        "agua_actual_hm3__f": "f1",
        "fecha_dato": "2026-08-04",
        "hidroelectrico": true,
        "claves": [],
        "fuentes": [
          {
            "id": "f1",
            "tipo": "primaria",
            "titulo": "Boletín Hidrológico Semanal — histórico de embalses 1988-2026 (Dirección General del Agua, Ministerio para la Transición Ecológica y el Reto Demográfico)",
            "url": "https://www.miteco.gob.es/content/dam/miteco/es/agua/temas/evaluacion-de-los-recursos-hidricos/boletin-hidrologico/Historico-de-embalses/BD-Embalses.zip",
            "fecha": "2026-08-04",
            "archivo": "fuentes/2026-08-07_miteco_bd-embalses-boletin-hidrologico-1988-2026.zip"
          },
          {
            "id": "f2",
            "tipo": "primaria",
            "titulo": "Nomenclátor Geográfico Básico de España — Instituto Geográfico Nacional",
            "url": "https://api-features.ign.es/collections/namedplace/items",
            "fecha": "2026-08-07",
            "archivo": "fuentes/2026-08-07_ign_ngbe-toponimos-embalses.json"
          }
        ]
      }
    },
    {
      "type": "Feature",
      "id": "agua-embalsada:canondesantolea-ebro",
      "geometry": {
        "type": "Point",
        "coordinates": [
          -0.31781,
          40.77271
        ]
      },
      "properties": {
        "slug": "canondesantolea-ebro",
        "nombre": "Embalse de Cañón de Santolea",
        "categoria": "embalse",
        "descripcion": "Capacidad de 82 hm³ y 29 hm³ embalsados según el parte de 2026-08-04 del Boletín Hidrológico. Demarcación: Ebro.",
        "estado_registro": "vigente",
        "verif": "confirmado",
        "geo_precision": "paraje",
        "geo_fuente": "«Embalse de Santolea» en el Nomenclátor Geográfico Básico de España",
        "geo_fuente__v": "confirmado",
        "geo_fuente__f": "f2",
        "fecha_alta": "2026-08-07",
        "fecha_verificacion": "2026-08-07",
        "demarcacion": "Ebro",
        "capacidad_hm3": 82.0,
        "capacidad_hm3__v": "confirmado",
        "capacidad_hm3__f": "f1",
        "agua_actual_hm3": 29.0,
        "agua_actual_hm3__v": "confirmado",
        "agua_actual_hm3__f": "f1",
        "fecha_dato": "2026-08-04",
        "hidroelectrico": false,
        "claves": [],
        "fuentes": [
          {
            "id": "f1",
            "tipo": "primaria",
            "titulo": "Boletín Hidrológico Semanal — histórico de embalses 1988-2026 (Dirección General del Agua, Ministerio para la Transición Ecológica y el Reto Demográfico)",
            "url": "https://www.miteco.gob.es/content/dam/miteco/es/agua/temas/evaluacion-de-los-recursos-hidricos/boletin-hidrologico/Historico-de-embalses/BD-Embalses.zip",
            "fecha": "2026-08-04",
            "archivo": "fuentes/2026-08-07_miteco_bd-embalses-boletin-hidrologico-1988-2026.zip"
          },
          {
            "id": "f2",
            "tipo": "primaria",
            "titulo": "Nomenclátor Geográfico Básico de España — Instituto Geográfico Nacional",
            "url": "https://api-features.ign.es/collections/namedplace/items",
            "fecha": "2026-08-07",
            "archivo": "fuentes/2026-08-07_ign_ngbe-toponimos-embalses.json"
          }
        ]
      }
    },
    {
      "type": "Feature",
      "id": "agua-embalsada:cuevaforadada-ebro",
      "geometry": {
        "type": "Point",
        "coordinates": [
          -0.69458,
          40.9599
        ]
      },
      "properties": {
        "slug": "cuevaforadada-ebro",
        "nombre": "Embalse de Cueva Foradada",
        "categoria": "embalse",
        "descripcion": "Capacidad de 22 hm³ y 17 hm³ embalsados según el parte de 2026-08-04 del Boletín Hidrológico. Demarcación: Ebro.",
        "estado_registro": "vigente",
        "verif": "confirmado",
        "geo_precision": "paraje",
        "geo_fuente": "«Embalse de Cueva Foradada» en el Nomenclátor Geográfico Básico de España",
        "geo_fuente__v": "confirmado",
        "geo_fuente__f": "f2",
        "fecha_alta": "2026-08-07",
        "fecha_verificacion": "2026-08-07",
        "demarcacion": "Ebro",
        "capacidad_hm3": 22.0,
        "capacidad_hm3__v": "confirmado",
        "capacidad_hm3__f": "f1",
        "agua_actual_hm3": 17.0,
        "agua_actual_hm3__v": "confirmado",
        "agua_actual_hm3__f": "f1",
        "fecha_dato": "2026-08-04",
        "hidroelectrico": false,
        "claves": [],
        "fuentes": [
          {
            "id": "f1",
            "tipo": "primaria",
            "titulo": "Boletín Hidrológico Semanal — histórico de embalses 1988-2026 (Dirección General del Agua, Ministerio para la Transición Ecológica y el Reto Demográfico)",
            "url": "https://www.miteco.gob.es/content/dam/miteco/es/agua/temas/evaluacion-de-los-recursos-hidricos/boletin-hidrologico/Historico-de-embalses/BD-Embalses.zip",
            "fecha": "2026-08-04",
            "archivo": "fuentes/2026-08-07_miteco_bd-embalses-boletin-hidrologico-1988-2026.zip"
          },
          {
            "id": "f2",
            "tipo": "primaria",
            "titulo": "Nomenclátor Geográfico Básico de España — Instituto Geográfico Nacional",
            "url": "https://api-features.ign.es/collections/namedplace/items",
            "fecha": "2026-08-07",
            "archivo": "fuentes/2026-08-07_ign_ngbe-toponimos-embalses.json"
          }
        ]
      }
    },
    {
      "type": "Feature",
      "id": "agua-embalsada:ebro-ebro",
      "geometry": {
        "type": "Point",
        "coordinates": [
          -4.05212,
          42.97028
        ]
      },
      "properties": {
        "slug": "ebro-ebro",
        "nombre": "Embalse de Ebro",
        "categoria": "embalse",
        "descripcion": "Capacidad de 541 hm³ y 397 hm³ embalsados según el parte de 2026-08-04 del Boletín Hidrológico. Demarcación: Ebro.",
        "estado_registro": "vigente",
        "verif": "confirmado",
        "geo_precision": "paraje",
        "geo_fuente": "«Embalse del Ebro» en el Nomenclátor Geográfico Básico de España",
        "geo_fuente__v": "confirmado",
        "geo_fuente__f": "f2",
        "fecha_alta": "2026-08-07",
        "fecha_verificacion": "2026-08-07",
        "demarcacion": "Ebro",
        "capacidad_hm3": 541.0,
        "capacidad_hm3__v": "confirmado",
        "capacidad_hm3__f": "f1",
        "agua_actual_hm3": 397.0,
        "agua_actual_hm3__v": "confirmado",
        "agua_actual_hm3__f": "f1",
        "fecha_dato": "2026-08-04",
        "hidroelectrico": false,
        "claves": [],
        "fuentes": [
          {
            "id": "f1",
            "tipo": "primaria",
            "titulo": "Boletín Hidrológico Semanal — histórico de embalses 1988-2026 (Dirección General del Agua, Ministerio para la Transición Ecológica y el Reto Demográfico)",
            "url": "https://www.miteco.gob.es/content/dam/miteco/es/agua/temas/evaluacion-de-los-recursos-hidricos/boletin-hidrologico/Historico-de-embalses/BD-Embalses.zip",
            "fecha": "2026-08-04",
            "archivo": "fuentes/2026-08-07_miteco_bd-embalses-boletin-hidrologico-1988-2026.zip"
          },
          {
            "id": "f2",
            "tipo": "primaria",
            "titulo": "Nomenclátor Geográfico Básico de España — Instituto Geográfico Nacional",
            "url": "https://api-features.ign.es/collections/namedplace/items",
            "fecha": "2026-08-07",
            "archivo": "fuentes/2026-08-07_ign_ngbe-toponimos-embalses.json"
          }
        ]
      }
    },
    {
      "type": "Feature",
      "id": "agua-embalsada:escales-ebro",
      "geometry": {
        "type": "Point",
        "coordinates": [
          0.74369,
          42.32675
        ]
      },
      "properties": {
        "slug": "escales-ebro",
        "nombre": "Embalse de Escales",
        "categoria": "embalse",
        "descripcion": "Capacidad de 152 hm³ y 121 hm³ embalsados según el parte de 2026-08-04 del Boletín Hidrológico. Demarcación: Ebro.",
        "estado_registro": "vigente",
        "verif": "confirmado",
        "geo_precision": "paraje",
        "geo_fuente": "«Pantà d'Escales» en el Nomenclátor Geográfico Básico de España",
        "geo_fuente__v": "confirmado",
        "geo_fuente__f": "f2",
        "fecha_alta": "2026-08-07",
        "fecha_verificacion": "2026-08-07",
        "demarcacion": "Ebro",
        "capacidad_hm3": 152.0,
        "capacidad_hm3__v": "confirmado",
        "capacidad_hm3__f": "f1",
        "agua_actual_hm3": 121.0,
        "agua_actual_hm3__v": "confirmado",
        "agua_actual_hm3__f": "f1",
        "fecha_dato": "2026-08-04",
        "hidroelectrico": true,
        "claves": [],
        "fuentes": [
          {
            "id": "f1",
            "tipo": "primaria",
            "titulo": "Boletín Hidrológico Semanal — histórico de embalses 1988-2026 (Dirección General del Agua, Ministerio para la Transición Ecológica y el Reto Demográfico)",
            "url": "https://www.miteco.gob.es/content/dam/miteco/es/agua/temas/evaluacion-de-los-recursos-hidricos/boletin-hidrologico/Historico-de-embalses/BD-Embalses.zip",
            "fecha": "2026-08-04",
            "archivo": "fuentes/2026-08-07_miteco_bd-embalses-boletin-hidrologico-1988-2026.zip"
          },
          {
            "id": "f2",
            "tipo": "primaria",
            "titulo": "Nomenclátor Geográfico Básico de España — Instituto Geográfico Nacional",
            "url": "https://api-features.ign.es/collections/namedplace/items",
            "fecha": "2026-08-07",
            "archivo": "fuentes/2026-08-07_ign_ngbe-toponimos-embalses.json"
          }
        ]
      }
    },
    {
      "type": "Feature",
      "id": "agua-embalsada:escarra-ebro",
      "geometry": {
        "type": "Point",
        "coordinates": [
          -0.35321,
          42.74487
        ]
      },
      "properties": {
        "slug": "escarra-ebro",
        "nombre": "Embalse de Escarra",
        "categoria": "embalse",
        "descripcion": "Capacidad de 5 hm³ y 2 hm³ embalsados según el parte de 2006-09-26 del Boletín Hidrológico. Demarcación: Ebro.",
        "estado_registro": "historico",
        "verif": "confirmado",
        "geo_precision": "paraje",
        "geo_fuente": "«Embalse d'Escarra» en el Nomenclátor Geográfico Básico de España",
        "geo_fuente__v": "confirmado",
        "geo_fuente__f": "f2",
        "fecha_alta": "2026-08-07",
        "fecha_verificacion": "2026-08-07",
        "demarcacion": "Ebro",
        "capacidad_hm3": 5.0,
        "capacidad_hm3__v": "confirmado",
        "capacidad_hm3__f": "f1",
        "agua_actual_hm3": 2.0,
        "agua_actual_hm3__v": "confirmado",
        "agua_actual_hm3__f": "f1",
        "fecha_dato": "2006-09-26",
        "hidroelectrico": true,
        "claves": [
          {
            "k": "Este parte dejó de alimentarse",
            "v": "El último dato de este embalse en la serie del Boletín es de 2006-09-26, y la serie llega a agosto de 2026. No es una lectura actual: por eso el registro va como `historico` y no se borra.",
            "verif": "confirmado",
            "fuente": "f1"
          }
        ],
        "fuentes": [
          {
            "id": "f1",
            "tipo": "primaria",
            "titulo": "Boletín Hidrológico Semanal — histórico de embalses 1988-2026 (Dirección General del Agua, Ministerio para la Transición Ecológica y el Reto Demográfico)",
            "url": "https://www.miteco.gob.es/content/dam/miteco/es/agua/temas/evaluacion-de-los-recursos-hidricos/boletin-hidrologico/Historico-de-embalses/BD-Embalses.zip",
            "fecha": "2006-09-26",
            "archivo": "fuentes/2026-08-07_miteco_bd-embalses-boletin-hidrologico-1988-2026.zip"
          },
          {
            "id": "f2",
            "tipo": "primaria",
            "titulo": "Nomenclátor Geográfico Básico de España — Instituto Geográfico Nacional",
            "url": "https://api-features.ign.es/collections/namedplace/items",
            "fecha": "2026-08-07",
            "archivo": "fuentes/2026-08-07_ign_ngbe-toponimos-embalses.json"
          }
        ]
      }
    },
    {
      "type": "Feature",
      "id": "agua-embalsada:gonzalezlacasa-ebro",
      "geometry": {
        "type": "Point",
        "coordinates": [
          -2.67291,
          42.17407
        ]
      },
      "properties": {
        "slug": "gonzalezlacasa-ebro",
        "nombre": "Embalse de González Lacasa",
        "categoria": "embalse",
        "descripcion": "Capacidad de 33 hm³ y 21 hm³ embalsados según el parte de 2026-08-04 del Boletín Hidrológico. Demarcación: Ebro.",
        "estado_registro": "vigente",
        "verif": "confirmado",
        "geo_precision": "paraje",
        "geo_fuente": "«Embalse de González Lacasa» en el Nomenclátor Geográfico Básico de España",
        "geo_fuente__v": "confirmado",
        "geo_fuente__f": "f2",
        "fecha_alta": "2026-08-07",
        "fecha_verificacion": "2026-08-07",
        "demarcacion": "Ebro",
        "capacidad_hm3": 33.0,
        "capacidad_hm3__v": "confirmado",
        "capacidad_hm3__f": "f1",
        "agua_actual_hm3": 21.0,
        "agua_actual_hm3__v": "confirmado",
        "agua_actual_hm3__f": "f1",
        "fecha_dato": "2026-08-04",
        "hidroelectrico": false,
        "claves": [],
        "fuentes": [
          {
            "id": "f1",
            "tipo": "primaria",
            "titulo": "Boletín Hidrológico Semanal — histórico de embalses 1988-2026 (Dirección General del Agua, Ministerio para la Transición Ecológica y el Reto Demográfico)",
            "url": "https://www.miteco.gob.es/content/dam/miteco/es/agua/temas/evaluacion-de-los-recursos-hidricos/boletin-hidrologico/Historico-de-embalses/BD-Embalses.zip",
            "fecha": "2026-08-04",
            "archivo": "fuentes/2026-08-07_miteco_bd-embalses-boletin-hidrologico-1988-2026.zip"
          },
          {
            "id": "f2",
            "tipo": "primaria",
            "titulo": "Nomenclátor Geográfico Básico de España — Instituto Geográfico Nacional",
            "url": "https://api-features.ign.es/collections/namedplace/items",
            "fecha": "2026-08-07",
            "archivo": "fuentes/2026-08-07_ign_ngbe-toponimos-embalses.json"
          }
        ]
      }
    },
    {
      "type": "Feature",
      "id": "agua-embalsada:guiamets-ebro",
      "geometry": {
        "type": "Point",
        "coordinates": [
          0.75171,
          41.09888
        ]
      },
      "properties": {
        "slug": "guiamets-ebro",
        "nombre": "Embalse de Guiamets",
        "categoria": "embalse",
        "descripcion": "Capacidad de 10 hm³ y 8 hm³ embalsados según el parte de 2026-08-04 del Boletín Hidrológico. Demarcación: Ebro.",
        "estado_registro": "vigente",
        "verif": "confirmado",
        "geo_precision": "paraje",
        "geo_fuente": "«Pantà dels Guiamets» en el Nomenclátor Geográfico Básico de España",
        "geo_fuente__v": "confirmado",
        "geo_fuente__f": "f2",
        "fecha_alta": "2026-08-07",
        "fecha_verificacion": "2026-08-07",
        "demarcacion": "Ebro",
        "capacidad_hm3": 10.0,
        "capacidad_hm3__v": "confirmado",
        "capacidad_hm3__f": "f1",
        "agua_actual_hm3": 8.0,
        "agua_actual_hm3__v": "confirmado",
        "agua_actual_hm3__f": "f1",
        "fecha_dato": "2026-08-04",
        "hidroelectrico": false,
        "claves": [],
        "fuentes": [
          {
            "id": "f1",
            "tipo": "primaria",
            "titulo": "Boletín Hidrológico Semanal — histórico de embalses 1988-2026 (Dirección General del Agua, Ministerio para la Transición Ecológica y el Reto Demográfico)",
            "url": "https://www.miteco.gob.es/content/dam/miteco/es/agua/temas/evaluacion-de-los-recursos-hidricos/boletin-hidrologico/Historico-de-embalses/BD-Embalses.zip",
            "fecha": "2026-08-04",
            "archivo": "fuentes/2026-08-07_miteco_bd-embalses-boletin-hidrologico-1988-2026.zip"
          },
          {
            "id": "f2",
            "tipo": "primaria",
            "titulo": "Nomenclátor Geográfico Básico de España — Instituto Geográfico Nacional",
            "url": "https://api-features.ign.es/collections/namedplace/items",
            "fecha": "2026-08-07",
            "archivo": "fuentes/2026-08-07_ign_ngbe-toponimos-embalses.json"
          }
        ]
      }
    },
    {
      "type": "Feature",
      "id": "agua-embalsada:irabia-ebro",
      "geometry": {
        "type": "Point",
        "coordinates": [
          -1.15729,
          42.98547
        ]
      },
      "properties": {
        "slug": "irabia-ebro",
        "nombre": "Embalse de Irabia",
        "categoria": "embalse",
        "descripcion": "Capacidad de 14 hm³ y 8 hm³ embalsados según el parte de 2026-08-04 del Boletín Hidrológico. Demarcación: Ebro.",
        "estado_registro": "vigente",
        "verif": "confirmado",
        "geo_precision": "paraje",
        "geo_fuente": "«Embalse de Irabia» en el Nomenclátor Geográfico Básico de España",
        "geo_fuente__v": "confirmado",
        "geo_fuente__f": "f2",
        "fecha_alta": "2026-08-07",
        "fecha_verificacion": "2026-08-07",
        "demarcacion": "Ebro",
        "capacidad_hm3": 14.0,
        "capacidad_hm3__v": "confirmado",
        "capacidad_hm3__f": "f1",
        "agua_actual_hm3": 8.0,
        "agua_actual_hm3__v": "confirmado",
        "agua_actual_hm3__f": "f1",
        "fecha_dato": "2026-08-04",
        "hidroelectrico": true,
        "claves": [],
        "fuentes": [
          {
            "id": "f1",
            "tipo": "primaria",
            "titulo": "Boletín Hidrológico Semanal — histórico de embalses 1988-2026 (Dirección General del Agua, Ministerio para la Transición Ecológica y el Reto Demográfico)",
            "url": "https://www.miteco.gob.es/content/dam/miteco/es/agua/temas/evaluacion-de-los-recursos-hidricos/boletin-hidrologico/Historico-de-embalses/BD-Embalses.zip",
            "fecha": "2026-08-04",
            "archivo": "fuentes/2026-08-07_miteco_bd-embalses-boletin-hidrologico-1988-2026.zip"
          },
          {
            "id": "f2",
            "tipo": "primaria",
            "titulo": "Nomenclátor Geográfico Básico de España — Instituto Geográfico Nacional",
            "url": "https://api-features.ign.es/collections/namedplace/items",
            "fecha": "2026-08-07",
            "archivo": "fuentes/2026-08-07_ign_ngbe-toponimos-embalses.json"
          }
        ]
      }
    },
    {
      "type": "Feature",
      "id": "agua-embalsada:itoiz-ebro",
      "geometry": {
        "type": "Point",
        "coordinates": [
          -1.34869,
          42.80109
        ]
      },
      "properties": {
        "slug": "itoiz-ebro",
        "nombre": "Embalse de Itoiz",
        "categoria": "embalse",
        "descripcion": "Capacidad de 417 hm³ y 223 hm³ embalsados según el parte de 2026-08-04 del Boletín Hidrológico. Demarcación: Ebro.",
        "estado_registro": "vigente",
        "verif": "confirmado",
        "geo_precision": "paraje",
        "geo_fuente": "«Itoizko urtegia» en el Nomenclátor Geográfico Básico de España",
        "geo_fuente__v": "confirmado",
        "geo_fuente__f": "f2",
        "fecha_alta": "2026-08-07",
        "fecha_verificacion": "2026-08-07",
        "demarcacion": "Ebro",
        "capacidad_hm3": 417.0,
        "capacidad_hm3__v": "confirmado",
        "capacidad_hm3__f": "f1",
        "agua_actual_hm3": 223.0,
        "agua_actual_hm3__v": "confirmado",
        "agua_actual_hm3__f": "f1",
        "fecha_dato": "2026-08-04",
        "hidroelectrico": false,
        "claves": [],
        "fuentes": [
          {
            "id": "f1",
            "tipo": "primaria",
            "titulo": "Boletín Hidrológico Semanal — histórico de embalses 1988-2026 (Dirección General del Agua, Ministerio para la Transición Ecológica y el Reto Demográfico)",
            "url": "https://www.miteco.gob.es/content/dam/miteco/es/agua/temas/evaluacion-de-los-recursos-hidricos/boletin-hidrologico/Historico-de-embalses/BD-Embalses.zip",
            "fecha": "2026-08-04",
            "archivo": "fuentes/2026-08-07_miteco_bd-embalses-boletin-hidrologico-1988-2026.zip"
          },
          {
            "id": "f2",
            "tipo": "primaria",
            "titulo": "Nomenclátor Geográfico Básico de España — Instituto Geográfico Nacional",
            "url": "https://api-features.ign.es/collections/namedplace/items",
            "fecha": "2026-08-07",
            "archivo": "fuentes/2026-08-07_ign_ngbe-toponimos-embalses.json"
          }
        ]
      }
    },
    {
      "type": "Feature",
      "id": "agua-embalsada:lanuza-ebro",
      "geometry": {
        "type": "Point",
        "coordinates": [
          -0.31421,
          42.75031
        ]
      },
      "properties": {
        "slug": "lanuza-ebro",
        "nombre": "Embalse de Lanuza",
        "categoria": "embalse",
        "descripcion": "Capacidad de 17 hm³ y 16 hm³ embalsados según el parte de 2026-08-04 del Boletín Hidrológico. Demarcación: Ebro.",
        "estado_registro": "vigente",
        "verif": "confirmado",
        "geo_precision": "paraje",
        "geo_fuente": "«Embalse de Lanuza» en el Nomenclátor Geográfico Básico de España",
        "geo_fuente__v": "confirmado",
        "geo_fuente__f": "f2",
        "fecha_alta": "2026-08-07",
        "fecha_verificacion": "2026-08-07",
        "demarcacion": "Ebro",
        "capacidad_hm3": 17.0,
        "capacidad_hm3__v": "confirmado",
        "capacidad_hm3__f": "f1",
        "agua_actual_hm3": 16.0,
        "agua_actual_hm3__v": "confirmado",
        "agua_actual_hm3__f": "f1",
        "fecha_dato": "2026-08-04",
        "hidroelectrico": false,
        "claves": [],
        "fuentes": [
          {
            "id": "f1",
            "tipo": "primaria",
            "titulo": "Boletín Hidrológico Semanal — histórico de embalses 1988-2026 (Dirección General del Agua, Ministerio para la Transición Ecológica y el Reto Demográfico)",
            "url": "https://www.miteco.gob.es/content/dam/miteco/es/agua/temas/evaluacion-de-los-recursos-hidricos/boletin-hidrologico/Historico-de-embalses/BD-Embalses.zip",
            "fecha": "2026-08-04",
            "archivo": "fuentes/2026-08-07_miteco_bd-embalses-boletin-hidrologico-1988-2026.zip"
          },
          {
            "id": "f2",
            "tipo": "primaria",
            "titulo": "Nomenclátor Geográfico Básico de España — Instituto Geográfico Nacional",
            "url": "https://api-features.ign.es/collections/namedplace/items",
            "fecha": "2026-08-07",
            "archivo": "fuentes/2026-08-07_ign_ngbe-toponimos-embalses.json"
          }
        ]
      }
    },
    {
      "type": "Feature",
      "id": "agua-embalsada:llauset-ebro",
      "geometry": {
        "type": "Point",
        "coordinates": [
          0.69428,
          42.58111
        ]
      },
      "properties": {
        "slug": "llauset-ebro",
        "nombre": "Embalse de Llauset",
        "categoria": "embalse",
        "descripcion": "Capacidad de 17 hm³ y 10 hm³ embalsados según el parte de 2026-08-04 del Boletín Hidrológico. Demarcación: Ebro.",
        "estado_registro": "vigente",
        "verif": "confirmado",
        "geo_precision": "paraje",
        "geo_fuente": "«Embalse de Llauset» en el Nomenclátor Geográfico Básico de España",
        "geo_fuente__v": "confirmado",
        "geo_fuente__f": "f2",
        "fecha_alta": "2026-08-07",
        "fecha_verificacion": "2026-08-07",
        "demarcacion": "Ebro",
        "capacidad_hm3": 17.0,
        "capacidad_hm3__v": "confirmado",
        "capacidad_hm3__f": "f1",
        "agua_actual_hm3": 10.0,
        "agua_actual_hm3__v": "confirmado",
        "agua_actual_hm3__f": "f1",
        "fecha_dato": "2026-08-04",
        "hidroelectrico": true,
        "claves": [],
        "fuentes": [
          {
            "id": "f1",
            "tipo": "primaria",
            "titulo": "Boletín Hidrológico Semanal — histórico de embalses 1988-2026 (Dirección General del Agua, Ministerio para la Transición Ecológica y el Reto Demográfico)",
            "url": "https://www.miteco.gob.es/content/dam/miteco/es/agua/temas/evaluacion-de-los-recursos-hidricos/boletin-hidrologico/Historico-de-embalses/BD-Embalses.zip",
            "fecha": "2026-08-04",
            "archivo": "fuentes/2026-08-07_miteco_bd-embalses-boletin-hidrologico-1988-2026.zip"
          },
          {
            "id": "f2",
            "tipo": "primaria",
            "titulo": "Nomenclátor Geográfico Básico de España — Instituto Geográfico Nacional",
            "url": "https://api-features.ign.es/collections/namedplace/items",
            "fecha": "2026-08-07",
            "archivo": "fuentes/2026-08-07_ign_ngbe-toponimos-embalses.json"
          }
        ]
      }
    },
    {
      "type": "Feature",
      "id": "agua-embalsada:lotetala-ebro",
      "geometry": {
        "type": "Point",
        "coordinates": [
          -1.31543,
          41.81787
        ]
      },
      "properties": {
        "slug": "lotetala-ebro",
        "nombre": "Embalse de Loteta (La)",
        "categoria": "embalse",
        "descripcion": "Capacidad de 104 hm³ y 34 hm³ embalsados según el parte de 2026-08-04 del Boletín Hidrológico. Demarcación: Ebro.",
        "estado_registro": "vigente",
        "verif": "confirmado",
        "geo_precision": "paraje",
        "geo_fuente": "«Embalse de la Loteta» en el Nomenclátor Geográfico Básico de España",
        "geo_fuente__v": "confirmado",
        "geo_fuente__f": "f2",
        "fecha_alta": "2026-08-07",
        "fecha_verificacion": "2026-08-07",
        "demarcacion": "Ebro",
        "capacidad_hm3": 104.0,
        "capacidad_hm3__v": "confirmado",
        "capacidad_hm3__f": "f1",
        "agua_actual_hm3": 34.0,
        "agua_actual_hm3__v": "confirmado",
        "agua_actual_hm3__f": "f1",
        "fecha_dato": "2026-08-04",
        "hidroelectrico": false,
        "claves": [],
        "fuentes": [
          {
            "id": "f1",
            "tipo": "primaria",
            "titulo": "Boletín Hidrológico Semanal — histórico de embalses 1988-2026 (Dirección General del Agua, Ministerio para la Transición Ecológica y el Reto Demográfico)",
            "url": "https://www.miteco.gob.es/content/dam/miteco/es/agua/temas/evaluacion-de-los-recursos-hidricos/boletin-hidrologico/Historico-de-embalses/BD-Embalses.zip",
            "fecha": "2026-08-04",
            "archivo": "fuentes/2026-08-07_miteco_bd-embalses-boletin-hidrologico-1988-2026.zip"
          },
          {
            "id": "f2",
            "tipo": "primaria",
            "titulo": "Nomenclátor Geográfico Básico de España — Instituto Geográfico Nacional",
            "url": "https://api-features.ign.es/collections/namedplace/items",
            "fecha": "2026-08-07",
            "archivo": "fuentes/2026-08-07_ign_ngbe-toponimos-embalses.json"
          }
        ]
      }
    },
    {
      "type": "Feature",
      "id": "agua-embalsada:maidevera-ebro",
      "geometry": {
        "type": "Point",
        "coordinates": [
          -1.76068,
          41.57507
        ]
      },
      "properties": {
        "slug": "maidevera-ebro",
        "nombre": "Embalse de Maidevera",
        "categoria": "embalse",
        "descripcion": "Capacidad de 20 hm³ y 17 hm³ embalsados según el parte de 2026-08-04 del Boletín Hidrológico. Demarcación: Ebro.",
        "estado_registro": "vigente",
        "verif": "confirmado",
        "geo_precision": "paraje",
        "geo_fuente": "«Embalse de Maidevera» en el Nomenclátor Geográfico Básico de España",
        "geo_fuente__v": "confirmado",
        "geo_fuente__f": "f2",
        "fecha_alta": "2026-08-07",
        "fecha_verificacion": "2026-08-07",
        "demarcacion": "Ebro",
        "capacidad_hm3": 20.0,
        "capacidad_hm3__v": "confirmado",
        "capacidad_hm3__f": "f1",
        "agua_actual_hm3": 17.0,
        "agua_actual_hm3__v": "confirmado",
        "agua_actual_hm3__f": "f1",
        "fecha_dato": "2026-08-04",
        "hidroelectrico": false,
        "claves": [],
        "fuentes": [
          {
            "id": "f1",
            "tipo": "primaria",
            "titulo": "Boletín Hidrológico Semanal — histórico de embalses 1988-2026 (Dirección General del Agua, Ministerio para la Transición Ecológica y el Reto Demográfico)",
            "url": "https://www.miteco.gob.es/content/dam/miteco/es/agua/temas/evaluacion-de-los-recursos-hidricos/boletin-hidrologico/Historico-de-embalses/BD-Embalses.zip",
            "fecha": "2026-08-04",
            "archivo": "fuentes/2026-08-07_miteco_bd-embalses-boletin-hidrologico-1988-2026.zip"
          },
          {
            "id": "f2",
            "tipo": "primaria",
            "titulo": "Nomenclátor Geográfico Básico de España — Instituto Geográfico Nacional",
            "url": "https://api-features.ign.es/collections/namedplace/items",
            "fecha": "2026-08-07",
            "archivo": "fuentes/2026-08-07_ign_ngbe-toponimos-embalses.json"
          }
        ]
      }
    },
    {
      "type": "Feature",
      "id": "agua-embalsada:mediano-ebro",
      "geometry": {
        "type": "Point",
        "coordinates": [
          0.21149,
          42.3139
        ]
      },
      "properties": {
        "slug": "mediano-ebro",
        "nombre": "Embalse de Mediano",
        "categoria": "embalse",
        "descripcion": "Capacidad de 435 hm³ y 171 hm³ embalsados según el parte de 2026-08-04 del Boletín Hidrológico. Demarcación: Ebro.",
        "estado_registro": "vigente",
        "verif": "confirmado",
        "geo_precision": "paraje",
        "geo_fuente": "«Embalse de Mediano» en el Nomenclátor Geográfico Básico de España",
        "geo_fuente__v": "confirmado",
        "geo_fuente__f": "f2",
        "fecha_alta": "2026-08-07",
        "fecha_verificacion": "2026-08-07",
        "demarcacion": "Ebro",
        "capacidad_hm3": 435.0,
        "capacidad_hm3__v": "confirmado",
        "capacidad_hm3__f": "f1",
        "agua_actual_hm3": 171.0,
        "agua_actual_hm3__v": "confirmado",
        "agua_actual_hm3__f": "f1",
        "fecha_dato": "2026-08-04",
        "hidroelectrico": false,
        "claves": [],
        "fuentes": [
          {
            "id": "f1",
            "tipo": "primaria",
            "titulo": "Boletín Hidrológico Semanal — histórico de embalses 1988-2026 (Dirección General del Agua, Ministerio para la Transición Ecológica y el Reto Demográfico)",
            "url": "https://www.miteco.gob.es/content/dam/miteco/es/agua/temas/evaluacion-de-los-recursos-hidricos/boletin-hidrologico/Historico-de-embalses/BD-Embalses.zip",
            "fecha": "2026-08-04",
            "archivo": "fuentes/2026-08-07_miteco_bd-embalses-boletin-hidrologico-1988-2026.zip"
          },
          {
            "id": "f2",
            "tipo": "primaria",
            "titulo": "Nomenclátor Geográfico Básico de España — Instituto Geográfico Nacional",
            "url": "https://api-features.ign.es/collections/namedplace/items",
            "fecha": "2026-08-07",
            "archivo": "fuentes/2026-08-07_ign_ngbe-toponimos-embalses.json"
          }
        ]
      }
    },
    {
      "type": "Feature",
      "id": "agua-embalsada:mequinenza-ebro",
      "geometry": {
        "type": "Point",
        "coordinates": [
          0.27289,
          41.3689
        ]
      },
      "properties": {
        "slug": "mequinenza-ebro",
        "nombre": "Embalse de Mequinenza",
        "categoria": "embalse",
        "descripcion": "Capacidad de 1.373 hm³ y 1.008 hm³ embalsados según el parte de 2026-08-04 del Boletín Hidrológico. Demarcación: Ebro.",
        "estado_registro": "vigente",
        "verif": "confirmado",
        "geo_precision": "paraje",
        "geo_fuente": "«Embalse de Mequinenza» en el Nomenclátor Geográfico Básico de España",
        "geo_fuente__v": "confirmado",
        "geo_fuente__f": "f2",
        "fecha_alta": "2026-08-07",
        "fecha_verificacion": "2026-08-07",
        "demarcacion": "Ebro",
        "capacidad_hm3": 1373.0,
        "capacidad_hm3__v": "confirmado",
        "capacidad_hm3__f": "f1",
        "agua_actual_hm3": 1008.0,
        "agua_actual_hm3__v": "confirmado",
        "agua_actual_hm3__f": "f1",
        "fecha_dato": "2026-08-04",
        "hidroelectrico": true,
        "claves": [],
        "fuentes": [
          {
            "id": "f1",
            "tipo": "primaria",
            "titulo": "Boletín Hidrológico Semanal — histórico de embalses 1988-2026 (Dirección General del Agua, Ministerio para la Transición Ecológica y el Reto Demográfico)",
            "url": "https://www.miteco.gob.es/content/dam/miteco/es/agua/temas/evaluacion-de-los-recursos-hidricos/boletin-hidrologico/Historico-de-embalses/BD-Embalses.zip",
            "fecha": "2026-08-04",
            "archivo": "fuentes/2026-08-07_miteco_bd-embalses-boletin-hidrologico-1988-2026.zip"
          },
          {
            "id": "f2",
            "tipo": "primaria",
            "titulo": "Nomenclátor Geográfico Básico de España — Instituto Geográfico Nacional",
            "url": "https://api-features.ign.es/collections/namedplace/items",
            "fecha": "2026-08-07",
            "archivo": "fuentes/2026-08-07_ign_ngbe-toponimos-embalses.json"
          }
        ]
      }
    },
    {
      "type": "Feature",
      "id": "agua-embalsada:moneva-ebro",
      "geometry": {
        "type": "Point",
        "coordinates": [
          -0.8316,
          41.17889
        ]
      },
      "properties": {
        "slug": "moneva-ebro",
        "nombre": "Embalse de Moneva",
        "categoria": "embalse",
        "descripcion": "Capacidad de 8 hm³ y 5 hm³ embalsados según el parte de 2026-08-04 del Boletín Hidrológico. Demarcación: Ebro.",
        "estado_registro": "vigente",
        "verif": "confirmado",
        "geo_precision": "paraje",
        "geo_fuente": "«Embalse de Moneva» en el Nomenclátor Geográfico Básico de España",
        "geo_fuente__v": "confirmado",
        "geo_fuente__f": "f2",
        "fecha_alta": "2026-08-07",
        "fecha_verificacion": "2026-08-07",
        "demarcacion": "Ebro",
        "capacidad_hm3": 8.0,
        "capacidad_hm3__v": "confirmado",
        "capacidad_hm3__f": "f1",
        "agua_actual_hm3": 5.0,
        "agua_actual_hm3__v": "confirmado",
        "agua_actual_hm3__f": "f1",
        "fecha_dato": "2026-08-04",
        "hidroelectrico": false,
        "claves": [],
        "fuentes": [
          {
            "id": "f1",
            "tipo": "primaria",
            "titulo": "Boletín Hidrológico Semanal — histórico de embalses 1988-2026 (Dirección General del Agua, Ministerio para la Transición Ecológica y el Reto Demográfico)",
            "url": "https://www.miteco.gob.es/content/dam/miteco/es/agua/temas/evaluacion-de-los-recursos-hidricos/boletin-hidrologico/Historico-de-embalses/BD-Embalses.zip",
            "fecha": "2026-08-04",
            "archivo": "fuentes/2026-08-07_miteco_bd-embalses-boletin-hidrologico-1988-2026.zip"
          },
          {
            "id": "f2",
            "tipo": "primaria",
            "titulo": "Nomenclátor Geográfico Básico de España — Instituto Geográfico Nacional",
            "url": "https://api-features.ign.es/collections/namedplace/items",
            "fecha": "2026-08-07",
            "archivo": "fuentes/2026-08-07_ign_ngbe-toponimos-embalses.json"
          }
        ]
      }
    },
    {
      "type": "Feature",
      "id": "agua-embalsada:montearagon-ebro",
      "geometry": {
        "type": "Point",
        "coordinates": [
          -0.3631,
          42.18469
        ]
      },
      "properties": {
        "slug": "montearagon-ebro",
        "nombre": "Embalse de Montearagón",
        "categoria": "embalse",
        "descripcion": "Capacidad de 52 hm³ y 30 hm³ embalsados según el parte de 2026-08-04 del Boletín Hidrológico. Demarcación: Ebro.",
        "estado_registro": "vigente",
        "verif": "confirmado",
        "geo_precision": "paraje",
        "geo_fuente": "«Embalse de Montearagón» en el Nomenclátor Geográfico Básico de España",
        "geo_fuente__v": "confirmado",
        "geo_fuente__f": "f2",
        "fecha_alta": "2026-08-07",
        "fecha_verificacion": "2026-08-07",
        "demarcacion": "Ebro",
        "capacidad_hm3": 52.0,
        "capacidad_hm3__v": "confirmado",
        "capacidad_hm3__f": "f1",
        "agua_actual_hm3": 30.0,
        "agua_actual_hm3__v": "confirmado",
        "agua_actual_hm3__f": "f1",
        "fecha_dato": "2026-08-04",
        "hidroelectrico": false,
        "claves": [],
        "fuentes": [
          {
            "id": "f1",
            "tipo": "primaria",
            "titulo": "Boletín Hidrológico Semanal — histórico de embalses 1988-2026 (Dirección General del Agua, Ministerio para la Transición Ecológica y el Reto Demográfico)",
            "url": "https://www.miteco.gob.es/content/dam/miteco/es/agua/temas/evaluacion-de-los-recursos-hidricos/boletin-hidrologico/Historico-de-embalses/BD-Embalses.zip",
            "fecha": "2026-08-04",
            "archivo": "fuentes/2026-08-07_miteco_bd-embalses-boletin-hidrologico-1988-2026.zip"
          },
          {
            "id": "f2",
            "tipo": "primaria",
            "titulo": "Nomenclátor Geográfico Básico de España — Instituto Geográfico Nacional",
            "url": "https://api-features.ign.es/collections/namedplace/items",
            "fecha": "2026-08-07",
            "archivo": "fuentes/2026-08-07_ign_ngbe-toponimos-embalses.json"
          }
        ]
      }
    },
    {
      "type": "Feature",
      "id": "agua-embalsada:oliana-ebro",
      "geometry": {
        "type": "Point",
        "coordinates": [
          1.29413,
          42.0929
        ]
      },
      "properties": {
        "slug": "oliana-ebro",
        "nombre": "Embalse de Oliana",
        "categoria": "embalse",
        "descripcion": "Capacidad de 84 hm³ y 50 hm³ embalsados según el parte de 2026-08-04 del Boletín Hidrológico. Demarcación: Ebro.",
        "estado_registro": "vigente",
        "verif": "confirmado",
        "geo_precision": "paraje",
        "geo_fuente": "«Pantà d'Oliana» en el Nomenclátor Geográfico Básico de España",
        "geo_fuente__v": "confirmado",
        "geo_fuente__f": "f2",
        "fecha_alta": "2026-08-07",
        "fecha_verificacion": "2026-08-07",
        "demarcacion": "Ebro",
        "capacidad_hm3": 84.0,
        "capacidad_hm3__v": "confirmado",
        "capacidad_hm3__f": "f1",
        "agua_actual_hm3": 50.0,
        "agua_actual_hm3__v": "confirmado",
        "agua_actual_hm3__f": "f1",
        "fecha_dato": "2026-08-04",
        "hidroelectrico": false,
        "claves": [],
        "fuentes": [
          {
            "id": "f1",
            "tipo": "primaria",
            "titulo": "Boletín Hidrológico Semanal — histórico de embalses 1988-2026 (Dirección General del Agua, Ministerio para la Transición Ecológica y el Reto Demográfico)",
            "url": "https://www.miteco.gob.es/content/dam/miteco/es/agua/temas/evaluacion-de-los-recursos-hidricos/boletin-hidrologico/Historico-de-embalses/BD-Embalses.zip",
            "fecha": "2026-08-04",
            "archivo": "fuentes/2026-08-07_miteco_bd-embalses-boletin-hidrologico-1988-2026.zip"
          },
          {
            "id": "f2",
            "tipo": "primaria",
            "titulo": "Nomenclátor Geográfico Básico de España — Instituto Geográfico Nacional",
            "url": "https://api-features.ign.es/collections/namedplace/items",
            "fecha": "2026-08-07",
            "archivo": "fuentes/2026-08-07_ign_ngbe-toponimos-embalses.json"
          }
        ]
      }
    },
    {
      "type": "Feature",
      "id": "agua-embalsada:pajares-ebro",
      "geometry": {
        "type": "Point",
        "coordinates": [
          -2.6098,
          42.08868
        ]
      },
      "properties": {
        "slug": "pajares-ebro",
        "nombre": "Embalse de Pajares",
        "categoria": "embalse",
        "descripcion": "Capacidad de 35 hm³ y 23 hm³ embalsados según el parte de 2026-08-04 del Boletín Hidrológico. Demarcación: Ebro.",
        "estado_registro": "vigente",
        "verif": "confirmado",
        "geo_precision": "paraje",
        "geo_fuente": "«Embalse de Pajares» en el Nomenclátor Geográfico Básico de España",
        "geo_fuente__v": "confirmado",
        "geo_fuente__f": "f2",
        "fecha_alta": "2026-08-07",
        "fecha_verificacion": "2026-08-07",
        "demarcacion": "Ebro",
        "capacidad_hm3": 35.0,
        "capacidad_hm3__v": "confirmado",
        "capacidad_hm3__f": "f1",
        "agua_actual_hm3": 23.0,
        "agua_actual_hm3__v": "confirmado",
        "agua_actual_hm3__f": "f1",
        "fecha_dato": "2026-08-04",
        "hidroelectrico": false,
        "claves": [],
        "fuentes": [
          {
            "id": "f1",
            "tipo": "primaria",
            "titulo": "Boletín Hidrológico Semanal — histórico de embalses 1988-2026 (Dirección General del Agua, Ministerio para la Transición Ecológica y el Reto Demográfico)",
            "url": "https://www.miteco.gob.es/content/dam/miteco/es/agua/temas/evaluacion-de-los-recursos-hidricos/boletin-hidrologico/Historico-de-embalses/BD-Embalses.zip",
            "fecha": "2026-08-04",
            "archivo": "fuentes/2026-08-07_miteco_bd-embalses-boletin-hidrologico-1988-2026.zip"
          },
          {
            "id": "f2",
            "tipo": "primaria",
            "titulo": "Nomenclátor Geográfico Básico de España — Instituto Geográfico Nacional",
            "url": "https://api-features.ign.es/collections/namedplace/items",
            "fecha": "2026-08-07",
            "archivo": "fuentes/2026-08-07_ign_ngbe-toponimos-embalses.json"
          }
        ]
      }
    },
    {
      "type": "Feature",
      "id": "agua-embalsada:puentedesantolea-ebro",
      "geometry": {
        "type": "Point",
        "coordinates": [
          -0.31781,
          40.77271
        ]
      },
      "properties": {
        "slug": "puentedesantolea-ebro",
        "nombre": "Embalse de Puente de Santolea",
        "categoria": "embalse",
        "descripcion": "Capacidad de 18 hm³ y 18 hm³ embalsados según el parte de 2026-08-04 del Boletín Hidrológico. Demarcación: Ebro.",
        "estado_registro": "vigente",
        "verif": "confirmado",
        "geo_precision": "paraje",
        "geo_fuente": "«Embalse de Santolea» en el Nomenclátor Geográfico Básico de España",
        "geo_fuente__v": "confirmado",
        "geo_fuente__f": "f2",
        "fecha_alta": "2026-08-07",
        "fecha_verificacion": "2026-08-07",
        "demarcacion": "Ebro",
        "capacidad_hm3": 18.0,
        "capacidad_hm3__v": "confirmado",
        "capacidad_hm3__f": "f1",
        "agua_actual_hm3": 18.0,
        "agua_actual_hm3__v": "confirmado",
        "agua_actual_hm3__f": "f1",
        "fecha_dato": "2026-08-04",
        "hidroelectrico": false,
        "claves": [],
        "fuentes": [
          {
            "id": "f1",
            "tipo": "primaria",
            "titulo": "Boletín Hidrológico Semanal — histórico de embalses 1988-2026 (Dirección General del Agua, Ministerio para la Transición Ecológica y el Reto Demográfico)",
            "url": "https://www.miteco.gob.es/content/dam/miteco/es/agua/temas/evaluacion-de-los-recursos-hidricos/boletin-hidrologico/Historico-de-embalses/BD-Embalses.zip",
            "fecha": "2026-08-04",
            "archivo": "fuentes/2026-08-07_miteco_bd-embalses-boletin-hidrologico-1988-2026.zip"
          },
          {
            "id": "f2",
            "tipo": "primaria",
            "titulo": "Nomenclátor Geográfico Básico de España — Instituto Geográfico Nacional",
            "url": "https://api-features.ign.es/collections/namedplace/items",
            "fecha": "2026-08-07",
            "archivo": "fuentes/2026-08-07_ign_ngbe-toponimos-embalses.json"
          }
        ]
      }
    },
    {
      "type": "Feature",
      "id": "agua-embalsada:respomuso-ebro",
      "geometry": {
        "type": "Point",
        "coordinates": [
          -0.29742,
          42.81567
        ]
      },
      "properties": {
        "slug": "respomuso-ebro",
        "nombre": "Embalse de Respomuso",
        "categoria": "embalse",
        "descripcion": "Capacidad de 18 hm³ y 0 hm³ embalsados según el parte de 2006-09-26 del Boletín Hidrológico. Demarcación: Ebro.",
        "estado_registro": "historico",
        "verif": "confirmado",
        "geo_precision": "paraje",
        "geo_fuente": "«Ibón de Respomuso» en el Nomenclátor Geográfico Básico de España",
        "geo_fuente__v": "confirmado",
        "geo_fuente__f": "f2",
        "fecha_alta": "2026-08-07",
        "fecha_verificacion": "2026-08-07",
        "demarcacion": "Ebro",
        "capacidad_hm3": 18.0,
        "capacidad_hm3__v": "confirmado",
        "capacidad_hm3__f": "f1",
        "agua_actual_hm3": 0.0,
        "agua_actual_hm3__v": "confirmado",
        "agua_actual_hm3__f": "f1",
        "fecha_dato": "2006-09-26",
        "hidroelectrico": true,
        "claves": [
          {
            "k": "Este parte dejó de alimentarse",
            "v": "El último dato de este embalse en la serie del Boletín es de 2006-09-26, y la serie llega a agosto de 2026. No es una lectura actual: por eso el registro va como `historico` y no se borra.",
            "verif": "confirmado",
            "fuente": "f1"
          }
        ],
        "fuentes": [
          {
            "id": "f1",
            "tipo": "primaria",
            "titulo": "Boletín Hidrológico Semanal — histórico de embalses 1988-2026 (Dirección General del Agua, Ministerio para la Transición Ecológica y el Reto Demográfico)",
            "url": "https://www.miteco.gob.es/content/dam/miteco/es/agua/temas/evaluacion-de-los-recursos-hidricos/boletin-hidrologico/Historico-de-embalses/BD-Embalses.zip",
            "fecha": "2006-09-26",
            "archivo": "fuentes/2026-08-07_miteco_bd-embalses-boletin-hidrologico-1988-2026.zip"
          },
          {
            "id": "f2",
            "tipo": "primaria",
            "titulo": "Nomenclátor Geográfico Básico de España — Instituto Geográfico Nacional",
            "url": "https://api-features.ign.es/collections/namedplace/items",
            "fecha": "2026-08-07",
            "archivo": "fuentes/2026-08-07_ign_ngbe-toponimos-embalses.json"
          }
        ]
      }
    },
    {
      "type": "Feature",
      "id": "agua-embalsada:rialb-ebro",
      "geometry": {
        "type": "Point",
        "coordinates": [
          1.19269,
          41.94012
        ]
      },
      "properties": {
        "slug": "rialb-ebro",
        "nombre": "Embalse de Rialb",
        "categoria": "embalse",
        "descripcion": "Capacidad de 404 hm³ y 307 hm³ embalsados según el parte de 2026-08-04 del Boletín Hidrológico. Demarcación: Ebro.",
        "estado_registro": "vigente",
        "verif": "confirmado",
        "geo_precision": "paraje",
        "geo_fuente": "«Pantà de Rialb» en el Nomenclátor Geográfico Básico de España",
        "geo_fuente__v": "confirmado",
        "geo_fuente__f": "f2",
        "fecha_alta": "2026-08-07",
        "fecha_verificacion": "2026-08-07",
        "demarcacion": "Ebro",
        "capacidad_hm3": 404.0,
        "capacidad_hm3__v": "confirmado",
        "capacidad_hm3__f": "f1",
        "agua_actual_hm3": 307.0,
        "agua_actual_hm3__v": "confirmado",
        "agua_actual_hm3__f": "f1",
        "fecha_dato": "2026-08-04",
        "hidroelectrico": false,
        "claves": [],
        "fuentes": [
          {
            "id": "f1",
            "tipo": "primaria",
            "titulo": "Boletín Hidrológico Semanal — histórico de embalses 1988-2026 (Dirección General del Agua, Ministerio para la Transición Ecológica y el Reto Demográfico)",
            "url": "https://www.miteco.gob.es/content/dam/miteco/es/agua/temas/evaluacion-de-los-recursos-hidricos/boletin-hidrologico/Historico-de-embalses/BD-Embalses.zip",
            "fecha": "2026-08-04",
            "archivo": "fuentes/2026-08-07_miteco_bd-embalses-boletin-hidrologico-1988-2026.zip"
          },
          {
            "id": "f2",
            "tipo": "primaria",
            "titulo": "Nomenclátor Geográfico Básico de España — Instituto Geográfico Nacional",
            "url": "https://api-features.ign.es/collections/namedplace/items",
            "fecha": "2026-08-07",
            "archivo": "fuentes/2026-08-07_ign_ngbe-toponimos-embalses.json"
          }
        ]
      }
    },
    {
      "type": "Feature",
      "id": "agua-embalsada:sallente-ebro",
      "geometry": {
        "type": "Point",
        "coordinates": [
          0.99188,
          42.50092
        ]
      },
      "properties": {
        "slug": "sallente-ebro",
        "nombre": "Embalse de Sallente",
        "categoria": "embalse",
        "descripcion": "Capacidad de 6 hm³ y 4 hm³ embalsados según el parte de 2026-08-04 del Boletín Hidrológico. Demarcación: Ebro.",
        "estado_registro": "vigente",
        "verif": "confirmado",
        "geo_precision": "paraje",
        "geo_fuente": "«Pantà de Sallente» en el Nomenclátor Geográfico Básico de España",
        "geo_fuente__v": "confirmado",
        "geo_fuente__f": "f2",
        "fecha_alta": "2026-08-07",
        "fecha_verificacion": "2026-08-07",
        "demarcacion": "Ebro",
        "capacidad_hm3": 6.0,
        "capacidad_hm3__v": "confirmado",
        "capacidad_hm3__f": "f1",
        "agua_actual_hm3": 4.0,
        "agua_actual_hm3__v": "confirmado",
        "agua_actual_hm3__f": "f1",
        "fecha_dato": "2026-08-04",
        "hidroelectrico": true,
        "claves": [],
        "fuentes": [
          {
            "id": "f1",
            "tipo": "primaria",
            "titulo": "Boletín Hidrológico Semanal — histórico de embalses 1988-2026 (Dirección General del Agua, Ministerio para la Transición Ecológica y el Reto Demográfico)",
            "url": "https://www.miteco.gob.es/content/dam/miteco/es/agua/temas/evaluacion-de-los-recursos-hidricos/boletin-hidrologico/Historico-de-embalses/BD-Embalses.zip",
            "fecha": "2026-08-04",
            "archivo": "fuentes/2026-08-07_miteco_bd-embalses-boletin-hidrologico-1988-2026.zip"
          },
          {
            "id": "f2",
            "tipo": "primaria",
            "titulo": "Nomenclátor Geográfico Básico de España — Instituto Geográfico Nacional",
            "url": "https://api-features.ign.es/collections/namedplace/items",
            "fecha": "2026-08-07",
            "archivo": "fuentes/2026-08-07_ign_ngbe-toponimos-embalses.json"
          }
        ]
      }
    },
    {
      "type": "Feature",
      "id": "agua-embalsada:sanbartolome-ebro",
      "geometry": {
        "type": "Point",
        "coordinates": [
          -1.15289,
          42.21289
        ]
      },
      "properties": {
        "slug": "sanbartolome-ebro",
        "nombre": "Embalse de San Bartolomé",
        "categoria": "embalse",
        "descripcion": "Capacidad de 6 hm³ y 4 hm³ embalsados según el parte de 2026-08-04 del Boletín Hidrológico. Demarcación: Ebro.",
        "estado_registro": "vigente",
        "verif": "confirmado",
        "geo_precision": "paraje",
        "geo_fuente": "«Embalse de San Bartolomé» en el Nomenclátor Geográfico Básico de España",
        "geo_fuente__v": "confirmado",
        "geo_fuente__f": "f2",
        "fecha_alta": "2026-08-07",
        "fecha_verificacion": "2026-08-07",
        "demarcacion": "Ebro",
        "capacidad_hm3": 6.0,
        "capacidad_hm3__v": "confirmado",
        "capacidad_hm3__f": "f1",
        "agua_actual_hm3": 4.0,
        "agua_actual_hm3__v": "confirmado",
        "agua_actual_hm3__f": "f1",
        "fecha_dato": "2026-08-04",
        "hidroelectrico": false,
        "claves": [],
        "fuentes": [
          {
            "id": "f1",
            "tipo": "primaria",
            "titulo": "Boletín Hidrológico Semanal — histórico de embalses 1988-2026 (Dirección General del Agua, Ministerio para la Transición Ecológica y el Reto Demográfico)",
            "url": "https://www.miteco.gob.es/content/dam/miteco/es/agua/temas/evaluacion-de-los-recursos-hidricos/boletin-hidrologico/Historico-de-embalses/BD-Embalses.zip",
            "fecha": "2026-08-04",
            "archivo": "fuentes/2026-08-07_miteco_bd-embalses-boletin-hidrologico-1988-2026.zip"
          },
          {
            "id": "f2",
            "tipo": "primaria",
            "titulo": "Nomenclátor Geográfico Básico de España — Instituto Geográfico Nacional",
            "url": "https://api-features.ign.es/collections/namedplace/items",
            "fecha": "2026-08-07",
            "archivo": "fuentes/2026-08-07_ign_ngbe-toponimos-embalses.json"
          }
        ]
      }
    },
    {
      "type": "Feature",
      "id": "agua-embalsada:santamariadebelsue-ebro",
      "geometry": {
        "type": "Point",
        "coordinates": [
          -0.34729,
          42.30231
        ]
      },
      "properties": {
        "slug": "santamariadebelsue-ebro",
        "nombre": "Embalse de Santa María de Belsué",
        "categoria": "embalse",
        "descripcion": "Capacidad de 14 hm³ y 1 hm³ embalsados según el parte de 2026-08-04 del Boletín Hidrológico. Demarcación: Ebro.",
        "estado_registro": "vigente",
        "verif": "confirmado",
        "geo_precision": "paraje",
        "geo_fuente": "«Embalse de Santa María de Belsué» en el Nomenclátor Geográfico Básico de España",
        "geo_fuente__v": "confirmado",
        "geo_fuente__f": "f2",
        "fecha_alta": "2026-08-07",
        "fecha_verificacion": "2026-08-07",
        "demarcacion": "Ebro",
        "capacidad_hm3": 14.0,
        "capacidad_hm3__v": "confirmado",
        "capacidad_hm3__f": "f1",
        "agua_actual_hm3": 1.0,
        "agua_actual_hm3__v": "confirmado",
        "agua_actual_hm3__f": "f1",
        "fecha_dato": "2026-08-04",
        "hidroelectrico": false,
        "claves": [],
        "fuentes": [
          {
            "id": "f1",
            "tipo": "primaria",
            "titulo": "Boletín Hidrológico Semanal — histórico de embalses 1988-2026 (Dirección General del Agua, Ministerio para la Transición Ecológica y el Reto Demográfico)",
            "url": "https://www.miteco.gob.es/content/dam/miteco/es/agua/temas/evaluacion-de-los-recursos-hidricos/boletin-hidrologico/Historico-de-embalses/BD-Embalses.zip",
            "fecha": "2026-08-04",
            "archivo": "fuentes/2026-08-07_miteco_bd-embalses-boletin-hidrologico-1988-2026.zip"
          },
          {
            "id": "f2",
            "tipo": "primaria",
            "titulo": "Nomenclátor Geográfico Básico de España — Instituto Geográfico Nacional",
            "url": "https://api-features.ign.es/collections/namedplace/items",
            "fecha": "2026-08-07",
            "archivo": "fuentes/2026-08-07_ign_ngbe-toponimos-embalses.json"
          }
        ]
      }
    },
    {
      "type": "Feature",
      "id": "agua-embalsada:santolea-ebro",
      "geometry": {
        "type": "Point",
        "coordinates": [
          -0.31781,
          40.77271
        ]
      },
      "properties": {
        "slug": "santolea-ebro",
        "nombre": "Embalse de Santolea",
        "categoria": "embalse",
        "descripcion": "Capacidad de 5 hm³ y 2 hm³ embalsados según el parte de 2026-08-04 del Boletín Hidrológico. Demarcación: Ebro.",
        "estado_registro": "vigente",
        "verif": "confirmado",
        "geo_precision": "paraje",
        "geo_fuente": "«Embalse de Santolea» en el Nomenclátor Geográfico Básico de España",
        "geo_fuente__v": "confirmado",
        "geo_fuente__f": "f2",
        "fecha_alta": "2026-08-07",
        "fecha_verificacion": "2026-08-07",
        "demarcacion": "Ebro",
        "capacidad_hm3": 5.0,
        "capacidad_hm3__v": "confirmado",
        "capacidad_hm3__f": "f1",
        "agua_actual_hm3": 2.0,
        "agua_actual_hm3__v": "confirmado",
        "agua_actual_hm3__f": "f1",
        "fecha_dato": "2026-08-04",
        "hidroelectrico": false,
        "claves": [],
        "fuentes": [
          {
            "id": "f1",
            "tipo": "primaria",
            "titulo": "Boletín Hidrológico Semanal — histórico de embalses 1988-2026 (Dirección General del Agua, Ministerio para la Transición Ecológica y el Reto Demográfico)",
            "url": "https://www.miteco.gob.es/content/dam/miteco/es/agua/temas/evaluacion-de-los-recursos-hidricos/boletin-hidrologico/Historico-de-embalses/BD-Embalses.zip",
            "fecha": "2026-08-04",
            "archivo": "fuentes/2026-08-07_miteco_bd-embalses-boletin-hidrologico-1988-2026.zip"
          },
          {
            "id": "f2",
            "tipo": "primaria",
            "titulo": "Nomenclátor Geográfico Básico de España — Instituto Geográfico Nacional",
            "url": "https://api-features.ign.es/collections/namedplace/items",
            "fecha": "2026-08-07",
            "archivo": "fuentes/2026-08-07_ign_ngbe-toponimos-embalses.json"
          }
        ]
      }
    },
    {
      "type": "Feature",
      "id": "agua-embalsada:sistemaescarra-ebro",
      "geometry": {
        "type": "Point",
        "coordinates": [
          -0.35321,
          42.74487
        ]
      },
      "properties": {
        "slug": "sistemaescarra-ebro",
        "nombre": "Embalse de Sistema Escarra",
        "categoria": "embalse",
        "descripcion": "Capacidad de 5 hm³ y 1 hm³ embalsados según el parte de 2026-08-04 del Boletín Hidrológico. Demarcación: Ebro.",
        "estado_registro": "vigente",
        "verif": "confirmado",
        "geo_precision": "paraje",
        "geo_fuente": "«Embalse d'Escarra» en el Nomenclátor Geográfico Básico de España",
        "geo_fuente__v": "confirmado",
        "geo_fuente__f": "f2",
        "fecha_alta": "2026-08-07",
        "fecha_verificacion": "2026-08-07",
        "demarcacion": "Ebro",
        "capacidad_hm3": 5.0,
        "capacidad_hm3__v": "confirmado",
        "capacidad_hm3__f": "f1",
        "agua_actual_hm3": 1.0,
        "agua_actual_hm3__v": "confirmado",
        "agua_actual_hm3__f": "f1",
        "fecha_dato": "2026-08-04",
        "hidroelectrico": true,
        "claves": [],
        "fuentes": [
          {
            "id": "f1",
            "tipo": "primaria",
            "titulo": "Boletín Hidrológico Semanal — histórico de embalses 1988-2026 (Dirección General del Agua, Ministerio para la Transición Ecológica y el Reto Demográfico)",
            "url": "https://www.miteco.gob.es/content/dam/miteco/es/agua/temas/evaluacion-de-los-recursos-hidricos/boletin-hidrologico/Historico-de-embalses/BD-Embalses.zip",
            "fecha": "2026-08-04",
            "archivo": "fuentes/2026-08-07_miteco_bd-embalses-boletin-hidrologico-1988-2026.zip"
          },
          {
            "id": "f2",
            "tipo": "primaria",
            "titulo": "Nomenclátor Geográfico Básico de España — Instituto Geográfico Nacional",
            "url": "https://api-features.ign.es/collections/namedplace/items",
            "fecha": "2026-08-07",
            "archivo": "fuentes/2026-08-07_ign_ngbe-toponimos-embalses.json"
          }
        ]
      }
    },
    {
      "type": "Feature",
      "id": "agua-embalsada:sobron-ebro",
      "geometry": {
        "type": "Point",
        "coordinates": [
          -3.18091,
          42.76392
        ]
      },
      "properties": {
        "slug": "sobron-ebro",
        "nombre": "Embalse de Sobrón",
        "categoria": "embalse",
        "descripcion": "Capacidad de 20 hm³ y 15 hm³ embalsados según el parte de 2026-08-04 del Boletín Hidrológico. Demarcación: Ebro.",
        "estado_registro": "vigente",
        "verif": "confirmado",
        "geo_precision": "paraje",
        "geo_fuente": "«Embalse de Sobrón» en el Nomenclátor Geográfico Básico de España",
        "geo_fuente__v": "confirmado",
        "geo_fuente__f": "f2",
        "fecha_alta": "2026-08-07",
        "fecha_verificacion": "2026-08-07",
        "demarcacion": "Ebro",
        "capacidad_hm3": 20.0,
        "capacidad_hm3__v": "confirmado",
        "capacidad_hm3__f": "f1",
        "agua_actual_hm3": 15.0,
        "agua_actual_hm3__v": "confirmado",
        "agua_actual_hm3__f": "f1",
        "fecha_dato": "2026-08-04",
        "hidroelectrico": true,
        "claves": [],
        "fuentes": [
          {
            "id": "f1",
            "tipo": "primaria",
            "titulo": "Boletín Hidrológico Semanal — histórico de embalses 1988-2026 (Dirección General del Agua, Ministerio para la Transición Ecológica y el Reto Demográfico)",
            "url": "https://www.miteco.gob.es/content/dam/miteco/es/agua/temas/evaluacion-de-los-recursos-hidricos/boletin-hidrologico/Historico-de-embalses/BD-Embalses.zip",
            "fecha": "2026-08-04",
            "archivo": "fuentes/2026-08-07_miteco_bd-embalses-boletin-hidrologico-1988-2026.zip"
          },
          {
            "id": "f2",
            "tipo": "primaria",
            "titulo": "Nomenclátor Geográfico Básico de España — Instituto Geográfico Nacional",
            "url": "https://api-features.ign.es/collections/namedplace/items",
            "fecha": "2026-08-07",
            "archivo": "fuentes/2026-08-07_ign_ngbe-toponimos-embalses.json"
          }
        ]
      }
    },
    {
      "type": "Feature",
      "id": "agua-embalsada:sotonera-ebro",
      "geometry": {
        "type": "Point",
        "coordinates": [
          -0.66541,
          42.10968
        ]
      },
      "properties": {
        "slug": "sotonera-ebro",
        "nombre": "Embalse de Sotonera",
        "categoria": "embalse",
        "descripcion": "Capacidad de 189 hm³ y 83 hm³ embalsados según el parte de 2026-08-04 del Boletín Hidrológico. Demarcación: Ebro.",
        "estado_registro": "vigente",
        "verif": "confirmado",
        "geo_precision": "paraje",
        "geo_fuente": "«Embalse de la Sotonera» en el Nomenclátor Geográfico Básico de España",
        "geo_fuente__v": "confirmado",
        "geo_fuente__f": "f2",
        "fecha_alta": "2026-08-07",
        "fecha_verificacion": "2026-08-07",
        "demarcacion": "Ebro",
        "capacidad_hm3": 189.0,
        "capacidad_hm3__v": "confirmado",
        "capacidad_hm3__f": "f1",
        "agua_actual_hm3": 83.0,
        "agua_actual_hm3__v": "confirmado",
        "agua_actual_hm3__f": "f1",
        "fecha_dato": "2026-08-04",
        "hidroelectrico": false,
        "claves": [],
        "fuentes": [
          {
            "id": "f1",
            "tipo": "primaria",
            "titulo": "Boletín Hidrológico Semanal — histórico de embalses 1988-2026 (Dirección General del Agua, Ministerio para la Transición Ecológica y el Reto Demográfico)",
            "url": "https://www.miteco.gob.es/content/dam/miteco/es/agua/temas/evaluacion-de-los-recursos-hidricos/boletin-hidrologico/Historico-de-embalses/BD-Embalses.zip",
            "fecha": "2026-08-04",
            "archivo": "fuentes/2026-08-07_miteco_bd-embalses-boletin-hidrologico-1988-2026.zip"
          },
          {
            "id": "f2",
            "tipo": "primaria",
            "titulo": "Nomenclátor Geográfico Básico de España — Instituto Geográfico Nacional",
            "url": "https://api-features.ign.es/collections/namedplace/items",
            "fecha": "2026-08-07",
            "archivo": "fuentes/2026-08-07_ign_ngbe-toponimos-embalses.json"
          }
        ]
      }
    },
    {
      "type": "Feature",
      "id": "agua-embalsada:terradets-ebro",
      "geometry": {
        "type": "Point",
        "coordinates": [
          0.89331,
          42.04871
        ]
      },
      "properties": {
        "slug": "terradets-ebro",
        "nombre": "Embalse de Terradets",
        "categoria": "embalse",
        "descripcion": "Capacidad de 33 hm³ y 32 hm³ embalsados según el parte de 2026-08-04 del Boletín Hidrológico. Demarcación: Ebro.",
        "estado_registro": "vigente",
        "verif": "confirmado",
        "geo_precision": "paraje",
        "geo_fuente": "«Embassament de Terradets» en el Nomenclátor Geográfico Básico de España",
        "geo_fuente__v": "confirmado",
        "geo_fuente__f": "f2",
        "fecha_alta": "2026-08-07",
        "fecha_verificacion": "2026-08-07",
        "demarcacion": "Ebro",
        "capacidad_hm3": 33.0,
        "capacidad_hm3__v": "confirmado",
        "capacidad_hm3__f": "f1",
        "agua_actual_hm3": 32.0,
        "agua_actual_hm3__v": "confirmado",
        "agua_actual_hm3__f": "f1",
        "fecha_dato": "2026-08-04",
        "hidroelectrico": true,
        "claves": [],
        "fuentes": [
          {
            "id": "f1",
            "tipo": "primaria",
            "titulo": "Boletín Hidrológico Semanal — histórico de embalses 1988-2026 (Dirección General del Agua, Ministerio para la Transición Ecológica y el Reto Demográfico)",
            "url": "https://www.miteco.gob.es/content/dam/miteco/es/agua/temas/evaluacion-de-los-recursos-hidricos/boletin-hidrologico/Historico-de-embalses/BD-Embalses.zip",
            "fecha": "2026-08-04",
            "archivo": "fuentes/2026-08-07_miteco_bd-embalses-boletin-hidrologico-1988-2026.zip"
          },
          {
            "id": "f2",
            "tipo": "primaria",
            "titulo": "Nomenclátor Geográfico Básico de España — Instituto Geográfico Nacional",
            "url": "https://api-features.ign.es/collections/namedplace/items",
            "fecha": "2026-08-07",
            "archivo": "fuentes/2026-08-07_ign_ngbe-toponimos-embalses.json"
          }
        ]
      }
    },
    {
      "type": "Feature",
      "id": "agua-embalsada:torcaslas-ebro",
      "geometry": {
        "type": "Point",
        "coordinates": [
          -1.08728,
          41.29468
        ]
      },
      "properties": {
        "slug": "torcaslas-ebro",
        "nombre": "Embalse de Torcas, Las",
        "categoria": "embalse",
        "descripcion": "Capacidad de 7 hm³ y 4 hm³ embalsados según el parte de 2026-08-04 del Boletín Hidrológico. Demarcación: Ebro.",
        "estado_registro": "vigente",
        "verif": "confirmado",
        "geo_precision": "paraje",
        "geo_fuente": "«Embalse de las Torcas» en el Nomenclátor Geográfico Básico de España",
        "geo_fuente__v": "confirmado",
        "geo_fuente__f": "f2",
        "fecha_alta": "2026-08-07",
        "fecha_verificacion": "2026-08-07",
        "demarcacion": "Ebro",
        "capacidad_hm3": 7.0,
        "capacidad_hm3__v": "confirmado",
        "capacidad_hm3__f": "f1",
        "agua_actual_hm3": 4.0,
        "agua_actual_hm3__v": "confirmado",
        "agua_actual_hm3__f": "f1",
        "fecha_dato": "2026-08-04",
        "hidroelectrico": false,
        "claves": [],
        "fuentes": [
          {
            "id": "f1",
            "tipo": "primaria",
            "titulo": "Boletín Hidrológico Semanal — histórico de embalses 1988-2026 (Dirección General del Agua, Ministerio para la Transición Ecológica y el Reto Demográfico)",
            "url": "https://www.miteco.gob.es/content/dam/miteco/es/agua/temas/evaluacion-de-los-recursos-hidricos/boletin-hidrologico/Historico-de-embalses/BD-Embalses.zip",
            "fecha": "2026-08-04",
            "archivo": "fuentes/2026-08-07_miteco_bd-embalses-boletin-hidrologico-1988-2026.zip"
          },
          {
            "id": "f2",
            "tipo": "primaria",
            "titulo": "Nomenclátor Geográfico Básico de España — Instituto Geográfico Nacional",
            "url": "https://api-features.ign.es/collections/namedplace/items",
            "fecha": "2026-08-07",
            "archivo": "fuentes/2026-08-07_ign_ngbe-toponimos-embalses.json"
          }
        ]
      }
    },
    {
      "type": "Feature",
      "id": "agua-embalsada:tranquerala-ebro",
      "geometry": {
        "type": "Point",
        "coordinates": [
          -1.79791,
          41.26233
        ]
      },
      "properties": {
        "slug": "tranquerala-ebro",
        "nombre": "Embalse de Tranquera, La",
        "categoria": "embalse",
        "descripcion": "Capacidad de 82 hm³ y 49 hm³ embalsados según el parte de 2026-08-04 del Boletín Hidrológico. Demarcación: Ebro.",
        "estado_registro": "vigente",
        "verif": "confirmado",
        "geo_precision": "paraje",
        "geo_fuente": "«Embalse de la Tranquera» en el Nomenclátor Geográfico Básico de España",
        "geo_fuente__v": "confirmado",
        "geo_fuente__f": "f2",
        "fecha_alta": "2026-08-07",
        "fecha_verificacion": "2026-08-07",
        "demarcacion": "Ebro",
        "capacidad_hm3": 82.0,
        "capacidad_hm3__v": "confirmado",
        "capacidad_hm3__f": "f1",
        "agua_actual_hm3": 49.0,
        "agua_actual_hm3__v": "confirmado",
        "agua_actual_hm3__f": "f1",
        "fecha_dato": "2026-08-04",
        "hidroelectrico": false,
        "claves": [],
        "fuentes": [
          {
            "id": "f1",
            "tipo": "primaria",
            "titulo": "Boletín Hidrológico Semanal — histórico de embalses 1988-2026 (Dirección General del Agua, Ministerio para la Transición Ecológica y el Reto Demográfico)",
            "url": "https://www.miteco.gob.es/content/dam/miteco/es/agua/temas/evaluacion-de-los-recursos-hidricos/boletin-hidrologico/Historico-de-embalses/BD-Embalses.zip",
            "fecha": "2026-08-04",
            "archivo": "fuentes/2026-08-07_miteco_bd-embalses-boletin-hidrologico-1988-2026.zip"
          },
          {
            "id": "f2",
            "tipo": "primaria",
            "titulo": "Nomenclátor Geográfico Básico de España — Instituto Geográfico Nacional",
            "url": "https://api-features.ign.es/collections/namedplace/items",
            "fecha": "2026-08-07",
            "archivo": "fuentes/2026-08-07_ign_ngbe-toponimos-embalses.json"
          }
        ]
      }
    },
    {
      "type": "Feature",
      "id": "agua-embalsada:urdalur-ebro",
      "geometry": {
        "type": "Point",
        "coordinates": [
          -2.23669,
          42.91412
        ]
      },
      "properties": {
        "slug": "urdalur-ebro",
        "nombre": "Embalse de Urdalur",
        "categoria": "embalse",
        "descripcion": "Capacidad de 6 hm³ y 4 hm³ embalsados según el parte de 2026-08-04 del Boletín Hidrológico. Demarcación: Ebro.",
        "estado_registro": "vigente",
        "verif": "confirmado",
        "geo_precision": "paraje",
        "geo_fuente": "«Urdalur urtegia» en el Nomenclátor Geográfico Básico de España",
        "geo_fuente__v": "confirmado",
        "geo_fuente__f": "f2",
        "fecha_alta": "2026-08-07",
        "fecha_verificacion": "2026-08-07",
        "demarcacion": "Ebro",
        "capacidad_hm3": 6.0,
        "capacidad_hm3__v": "confirmado",
        "capacidad_hm3__f": "f1",
        "agua_actual_hm3": 4.0,
        "agua_actual_hm3__v": "confirmado",
        "agua_actual_hm3__f": "f1",
        "fecha_dato": "2026-08-04",
        "hidroelectrico": false,
        "claves": [],
        "fuentes": [
          {
            "id": "f1",
            "tipo": "primaria",
            "titulo": "Boletín Hidrológico Semanal — histórico de embalses 1988-2026 (Dirección General del Agua, Ministerio para la Transición Ecológica y el Reto Demográfico)",
            "url": "https://www.miteco.gob.es/content/dam/miteco/es/agua/temas/evaluacion-de-los-recursos-hidricos/boletin-hidrologico/Historico-de-embalses/BD-Embalses.zip",
            "fecha": "2026-08-04",
            "archivo": "fuentes/2026-08-07_miteco_bd-embalses-boletin-hidrologico-1988-2026.zip"
          },
          {
            "id": "f2",
            "tipo": "primaria",
            "titulo": "Nomenclátor Geográfico Básico de España — Instituto Geográfico Nacional",
            "url": "https://api-features.ign.es/collections/namedplace/items",
            "fecha": "2026-08-07",
            "archivo": "fuentes/2026-08-07_ign_ngbe-toponimos-embalses.json"
          }
        ]
      }
    },
    {
      "type": "Feature",
      "id": "agua-embalsada:urrunaga-ebro",
      "geometry": {
        "type": "Point",
        "coordinates": [
          -2.65558,
          42.9751
        ]
      },
      "properties": {
        "slug": "urrunaga-ebro",
        "nombre": "Embalse de Urrunaga",
        "categoria": "embalse",
        "descripcion": "Capacidad de 72 hm³ y 51 hm³ embalsados según el parte de 2026-08-04 del Boletín Hidrológico. Demarcación: Ebro.",
        "estado_registro": "vigente",
        "verif": "confirmado",
        "geo_precision": "paraje",
        "geo_fuente": "«Embalse de Urrunaga» en el Nomenclátor Geográfico Básico de España",
        "geo_fuente__v": "confirmado",
        "geo_fuente__f": "f2",
        "fecha_alta": "2026-08-07",
        "fecha_verificacion": "2026-08-07",
        "demarcacion": "Ebro",
        "capacidad_hm3": 72.0,
        "capacidad_hm3__v": "confirmado",
        "capacidad_hm3__f": "f1",
        "agua_actual_hm3": 51.0,
        "agua_actual_hm3__v": "confirmado",
        "agua_actual_hm3__f": "f1",
        "fecha_dato": "2026-08-04",
        "hidroelectrico": true,
        "claves": [],
        "fuentes": [
          {
            "id": "f1",
            "tipo": "primaria",
            "titulo": "Boletín Hidrológico Semanal — histórico de embalses 1988-2026 (Dirección General del Agua, Ministerio para la Transición Ecológica y el Reto Demográfico)",
            "url": "https://www.miteco.gob.es/content/dam/miteco/es/agua/temas/evaluacion-de-los-recursos-hidricos/boletin-hidrologico/Historico-de-embalses/BD-Embalses.zip",
            "fecha": "2026-08-04",
            "archivo": "fuentes/2026-08-07_miteco_bd-embalses-boletin-hidrologico-1988-2026.zip"
          },
          {
            "id": "f2",
            "tipo": "primaria",
            "titulo": "Nomenclátor Geográfico Básico de España — Instituto Geográfico Nacional",
            "url": "https://api-features.ign.es/collections/namedplace/items",
            "fecha": "2026-08-07",
            "archivo": "fuentes/2026-08-07_ign_ngbe-toponimos-embalses.json"
          }
        ]
      }
    },
    {
      "type": "Feature",
      "id": "agua-embalsada:vadiello-ebro",
      "geometry": {
        "type": "Point",
        "coordinates": [
          -0.2785,
          42.24127
        ]
      },
      "properties": {
        "slug": "vadiello-ebro",
        "nombre": "Embalse de Vadiello",
        "categoria": "embalse",
        "descripcion": "Capacidad de 16 hm³ y 9 hm³ embalsados según el parte de 2026-08-04 del Boletín Hidrológico. Demarcación: Ebro.",
        "estado_registro": "vigente",
        "verif": "confirmado",
        "geo_precision": "paraje",
        "geo_fuente": "«Embalse de Vadiello» en el Nomenclátor Geográfico Básico de España",
        "geo_fuente__v": "confirmado",
        "geo_fuente__f": "f2",
        "fecha_alta": "2026-08-07",
        "fecha_verificacion": "2026-08-07",
        "demarcacion": "Ebro",
        "capacidad_hm3": 16.0,
        "capacidad_hm3__v": "confirmado",
        "capacidad_hm3__f": "f1",
        "agua_actual_hm3": 9.0,
        "agua_actual_hm3__v": "confirmado",
        "agua_actual_hm3__f": "f1",
        "fecha_dato": "2026-08-04",
        "hidroelectrico": false,
        "claves": [],
        "fuentes": [
          {
            "id": "f1",
            "tipo": "primaria",
            "titulo": "Boletín Hidrológico Semanal — histórico de embalses 1988-2026 (Dirección General del Agua, Ministerio para la Transición Ecológica y el Reto Demográfico)",
            "url": "https://www.miteco.gob.es/content/dam/miteco/es/agua/temas/evaluacion-de-los-recursos-hidricos/boletin-hidrologico/Historico-de-embalses/BD-Embalses.zip",
            "fecha": "2026-08-04",
            "archivo": "fuentes/2026-08-07_miteco_bd-embalses-boletin-hidrologico-1988-2026.zip"
          },
          {
            "id": "f2",
            "tipo": "primaria",
            "titulo": "Nomenclátor Geográfico Básico de España — Instituto Geográfico Nacional",
            "url": "https://api-features.ign.es/collections/namedplace/items",
            "fecha": "2026-08-07",
            "archivo": "fuentes/2026-08-07_ign_ngbe-toponimos-embalses.json"
          }
        ]
      }
    },
    {
      "type": "Feature",
      "id": "agua-embalsada:valel-ebro",
      "geometry": {
        "type": "Point",
        "coordinates": [
          -1.79291,
          41.87689
        ]
      },
      "properties": {
        "slug": "valel-ebro",
        "nombre": "Embalse de Val, El",
        "categoria": "embalse",
        "descripcion": "Capacidad de 24 hm³ y 17 hm³ embalsados según el parte de 2026-08-04 del Boletín Hidrológico. Demarcación: Ebro.",
        "estado_registro": "vigente",
        "verif": "confirmado",
        "geo_precision": "paraje",
        "geo_fuente": "«Embalse del Val» en el Nomenclátor Geográfico Básico de España",
        "geo_fuente__v": "confirmado",
        "geo_fuente__f": "f2",
        "fecha_alta": "2026-08-07",
        "fecha_verificacion": "2026-08-07",
        "demarcacion": "Ebro",
        "capacidad_hm3": 24.0,
        "capacidad_hm3__v": "confirmado",
        "capacidad_hm3__f": "f1",
        "agua_actual_hm3": 17.0,
        "agua_actual_hm3__v": "confirmado",
        "agua_actual_hm3__f": "f1",
        "fecha_dato": "2026-08-04",
        "hidroelectrico": false,
        "claves": [],
        "fuentes": [
          {
            "id": "f1",
            "tipo": "primaria",
            "titulo": "Boletín Hidrológico Semanal — histórico de embalses 1988-2026 (Dirección General del Agua, Ministerio para la Transición Ecológica y el Reto Demográfico)",
            "url": "https://www.miteco.gob.es/content/dam/miteco/es/agua/temas/evaluacion-de-los-recursos-hidricos/boletin-hidrologico/Historico-de-embalses/BD-Embalses.zip",
            "fecha": "2026-08-04",
            "archivo": "fuentes/2026-08-07_miteco_bd-embalses-boletin-hidrologico-1988-2026.zip"
          },
          {
            "id": "f2",
            "tipo": "primaria",
            "titulo": "Nomenclátor Geográfico Básico de España — Instituto Geográfico Nacional",
            "url": "https://api-features.ign.es/collections/namedplace/items",
            "fecha": "2026-08-07",
            "archivo": "fuentes/2026-08-07_ign_ngbe-toponimos-embalses.json"
          }
        ]
      }
    },
    {
      "type": "Feature",
      "id": "agua-embalsada:yesa-ebro",
      "geometry": {
        "type": "Point",
        "coordinates": [
          -1.18219,
          42.6153
        ]
      },
      "properties": {
        "slug": "yesa-ebro",
        "nombre": "Embalse de Yesa",
        "categoria": "embalse",
        "descripcion": "Capacidad de 447 hm³ y 223 hm³ embalsados según el parte de 2026-08-04 del Boletín Hidrológico. Demarcación: Ebro.",
        "estado_registro": "vigente",
        "verif": "confirmado",
        "geo_precision": "paraje",
        "geo_fuente": "«Embalse de Yesa» en el Nomenclátor Geográfico Básico de España",
        "geo_fuente__v": "confirmado",
        "geo_fuente__f": "f2",
        "fecha_alta": "2026-08-07",
        "fecha_verificacion": "2026-08-07",
        "demarcacion": "Ebro",
        "capacidad_hm3": 447.0,
        "capacidad_hm3__v": "confirmado",
        "capacidad_hm3__f": "f1",
        "agua_actual_hm3": 223.0,
        "agua_actual_hm3__v": "confirmado",
        "agua_actual_hm3__f": "f1",
        "fecha_dato": "2026-08-04",
        "hidroelectrico": false,
        "claves": [],
        "fuentes": [
          {
            "id": "f1",
            "tipo": "primaria",
            "titulo": "Boletín Hidrológico Semanal — histórico de embalses 1988-2026 (Dirección General del Agua, Ministerio para la Transición Ecológica y el Reto Demográfico)",
            "url": "https://www.miteco.gob.es/content/dam/miteco/es/agua/temas/evaluacion-de-los-recursos-hidricos/boletin-hidrologico/Historico-de-embalses/BD-Embalses.zip",
            "fecha": "2026-08-04",
            "archivo": "fuentes/2026-08-07_miteco_bd-embalses-boletin-hidrologico-1988-2026.zip"
          },
          {
            "id": "f2",
            "tipo": "primaria",
            "titulo": "Nomenclátor Geográfico Básico de España — Instituto Geográfico Nacional",
            "url": "https://api-features.ign.es/collections/namedplace/items",
            "fecha": "2026-08-07",
            "archivo": "fuentes/2026-08-07_ign_ngbe-toponimos-embalses.json"
          }
        ]
      }
    },
    {
      "type": "Feature",
      "id": "agua-embalsada:barriedelamaza-galiciacosta",
      "geometry": {
        "type": "Point",
        "coordinates": [
          -8.79712,
          42.86511
        ]
      },
      "properties": {
        "slug": "barriedelamaza-galiciacosta",
        "nombre": "Embalse de Barrie de la Maza",
        "categoria": "embalse",
        "descripcion": "Capacidad de 31 hm³ y 9 hm³ embalsados según el parte de 2026-08-04 del Boletín Hidrológico. Demarcación: Galicia Costa.",
        "estado_registro": "vigente",
        "verif": "confirmado",
        "geo_precision": "paraje",
        "geo_fuente": "«Embalse de Barrié de la Maza» en el Nomenclátor Geográfico Básico de España",
        "geo_fuente__v": "confirmado",
        "geo_fuente__f": "f2",
        "fecha_alta": "2026-08-07",
        "fecha_verificacion": "2026-08-07",
        "demarcacion": "Galicia Costa",
        "capacidad_hm3": 31.0,
        "capacidad_hm3__v": "confirmado",
        "capacidad_hm3__f": "f1",
        "agua_actual_hm3": 9.0,
        "agua_actual_hm3__v": "confirmado",
        "agua_actual_hm3__f": "f1",
        "fecha_dato": "2026-08-04",
        "hidroelectrico": true,
        "claves": [],
        "fuentes": [
          {
            "id": "f1",
            "tipo": "primaria",
            "titulo": "Boletín Hidrológico Semanal — histórico de embalses 1988-2026 (Dirección General del Agua, Ministerio para la Transición Ecológica y el Reto Demográfico)",
            "url": "https://www.miteco.gob.es/content/dam/miteco/es/agua/temas/evaluacion-de-los-recursos-hidricos/boletin-hidrologico/Historico-de-embalses/BD-Embalses.zip",
            "fecha": "2026-08-04",
            "archivo": "fuentes/2026-08-07_miteco_bd-embalses-boletin-hidrologico-1988-2026.zip"
          },
          {
            "id": "f2",
            "tipo": "primaria",
            "titulo": "Nomenclátor Geográfico Básico de España — Instituto Geográfico Nacional",
            "url": "https://api-features.ign.es/collections/namedplace/items",
            "fecha": "2026-08-07",
            "archivo": "fuentes/2026-08-07_ign_ngbe-toponimos-embalses.json"
          }
        ]
      }
    },
    {
      "type": "Feature",
      "id": "agua-embalsada:cecebre-galiciacosta",
      "geometry": {
        "type": "Point",
        "coordinates": [
          -8.29761,
          43.28229
        ]
      },
      "properties": {
        "slug": "cecebre-galiciacosta",
        "nombre": "Embalse de Cecebre",
        "categoria": "embalse",
        "descripcion": "Capacidad de 22 hm³ y 16 hm³ embalsados según el parte de 2026-08-04 del Boletín Hidrológico. Demarcación: Galicia Costa.",
        "estado_registro": "vigente",
        "verif": "confirmado",
        "geo_precision": "paraje",
        "geo_fuente": "«Encoro de Cecebre» en el Nomenclátor Geográfico Básico de España",
        "geo_fuente__v": "confirmado",
        "geo_fuente__f": "f2",
        "fecha_alta": "2026-08-07",
        "fecha_verificacion": "2026-08-07",
        "demarcacion": "Galicia Costa",
        "capacidad_hm3": 22.0,
        "capacidad_hm3__v": "confirmado",
        "capacidad_hm3__f": "f1",
        "agua_actual_hm3": 16.0,
        "agua_actual_hm3__v": "confirmado",
        "agua_actual_hm3__f": "f1",
        "fecha_dato": "2026-08-04",
        "hidroelectrico": false,
        "claves": [],
        "fuentes": [
          {
            "id": "f1",
            "tipo": "primaria",
            "titulo": "Boletín Hidrológico Semanal — histórico de embalses 1988-2026 (Dirección General del Agua, Ministerio para la Transición Ecológica y el Reto Demográfico)",
            "url": "https://www.miteco.gob.es/content/dam/miteco/es/agua/temas/evaluacion-de-los-recursos-hidricos/boletin-hidrologico/Historico-de-embalses/BD-Embalses.zip",
            "fecha": "2026-08-04",
            "archivo": "fuentes/2026-08-07_miteco_bd-embalses-boletin-hidrologico-1988-2026.zip"
          },
          {
            "id": "f2",
            "tipo": "primaria",
            "titulo": "Nomenclátor Geográfico Básico de España — Instituto Geográfico Nacional",
            "url": "https://api-features.ign.es/collections/namedplace/items",
            "fecha": "2026-08-07",
            "archivo": "fuentes/2026-08-07_ign_ngbe-toponimos-embalses.json"
          }
        ]
      }
    },
    {
      "type": "Feature",
      "id": "agua-embalsada:eiras-galiciacosta",
      "geometry": {
        "type": "Point",
        "coordinates": [
          -8.48853,
          42.34658
        ]
      },
      "properties": {
        "slug": "eiras-galiciacosta",
        "nombre": "Embalse de Eiras",
        "categoria": "embalse",
        "descripcion": "Capacidad de 22 hm³ y 16 hm³ embalsados según el parte de 2026-08-04 del Boletín Hidrológico. Demarcación: Galicia Costa.",
        "estado_registro": "vigente",
        "verif": "confirmado",
        "geo_precision": "paraje",
        "geo_fuente": "«Encoro de Eiras» en el Nomenclátor Geográfico Básico de España",
        "geo_fuente__v": "confirmado",
        "geo_fuente__f": "f2",
        "fecha_alta": "2026-08-07",
        "fecha_verificacion": "2026-08-07",
        "demarcacion": "Galicia Costa",
        "capacidad_hm3": 22.0,
        "capacidad_hm3__v": "confirmado",
        "capacidad_hm3__f": "f1",
        "agua_actual_hm3": 16.0,
        "agua_actual_hm3__v": "confirmado",
        "agua_actual_hm3__f": "f1",
        "fecha_dato": "2026-08-04",
        "hidroelectrico": false,
        "claves": [],
        "fuentes": [
          {
            "id": "f1",
            "tipo": "primaria",
            "titulo": "Boletín Hidrológico Semanal — histórico de embalses 1988-2026 (Dirección General del Agua, Ministerio para la Transición Ecológica y el Reto Demográfico)",
            "url": "https://www.miteco.gob.es/content/dam/miteco/es/agua/temas/evaluacion-de-los-recursos-hidricos/boletin-hidrologico/Historico-de-embalses/BD-Embalses.zip",
            "fecha": "2026-08-04",
            "archivo": "fuentes/2026-08-07_miteco_bd-embalses-boletin-hidrologico-1988-2026.zip"
          },
          {
            "id": "f2",
            "tipo": "primaria",
            "titulo": "Nomenclátor Geográfico Básico de España — Instituto Geográfico Nacional",
            "url": "https://api-features.ign.es/collections/namedplace/items",
            "fecha": "2026-08-07",
            "archivo": "fuentes/2026-08-07_ign_ngbe-toponimos-embalses.json"
          }
        ]
      }
    },
    {
      "type": "Feature",
      "id": "agua-embalsada:eume-galiciacosta",
      "geometry": {
        "type": "Point",
        "coordinates": [
          -8.01099,
          43.40729
        ]
      },
      "properties": {
        "slug": "eume-galiciacosta",
        "nombre": "Embalse de Eume",
        "categoria": "embalse",
        "descripcion": "Capacidad de 123 hm³ y 94 hm³ embalsados según el parte de 2026-08-04 del Boletín Hidrológico. Demarcación: Galicia Costa.",
        "estado_registro": "vigente",
        "verif": "confirmado",
        "geo_precision": "paraje",
        "geo_fuente": "«Encoro do Eume» en el Nomenclátor Geográfico Básico de España",
        "geo_fuente__v": "confirmado",
        "geo_fuente__f": "f2",
        "fecha_alta": "2026-08-07",
        "fecha_verificacion": "2026-08-07",
        "demarcacion": "Galicia Costa",
        "capacidad_hm3": 123.0,
        "capacidad_hm3__v": "confirmado",
        "capacidad_hm3__f": "f1",
        "agua_actual_hm3": 94.0,
        "agua_actual_hm3__v": "confirmado",
        "agua_actual_hm3__f": "f1",
        "fecha_dato": "2026-08-04",
        "hidroelectrico": true,
        "claves": [],
        "fuentes": [
          {
            "id": "f1",
            "tipo": "primaria",
            "titulo": "Boletín Hidrológico Semanal — histórico de embalses 1988-2026 (Dirección General del Agua, Ministerio para la Transición Ecológica y el Reto Demográfico)",
            "url": "https://www.miteco.gob.es/content/dam/miteco/es/agua/temas/evaluacion-de-los-recursos-hidricos/boletin-hidrologico/Historico-de-embalses/BD-Embalses.zip",
            "fecha": "2026-08-04",
            "archivo": "fuentes/2026-08-07_miteco_bd-embalses-boletin-hidrologico-1988-2026.zip"
          },
          {
            "id": "f2",
            "tipo": "primaria",
            "titulo": "Nomenclátor Geográfico Básico de España — Instituto Geográfico Nacional",
            "url": "https://api-features.ign.es/collections/namedplace/items",
            "fecha": "2026-08-07",
            "archivo": "fuentes/2026-08-07_ign_ngbe-toponimos-embalses.json"
          }
        ]
      }
    },
    {
      "type": "Feature",
      "id": "agua-embalsada:fervenza-galiciacosta",
      "geometry": {
        "type": "Point",
        "coordinates": [
          -9.01093,
          42.98792
        ]
      },
      "properties": {
        "slug": "fervenza-galiciacosta",
        "nombre": "Embalse de Fervenza",
        "categoria": "embalse",
        "descripcion": "Capacidad de 103 hm³ y 56 hm³ embalsados según el parte de 2026-08-04 del Boletín Hidrológico. Demarcación: Galicia Costa.",
        "estado_registro": "vigente",
        "verif": "confirmado",
        "geo_precision": "paraje",
        "geo_fuente": "«Encoro da Fervenza» en el Nomenclátor Geográfico Básico de España",
        "geo_fuente__v": "confirmado",
        "geo_fuente__f": "f2",
        "fecha_alta": "2026-08-07",
        "fecha_verificacion": "2026-08-07",
        "demarcacion": "Galicia Costa",
        "capacidad_hm3": 103.0,
        "capacidad_hm3__v": "confirmado",
        "capacidad_hm3__f": "f1",
        "agua_actual_hm3": 56.0,
        "agua_actual_hm3__v": "confirmado",
        "agua_actual_hm3__f": "f1",
        "fecha_dato": "2026-08-04",
        "hidroelectrico": true,
        "claves": [],
        "fuentes": [
          {
            "id": "f1",
            "tipo": "primaria",
            "titulo": "Boletín Hidrológico Semanal — histórico de embalses 1988-2026 (Dirección General del Agua, Ministerio para la Transición Ecológica y el Reto Demográfico)",
            "url": "https://www.miteco.gob.es/content/dam/miteco/es/agua/temas/evaluacion-de-los-recursos-hidricos/boletin-hidrologico/Historico-de-embalses/BD-Embalses.zip",
            "fecha": "2026-08-04",
            "archivo": "fuentes/2026-08-07_miteco_bd-embalses-boletin-hidrologico-1988-2026.zip"
          },
          {
            "id": "f2",
            "tipo": "primaria",
            "titulo": "Nomenclátor Geográfico Básico de España — Instituto Geográfico Nacional",
            "url": "https://api-features.ign.es/collections/namedplace/items",
            "fecha": "2026-08-07",
            "archivo": "fuentes/2026-08-07_ign_ngbe-toponimos-embalses.json"
          }
        ]
      }
    },
    {
      "type": "Feature",
      "id": "agua-embalsada:forcadasas-galiciacosta",
      "geometry": {
        "type": "Point",
        "coordinates": [
          -8.08521,
          43.61591
        ]
      },
      "properties": {
        "slug": "forcadasas-galiciacosta",
        "nombre": "Embalse de Forcadas, As",
        "categoria": "embalse",
        "descripcion": "Capacidad de 11 hm³ y 6 hm³ embalsados según el parte de 2026-08-04 del Boletín Hidrológico. Demarcación: Galicia Costa.",
        "estado_registro": "vigente",
        "verif": "confirmado",
        "geo_precision": "paraje",
        "geo_fuente": "«Encoro das Forcadas» en el Nomenclátor Geográfico Básico de España",
        "geo_fuente__v": "confirmado",
        "geo_fuente__f": "f2",
        "fecha_alta": "2026-08-07",
        "fecha_verificacion": "2026-08-07",
        "demarcacion": "Galicia Costa",
        "capacidad_hm3": 11.0,
        "capacidad_hm3__v": "confirmado",
        "capacidad_hm3__f": "f1",
        "agua_actual_hm3": 6.0,
        "agua_actual_hm3__v": "confirmado",
        "agua_actual_hm3__f": "f1",
        "fecha_dato": "2026-08-04",
        "hidroelectrico": false,
        "claves": [],
        "fuentes": [
          {
            "id": "f1",
            "tipo": "primaria",
            "titulo": "Boletín Hidrológico Semanal — histórico de embalses 1988-2026 (Dirección General del Agua, Ministerio para la Transición Ecológica y el Reto Demográfico)",
            "url": "https://www.miteco.gob.es/content/dam/miteco/es/agua/temas/evaluacion-de-los-recursos-hidricos/boletin-hidrologico/Historico-de-embalses/BD-Embalses.zip",
            "fecha": "2026-08-04",
            "archivo": "fuentes/2026-08-07_miteco_bd-embalses-boletin-hidrologico-1988-2026.zip"
          },
          {
            "id": "f2",
            "tipo": "primaria",
            "titulo": "Nomenclátor Geográfico Básico de España — Instituto Geográfico Nacional",
            "url": "https://api-features.ign.es/collections/namedplace/items",
            "fecha": "2026-08-07",
            "archivo": "fuentes/2026-08-07_ign_ngbe-toponimos-embalses.json"
          }
        ]
      }
    },
    {
      "type": "Feature",
      "id": "agua-embalsada:portodemouros-galiciacosta",
      "geometry": {
        "type": "Point",
        "coordinates": [
          -8.19012,
          42.85651
        ]
      },
      "properties": {
        "slug": "portodemouros-galiciacosta",
        "nombre": "Embalse de Portodemouros",
        "categoria": "embalse",
        "descripcion": "Capacidad de 297 hm³ y 178 hm³ embalsados según el parte de 2026-08-04 del Boletín Hidrológico. Demarcación: Galicia Costa.",
        "estado_registro": "vigente",
        "verif": "confirmado",
        "geo_precision": "paraje",
        "geo_fuente": "«Encoro de Portodemouros» en el Nomenclátor Geográfico Básico de España",
        "geo_fuente__v": "confirmado",
        "geo_fuente__f": "f2",
        "fecha_alta": "2026-08-07",
        "fecha_verificacion": "2026-08-07",
        "demarcacion": "Galicia Costa",
        "capacidad_hm3": 297.0,
        "capacidad_hm3__v": "confirmado",
        "capacidad_hm3__f": "f1",
        "agua_actual_hm3": 178.0,
        "agua_actual_hm3__v": "confirmado",
        "agua_actual_hm3__f": "f1",
        "fecha_dato": "2026-08-04",
        "hidroelectrico": true,
        "claves": [],
        "fuentes": [
          {
            "id": "f1",
            "tipo": "primaria",
            "titulo": "Boletín Hidrológico Semanal — histórico de embalses 1988-2026 (Dirección General del Agua, Ministerio para la Transición Ecológica y el Reto Demográfico)",
            "url": "https://www.miteco.gob.es/content/dam/miteco/es/agua/temas/evaluacion-de-los-recursos-hidricos/boletin-hidrologico/Historico-de-embalses/BD-Embalses.zip",
            "fecha": "2026-08-04",
            "archivo": "fuentes/2026-08-07_miteco_bd-embalses-boletin-hidrologico-1988-2026.zip"
          },
          {
            "id": "f2",
            "tipo": "primaria",
            "titulo": "Nomenclátor Geográfico Básico de España — Instituto Geográfico Nacional",
            "url": "https://api-features.ign.es/collections/namedplace/items",
            "fecha": "2026-08-07",
            "archivo": "fuentes/2026-08-07_ign_ngbe-toponimos-embalses.json"
          }
        ]
      }
    },
    {
      "type": "Feature",
      "id": "agua-embalsada:ribeiraa-galiciacosta",
      "geometry": {
        "type": "Point",
        "coordinates": [
          -7.82959,
          43.45911
        ]
      },
      "properties": {
        "slug": "ribeiraa-galiciacosta",
        "nombre": "Embalse de Ribeira, A",
        "categoria": "embalse",
        "descripcion": "Capacidad de 33 hm³ y 18 hm³ embalsados según el parte de 2026-08-04 del Boletín Hidrológico. Demarcación: Galicia Costa.",
        "estado_registro": "vigente",
        "verif": "confirmado",
        "geo_precision": "paraje",
        "geo_fuente": "«Embalse da Ribeira» en el Nomenclátor Geográfico Básico de España",
        "geo_fuente__v": "confirmado",
        "geo_fuente__f": "f2",
        "fecha_alta": "2026-08-07",
        "fecha_verificacion": "2026-08-07",
        "demarcacion": "Galicia Costa",
        "capacidad_hm3": 33.0,
        "capacidad_hm3__v": "confirmado",
        "capacidad_hm3__f": "f1",
        "agua_actual_hm3": 18.0,
        "agua_actual_hm3__v": "confirmado",
        "agua_actual_hm3__f": "f1",
        "fecha_dato": "2026-08-04",
        "hidroelectrico": true,
        "claves": [],
        "fuentes": [
          {
            "id": "f1",
            "tipo": "primaria",
            "titulo": "Boletín Hidrológico Semanal — histórico de embalses 1988-2026 (Dirección General del Agua, Ministerio para la Transición Ecológica y el Reto Demográfico)",
            "url": "https://www.miteco.gob.es/content/dam/miteco/es/agua/temas/evaluacion-de-los-recursos-hidricos/boletin-hidrologico/Historico-de-embalses/BD-Embalses.zip",
            "fecha": "2026-08-04",
            "archivo": "fuentes/2026-08-07_miteco_bd-embalses-boletin-hidrologico-1988-2026.zip"
          },
          {
            "id": "f2",
            "tipo": "primaria",
            "titulo": "Nomenclátor Geográfico Básico de España — Instituto Geográfico Nacional",
            "url": "https://api-features.ign.es/collections/namedplace/items",
            "fecha": "2026-08-07",
            "archivo": "fuentes/2026-08-07_ign_ngbe-toponimos-embalses.json"
          }
        ]
      }
    },
    {
      "type": "Feature",
      "id": "agua-embalsada:stauxia-galiciacosta",
      "geometry": {
        "type": "Point",
        "coordinates": [
          -9.104,
          42.91492
        ]
      },
      "properties": {
        "slug": "stauxia-galiciacosta",
        "nombre": "Embalse de Sta Uxia",
        "categoria": "embalse",
        "descripcion": "Capacidad de 18 hm³ y 13 hm³ embalsados según el parte de 2026-08-04 del Boletín Hidrológico. Demarcación: Galicia Costa.",
        "estado_registro": "vigente",
        "verif": "confirmado",
        "geo_precision": "paraje",
        "geo_fuente": "«Encoro de Santa Uxía» en el Nomenclátor Geográfico Básico de España",
        "geo_fuente__v": "confirmado",
        "geo_fuente__f": "f2",
        "fecha_alta": "2026-08-07",
        "fecha_verificacion": "2026-08-07",
        "demarcacion": "Galicia Costa",
        "capacidad_hm3": 18.0,
        "capacidad_hm3__v": "confirmado",
        "capacidad_hm3__f": "f1",
        "agua_actual_hm3": 13.0,
        "agua_actual_hm3__v": "confirmado",
        "agua_actual_hm3__f": "f1",
        "fecha_dato": "2026-08-04",
        "hidroelectrico": true,
        "claves": [],
        "fuentes": [
          {
            "id": "f1",
            "tipo": "primaria",
            "titulo": "Boletín Hidrológico Semanal — histórico de embalses 1988-2026 (Dirección General del Agua, Ministerio para la Transición Ecológica y el Reto Demográfico)",
            "url": "https://www.miteco.gob.es/content/dam/miteco/es/agua/temas/evaluacion-de-los-recursos-hidricos/boletin-hidrologico/Historico-de-embalses/BD-Embalses.zip",
            "fecha": "2026-08-04",
            "archivo": "fuentes/2026-08-07_miteco_bd-embalses-boletin-hidrologico-1988-2026.zip"
          },
          {
            "id": "f2",
            "tipo": "primaria",
            "titulo": "Nomenclátor Geográfico Básico de España — Instituto Geográfico Nacional",
            "url": "https://api-features.ign.es/collections/namedplace/items",
            "fecha": "2026-08-07",
            "archivo": "fuentes/2026-08-07_ign_ngbe-toponimos-embalses.json"
          }
        ]
      }
    },
    {
      "type": "Feature",
      "id": "agua-embalsada:almodovar-guadaletebarba",
      "geometry": {
        "type": "Point",
        "coordinates": [
          -5.6499,
          36.15393
        ]
      },
      "properties": {
        "slug": "almodovar-guadaletebarba",
        "nombre": "Embalse de Almodóvar",
        "categoria": "embalse",
        "descripcion": "Capacidad de 6 hm³ y 4 hm³ embalsados según el parte de 2026-08-04 del Boletín Hidrológico. Demarcación: Guadalete-Barbate.",
        "estado_registro": "vigente",
        "verif": "confirmado",
        "geo_precision": "paraje",
        "geo_fuente": "«Embalse de Almodóvar» en el Nomenclátor Geográfico Básico de España",
        "geo_fuente__v": "confirmado",
        "geo_fuente__f": "f2",
        "fecha_alta": "2026-08-07",
        "fecha_verificacion": "2026-08-07",
        "demarcacion": "Guadalete-Barbate",
        "capacidad_hm3": 6.0,
        "capacidad_hm3__v": "confirmado",
        "capacidad_hm3__f": "f1",
        "agua_actual_hm3": 4.0,
        "agua_actual_hm3__v": "confirmado",
        "agua_actual_hm3__f": "f1",
        "fecha_dato": "2026-08-04",
        "hidroelectrico": false,
        "claves": [],
        "fuentes": [
          {
            "id": "f1",
            "tipo": "primaria",
            "titulo": "Boletín Hidrológico Semanal — histórico de embalses 1988-2026 (Dirección General del Agua, Ministerio para la Transición Ecológica y el Reto Demográfico)",
            "url": "https://www.miteco.gob.es/content/dam/miteco/es/agua/temas/evaluacion-de-los-recursos-hidricos/boletin-hidrologico/Historico-de-embalses/BD-Embalses.zip",
            "fecha": "2026-08-04",
            "archivo": "fuentes/2026-08-07_miteco_bd-embalses-boletin-hidrologico-1988-2026.zip"
          },
          {
            "id": "f2",
            "tipo": "primaria",
            "titulo": "Nomenclátor Geográfico Básico de España — Instituto Geográfico Nacional",
            "url": "https://api-features.ign.es/collections/namedplace/items",
            "fecha": "2026-08-07",
            "archivo": "fuentes/2026-08-07_ign_ngbe-toponimos-embalses.json"
          }
        ]
      }
    },
    {
      "type": "Feature",
      "id": "agua-embalsada:arcosdelafrontera-guadaletebarba",
      "geometry": {
        "type": "Point",
        "coordinates": [
          -5.79541,
          36.75153
        ]
      },
      "properties": {
        "slug": "arcosdelafrontera-guadaletebarba",
        "nombre": "Embalse de Arcos de la Frontera",
        "categoria": "embalse",
        "descripcion": "Capacidad de 14 hm³ y 14 hm³ embalsados según el parte de 2026-08-04 del Boletín Hidrológico. Demarcación: Guadalete-Barbate.",
        "estado_registro": "vigente",
        "verif": "confirmado",
        "geo_precision": "paraje",
        "geo_fuente": "«Embalse de Arcos de la Frontera» en el Nomenclátor Geográfico Básico de España",
        "geo_fuente__v": "confirmado",
        "geo_fuente__f": "f2",
        "fecha_alta": "2026-08-07",
        "fecha_verificacion": "2026-08-07",
        "demarcacion": "Guadalete-Barbate",
        "capacidad_hm3": 14.0,
        "capacidad_hm3__v": "confirmado",
        "capacidad_hm3__f": "f1",
        "agua_actual_hm3": 14.0,
        "agua_actual_hm3__v": "confirmado",
        "agua_actual_hm3__f": "f1",
        "fecha_dato": "2026-08-04",
        "hidroelectrico": false,
        "claves": [],
        "fuentes": [
          {
            "id": "f1",
            "tipo": "primaria",
            "titulo": "Boletín Hidrológico Semanal — histórico de embalses 1988-2026 (Dirección General del Agua, Ministerio para la Transición Ecológica y el Reto Demográfico)",
            "url": "https://www.miteco.gob.es/content/dam/miteco/es/agua/temas/evaluacion-de-los-recursos-hidricos/boletin-hidrologico/Historico-de-embalses/BD-Embalses.zip",
            "fecha": "2026-08-04",
            "archivo": "fuentes/2026-08-07_miteco_bd-embalses-boletin-hidrologico-1988-2026.zip"
          },
          {
            "id": "f2",
            "tipo": "primaria",
            "titulo": "Nomenclátor Geográfico Básico de España — Instituto Geográfico Nacional",
            "url": "https://api-features.ign.es/collections/namedplace/items",
            "fecha": "2026-08-07",
            "archivo": "fuentes/2026-08-07_ign_ngbe-toponimos-embalses.json"
          }
        ]
      }
    },
    {
      "type": "Feature",
      "id": "agua-embalsada:barbate-guadaletebarba",
      "geometry": {
        "type": "Point",
        "coordinates": [
          -5.742,
          36.37488
        ]
      },
      "properties": {
        "slug": "barbate-guadaletebarba",
        "nombre": "Embalse de Barbate",
        "categoria": "embalse",
        "descripcion": "Capacidad de 228 hm³ y 173 hm³ embalsados según el parte de 2026-08-04 del Boletín Hidrológico. Demarcación: Guadalete-Barbate.",
        "estado_registro": "vigente",
        "verif": "confirmado",
        "geo_precision": "paraje",
        "geo_fuente": "«Embalse del Barbate» en el Nomenclátor Geográfico Básico de España",
        "geo_fuente__v": "confirmado",
        "geo_fuente__f": "f2",
        "fecha_alta": "2026-08-07",
        "fecha_verificacion": "2026-08-07",
        "demarcacion": "Guadalete-Barbate",
        "capacidad_hm3": 228.0,
        "capacidad_hm3__v": "confirmado",
        "capacidad_hm3__f": "f1",
        "agua_actual_hm3": 173.0,
        "agua_actual_hm3__v": "confirmado",
        "agua_actual_hm3__f": "f1",
        "fecha_dato": "2026-08-04",
        "hidroelectrico": false,
        "claves": [],
        "fuentes": [
          {
            "id": "f1",
            "tipo": "primaria",
            "titulo": "Boletín Hidrológico Semanal — histórico de embalses 1988-2026 (Dirección General del Agua, Ministerio para la Transición Ecológica y el Reto Demográfico)",
            "url": "https://www.miteco.gob.es/content/dam/miteco/es/agua/temas/evaluacion-de-los-recursos-hidricos/boletin-hidrologico/Historico-de-embalses/BD-Embalses.zip",
            "fecha": "2026-08-04",
            "archivo": "fuentes/2026-08-07_miteco_bd-embalses-boletin-hidrologico-1988-2026.zip"
          },
          {
            "id": "f2",
            "tipo": "primaria",
            "titulo": "Nomenclátor Geográfico Básico de España — Instituto Geográfico Nacional",
            "url": "https://api-features.ign.es/collections/namedplace/items",
            "fecha": "2026-08-07",
            "archivo": "fuentes/2026-08-07_ign_ngbe-toponimos-embalses.json"
          }
        ]
      }
    },
    {
      "type": "Feature",
      "id": "agua-embalsada:bornos-guadaletebarba",
      "geometry": {
        "type": "Point",
        "coordinates": [
          -5.76111,
          36.79071
        ]
      },
      "properties": {
        "slug": "bornos-guadaletebarba",
        "nombre": "Embalse de Bornos",
        "categoria": "embalse",
        "descripcion": "Capacidad de 200 hm³ y 146 hm³ embalsados según el parte de 2026-08-04 del Boletín Hidrológico. Demarcación: Guadalete-Barbate.",
        "estado_registro": "vigente",
        "verif": "confirmado",
        "geo_precision": "paraje",
        "geo_fuente": "«Embalse de Bornos» en el Nomenclátor Geográfico Básico de España",
        "geo_fuente__v": "confirmado",
        "geo_fuente__f": "f2",
        "fecha_alta": "2026-08-07",
        "fecha_verificacion": "2026-08-07",
        "demarcacion": "Guadalete-Barbate",
        "capacidad_hm3": 200.0,
        "capacidad_hm3__v": "confirmado",
        "capacidad_hm3__f": "f1",
        "agua_actual_hm3": 146.0,
        "agua_actual_hm3__v": "confirmado",
        "agua_actual_hm3__f": "f1",
        "fecha_dato": "2026-08-04",
        "hidroelectrico": false,
        "claves": [],
        "fuentes": [
          {
            "id": "f1",
            "tipo": "primaria",
            "titulo": "Boletín Hidrológico Semanal — histórico de embalses 1988-2026 (Dirección General del Agua, Ministerio para la Transición Ecológica y el Reto Demográfico)",
            "url": "https://www.miteco.gob.es/content/dam/miteco/es/agua/temas/evaluacion-de-los-recursos-hidricos/boletin-hidrologico/Historico-de-embalses/BD-Embalses.zip",
            "fecha": "2026-08-04",
            "archivo": "fuentes/2026-08-07_miteco_bd-embalses-boletin-hidrologico-1988-2026.zip"
          },
          {
            "id": "f2",
            "tipo": "primaria",
            "titulo": "Nomenclátor Geográfico Básico de España — Instituto Geográfico Nacional",
            "url": "https://api-features.ign.es/collections/namedplace/items",
            "fecha": "2026-08-07",
            "archivo": "fuentes/2026-08-07_ign_ngbe-toponimos-embalses.json"
          }
        ]
      }
    },
    {
      "type": "Feature",
      "id": "agua-embalsada:celemin-guadaletebarba",
      "geometry": {
        "type": "Point",
        "coordinates": [
          -5.77698,
          36.29993
        ]
      },
      "properties": {
        "slug": "celemin-guadaletebarba",
        "nombre": "Embalse de Celemín",
        "categoria": "embalse",
        "descripcion": "Capacidad de 45 hm³ y 37 hm³ embalsados según el parte de 2026-08-04 del Boletín Hidrológico. Demarcación: Guadalete-Barbate.",
        "estado_registro": "vigente",
        "verif": "confirmado",
        "geo_precision": "paraje",
        "geo_fuente": "«Embalse del Celemín» en el Nomenclátor Geográfico Básico de España",
        "geo_fuente__v": "confirmado",
        "geo_fuente__f": "f2",
        "fecha_alta": "2026-08-07",
        "fecha_verificacion": "2026-08-07",
        "demarcacion": "Guadalete-Barbate",
        "capacidad_hm3": 45.0,
        "capacidad_hm3__v": "confirmado",
        "capacidad_hm3__f": "f1",
        "agua_actual_hm3": 37.0,
        "agua_actual_hm3__v": "confirmado",
        "agua_actual_hm3__f": "f1",
        "fecha_dato": "2026-08-04",
        "hidroelectrico": false,
        "claves": [],
        "fuentes": [
          {
            "id": "f1",
            "tipo": "primaria",
            "titulo": "Boletín Hidrológico Semanal — histórico de embalses 1988-2026 (Dirección General del Agua, Ministerio para la Transición Ecológica y el Reto Demográfico)",
            "url": "https://www.miteco.gob.es/content/dam/miteco/es/agua/temas/evaluacion-de-los-recursos-hidricos/boletin-hidrologico/Historico-de-embalses/BD-Embalses.zip",
            "fecha": "2026-08-04",
            "archivo": "fuentes/2026-08-07_miteco_bd-embalses-boletin-hidrologico-1988-2026.zip"
          },
          {
            "id": "f2",
            "tipo": "primaria",
            "titulo": "Nomenclátor Geográfico Básico de España — Instituto Geográfico Nacional",
            "url": "https://api-features.ign.es/collections/namedplace/items",
            "fecha": "2026-08-07",
            "archivo": "fuentes/2026-08-07_ign_ngbe-toponimos-embalses.json"
          }
        ]
      }
    },
    {
      "type": "Feature",
      "id": "agua-embalsada:guadalcacinii-guadaletebarba",
      "geometry": {
        "type": "Point",
        "coordinates": [
          -5.78668,
          36.66852
        ]
      },
      "properties": {
        "slug": "guadalcacinii-guadaletebarba",
        "nombre": "Embalse de Guadalcacín II",
        "categoria": "embalse",
        "descripcion": "Capacidad de 800 hm³ y 701 hm³ embalsados según el parte de 2026-08-04 del Boletín Hidrológico. Demarcación: Guadalete-Barbate.",
        "estado_registro": "vigente",
        "verif": "confirmado",
        "geo_precision": "paraje",
        "geo_fuente": "«Embalse de Guadalcacín II» en el Nomenclátor Geográfico Básico de España",
        "geo_fuente__v": "confirmado",
        "geo_fuente__f": "f2",
        "fecha_alta": "2026-08-07",
        "fecha_verificacion": "2026-08-07",
        "demarcacion": "Guadalete-Barbate",
        "capacidad_hm3": 800.0,
        "capacidad_hm3__v": "confirmado",
        "capacidad_hm3__f": "f1",
        "agua_actual_hm3": 701.0,
        "agua_actual_hm3__v": "confirmado",
        "agua_actual_hm3__f": "f1",
        "fecha_dato": "2026-08-04",
        "hidroelectrico": false,
        "claves": [],
        "fuentes": [
          {
            "id": "f1",
            "tipo": "primaria",
            "titulo": "Boletín Hidrológico Semanal — histórico de embalses 1988-2026 (Dirección General del Agua, Ministerio para la Transición Ecológica y el Reto Demográfico)",
            "url": "https://www.miteco.gob.es/content/dam/miteco/es/agua/temas/evaluacion-de-los-recursos-hidricos/boletin-hidrologico/Historico-de-embalses/BD-Embalses.zip",
            "fecha": "2026-08-04",
            "archivo": "fuentes/2026-08-07_miteco_bd-embalses-boletin-hidrologico-1988-2026.zip"
          },
          {
            "id": "f2",
            "tipo": "primaria",
            "titulo": "Nomenclátor Geográfico Básico de España — Instituto Geográfico Nacional",
            "url": "https://api-features.ign.es/collections/namedplace/items",
            "fecha": "2026-08-07",
            "archivo": "fuentes/2026-08-07_ign_ngbe-toponimos-embalses.json"
          }
        ]
      }
    },
    {
      "type": "Feature",
      "id": "agua-embalsada:huroneslos-guadaletebarba",
      "geometry": {
        "type": "Point",
        "coordinates": [
          -5.56189,
          36.6615
        ]
      },
      "properties": {
        "slug": "huroneslos-guadaletebarba",
        "nombre": "Embalse de Hurones, Los",
        "categoria": "embalse",
        "descripcion": "Capacidad de 135 hm³ y 102 hm³ embalsados según el parte de 2026-08-04 del Boletín Hidrológico. Demarcación: Guadalete-Barbate.",
        "estado_registro": "vigente",
        "verif": "confirmado",
        "geo_precision": "paraje",
        "geo_fuente": "«Embalse de los Hurones» en el Nomenclátor Geográfico Básico de España",
        "geo_fuente__v": "confirmado",
        "geo_fuente__f": "f2",
        "fecha_alta": "2026-08-07",
        "fecha_verificacion": "2026-08-07",
        "demarcacion": "Guadalete-Barbate",
        "capacidad_hm3": 135.0,
        "capacidad_hm3__v": "confirmado",
        "capacidad_hm3__f": "f1",
        "agua_actual_hm3": 102.0,
        "agua_actual_hm3__v": "confirmado",
        "agua_actual_hm3__f": "f1",
        "fecha_dato": "2026-08-04",
        "hidroelectrico": false,
        "claves": [],
        "fuentes": [
          {
            "id": "f1",
            "tipo": "primaria",
            "titulo": "Boletín Hidrológico Semanal — histórico de embalses 1988-2026 (Dirección General del Agua, Ministerio para la Transición Ecológica y el Reto Demográfico)",
            "url": "https://www.miteco.gob.es/content/dam/miteco/es/agua/temas/evaluacion-de-los-recursos-hidricos/boletin-hidrologico/Historico-de-embalses/BD-Embalses.zip",
            "fecha": "2026-08-04",
            "archivo": "fuentes/2026-08-07_miteco_bd-embalses-boletin-hidrologico-1988-2026.zip"
          },
          {
            "id": "f2",
            "tipo": "primaria",
            "titulo": "Nomenclátor Geográfico Básico de España — Instituto Geográfico Nacional",
            "url": "https://api-features.ign.es/collections/namedplace/items",
            "fecha": "2026-08-07",
            "archivo": "fuentes/2026-08-07_ign_ngbe-toponimos-embalses.json"
          }
        ]
      }
    },
    {
      "type": "Feature",
      "id": "agua-embalsada:aguascebas-guadalquivir",
      "geometry": {
        "type": "Point",
        "coordinates": [
          -2.9519,
          38.04388
        ]
      },
      "properties": {
        "slug": "aguascebas-guadalquivir",
        "nombre": "Embalse de Aguascebas",
        "categoria": "embalse",
        "descripcion": "Capacidad de 6 hm³ y 4 hm³ embalsados según el parte de 2026-08-04 del Boletín Hidrológico. Demarcación: Guadalquivir.",
        "estado_registro": "vigente",
        "verif": "confirmado",
        "geo_precision": "paraje",
        "geo_fuente": "«Embalse de Aguascebas» en el Nomenclátor Geográfico Básico de España",
        "geo_fuente__v": "confirmado",
        "geo_fuente__f": "f2",
        "fecha_alta": "2026-08-07",
        "fecha_verificacion": "2026-08-07",
        "demarcacion": "Guadalquivir",
        "capacidad_hm3": 6.0,
        "capacidad_hm3__v": "confirmado",
        "capacidad_hm3__f": "f1",
        "agua_actual_hm3": 4.0,
        "agua_actual_hm3__v": "confirmado",
        "agua_actual_hm3__f": "f1",
        "fecha_dato": "2026-08-04",
        "hidroelectrico": false,
        "claves": [],
        "fuentes": [
          {
            "id": "f1",
            "tipo": "primaria",
            "titulo": "Boletín Hidrológico Semanal — histórico de embalses 1988-2026 (Dirección General del Agua, Ministerio para la Transición Ecológica y el Reto Demográfico)",
            "url": "https://www.miteco.gob.es/content/dam/miteco/es/agua/temas/evaluacion-de-los-recursos-hidricos/boletin-hidrologico/Historico-de-embalses/BD-Embalses.zip",
            "fecha": "2026-08-04",
            "archivo": "fuentes/2026-08-07_miteco_bd-embalses-boletin-hidrologico-1988-2026.zip"
          },
          {
            "id": "f2",
            "tipo": "primaria",
            "titulo": "Nomenclátor Geográfico Básico de España — Instituto Geográfico Nacional",
            "url": "https://api-features.ign.es/collections/namedplace/items",
            "fecha": "2026-08-07",
            "archivo": "fuentes/2026-08-07_ign_ngbe-toponimos-embalses.json"
          }
        ]
      }
    },
    {
      "type": "Feature",
      "id": "agua-embalsada:alcaladelrio-guadalquivir",
      "geometry": {
        "type": "Point",
        "coordinates": [
          -5.97571,
          37.52051
        ]
      },
      "properties": {
        "slug": "alcaladelrio-guadalquivir",
        "nombre": "Embalse de Alcalá del Río",
        "categoria": "embalse",
        "descripcion": "Capacidad de 20 hm³ y 17 hm³ embalsados según el parte de 2012-06-26 del Boletín Hidrológico. Demarcación: Guadalquivir.",
        "estado_registro": "historico",
        "verif": "confirmado",
        "geo_precision": "paraje",
        "geo_fuente": "«Embalse de Alcalá del Río» en el Nomenclátor Geográfico Básico de España",
        "geo_fuente__v": "confirmado",
        "geo_fuente__f": "f2",
        "fecha_alta": "2026-08-07",
        "fecha_verificacion": "2026-08-07",
        "demarcacion": "Guadalquivir",
        "capacidad_hm3": 20.0,
        "capacidad_hm3__v": "confirmado",
        "capacidad_hm3__f": "f1",
        "agua_actual_hm3": 17.0,
        "agua_actual_hm3__v": "confirmado",
        "agua_actual_hm3__f": "f1",
        "fecha_dato": "2012-06-26",
        "hidroelectrico": true,
        "claves": [
          {
            "k": "Este parte dejó de alimentarse",
            "v": "El último dato de este embalse en la serie del Boletín es de 2012-06-26, y la serie llega a agosto de 2026. No es una lectura actual: por eso el registro va como `historico` y no se borra.",
            "verif": "confirmado",
            "fuente": "f1"
          }
        ],
        "fuentes": [
          {
            "id": "f1",
            "tipo": "primaria",
            "titulo": "Boletín Hidrológico Semanal — histórico de embalses 1988-2026 (Dirección General del Agua, Ministerio para la Transición Ecológica y el Reto Demográfico)",
            "url": "https://www.miteco.gob.es/content/dam/miteco/es/agua/temas/evaluacion-de-los-recursos-hidricos/boletin-hidrologico/Historico-de-embalses/BD-Embalses.zip",
            "fecha": "2012-06-26",
            "archivo": "fuentes/2026-08-07_miteco_bd-embalses-boletin-hidrologico-1988-2026.zip"
          },
          {
            "id": "f2",
            "tipo": "primaria",
            "titulo": "Nomenclátor Geográfico Básico de España — Instituto Geográfico Nacional",
            "url": "https://api-features.ign.es/collections/namedplace/items",
            "fecha": "2026-08-07",
            "archivo": "fuentes/2026-08-07_ign_ngbe-toponimos-embalses.json"
          }
        ]
      }
    },
    {
      "type": "Feature",
      "id": "agua-embalsada:aracena-guadalquivir",
      "geometry": {
        "type": "Point",
        "coordinates": [
          -6.46161,
          37.92572
        ]
      },
      "properties": {
        "slug": "aracena-guadalquivir",
        "nombre": "Embalse de Aracena",
        "categoria": "embalse",
        "descripcion": "Capacidad de 129 hm³ y 107 hm³ embalsados según el parte de 2026-08-04 del Boletín Hidrológico. Demarcación: Guadalquivir.",
        "estado_registro": "vigente",
        "verif": "confirmado",
        "geo_precision": "paraje",
        "geo_fuente": "«Embalse de Aracena» en el Nomenclátor Geográfico Básico de España",
        "geo_fuente__v": "confirmado",
        "geo_fuente__f": "f2",
        "fecha_alta": "2026-08-07",
        "fecha_verificacion": "2026-08-07",
        "demarcacion": "Guadalquivir",
        "capacidad_hm3": 129.0,
        "capacidad_hm3__v": "confirmado",
        "capacidad_hm3__f": "f1",
        "agua_actual_hm3": 107.0,
        "agua_actual_hm3__v": "confirmado",
        "agua_actual_hm3__f": "f1",
        "fecha_dato": "2026-08-04",
        "hidroelectrico": false,
        "claves": [],
        "fuentes": [
          {
            "id": "f1",
            "tipo": "primaria",
            "titulo": "Boletín Hidrológico Semanal — histórico de embalses 1988-2026 (Dirección General del Agua, Ministerio para la Transición Ecológica y el Reto Demográfico)",
            "url": "https://www.miteco.gob.es/content/dam/miteco/es/agua/temas/evaluacion-de-los-recursos-hidricos/boletin-hidrologico/Historico-de-embalses/BD-Embalses.zip",
            "fecha": "2026-08-04",
            "archivo": "fuentes/2026-08-07_miteco_bd-embalses-boletin-hidrologico-1988-2026.zip"
          },
          {
            "id": "f2",
            "tipo": "primaria",
            "titulo": "Nomenclátor Geográfico Básico de España — Instituto Geográfico Nacional",
            "url": "https://api-features.ign.es/collections/namedplace/items",
            "fecha": "2026-08-07",
            "archivo": "fuentes/2026-08-07_ign_ngbe-toponimos-embalses.json"
          }
        ]
      }
    },
    {
      "type": "Feature",
      "id": "agua-embalsada:bembezar-guadalquivir",
      "geometry": {
        "type": "Point",
        "coordinates": [
          -5.21002,
          37.90332
        ]
      },
      "properties": {
        "slug": "bembezar-guadalquivir",
        "nombre": "Embalse de Bembézar",
        "categoria": "embalse",
        "descripcion": "Capacidad de 328 hm³ y 281 hm³ embalsados según el parte de 2026-08-04 del Boletín Hidrológico. Demarcación: Guadalquivir.",
        "estado_registro": "vigente",
        "verif": "confirmado",
        "geo_precision": "paraje",
        "geo_fuente": "«Embalse del Bembézar» en el Nomenclátor Geográfico Básico de España",
        "geo_fuente__v": "confirmado",
        "geo_fuente__f": "f2",
        "fecha_alta": "2026-08-07",
        "fecha_verificacion": "2026-08-07",
        "demarcacion": "Guadalquivir",
        "capacidad_hm3": 328.0,
        "capacidad_hm3__v": "confirmado",
        "capacidad_hm3__f": "f1",
        "agua_actual_hm3": 281.0,
        "agua_actual_hm3__v": "confirmado",
        "agua_actual_hm3__f": "f1",
        "fecha_dato": "2026-08-04",
        "hidroelectrico": false,
        "claves": [],
        "fuentes": [
          {
            "id": "f1",
            "tipo": "primaria",
            "titulo": "Boletín Hidrológico Semanal — histórico de embalses 1988-2026 (Dirección General del Agua, Ministerio para la Transición Ecológica y el Reto Demográfico)",
            "url": "https://www.miteco.gob.es/content/dam/miteco/es/agua/temas/evaluacion-de-los-recursos-hidricos/boletin-hidrologico/Historico-de-embalses/BD-Embalses.zip",
            "fecha": "2026-08-04",
            "archivo": "fuentes/2026-08-07_miteco_bd-embalses-boletin-hidrologico-1988-2026.zip"
          },
          {
            "id": "f2",
            "tipo": "primaria",
            "titulo": "Nomenclátor Geográfico Básico de España — Instituto Geográfico Nacional",
            "url": "https://api-features.ign.es/collections/namedplace/items",
            "fecha": "2026-08-07",
            "archivo": "fuentes/2026-08-07_ign_ngbe-toponimos-embalses.json"
          }
        ]
      }
    },
    {
      "type": "Feature",
      "id": "agua-embalsada:bolerala-guadalquivir",
      "geometry": {
        "type": "Point",
        "coordinates": [
          -2.90338,
          37.76251
        ]
      },
      "properties": {
        "slug": "bolerala-guadalquivir",
        "nombre": "Embalse de Bolera, La",
        "categoria": "embalse",
        "descripcion": "Capacidad de 54 hm³ y 34 hm³ embalsados según el parte de 2026-08-04 del Boletín Hidrológico. Demarcación: Guadalquivir.",
        "estado_registro": "vigente",
        "verif": "confirmado",
        "geo_precision": "paraje",
        "geo_fuente": "«Embalse de la Bolera» en el Nomenclátor Geográfico Básico de España",
        "geo_fuente__v": "confirmado",
        "geo_fuente__f": "f2",
        "fecha_alta": "2026-08-07",
        "fecha_verificacion": "2026-08-07",
        "demarcacion": "Guadalquivir",
        "capacidad_hm3": 54.0,
        "capacidad_hm3__v": "confirmado",
        "capacidad_hm3__f": "f1",
        "agua_actual_hm3": 34.0,
        "agua_actual_hm3__v": "confirmado",
        "agua_actual_hm3__f": "f1",
        "fecha_dato": "2026-08-04",
        "hidroelectrico": false,
        "claves": [],
        "fuentes": [
          {
            "id": "f1",
            "tipo": "primaria",
            "titulo": "Boletín Hidrológico Semanal — histórico de embalses 1988-2026 (Dirección General del Agua, Ministerio para la Transición Ecológica y el Reto Demográfico)",
            "url": "https://www.miteco.gob.es/content/dam/miteco/es/agua/temas/evaluacion-de-los-recursos-hidricos/boletin-hidrologico/Historico-de-embalses/BD-Embalses.zip",
            "fecha": "2026-08-04",
            "archivo": "fuentes/2026-08-07_miteco_bd-embalses-boletin-hidrologico-1988-2026.zip"
          },
          {
            "id": "f2",
            "tipo": "primaria",
            "titulo": "Nomenclátor Geográfico Básico de España — Instituto Geográfico Nacional",
            "url": "https://api-features.ign.es/collections/namedplace/items",
            "fecha": "2026-08-07",
            "archivo": "fuentes/2026-08-07_ign_ngbe-toponimos-embalses.json"
          }
        ]
      }
    },
    {
      "type": "Feature",
      "id": "agua-embalsada:brenaiila-guadalquivir",
      "geometry": {
        "type": "Point",
        "coordinates": [
          -5.04309,
          37.82867
        ]
      },
      "properties": {
        "slug": "brenaiila-guadalquivir",
        "nombre": "Embalse de Breña II, La",
        "categoria": "embalse",
        "descripcion": "Capacidad de 823 hm³ y 658 hm³ embalsados según el parte de 2026-08-04 del Boletín Hidrológico. Demarcación: Guadalquivir.",
        "estado_registro": "vigente",
        "verif": "confirmado",
        "geo_precision": "paraje",
        "geo_fuente": "«Embalse de la Breña II» en el Nomenclátor Geográfico Básico de España",
        "geo_fuente__v": "confirmado",
        "geo_fuente__f": "f2",
        "fecha_alta": "2026-08-07",
        "fecha_verificacion": "2026-08-07",
        "demarcacion": "Guadalquivir",
        "capacidad_hm3": 823.0,
        "capacidad_hm3__v": "confirmado",
        "capacidad_hm3__f": "f1",
        "agua_actual_hm3": 658.0,
        "agua_actual_hm3__v": "confirmado",
        "agua_actual_hm3__f": "f1",
        "fecha_dato": "2026-08-04",
        "hidroelectrico": false,
        "claves": [],
        "fuentes": [
          {
            "id": "f1",
            "tipo": "primaria",
            "titulo": "Boletín Hidrológico Semanal — histórico de embalses 1988-2026 (Dirección General del Agua, Ministerio para la Transición Ecológica y el Reto Demográfico)",
            "url": "https://www.miteco.gob.es/content/dam/miteco/es/agua/temas/evaluacion-de-los-recursos-hidricos/boletin-hidrologico/Historico-de-embalses/BD-Embalses.zip",
            "fecha": "2026-08-04",
            "archivo": "fuentes/2026-08-07_miteco_bd-embalses-boletin-hidrologico-1988-2026.zip"
          },
          {
            "id": "f2",
            "tipo": "primaria",
            "titulo": "Nomenclátor Geográfico Básico de España — Instituto Geográfico Nacional",
            "url": "https://api-features.ign.es/collections/namedplace/items",
            "fecha": "2026-08-07",
            "archivo": "fuentes/2026-08-07_ign_ngbe-toponimos-embalses.json"
          }
        ]
      }
    },
    {
      "type": "Feature",
      "id": "agua-embalsada:canales-guadalquivir",
      "geometry": {
        "type": "Point",
        "coordinates": [
          -3.47968,
          37.1593
        ]
      },
      "properties": {
        "slug": "canales-guadalquivir",
        "nombre": "Embalse de Canales",
        "categoria": "embalse",
        "descripcion": "Capacidad de 70 hm³ y 62 hm³ embalsados según el parte de 2026-08-04 del Boletín Hidrológico. Demarcación: Guadalquivir.",
        "estado_registro": "vigente",
        "verif": "confirmado",
        "geo_precision": "paraje",
        "geo_fuente": "«Embalse de Canales» en el Nomenclátor Geográfico Básico de España",
        "geo_fuente__v": "confirmado",
        "geo_fuente__f": "f2",
        "fecha_alta": "2026-08-07",
        "fecha_verificacion": "2026-08-07",
        "demarcacion": "Guadalquivir",
        "capacidad_hm3": 70.0,
        "capacidad_hm3__v": "confirmado",
        "capacidad_hm3__f": "f1",
        "agua_actual_hm3": 62.0,
        "agua_actual_hm3__v": "confirmado",
        "agua_actual_hm3__f": "f1",
        "fecha_dato": "2026-08-04",
        "hidroelectrico": false,
        "claves": [],
        "fuentes": [
          {
            "id": "f1",
            "tipo": "primaria",
            "titulo": "Boletín Hidrológico Semanal — histórico de embalses 1988-2026 (Dirección General del Agua, Ministerio para la Transición Ecológica y el Reto Demográfico)",
            "url": "https://www.miteco.gob.es/content/dam/miteco/es/agua/temas/evaluacion-de-los-recursos-hidricos/boletin-hidrologico/Historico-de-embalses/BD-Embalses.zip",
            "fecha": "2026-08-04",
            "archivo": "fuentes/2026-08-07_miteco_bd-embalses-boletin-hidrologico-1988-2026.zip"
          },
          {
            "id": "f2",
            "tipo": "primaria",
            "titulo": "Nomenclátor Geográfico Básico de España — Instituto Geográfico Nacional",
            "url": "https://api-features.ign.es/collections/namedplace/items",
            "fecha": "2026-08-07",
            "archivo": "fuentes/2026-08-07_ign_ngbe-toponimos-embalses.json"
          }
        ]
      }
    },
    {
      "type": "Feature",
      "id": "agua-embalsada:cantillana-guadalquivir",
      "geometry": {
        "type": "Point",
        "coordinates": [
          -5.81049,
          37.59253
        ]
      },
      "properties": {
        "slug": "cantillana-guadalquivir",
        "nombre": "Embalse de Cantillana",
        "categoria": "embalse",
        "descripcion": "Capacidad de 14 hm³ y 14 hm³ embalsados según el parte de 2012-06-26 del Boletín Hidrológico. Demarcación: Guadalquivir.",
        "estado_registro": "historico",
        "verif": "confirmado",
        "geo_precision": "paraje",
        "geo_fuente": "«Embalse de Cantillana» en el Nomenclátor Geográfico Básico de España",
        "geo_fuente__v": "confirmado",
        "geo_fuente__f": "f2",
        "fecha_alta": "2026-08-07",
        "fecha_verificacion": "2026-08-07",
        "demarcacion": "Guadalquivir",
        "capacidad_hm3": 14.0,
        "capacidad_hm3__v": "confirmado",
        "capacidad_hm3__f": "f1",
        "agua_actual_hm3": 14.0,
        "agua_actual_hm3__v": "confirmado",
        "agua_actual_hm3__f": "f1",
        "fecha_dato": "2012-06-26",
        "hidroelectrico": true,
        "claves": [
          {
            "k": "Este parte dejó de alimentarse",
            "v": "El último dato de este embalse en la serie del Boletín es de 2012-06-26, y la serie llega a agosto de 2026. No es una lectura actual: por eso el registro va como `historico` y no se borra.",
            "verif": "confirmado",
            "fuente": "f1"
          }
        ],
        "fuentes": [
          {
            "id": "f1",
            "tipo": "primaria",
            "titulo": "Boletín Hidrológico Semanal — histórico de embalses 1988-2026 (Dirección General del Agua, Ministerio para la Transición Ecológica y el Reto Demográfico)",
            "url": "https://www.miteco.gob.es/content/dam/miteco/es/agua/temas/evaluacion-de-los-recursos-hidricos/boletin-hidrologico/Historico-de-embalses/BD-Embalses.zip",
            "fecha": "2012-06-26",
            "archivo": "fuentes/2026-08-07_miteco_bd-embalses-boletin-hidrologico-1988-2026.zip"
          },
          {
            "id": "f2",
            "tipo": "primaria",
            "titulo": "Nomenclátor Geográfico Básico de España — Instituto Geográfico Nacional",
            "url": "https://api-features.ign.es/collections/namedplace/items",
            "fecha": "2026-08-07",
            "archivo": "fuentes/2026-08-07_ign_ngbe-toponimos-embalses.json"
          }
        ]
      }
    },
    {
      "type": "Feature",
      "id": "agua-embalsada:carpioel-guadalquivir",
      "geometry": {
        "type": "Point",
        "coordinates": [
          -4.49188,
          37.97528
        ]
      },
      "properties": {
        "slug": "carpioel-guadalquivir",
        "nombre": "Embalse de Carpio, El",
        "categoria": "embalse",
        "descripcion": "Capacidad de 18 hm³ y 18 hm³ embalsados según el parte de 2012-06-26 del Boletín Hidrológico. Demarcación: Guadalquivir.",
        "estado_registro": "historico",
        "verif": "confirmado",
        "geo_precision": "paraje",
        "geo_fuente": "«Embalse del Carpio» en el Nomenclátor Geográfico Básico de España",
        "geo_fuente__v": "confirmado",
        "geo_fuente__f": "f2",
        "fecha_alta": "2026-08-07",
        "fecha_verificacion": "2026-08-07",
        "demarcacion": "Guadalquivir",
        "capacidad_hm3": 18.0,
        "capacidad_hm3__v": "confirmado",
        "capacidad_hm3__f": "f1",
        "agua_actual_hm3": 18.0,
        "agua_actual_hm3__v": "confirmado",
        "agua_actual_hm3__f": "f1",
        "fecha_dato": "2012-06-26",
        "hidroelectrico": true,
        "claves": [
          {
            "k": "Este parte dejó de alimentarse",
            "v": "El último dato de este embalse en la serie del Boletín es de 2012-06-26, y la serie llega a agosto de 2026. No es una lectura actual: por eso el registro va como `historico` y no se borra.",
            "verif": "confirmado",
            "fuente": "f1"
          }
        ],
        "fuentes": [
          {
            "id": "f1",
            "tipo": "primaria",
            "titulo": "Boletín Hidrológico Semanal — histórico de embalses 1988-2026 (Dirección General del Agua, Ministerio para la Transición Ecológica y el Reto Demográfico)",
            "url": "https://www.miteco.gob.es/content/dam/miteco/es/agua/temas/evaluacion-de-los-recursos-hidricos/boletin-hidrologico/Historico-de-embalses/BD-Embalses.zip",
            "fecha": "2012-06-26",
            "archivo": "fuentes/2026-08-07_miteco_bd-embalses-boletin-hidrologico-1988-2026.zip"
          },
          {
            "id": "f2",
            "tipo": "primaria",
            "titulo": "Nomenclátor Geográfico Básico de España — Instituto Geográfico Nacional",
            "url": "https://api-features.ign.es/collections/namedplace/items",
            "fecha": "2026-08-07",
            "archivo": "fuentes/2026-08-07_ign_ngbe-toponimos-embalses.json"
          }
        ]
      }
    },
    {
      "type": "Feature",
      "id": "agua-embalsada:colomera-guadalquivir",
      "geometry": {
        "type": "Point",
        "coordinates": [
          -3.72199,
          37.39929
        ]
      },
      "properties": {
        "slug": "colomera-guadalquivir",
        "nombre": "Embalse de Colomera",
        "categoria": "embalse",
        "descripcion": "Capacidad de 40 hm³ y 36 hm³ embalsados según el parte de 2026-08-04 del Boletín Hidrológico. Demarcación: Guadalquivir.",
        "estado_registro": "vigente",
        "verif": "confirmado",
        "geo_precision": "paraje",
        "geo_fuente": "«Embalse de Colomera» en el Nomenclátor Geográfico Básico de España",
        "geo_fuente__v": "confirmado",
        "geo_fuente__f": "f2",
        "fecha_alta": "2026-08-07",
        "fecha_verificacion": "2026-08-07",
        "demarcacion": "Guadalquivir",
        "capacidad_hm3": 40.0,
        "capacidad_hm3__v": "confirmado",
        "capacidad_hm3__f": "f1",
        "agua_actual_hm3": 36.0,
        "agua_actual_hm3__v": "confirmado",
        "agua_actual_hm3__f": "f1",
        "fecha_dato": "2026-08-04",
        "hidroelectrico": false,
        "claves": [],
        "fuentes": [
          {
            "id": "f1",
            "tipo": "primaria",
            "titulo": "Boletín Hidrológico Semanal — histórico de embalses 1988-2026 (Dirección General del Agua, Ministerio para la Transición Ecológica y el Reto Demográfico)",
            "url": "https://www.miteco.gob.es/content/dam/miteco/es/agua/temas/evaluacion-de-los-recursos-hidricos/boletin-hidrologico/Historico-de-embalses/BD-Embalses.zip",
            "fecha": "2026-08-04",
            "archivo": "fuentes/2026-08-07_miteco_bd-embalses-boletin-hidrologico-1988-2026.zip"
          },
          {
            "id": "f2",
            "tipo": "primaria",
            "titulo": "Nomenclátor Geográfico Básico de España — Instituto Geográfico Nacional",
            "url": "https://api-features.ign.es/collections/namedplace/items",
            "fecha": "2026-08-07",
            "archivo": "fuentes/2026-08-07_ign_ngbe-toponimos-embalses.json"
          }
        ]
      }
    },
    {
      "type": "Feature",
      "id": "agua-embalsada:cordobilla-guadalquivir",
      "geometry": {
        "type": "Point",
        "coordinates": [
          -4.72138,
          37.35052
        ]
      },
      "properties": {
        "slug": "cordobilla-guadalquivir",
        "nombre": "Embalse de Cordobilla",
        "categoria": "embalse",
        "descripcion": "Capacidad de 33 hm³ y 33 hm³ embalsados según el parte de 2012-06-19 del Boletín Hidrológico. Demarcación: Guadalquivir.",
        "estado_registro": "historico",
        "verif": "confirmado",
        "geo_precision": "paraje",
        "geo_fuente": "«Embalse de Cordobilla» en el Nomenclátor Geográfico Básico de España",
        "geo_fuente__v": "confirmado",
        "geo_fuente__f": "f2",
        "fecha_alta": "2026-08-07",
        "fecha_verificacion": "2026-08-07",
        "demarcacion": "Guadalquivir",
        "capacidad_hm3": 33.0,
        "capacidad_hm3__v": "confirmado",
        "capacidad_hm3__f": "f1",
        "agua_actual_hm3": 33.0,
        "agua_actual_hm3__v": "confirmado",
        "agua_actual_hm3__f": "f1",
        "fecha_dato": "2012-06-19",
        "hidroelectrico": false,
        "claves": [
          {
            "k": "Este parte dejó de alimentarse",
            "v": "El último dato de este embalse en la serie del Boletín es de 2012-06-19, y la serie llega a agosto de 2026. No es una lectura actual: por eso el registro va como `historico` y no se borra.",
            "verif": "confirmado",
            "fuente": "f1"
          }
        ],
        "fuentes": [
          {
            "id": "f1",
            "tipo": "primaria",
            "titulo": "Boletín Hidrológico Semanal — histórico de embalses 1988-2026 (Dirección General del Agua, Ministerio para la Transición Ecológica y el Reto Demográfico)",
            "url": "https://www.miteco.gob.es/content/dam/miteco/es/agua/temas/evaluacion-de-los-recursos-hidricos/boletin-hidrologico/Historico-de-embalses/BD-Embalses.zip",
            "fecha": "2012-06-19",
            "archivo": "fuentes/2026-08-07_miteco_bd-embalses-boletin-hidrologico-1988-2026.zip"
          },
          {
            "id": "f2",
            "tipo": "primaria",
            "titulo": "Nomenclátor Geográfico Básico de España — Instituto Geográfico Nacional",
            "url": "https://api-features.ign.es/collections/namedplace/items",
            "fecha": "2026-08-07",
            "archivo": "fuentes/2026-08-07_ign_ngbe-toponimos-embalses.json"
          }
        ]
      }
    },
    {
      "type": "Feature",
      "id": "agua-embalsada:cubillas-guadalquivir",
      "geometry": {
        "type": "Point",
        "coordinates": [
          -3.68329,
          37.2749
        ]
      },
      "properties": {
        "slug": "cubillas-guadalquivir",
        "nombre": "Embalse de Cubillas",
        "categoria": "embalse",
        "descripcion": "Capacidad de 14 hm³ y 9 hm³ embalsados según el parte de 2026-08-04 del Boletín Hidrológico. Demarcación: Guadalquivir.",
        "estado_registro": "vigente",
        "verif": "confirmado",
        "geo_precision": "paraje",
        "geo_fuente": "«Embalse del Cubillas» en el Nomenclátor Geográfico Básico de España",
        "geo_fuente__v": "confirmado",
        "geo_fuente__f": "f2",
        "fecha_alta": "2026-08-07",
        "fecha_verificacion": "2026-08-07",
        "demarcacion": "Guadalquivir",
        "capacidad_hm3": 14.0,
        "capacidad_hm3__v": "confirmado",
        "capacidad_hm3__f": "f1",
        "agua_actual_hm3": 9.0,
        "agua_actual_hm3__v": "confirmado",
        "agua_actual_hm3__f": "f1",
        "fecha_dato": "2026-08-04",
        "hidroelectrico": false,
        "claves": [],
        "fuentes": [
          {
            "id": "f1",
            "tipo": "primaria",
            "titulo": "Boletín Hidrológico Semanal — histórico de embalses 1988-2026 (Dirección General del Agua, Ministerio para la Transición Ecológica y el Reto Demográfico)",
            "url": "https://www.miteco.gob.es/content/dam/miteco/es/agua/temas/evaluacion-de-los-recursos-hidricos/boletin-hidrologico/Historico-de-embalses/BD-Embalses.zip",
            "fecha": "2026-08-04",
            "archivo": "fuentes/2026-08-07_miteco_bd-embalses-boletin-hidrologico-1988-2026.zip"
          },
          {
            "id": "f2",
            "tipo": "primaria",
            "titulo": "Nomenclátor Geográfico Básico de España — Instituto Geográfico Nacional",
            "url": "https://api-features.ign.es/collections/namedplace/items",
            "fecha": "2026-08-07",
            "archivo": "fuentes/2026-08-07_ign_ngbe-toponimos-embalses.json"
          }
        ]
      }
    },
    {
      "type": "Feature",
      "id": "agua-embalsada:derivacionretortillo-guadalquivir",
      "geometry": {
        "type": "Point",
        "coordinates": [
          -5.36188,
          37.84271
        ]
      },
      "properties": {
        "slug": "derivacionretortillo-guadalquivir",
        "nombre": "Embalse de Derivación Retortillo",
        "categoria": "embalse",
        "descripcion": "Capacidad de 4 hm³ y 4 hm³ embalsados según el parte de 2012-06-26 del Boletín Hidrológico. Demarcación: Guadalquivir.",
        "estado_registro": "historico",
        "verif": "confirmado",
        "geo_precision": "paraje",
        "geo_fuente": "«Embalse del Retortillo» en el Nomenclátor Geográfico Básico de España",
        "geo_fuente__v": "confirmado",
        "geo_fuente__f": "f2",
        "fecha_alta": "2026-08-07",
        "fecha_verificacion": "2026-08-07",
        "demarcacion": "Guadalquivir",
        "capacidad_hm3": 4.0,
        "capacidad_hm3__v": "confirmado",
        "capacidad_hm3__f": "f1",
        "agua_actual_hm3": 4.0,
        "agua_actual_hm3__v": "confirmado",
        "agua_actual_hm3__f": "f1",
        "fecha_dato": "2012-06-26",
        "hidroelectrico": false,
        "claves": [
          {
            "k": "Este parte dejó de alimentarse",
            "v": "El último dato de este embalse en la serie del Boletín es de 2012-06-26, y la serie llega a agosto de 2026. No es una lectura actual: por eso el registro va como `historico` y no se borra.",
            "verif": "confirmado",
            "fuente": "f1"
          }
        ],
        "fuentes": [
          {
            "id": "f1",
            "tipo": "primaria",
            "titulo": "Boletín Hidrológico Semanal — histórico de embalses 1988-2026 (Dirección General del Agua, Ministerio para la Transición Ecológica y el Reto Demográfico)",
            "url": "https://www.miteco.gob.es/content/dam/miteco/es/agua/temas/evaluacion-de-los-recursos-hidricos/boletin-hidrologico/Historico-de-embalses/BD-Embalses.zip",
            "fecha": "2012-06-26",
            "archivo": "fuentes/2026-08-07_miteco_bd-embalses-boletin-hidrologico-1988-2026.zip"
          },
          {
            "id": "f2",
            "tipo": "primaria",
            "titulo": "Nomenclátor Geográfico Básico de España — Instituto Geográfico Nacional",
            "url": "https://api-features.ign.es/collections/namedplace/items",
            "fecha": "2026-08-07",
            "archivo": "fuentes/2026-08-07_ign_ngbe-toponimos-embalses.json"
          }
        ]
      }
    },
    {
      "type": "Feature",
      "id": "agua-embalsada:donaaldonza-guadalquivir",
      "geometry": {
        "type": "Point",
        "coordinates": [
          -3.31348,
          37.92548
        ]
      },
      "properties": {
        "slug": "donaaldonza-guadalquivir",
        "nombre": "Embalse de Doña Aldonza",
        "categoria": "embalse",
        "descripcion": "Capacidad de 23 hm³ y 23 hm³ embalsados según el parte de 2012-06-26 del Boletín Hidrológico. Demarcación: Guadalquivir.",
        "estado_registro": "historico",
        "verif": "confirmado",
        "geo_precision": "paraje",
        "geo_fuente": "«Embalse de Doña Aldonza» en el Nomenclátor Geográfico Básico de España",
        "geo_fuente__v": "confirmado",
        "geo_fuente__f": "f2",
        "fecha_alta": "2026-08-07",
        "fecha_verificacion": "2026-08-07",
        "demarcacion": "Guadalquivir",
        "capacidad_hm3": 23.0,
        "capacidad_hm3__v": "confirmado",
        "capacidad_hm3__f": "f1",
        "agua_actual_hm3": 23.0,
        "agua_actual_hm3__v": "confirmado",
        "agua_actual_hm3__f": "f1",
        "fecha_dato": "2012-06-26",
        "hidroelectrico": true,
        "claves": [
          {
            "k": "Este parte dejó de alimentarse",
            "v": "El último dato de este embalse en la serie del Boletín es de 2012-06-26, y la serie llega a agosto de 2026. No es una lectura actual: por eso el registro va como `historico` y no se borra.",
            "verif": "confirmado",
            "fuente": "f1"
          }
        ],
        "fuentes": [
          {
            "id": "f1",
            "tipo": "primaria",
            "titulo": "Boletín Hidrológico Semanal — histórico de embalses 1988-2026 (Dirección General del Agua, Ministerio para la Transición Ecológica y el Reto Demográfico)",
            "url": "https://www.miteco.gob.es/content/dam/miteco/es/agua/temas/evaluacion-de-los-recursos-hidricos/boletin-hidrologico/Historico-de-embalses/BD-Embalses.zip",
            "fecha": "2012-06-26",
            "archivo": "fuentes/2026-08-07_miteco_bd-embalses-boletin-hidrologico-1988-2026.zip"
          },
          {
            "id": "f2",
            "tipo": "primaria",
            "titulo": "Nomenclátor Geográfico Básico de España — Instituto Geográfico Nacional",
            "url": "https://api-features.ign.es/collections/namedplace/items",
            "fecha": "2026-08-07",
            "archivo": "fuentes/2026-08-07_ign_ngbe-toponimos-embalses.json"
          }
        ]
      }
    },
    {
      "type": "Feature",
      "id": "agua-embalsada:elportillo-guadalquivir",
      "geometry": {
        "type": "Point",
        "coordinates": [
          -2.78369,
          37.7959
        ]
      },
      "properties": {
        "slug": "elportillo-guadalquivir",
        "nombre": "Embalse de El Portillo",
        "categoria": "embalse",
        "descripcion": "Capacidad de 31 hm³ y 31 hm³ embalsados según el parte de 2026-08-04 del Boletín Hidrológico. Demarcación: Guadalquivir.",
        "estado_registro": "vigente",
        "verif": "confirmado",
        "geo_precision": "paraje",
        "geo_fuente": "«Embalse del Portillo» en el Nomenclátor Geográfico Básico de España",
        "geo_fuente__v": "confirmado",
        "geo_fuente__f": "f2",
        "fecha_alta": "2026-08-07",
        "fecha_verificacion": "2026-08-07",
        "demarcacion": "Guadalquivir",
        "capacidad_hm3": 31.0,
        "capacidad_hm3__v": "confirmado",
        "capacidad_hm3__f": "f1",
        "agua_actual_hm3": 31.0,
        "agua_actual_hm3__v": "confirmado",
        "agua_actual_hm3__f": "f1",
        "fecha_dato": "2026-08-04",
        "hidroelectrico": false,
        "claves": [],
        "fuentes": [
          {
            "id": "f1",
            "tipo": "primaria",
            "titulo": "Boletín Hidrológico Semanal — histórico de embalses 1988-2026 (Dirección General del Agua, Ministerio para la Transición Ecológica y el Reto Demográfico)",
            "url": "https://www.miteco.gob.es/content/dam/miteco/es/agua/temas/evaluacion-de-los-recursos-hidricos/boletin-hidrologico/Historico-de-embalses/BD-Embalses.zip",
            "fecha": "2026-08-04",
            "archivo": "fuentes/2026-08-07_miteco_bd-embalses-boletin-hidrologico-1988-2026.zip"
          },
          {
            "id": "f2",
            "tipo": "primaria",
            "titulo": "Nomenclátor Geográfico Básico de España — Instituto Geográfico Nacional",
            "url": "https://api-features.ign.es/collections/namedplace/items",
            "fecha": "2026-08-07",
            "archivo": "fuentes/2026-08-07_ign_ngbe-toponimos-embalses.json"
          }
        ]
      }
    },
    {
      "type": "Feature",
      "id": "agua-embalsada:encinarejo-guadalquivir",
      "geometry": {
        "type": "Point",
        "coordinates": [
          -3.9931,
          38.16467
        ]
      },
      "properties": {
        "slug": "encinarejo-guadalquivir",
        "nombre": "Embalse de Encinarejo",
        "categoria": "embalse",
        "descripcion": "Capacidad de 15 hm³ y 11 hm³ embalsados según el parte de 2012-06-26 del Boletín Hidrológico. Demarcación: Guadalquivir.",
        "estado_registro": "historico",
        "verif": "confirmado",
        "geo_precision": "paraje",
        "geo_fuente": "«Embalse del Encinarejo» en el Nomenclátor Geográfico Básico de España",
        "geo_fuente__v": "confirmado",
        "geo_fuente__f": "f2",
        "fecha_alta": "2026-08-07",
        "fecha_verificacion": "2026-08-07",
        "demarcacion": "Guadalquivir",
        "capacidad_hm3": 15.0,
        "capacidad_hm3__v": "confirmado",
        "capacidad_hm3__f": "f1",
        "agua_actual_hm3": 11.0,
        "agua_actual_hm3__v": "confirmado",
        "agua_actual_hm3__f": "f1",
        "fecha_dato": "2012-06-26",
        "hidroelectrico": true,
        "claves": [
          {
            "k": "Este parte dejó de alimentarse",
            "v": "El último dato de este embalse en la serie del Boletín es de 2012-06-26, y la serie llega a agosto de 2026. No es una lectura actual: por eso el registro va como `historico` y no se borra.",
            "verif": "confirmado",
            "fuente": "f1"
          }
        ],
        "fuentes": [
          {
            "id": "f1",
            "tipo": "primaria",
            "titulo": "Boletín Hidrológico Semanal — histórico de embalses 1988-2026 (Dirección General del Agua, Ministerio para la Transición Ecológica y el Reto Demográfico)",
            "url": "https://www.miteco.gob.es/content/dam/miteco/es/agua/temas/evaluacion-de-los-recursos-hidricos/boletin-hidrologico/Historico-de-embalses/BD-Embalses.zip",
            "fecha": "2012-06-26",
            "archivo": "fuentes/2026-08-07_miteco_bd-embalses-boletin-hidrologico-1988-2026.zip"
          },
          {
            "id": "f2",
            "tipo": "primaria",
            "titulo": "Nomenclátor Geográfico Básico de España — Instituto Geográfico Nacional",
            "url": "https://api-features.ign.es/collections/namedplace/items",
            "fecha": "2026-08-07",
            "archivo": "fuentes/2026-08-07_ign_ngbe-toponimos-embalses.json"
          }
        ]
      }
    },
    {
      "type": "Feature",
      "id": "agua-embalsada:fernandinala-guadalquivir",
      "geometry": {
        "type": "Point",
        "coordinates": [
          -3.56988,
          38.17951
        ]
      },
      "properties": {
        "slug": "fernandinala-guadalquivir",
        "nombre": "Embalse de Fernandina, La",
        "categoria": "embalse",
        "descripcion": "Capacidad de 247 hm³ y 195 hm³ embalsados según el parte de 2026-08-04 del Boletín Hidrológico. Demarcación: Guadalquivir.",
        "estado_registro": "vigente",
        "verif": "confirmado",
        "geo_precision": "paraje",
        "geo_fuente": "«Embalse de la Fernandina» en el Nomenclátor Geográfico Básico de España",
        "geo_fuente__v": "confirmado",
        "geo_fuente__f": "f2",
        "fecha_alta": "2026-08-07",
        "fecha_verificacion": "2026-08-07",
        "demarcacion": "Guadalquivir",
        "capacidad_hm3": 247.0,
        "capacidad_hm3__v": "confirmado",
        "capacidad_hm3__f": "f1",
        "agua_actual_hm3": 195.0,
        "agua_actual_hm3__v": "confirmado",
        "agua_actual_hm3__f": "f1",
        "fecha_dato": "2026-08-04",
        "hidroelectrico": false,
        "claves": [],
        "fuentes": [
          {
            "id": "f1",
            "tipo": "primaria",
            "titulo": "Boletín Hidrológico Semanal — histórico de embalses 1988-2026 (Dirección General del Agua, Ministerio para la Transición Ecológica y el Reto Demográfico)",
            "url": "https://www.miteco.gob.es/content/dam/miteco/es/agua/temas/evaluacion-de-los-recursos-hidricos/boletin-hidrologico/Historico-de-embalses/BD-Embalses.zip",
            "fecha": "2026-08-04",
            "archivo": "fuentes/2026-08-07_miteco_bd-embalses-boletin-hidrologico-1988-2026.zip"
          },
          {
            "id": "f2",
            "tipo": "primaria",
            "titulo": "Nomenclátor Geográfico Básico de España — Instituto Geográfico Nacional",
            "url": "https://api-features.ign.es/collections/namedplace/items",
            "fecha": "2026-08-07",
            "archivo": "fuentes/2026-08-07_ign_ngbe-toponimos-embalses.json"
          }
        ]
      }
    },
    {
      "type": "Feature",
      "id": "agua-embalsada:franciscoabellan-guadalquivir",
      "geometry": {
        "type": "Point",
        "coordinates": [
          -3.2536,
          37.31311
        ]
      },
      "properties": {
        "slug": "franciscoabellan-guadalquivir",
        "nombre": "Embalse de Francisco Abellán",
        "categoria": "embalse",
        "descripcion": "Capacidad de 58 hm³ y 29 hm³ embalsados según el parte de 2026-08-04 del Boletín Hidrológico. Demarcación: Guadalquivir.",
        "estado_registro": "vigente",
        "verif": "confirmado",
        "geo_precision": "paraje",
        "geo_fuente": "«Embalse de Francisco Abellán» en el Nomenclátor Geográfico Básico de España",
        "geo_fuente__v": "confirmado",
        "geo_fuente__f": "f2",
        "fecha_alta": "2026-08-07",
        "fecha_verificacion": "2026-08-07",
        "demarcacion": "Guadalquivir",
        "capacidad_hm3": 58.0,
        "capacidad_hm3__v": "confirmado",
        "capacidad_hm3__f": "f1",
        "agua_actual_hm3": 29.0,
        "agua_actual_hm3__v": "confirmado",
        "agua_actual_hm3__f": "f1",
        "fecha_dato": "2026-08-04",
        "hidroelectrico": false,
        "claves": [],
        "fuentes": [
          {
            "id": "f1",
            "tipo": "primaria",
            "titulo": "Boletín Hidrológico Semanal — histórico de embalses 1988-2026 (Dirección General del Agua, Ministerio para la Transición Ecológica y el Reto Demográfico)",
            "url": "https://www.miteco.gob.es/content/dam/miteco/es/agua/temas/evaluacion-de-los-recursos-hidricos/boletin-hidrologico/Historico-de-embalses/BD-Embalses.zip",
            "fecha": "2026-08-04",
            "archivo": "fuentes/2026-08-07_miteco_bd-embalses-boletin-hidrologico-1988-2026.zip"
          },
          {
            "id": "f2",
            "tipo": "primaria",
            "titulo": "Nomenclátor Geográfico Básico de España — Instituto Geográfico Nacional",
            "url": "https://api-features.ign.es/collections/namedplace/items",
            "fecha": "2026-08-07",
            "archivo": "fuentes/2026-08-07_ign_ngbe-toponimos-embalses.json"
          }
        ]
      }
    },
    {
      "type": "Feature",
      "id": "agua-embalsada:gergal-guadalquivir",
      "geometry": {
        "type": "Point",
        "coordinates": [
          -6.0495,
          37.56848
        ]
      },
      "properties": {
        "slug": "gergal-guadalquivir",
        "nombre": "Embalse de Gergal",
        "categoria": "embalse",
        "descripcion": "Capacidad de 35 hm³ y 22 hm³ embalsados según el parte de 2026-08-04 del Boletín Hidrológico. Demarcación: Guadalquivir.",
        "estado_registro": "vigente",
        "verif": "confirmado",
        "geo_precision": "paraje",
        "geo_fuente": "«Embalse de Gergal» en el Nomenclátor Geográfico Básico de España",
        "geo_fuente__v": "confirmado",
        "geo_fuente__f": "f2",
        "fecha_alta": "2026-08-07",
        "fecha_verificacion": "2026-08-07",
        "demarcacion": "Guadalquivir",
        "capacidad_hm3": 35.0,
        "capacidad_hm3__v": "confirmado",
        "capacidad_hm3__f": "f1",
        "agua_actual_hm3": 22.0,
        "agua_actual_hm3__v": "confirmado",
        "agua_actual_hm3__f": "f1",
        "fecha_dato": "2026-08-04",
        "hidroelectrico": false,
        "claves": [],
        "fuentes": [
          {
            "id": "f1",
            "tipo": "primaria",
            "titulo": "Boletín Hidrológico Semanal — histórico de embalses 1988-2026 (Dirección General del Agua, Ministerio para la Transición Ecológica y el Reto Demográfico)",
            "url": "https://www.miteco.gob.es/content/dam/miteco/es/agua/temas/evaluacion-de-los-recursos-hidricos/boletin-hidrologico/Historico-de-embalses/BD-Embalses.zip",
            "fecha": "2026-08-04",
            "archivo": "fuentes/2026-08-07_miteco_bd-embalses-boletin-hidrologico-1988-2026.zip"
          },
          {
            "id": "f2",
            "tipo": "primaria",
            "titulo": "Nomenclátor Geográfico Básico de España — Instituto Geográfico Nacional",
            "url": "https://api-features.ign.es/collections/namedplace/items",
            "fecha": "2026-08-07",
            "archivo": "fuentes/2026-08-07_ign_ngbe-toponimos-embalses.json"
          }
        ]
      }
    },
    {
      "type": "Feature",
      "id": "agua-embalsada:giribaile-guadalquivir",
      "geometry": {
        "type": "Point",
        "coordinates": [
          -3.51251,
          38.09149
        ]
      },
      "properties": {
        "slug": "giribaile-guadalquivir",
        "nombre": "Embalse de Giribaile",
        "categoria": "embalse",
        "descripcion": "Capacidad de 491 hm³ y 386 hm³ embalsados según el parte de 2026-08-04 del Boletín Hidrológico. Demarcación: Guadalquivir.",
        "estado_registro": "vigente",
        "verif": "confirmado",
        "geo_precision": "paraje",
        "geo_fuente": "«Embalse del Giribaile» en el Nomenclátor Geográfico Básico de España",
        "geo_fuente__v": "confirmado",
        "geo_fuente__f": "f2",
        "fecha_alta": "2026-08-07",
        "fecha_verificacion": "2026-08-07",
        "demarcacion": "Guadalquivir",
        "capacidad_hm3": 491.0,
        "capacidad_hm3__v": "confirmado",
        "capacidad_hm3__f": "f1",
        "agua_actual_hm3": 386.0,
        "agua_actual_hm3__v": "confirmado",
        "agua_actual_hm3__f": "f1",
        "fecha_dato": "2026-08-04",
        "hidroelectrico": false,
        "claves": [],
        "fuentes": [
          {
            "id": "f1",
            "tipo": "primaria",
            "titulo": "Boletín Hidrológico Semanal — histórico de embalses 1988-2026 (Dirección General del Agua, Ministerio para la Transición Ecológica y el Reto Demográfico)",
            "url": "https://www.miteco.gob.es/content/dam/miteco/es/agua/temas/evaluacion-de-los-recursos-hidricos/boletin-hidrologico/Historico-de-embalses/BD-Embalses.zip",
            "fecha": "2026-08-04",
            "archivo": "fuentes/2026-08-07_miteco_bd-embalses-boletin-hidrologico-1988-2026.zip"
          },
          {
            "id": "f2",
            "tipo": "primaria",
            "titulo": "Nomenclátor Geográfico Básico de España — Instituto Geográfico Nacional",
            "url": "https://api-features.ign.es/collections/namedplace/items",
            "fecha": "2026-08-07",
            "archivo": "fuentes/2026-08-07_ign_ngbe-toponimos-embalses.json"
          }
        ]
      }
    },
    {
      "type": "Feature",
      "id": "agua-embalsada:guadalmellato-guadalquivir",
      "geometry": {
        "type": "Point",
        "coordinates": [
          -4.67279,
          38.04309
        ]
      },
      "properties": {
        "slug": "guadalmellato-guadalquivir",
        "nombre": "Embalse de Guadalmellato",
        "categoria": "embalse",
        "descripcion": "Capacidad de 145 hm³ y 125 hm³ embalsados según el parte de 2026-08-04 del Boletín Hidrológico. Demarcación: Guadalquivir.",
        "estado_registro": "vigente",
        "verif": "confirmado",
        "geo_precision": "paraje",
        "geo_fuente": "«Embalse del Guadalmellato» en el Nomenclátor Geográfico Básico de España",
        "geo_fuente__v": "confirmado",
        "geo_fuente__f": "f2",
        "fecha_alta": "2026-08-07",
        "fecha_verificacion": "2026-08-07",
        "demarcacion": "Guadalquivir",
        "capacidad_hm3": 145.0,
        "capacidad_hm3__v": "confirmado",
        "capacidad_hm3__f": "f1",
        "agua_actual_hm3": 125.0,
        "agua_actual_hm3__v": "confirmado",
        "agua_actual_hm3__f": "f1",
        "fecha_dato": "2026-08-04",
        "hidroelectrico": false,
        "claves": [],
        "fuentes": [
          {
            "id": "f1",
            "tipo": "primaria",
            "titulo": "Boletín Hidrológico Semanal — histórico de embalses 1988-2026 (Dirección General del Agua, Ministerio para la Transición Ecológica y el Reto Demográfico)",
            "url": "https://www.miteco.gob.es/content/dam/miteco/es/agua/temas/evaluacion-de-los-recursos-hidricos/boletin-hidrologico/Historico-de-embalses/BD-Embalses.zip",
            "fecha": "2026-08-04",
            "archivo": "fuentes/2026-08-07_miteco_bd-embalses-boletin-hidrologico-1988-2026.zip"
          },
          {
            "id": "f2",
            "tipo": "primaria",
            "titulo": "Nomenclátor Geográfico Básico de España — Instituto Geográfico Nacional",
            "url": "https://api-features.ign.es/collections/namedplace/items",
            "fecha": "2026-08-07",
            "archivo": "fuentes/2026-08-07_ign_ngbe-toponimos-embalses.json"
          }
        ]
      }
    },
    {
      "type": "Feature",
      "id": "agua-embalsada:guadalmena-guadalquivir",
      "geometry": {
        "type": "Point",
        "coordinates": [
          -2.91431,
          38.36371
        ]
      },
      "properties": {
        "slug": "guadalmena-guadalquivir",
        "nombre": "Embalse de Guadalmena",
        "categoria": "embalse",
        "descripcion": "Capacidad de 345 hm³ y 299 hm³ embalsados según el parte de 2026-08-04 del Boletín Hidrológico. Demarcación: Guadalquivir.",
        "estado_registro": "vigente",
        "verif": "confirmado",
        "geo_precision": "paraje",
        "geo_fuente": "«Embalse del Guadalmena» en el Nomenclátor Geográfico Básico de España",
        "geo_fuente__v": "confirmado",
        "geo_fuente__f": "f2",
        "fecha_alta": "2026-08-07",
        "fecha_verificacion": "2026-08-07",
        "demarcacion": "Guadalquivir",
        "capacidad_hm3": 345.0,
        "capacidad_hm3__v": "confirmado",
        "capacidad_hm3__f": "f1",
        "agua_actual_hm3": 299.0,
        "agua_actual_hm3__v": "confirmado",
        "agua_actual_hm3__f": "f1",
        "fecha_dato": "2026-08-04",
        "hidroelectrico": false,
        "claves": [],
        "fuentes": [
          {
            "id": "f1",
            "tipo": "primaria",
            "titulo": "Boletín Hidrológico Semanal — histórico de embalses 1988-2026 (Dirección General del Agua, Ministerio para la Transición Ecológica y el Reto Demográfico)",
            "url": "https://www.miteco.gob.es/content/dam/miteco/es/agua/temas/evaluacion-de-los-recursos-hidricos/boletin-hidrologico/Historico-de-embalses/BD-Embalses.zip",
            "fecha": "2026-08-04",
            "archivo": "fuentes/2026-08-07_miteco_bd-embalses-boletin-hidrologico-1988-2026.zip"
          },
          {
            "id": "f2",
            "tipo": "primaria",
            "titulo": "Nomenclátor Geográfico Básico de España — Instituto Geográfico Nacional",
            "url": "https://api-features.ign.es/collections/namedplace/items",
            "fecha": "2026-08-07",
            "archivo": "fuentes/2026-08-07_ign_ngbe-toponimos-embalses.json"
          }
        ]
      }
    },
    {
      "type": "Feature",
      "id": "agua-embalsada:huesna-guadalquivir",
      "geometry": {
        "type": "Point",
        "coordinates": [
          -5.685,
          37.77069
        ]
      },
      "properties": {
        "slug": "huesna-guadalquivir",
        "nombre": "Embalse de Huesna",
        "categoria": "embalse",
        "descripcion": "Capacidad de 135 hm³ y 96 hm³ embalsados según el parte de 2026-08-04 del Boletín Hidrológico. Demarcación: Guadalquivir.",
        "estado_registro": "vigente",
        "verif": "confirmado",
        "geo_precision": "paraje",
        "geo_fuente": "«Embalse de Huesna» en el Nomenclátor Geográfico Básico de España",
        "geo_fuente__v": "confirmado",
        "geo_fuente__f": "f2",
        "fecha_alta": "2026-08-07",
        "fecha_verificacion": "2026-08-07",
        "demarcacion": "Guadalquivir",
        "capacidad_hm3": 135.0,
        "capacidad_hm3__v": "confirmado",
        "capacidad_hm3__f": "f1",
        "agua_actual_hm3": 96.0,
        "agua_actual_hm3__v": "confirmado",
        "agua_actual_hm3__f": "f1",
        "fecha_dato": "2026-08-04",
        "hidroelectrico": false,
        "claves": [],
        "fuentes": [
          {
            "id": "f1",
            "tipo": "primaria",
            "titulo": "Boletín Hidrológico Semanal — histórico de embalses 1988-2026 (Dirección General del Agua, Ministerio para la Transición Ecológica y el Reto Demográfico)",
            "url": "https://www.miteco.gob.es/content/dam/miteco/es/agua/temas/evaluacion-de-los-recursos-hidricos/boletin-hidrologico/Historico-de-embalses/BD-Embalses.zip",
            "fecha": "2026-08-04",
            "archivo": "fuentes/2026-08-07_miteco_bd-embalses-boletin-hidrologico-1988-2026.zip"
          },
          {
            "id": "f2",
            "tipo": "primaria",
            "titulo": "Nomenclátor Geográfico Básico de España — Instituto Geográfico Nacional",
            "url": "https://api-features.ign.es/collections/namedplace/items",
            "fecha": "2026-08-07",
            "archivo": "fuentes/2026-08-07_ign_ngbe-toponimos-embalses.json"
          }
        ]
      }
    },
    {
      "type": "Feature",
      "id": "agua-embalsada:iznajar-guadalquivir",
      "geometry": {
        "type": "Point",
        "coordinates": [
          -4.38647,
          37.2757
        ]
      },
      "properties": {
        "slug": "iznajar-guadalquivir",
        "nombre": "Embalse de Iznájar",
        "categoria": "embalse",
        "descripcion": "Capacidad de 920 hm³ y 744 hm³ embalsados según el parte de 2026-08-04 del Boletín Hidrológico. Demarcación: Guadalquivir.",
        "estado_registro": "vigente",
        "verif": "confirmado",
        "geo_precision": "paraje",
        "geo_fuente": "«Embalse de Iznájar» en el Nomenclátor Geográfico Básico de España",
        "geo_fuente__v": "confirmado",
        "geo_fuente__f": "f2",
        "fecha_alta": "2026-08-07",
        "fecha_verificacion": "2026-08-07",
        "demarcacion": "Guadalquivir",
        "capacidad_hm3": 920.0,
        "capacidad_hm3__v": "confirmado",
        "capacidad_hm3__f": "f1",
        "agua_actual_hm3": 744.0,
        "agua_actual_hm3__v": "confirmado",
        "agua_actual_hm3__f": "f1",
        "fecha_dato": "2026-08-04",
        "hidroelectrico": false,
        "claves": [],
        "fuentes": [
          {
            "id": "f1",
            "tipo": "primaria",
            "titulo": "Boletín Hidrológico Semanal — histórico de embalses 1988-2026 (Dirección General del Agua, Ministerio para la Transición Ecológica y el Reto Demográfico)",
            "url": "https://www.miteco.gob.es/content/dam/miteco/es/agua/temas/evaluacion-de-los-recursos-hidricos/boletin-hidrologico/Historico-de-embalses/BD-Embalses.zip",
            "fecha": "2026-08-04",
            "archivo": "fuentes/2026-08-07_miteco_bd-embalses-boletin-hidrologico-1988-2026.zip"
          },
          {
            "id": "f2",
            "tipo": "primaria",
            "titulo": "Nomenclátor Geográfico Básico de España — Instituto Geográfico Nacional",
            "url": "https://api-features.ign.es/collections/namedplace/items",
            "fecha": "2026-08-07",
            "archivo": "fuentes/2026-08-07_ign_ngbe-toponimos-embalses.json"
          }
        ]
      }
    },
    {
      "type": "Feature",
      "id": "agua-embalsada:josetoran-guadalquivir",
      "geometry": {
        "type": "Point",
        "coordinates": [
          -5.48529,
          37.74933
        ]
      },
      "properties": {
        "slug": "josetoran-guadalquivir",
        "nombre": "Embalse de José Torán",
        "categoria": "embalse",
        "descripcion": "Capacidad de 101 hm³ y 73 hm³ embalsados según el parte de 2026-08-04 del Boletín Hidrológico. Demarcación: Guadalquivir.",
        "estado_registro": "vigente",
        "verif": "confirmado",
        "geo_precision": "paraje",
        "geo_fuente": "«Embalse de José Torán» en el Nomenclátor Geográfico Básico de España",
        "geo_fuente__v": "confirmado",
        "geo_fuente__f": "f2",
        "fecha_alta": "2026-08-07",
        "fecha_verificacion": "2026-08-07",
        "demarcacion": "Guadalquivir",
        "capacidad_hm3": 101.0,
        "capacidad_hm3__v": "confirmado",
        "capacidad_hm3__f": "f1",
        "agua_actual_hm3": 73.0,
        "agua_actual_hm3__v": "confirmado",
        "agua_actual_hm3__f": "f1",
        "fecha_dato": "2026-08-04",
        "hidroelectrico": false,
        "claves": [],
        "fuentes": [
          {
            "id": "f1",
            "tipo": "primaria",
            "titulo": "Boletín Hidrológico Semanal — histórico de embalses 1988-2026 (Dirección General del Agua, Ministerio para la Transición Ecológica y el Reto Demográfico)",
            "url": "https://www.miteco.gob.es/content/dam/miteco/es/agua/temas/evaluacion-de-los-recursos-hidricos/boletin-hidrologico/Historico-de-embalses/BD-Embalses.zip",
            "fecha": "2026-08-04",
            "archivo": "fuentes/2026-08-07_miteco_bd-embalses-boletin-hidrologico-1988-2026.zip"
          },
          {
            "id": "f2",
            "tipo": "primaria",
            "titulo": "Nomenclátor Geográfico Básico de España — Instituto Geográfico Nacional",
            "url": "https://api-features.ign.es/collections/namedplace/items",
            "fecha": "2026-08-07",
            "archivo": "fuentes/2026-08-07_ign_ngbe-toponimos-embalses.json"
          }
        ]
      }
    },
    {
      "type": "Feature",
      "id": "agua-embalsada:jandula-guadalquivir",
      "geometry": {
        "type": "Point",
        "coordinates": [
          -3.974,
          38.22491
        ]
      },
      "properties": {
        "slug": "jandula-guadalquivir",
        "nombre": "Embalse de Jándula",
        "categoria": "embalse",
        "descripcion": "Capacidad de 325 hm³ y 233 hm³ embalsados según el parte de 2026-08-04 del Boletín Hidrológico. Demarcación: Guadalquivir.",
        "estado_registro": "vigente",
        "verif": "confirmado",
        "geo_precision": "paraje",
        "geo_fuente": "«Embalse del Jándula» en el Nomenclátor Geográfico Básico de España",
        "geo_fuente__v": "confirmado",
        "geo_fuente__f": "f2",
        "fecha_alta": "2026-08-07",
        "fecha_verificacion": "2026-08-07",
        "demarcacion": "Guadalquivir",
        "capacidad_hm3": 325.0,
        "capacidad_hm3__v": "confirmado",
        "capacidad_hm3__f": "f1",
        "agua_actual_hm3": 233.0,
        "agua_actual_hm3__v": "confirmado",
        "agua_actual_hm3__f": "f1",
        "fecha_dato": "2026-08-04",
        "hidroelectrico": false,
        "claves": [],
        "fuentes": [
          {
            "id": "f1",
            "tipo": "primaria",
            "titulo": "Boletín Hidrológico Semanal — histórico de embalses 1988-2026 (Dirección General del Agua, Ministerio para la Transición Ecológica y el Reto Demográfico)",
            "url": "https://www.miteco.gob.es/content/dam/miteco/es/agua/temas/evaluacion-de-los-recursos-hidricos/boletin-hidrologico/Historico-de-embalses/BD-Embalses.zip",
            "fecha": "2026-08-04",
            "archivo": "fuentes/2026-08-07_miteco_bd-embalses-boletin-hidrologico-1988-2026.zip"
          },
          {
            "id": "f2",
            "tipo": "primaria",
            "titulo": "Nomenclátor Geográfico Básico de España — Instituto Geográfico Nacional",
            "url": "https://api-features.ign.es/collections/namedplace/items",
            "fecha": "2026-08-07",
            "archivo": "fuentes/2026-08-07_ign_ngbe-toponimos-embalses.json"
          }
        ]
      }
    },
    {
      "type": "Feature",
      "id": "agua-embalsada:malpasillojauja-guadalquivir",
      "geometry": {
        "type": "Point",
        "coordinates": [
          -4.67639,
          37.29889
        ]
      },
      "properties": {
        "slug": "malpasillojauja-guadalquivir",
        "nombre": "Embalse de Malpasillo ( Jauja )",
        "categoria": "embalse",
        "descripcion": "Capacidad de 6 hm³ y 6 hm³ embalsados según el parte de 2012-06-26 del Boletín Hidrológico. Demarcación: Guadalquivir.",
        "estado_registro": "historico",
        "verif": "confirmado",
        "geo_precision": "paraje",
        "geo_fuente": "«Embalse de Malpasillo» en el Nomenclátor Geográfico Básico de España",
        "geo_fuente__v": "confirmado",
        "geo_fuente__f": "f2",
        "fecha_alta": "2026-08-07",
        "fecha_verificacion": "2026-08-07",
        "demarcacion": "Guadalquivir",
        "capacidad_hm3": 6.0,
        "capacidad_hm3__v": "confirmado",
        "capacidad_hm3__f": "f1",
        "agua_actual_hm3": 6.0,
        "agua_actual_hm3__v": "confirmado",
        "agua_actual_hm3__f": "f1",
        "fecha_dato": "2012-06-26",
        "hidroelectrico": false,
        "claves": [
          {
            "k": "Este parte dejó de alimentarse",
            "v": "El último dato de este embalse en la serie del Boletín es de 2012-06-26, y la serie llega a agosto de 2026. No es una lectura actual: por eso el registro va como `historico` y no se borra.",
            "verif": "confirmado",
            "fuente": "f1"
          }
        ],
        "fuentes": [
          {
            "id": "f1",
            "tipo": "primaria",
            "titulo": "Boletín Hidrológico Semanal — histórico de embalses 1988-2026 (Dirección General del Agua, Ministerio para la Transición Ecológica y el Reto Demográfico)",
            "url": "https://www.miteco.gob.es/content/dam/miteco/es/agua/temas/evaluacion-de-los-recursos-hidricos/boletin-hidrologico/Historico-de-embalses/BD-Embalses.zip",
            "fecha": "2012-06-26",
            "archivo": "fuentes/2026-08-07_miteco_bd-embalses-boletin-hidrologico-1988-2026.zip"
          },
          {
            "id": "f2",
            "tipo": "primaria",
            "titulo": "Nomenclátor Geográfico Básico de España — Instituto Geográfico Nacional",
            "url": "https://api-features.ign.es/collections/namedplace/items",
            "fecha": "2026-08-07",
            "archivo": "fuentes/2026-08-07_ign_ngbe-toponimos-embalses.json"
          }
        ]
      }
    },
    {
      "type": "Feature",
      "id": "agua-embalsada:marmolejo-guadalquivir",
      "geometry": {
        "type": "Point",
        "coordinates": [
          -4.18671,
          38.05847
        ]
      },
      "properties": {
        "slug": "marmolejo-guadalquivir",
        "nombre": "Embalse de Marmolejo",
        "categoria": "embalse",
        "descripcion": "Capacidad de 10 hm³ y 10 hm³ embalsados según el parte de 2012-06-26 del Boletín Hidrológico. Demarcación: Guadalquivir.",
        "estado_registro": "historico",
        "verif": "confirmado",
        "geo_precision": "paraje",
        "geo_fuente": "«Embalse de Marmolejo» en el Nomenclátor Geográfico Básico de España",
        "geo_fuente__v": "confirmado",
        "geo_fuente__f": "f2",
        "fecha_alta": "2026-08-07",
        "fecha_verificacion": "2026-08-07",
        "demarcacion": "Guadalquivir",
        "capacidad_hm3": 10.0,
        "capacidad_hm3__v": "confirmado",
        "capacidad_hm3__f": "f1",
        "agua_actual_hm3": 10.0,
        "agua_actual_hm3__v": "confirmado",
        "agua_actual_hm3__f": "f1",
        "fecha_dato": "2012-06-26",
        "hidroelectrico": true,
        "claves": [
          {
            "k": "Este parte dejó de alimentarse",
            "v": "El último dato de este embalse en la serie del Boletín es de 2012-06-26, y la serie llega a agosto de 2026. No es una lectura actual: por eso el registro va como `historico` y no se borra.",
            "verif": "confirmado",
            "fuente": "f1"
          }
        ],
        "fuentes": [
          {
            "id": "f1",
            "tipo": "primaria",
            "titulo": "Boletín Hidrológico Semanal — histórico de embalses 1988-2026 (Dirección General del Agua, Ministerio para la Transición Ecológica y el Reto Demográfico)",
            "url": "https://www.miteco.gob.es/content/dam/miteco/es/agua/temas/evaluacion-de-los-recursos-hidricos/boletin-hidrologico/Historico-de-embalses/BD-Embalses.zip",
            "fecha": "2012-06-26",
            "archivo": "fuentes/2026-08-07_miteco_bd-embalses-boletin-hidrologico-1988-2026.zip"
          },
          {
            "id": "f2",
            "tipo": "primaria",
            "titulo": "Nomenclátor Geográfico Básico de España — Instituto Geográfico Nacional",
            "url": "https://api-features.ign.es/collections/namedplace/items",
            "fecha": "2026-08-07",
            "archivo": "fuentes/2026-08-07_ign_ngbe-toponimos-embalses.json"
          }
        ]
      }
    },
    {
      "type": "Feature",
      "id": "agua-embalsada:martingonzalo-guadalquivir",
      "geometry": {
        "type": "Point",
        "coordinates": [
          -4.33911,
          38.09192
        ]
      },
      "properties": {
        "slug": "martingonzalo-guadalquivir",
        "nombre": "Embalse de Martín Gonzalo",
        "categoria": "embalse",
        "descripcion": "Capacidad de 20 hm³ y 15 hm³ embalsados según el parte de 2026-08-04 del Boletín Hidrológico. Demarcación: Guadalquivir.",
        "estado_registro": "vigente",
        "verif": "confirmado",
        "geo_precision": "paraje",
        "geo_fuente": "«Embalse de Martín Gonzalo» en el Nomenclátor Geográfico Básico de España",
        "geo_fuente__v": "confirmado",
        "geo_fuente__f": "f2",
        "fecha_alta": "2026-08-07",
        "fecha_verificacion": "2026-08-07",
        "demarcacion": "Guadalquivir",
        "capacidad_hm3": 20.0,
        "capacidad_hm3__v": "confirmado",
        "capacidad_hm3__f": "f1",
        "agua_actual_hm3": 15.0,
        "agua_actual_hm3__v": "confirmado",
        "agua_actual_hm3__f": "f1",
        "fecha_dato": "2026-08-04",
        "hidroelectrico": false,
        "claves": [],
        "fuentes": [
          {
            "id": "f1",
            "tipo": "primaria",
            "titulo": "Boletín Hidrológico Semanal — histórico de embalses 1988-2026 (Dirección General del Agua, Ministerio para la Transición Ecológica y el Reto Demográfico)",
            "url": "https://www.miteco.gob.es/content/dam/miteco/es/agua/temas/evaluacion-de-los-recursos-hidricos/boletin-hidrologico/Historico-de-embalses/BD-Embalses.zip",
            "fecha": "2026-08-04",
            "archivo": "fuentes/2026-08-07_miteco_bd-embalses-boletin-hidrologico-1988-2026.zip"
          },
          {
            "id": "f2",
            "tipo": "primaria",
            "titulo": "Nomenclátor Geográfico Básico de España — Instituto Geográfico Nacional",
            "url": "https://api-features.ign.es/collections/namedplace/items",
            "fecha": "2026-08-07",
            "archivo": "fuentes/2026-08-07_ign_ngbe-toponimos-embalses.json"
          }
        ]
      }
    },
    {
      "type": "Feature",
      "id": "agua-embalsada:melonareslos-guadalquivir",
      "geometry": {
        "type": "Point",
        "coordinates": [
          -5.89376,
          37.76967
        ]
      },
      "properties": {
        "slug": "melonareslos-guadalquivir",
        "nombre": "Embalse de Melonares, Los",
        "categoria": "embalse",
        "descripcion": "Capacidad de 186 hm³ y 163 hm³ embalsados según el parte de 2026-08-04 del Boletín Hidrológico. Demarcación: Guadalquivir.",
        "estado_registro": "vigente",
        "verif": "confirmado",
        "geo_precision": "paraje",
        "geo_fuente": "«Embalse de los Melonares» en el Nomenclátor Geográfico Básico de España",
        "geo_fuente__v": "confirmado",
        "geo_fuente__f": "f2",
        "fecha_alta": "2026-08-07",
        "fecha_verificacion": "2026-08-07",
        "demarcacion": "Guadalquivir",
        "capacidad_hm3": 186.0,
        "capacidad_hm3__v": "confirmado",
        "capacidad_hm3__f": "f1",
        "agua_actual_hm3": 163.0,
        "agua_actual_hm3__v": "confirmado",
        "agua_actual_hm3__f": "f1",
        "fecha_dato": "2026-08-04",
        "hidroelectrico": false,
        "claves": [],
        "fuentes": [
          {
            "id": "f1",
            "tipo": "primaria",
            "titulo": "Boletín Hidrológico Semanal — histórico de embalses 1988-2026 (Dirección General del Agua, Ministerio para la Transición Ecológica y el Reto Demográfico)",
            "url": "https://www.miteco.gob.es/content/dam/miteco/es/agua/temas/evaluacion-de-los-recursos-hidricos/boletin-hidrologico/Historico-de-embalses/BD-Embalses.zip",
            "fecha": "2026-08-04",
            "archivo": "fuentes/2026-08-07_miteco_bd-embalses-boletin-hidrologico-1988-2026.zip"
          },
          {
            "id": "f2",
            "tipo": "primaria",
            "titulo": "Nomenclátor Geográfico Básico de España — Instituto Geográfico Nacional",
            "url": "https://api-features.ign.es/collections/namedplace/items",
            "fecha": "2026-08-07",
            "archivo": "fuentes/2026-08-07_ign_ngbe-toponimos-embalses.json"
          }
        ]
      }
    },
    {
      "type": "Feature",
      "id": "agua-embalsada:minillala-guadalquivir",
      "geometry": {
        "type": "Point",
        "coordinates": [
          -6.20288,
          37.69128
        ]
      },
      "properties": {
        "slug": "minillala-guadalquivir",
        "nombre": "Embalse de Minilla, La",
        "categoria": "embalse",
        "descripcion": "Capacidad de 58 hm³ y 37 hm³ embalsados según el parte de 2026-08-04 del Boletín Hidrológico. Demarcación: Guadalquivir.",
        "estado_registro": "vigente",
        "verif": "confirmado",
        "geo_precision": "paraje",
        "geo_fuente": "«Embalse de la Minilla» en el Nomenclátor Geográfico Básico de España",
        "geo_fuente__v": "confirmado",
        "geo_fuente__f": "f2",
        "fecha_alta": "2026-08-07",
        "fecha_verificacion": "2026-08-07",
        "demarcacion": "Guadalquivir",
        "capacidad_hm3": 58.0,
        "capacidad_hm3__v": "confirmado",
        "capacidad_hm3__f": "f1",
        "agua_actual_hm3": 37.0,
        "agua_actual_hm3__v": "confirmado",
        "agua_actual_hm3__f": "f1",
        "fecha_dato": "2026-08-04",
        "hidroelectrico": false,
        "claves": [],
        "fuentes": [
          {
            "id": "f1",
            "tipo": "primaria",
            "titulo": "Boletín Hidrológico Semanal — histórico de embalses 1988-2026 (Dirección General del Agua, Ministerio para la Transición Ecológica y el Reto Demográfico)",
            "url": "https://www.miteco.gob.es/content/dam/miteco/es/agua/temas/evaluacion-de-los-recursos-hidricos/boletin-hidrologico/Historico-de-embalses/BD-Embalses.zip",
            "fecha": "2026-08-04",
            "archivo": "fuentes/2026-08-07_miteco_bd-embalses-boletin-hidrologico-1988-2026.zip"
          },
          {
            "id": "f2",
            "tipo": "primaria",
            "titulo": "Nomenclátor Geográfico Básico de España — Instituto Geográfico Nacional",
            "url": "https://api-features.ign.es/collections/namedplace/items",
            "fecha": "2026-08-07",
            "archivo": "fuentes/2026-08-07_ign_ngbe-toponimos-embalses.json"
          }
        ]
      }
    },
    {
      "type": "Feature",
      "id": "agua-embalsada:negratin-guadalquivir",
      "geometry": {
        "type": "Point",
        "coordinates": [
          -2.95453,
          37.55988
        ]
      },
      "properties": {
        "slug": "negratin-guadalquivir",
        "nombre": "Embalse de Negratín",
        "categoria": "embalse",
        "descripcion": "Capacidad de 571 hm³ y 355 hm³ embalsados según el parte de 2026-08-04 del Boletín Hidrológico. Demarcación: Guadalquivir.",
        "estado_registro": "vigente",
        "verif": "confirmado",
        "geo_precision": "paraje",
        "geo_fuente": "«Embalse de Negratín» en el Nomenclátor Geográfico Básico de España",
        "geo_fuente__v": "confirmado",
        "geo_fuente__f": "f2",
        "fecha_alta": "2026-08-07",
        "fecha_verificacion": "2026-08-07",
        "demarcacion": "Guadalquivir",
        "capacidad_hm3": 571.0,
        "capacidad_hm3__v": "confirmado",
        "capacidad_hm3__f": "f1",
        "agua_actual_hm3": 355.0,
        "agua_actual_hm3__v": "confirmado",
        "agua_actual_hm3__f": "f1",
        "fecha_dato": "2026-08-04",
        "hidroelectrico": false,
        "claves": [],
        "fuentes": [
          {
            "id": "f1",
            "tipo": "primaria",
            "titulo": "Boletín Hidrológico Semanal — histórico de embalses 1988-2026 (Dirección General del Agua, Ministerio para la Transición Ecológica y el Reto Demográfico)",
            "url": "https://www.miteco.gob.es/content/dam/miteco/es/agua/temas/evaluacion-de-los-recursos-hidricos/boletin-hidrologico/Historico-de-embalses/BD-Embalses.zip",
            "fecha": "2026-08-04",
            "archivo": "fuentes/2026-08-07_miteco_bd-embalses-boletin-hidrologico-1988-2026.zip"
          },
          {
            "id": "f2",
            "tipo": "primaria",
            "titulo": "Nomenclátor Geográfico Básico de España — Instituto Geográfico Nacional",
            "url": "https://api-features.ign.es/collections/namedplace/items",
            "fecha": "2026-08-07",
            "archivo": "fuentes/2026-08-07_ign_ngbe-toponimos-embalses.json"
          }
        ]
      }
    },
    {
      "type": "Feature",
      "id": "agua-embalsada:pedromarin-guadalquivir",
      "geometry": {
        "type": "Point",
        "coordinates": [
          -3.41272,
          37.90912
        ]
      },
      "properties": {
        "slug": "pedromarin-guadalquivir",
        "nombre": "Embalse de Pedro Marín",
        "categoria": "embalse",
        "descripcion": "Capacidad de 19 hm³ y 18 hm³ embalsados según el parte de 2012-06-26 del Boletín Hidrológico. Demarcación: Guadalquivir.",
        "estado_registro": "historico",
        "verif": "confirmado",
        "geo_precision": "paraje",
        "geo_fuente": "«Embalse de Pedro Marín» en el Nomenclátor Geográfico Básico de España",
        "geo_fuente__v": "confirmado",
        "geo_fuente__f": "f2",
        "fecha_alta": "2026-08-07",
        "fecha_verificacion": "2026-08-07",
        "demarcacion": "Guadalquivir",
        "capacidad_hm3": 19.0,
        "capacidad_hm3__v": "confirmado",
        "capacidad_hm3__f": "f1",
        "agua_actual_hm3": 18.0,
        "agua_actual_hm3__v": "confirmado",
        "agua_actual_hm3__f": "f1",
        "fecha_dato": "2012-06-26",
        "hidroelectrico": false,
        "claves": [
          {
            "k": "Este parte dejó de alimentarse",
            "v": "El último dato de este embalse en la serie del Boletín es de 2012-06-26, y la serie llega a agosto de 2026. No es una lectura actual: por eso el registro va como `historico` y no se borra.",
            "verif": "confirmado",
            "fuente": "f1"
          }
        ],
        "fuentes": [
          {
            "id": "f1",
            "tipo": "primaria",
            "titulo": "Boletín Hidrológico Semanal — histórico de embalses 1988-2026 (Dirección General del Agua, Ministerio para la Transición Ecológica y el Reto Demográfico)",
            "url": "https://www.miteco.gob.es/content/dam/miteco/es/agua/temas/evaluacion-de-los-recursos-hidricos/boletin-hidrologico/Historico-de-embalses/BD-Embalses.zip",
            "fecha": "2012-06-26",
            "archivo": "fuentes/2026-08-07_miteco_bd-embalses-boletin-hidrologico-1988-2026.zip"
          },
          {
            "id": "f2",
            "tipo": "primaria",
            "titulo": "Nomenclátor Geográfico Básico de España — Instituto Geográfico Nacional",
            "url": "https://api-features.ign.es/collections/namedplace/items",
            "fecha": "2026-08-07",
            "archivo": "fuentes/2026-08-07_ign_ngbe-toponimos-embalses.json"
          }
        ]
      }
    },
    {
      "type": "Feature",
      "id": "agua-embalsada:puebladecazalla-guadalquivir",
      "geometry": {
        "type": "Point",
        "coordinates": [
          -5.24341,
          37.1297
        ]
      },
      "properties": {
        "slug": "puebladecazalla-guadalquivir",
        "nombre": "Embalse de Puebla de Cazalla",
        "categoria": "embalse",
        "descripcion": "Capacidad de 63 hm³ y 47 hm³ embalsados según el parte de 2026-08-04 del Boletín Hidrológico. Demarcación: Guadalquivir.",
        "estado_registro": "vigente",
        "verif": "confirmado",
        "geo_precision": "paraje",
        "geo_fuente": "«Embalse de la Puebla de Cazalla» en el Nomenclátor Geográfico Básico de España",
        "geo_fuente__v": "confirmado",
        "geo_fuente__f": "f2",
        "fecha_alta": "2026-08-07",
        "fecha_verificacion": "2026-08-07",
        "demarcacion": "Guadalquivir",
        "capacidad_hm3": 63.0,
        "capacidad_hm3__v": "confirmado",
        "capacidad_hm3__f": "f1",
        "agua_actual_hm3": 47.0,
        "agua_actual_hm3__v": "confirmado",
        "agua_actual_hm3__f": "f1",
        "fecha_dato": "2026-08-04",
        "hidroelectrico": false,
        "claves": [],
        "fuentes": [
          {
            "id": "f1",
            "tipo": "primaria",
            "titulo": "Boletín Hidrológico Semanal — histórico de embalses 1988-2026 (Dirección General del Agua, Ministerio para la Transición Ecológica y el Reto Demográfico)",
            "url": "https://www.miteco.gob.es/content/dam/miteco/es/agua/temas/evaluacion-de-los-recursos-hidricos/boletin-hidrologico/Historico-de-embalses/BD-Embalses.zip",
            "fecha": "2026-08-04",
            "archivo": "fuentes/2026-08-07_miteco_bd-embalses-boletin-hidrologico-1988-2026.zip"
          },
          {
            "id": "f2",
            "tipo": "primaria",
            "titulo": "Nomenclátor Geográfico Básico de España — Instituto Geográfico Nacional",
            "url": "https://api-features.ign.es/collections/namedplace/items",
            "fecha": "2026-08-07",
            "archivo": "fuentes/2026-08-07_ign_ngbe-toponimos-embalses.json"
          }
        ]
      }
    },
    {
      "type": "Feature",
      "id": "agua-embalsada:quiebrajano-guadalquivir",
      "geometry": {
        "type": "Point",
        "coordinates": [
          -3.72882,
          37.63287
        ]
      },
      "properties": {
        "slug": "quiebrajano-guadalquivir",
        "nombre": "Embalse de Quiebrajano",
        "categoria": "embalse",
        "descripcion": "Capacidad de 33 hm³ y 29 hm³ embalsados según el parte de 2026-08-04 del Boletín Hidrológico. Demarcación: Guadalquivir.",
        "estado_registro": "vigente",
        "verif": "confirmado",
        "geo_precision": "paraje",
        "geo_fuente": "«Embalse de Quiebrajano» en el Nomenclátor Geográfico Básico de España",
        "geo_fuente__v": "confirmado",
        "geo_fuente__f": "f2",
        "fecha_alta": "2026-08-07",
        "fecha_verificacion": "2026-08-07",
        "demarcacion": "Guadalquivir",
        "capacidad_hm3": 33.0,
        "capacidad_hm3__v": "confirmado",
        "capacidad_hm3__f": "f1",
        "agua_actual_hm3": 29.0,
        "agua_actual_hm3__v": "confirmado",
        "agua_actual_hm3__f": "f1",
        "fecha_dato": "2026-08-04",
        "hidroelectrico": false,
        "claves": [],
        "fuentes": [
          {
            "id": "f1",
            "tipo": "primaria",
            "titulo": "Boletín Hidrológico Semanal — histórico de embalses 1988-2026 (Dirección General del Agua, Ministerio para la Transición Ecológica y el Reto Demográfico)",
            "url": "https://www.miteco.gob.es/content/dam/miteco/es/agua/temas/evaluacion-de-los-recursos-hidricos/boletin-hidrologico/Historico-de-embalses/BD-Embalses.zip",
            "fecha": "2026-08-04",
            "archivo": "fuentes/2026-08-07_miteco_bd-embalses-boletin-hidrologico-1988-2026.zip"
          },
          {
            "id": "f2",
            "tipo": "primaria",
            "titulo": "Nomenclátor Geográfico Básico de España — Instituto Geográfico Nacional",
            "url": "https://api-features.ign.es/collections/namedplace/items",
            "fecha": "2026-08-07",
            "archivo": "fuentes/2026-08-07_ign_ngbe-toponimos-embalses.json"
          }
        ]
      }
    },
    {
      "type": "Feature",
      "id": "agua-embalsada:quentar-guadalquivir",
      "geometry": {
        "type": "Point",
        "coordinates": [
          -3.43799,
          37.20331
        ]
      },
      "properties": {
        "slug": "quentar-guadalquivir",
        "nombre": "Embalse de Quéntar",
        "categoria": "embalse",
        "descripcion": "Capacidad de 14 hm³ y 9 hm³ embalsados según el parte de 2026-08-04 del Boletín Hidrológico. Demarcación: Guadalquivir.",
        "estado_registro": "vigente",
        "verif": "confirmado",
        "geo_precision": "paraje",
        "geo_fuente": "«Embalse de Quéntar» en el Nomenclátor Geográfico Básico de España",
        "geo_fuente__v": "confirmado",
        "geo_fuente__f": "f2",
        "fecha_alta": "2026-08-07",
        "fecha_verificacion": "2026-08-07",
        "demarcacion": "Guadalquivir",
        "capacidad_hm3": 14.0,
        "capacidad_hm3__v": "confirmado",
        "capacidad_hm3__f": "f1",
        "agua_actual_hm3": 9.0,
        "agua_actual_hm3__v": "confirmado",
        "agua_actual_hm3__f": "f1",
        "fecha_dato": "2026-08-04",
        "hidroelectrico": false,
        "claves": [],
        "fuentes": [
          {
            "id": "f1",
            "tipo": "primaria",
            "titulo": "Boletín Hidrológico Semanal — histórico de embalses 1988-2026 (Dirección General del Agua, Ministerio para la Transición Ecológica y el Reto Demográfico)",
            "url": "https://www.miteco.gob.es/content/dam/miteco/es/agua/temas/evaluacion-de-los-recursos-hidricos/boletin-hidrologico/Historico-de-embalses/BD-Embalses.zip",
            "fecha": "2026-08-04",
            "archivo": "fuentes/2026-08-07_miteco_bd-embalses-boletin-hidrologico-1988-2026.zip"
          },
          {
            "id": "f2",
            "tipo": "primaria",
            "titulo": "Nomenclátor Geográfico Básico de España — Instituto Geográfico Nacional",
            "url": "https://api-features.ign.es/collections/namedplace/items",
            "fecha": "2026-08-07",
            "archivo": "fuentes/2026-08-07_ign_ngbe-toponimos-embalses.json"
          }
        ]
      }
    },
    {
      "type": "Feature",
      "id": "agua-embalsada:retortillo-guadalquivir",
      "geometry": {
        "type": "Point",
        "coordinates": [
          -5.36188,
          37.84271
        ]
      },
      "properties": {
        "slug": "retortillo-guadalquivir",
        "nombre": "Embalse de Retortillo",
        "categoria": "embalse",
        "descripcion": "Capacidad de 61 hm³ y 49 hm³ embalsados según el parte de 2026-08-04 del Boletín Hidrológico. Demarcación: Guadalquivir.",
        "estado_registro": "vigente",
        "verif": "confirmado",
        "geo_precision": "paraje",
        "geo_fuente": "«Embalse del Retortillo» en el Nomenclátor Geográfico Básico de España",
        "geo_fuente__v": "confirmado",
        "geo_fuente__f": "f2",
        "fecha_alta": "2026-08-07",
        "fecha_verificacion": "2026-08-07",
        "demarcacion": "Guadalquivir",
        "capacidad_hm3": 61.0,
        "capacidad_hm3__v": "confirmado",
        "capacidad_hm3__f": "f1",
        "agua_actual_hm3": 49.0,
        "agua_actual_hm3__v": "confirmado",
        "agua_actual_hm3__f": "f1",
        "fecha_dato": "2026-08-04",
        "hidroelectrico": false,
        "claves": [],
        "fuentes": [
          {
            "id": "f1",
            "tipo": "primaria",
            "titulo": "Boletín Hidrológico Semanal — histórico de embalses 1988-2026 (Dirección General del Agua, Ministerio para la Transición Ecológica y el Reto Demográfico)",
            "url": "https://www.miteco.gob.es/content/dam/miteco/es/agua/temas/evaluacion-de-los-recursos-hidricos/boletin-hidrologico/Historico-de-embalses/BD-Embalses.zip",
            "fecha": "2026-08-04",
            "archivo": "fuentes/2026-08-07_miteco_bd-embalses-boletin-hidrologico-1988-2026.zip"
          },
          {
            "id": "f2",
            "tipo": "primaria",
            "titulo": "Nomenclátor Geográfico Básico de España — Instituto Geográfico Nacional",
            "url": "https://api-features.ign.es/collections/namedplace/items",
            "fecha": "2026-08-07",
            "archivo": "fuentes/2026-08-07_ign_ngbe-toponimos-embalses.json"
          }
        ]
      }
    },
    {
      "type": "Feature",
      "id": "agua-embalsada:rumblar-guadalquivir",
      "geometry": {
        "type": "Point",
        "coordinates": [
          -3.8053,
          38.16071
        ]
      },
      "properties": {
        "slug": "rumblar-guadalquivir",
        "nombre": "Embalse de Rumblar",
        "categoria": "embalse",
        "descripcion": "Capacidad de 140 hm³ y 93 hm³ embalsados según el parte de 2026-08-04 del Boletín Hidrológico. Demarcación: Guadalquivir.",
        "estado_registro": "vigente",
        "verif": "confirmado",
        "geo_precision": "paraje",
        "geo_fuente": "«Embalse del Rumblar» en el Nomenclátor Geográfico Básico de España",
        "geo_fuente__v": "confirmado",
        "geo_fuente__f": "f2",
        "fecha_alta": "2026-08-07",
        "fecha_verificacion": "2026-08-07",
        "demarcacion": "Guadalquivir",
        "capacidad_hm3": 140.0,
        "capacidad_hm3__v": "confirmado",
        "capacidad_hm3__f": "f1",
        "agua_actual_hm3": 93.0,
        "agua_actual_hm3__v": "confirmado",
        "agua_actual_hm3__f": "f1",
        "fecha_dato": "2026-08-04",
        "hidroelectrico": false,
        "claves": [],
        "fuentes": [
          {
            "id": "f1",
            "tipo": "primaria",
            "titulo": "Boletín Hidrológico Semanal — histórico de embalses 1988-2026 (Dirección General del Agua, Ministerio para la Transición Ecológica y el Reto Demográfico)",
            "url": "https://www.miteco.gob.es/content/dam/miteco/es/agua/temas/evaluacion-de-los-recursos-hidricos/boletin-hidrologico/Historico-de-embalses/BD-Embalses.zip",
            "fecha": "2026-08-04",
            "archivo": "fuentes/2026-08-07_miteco_bd-embalses-boletin-hidrologico-1988-2026.zip"
          },
          {
            "id": "f2",
            "tipo": "primaria",
            "titulo": "Nomenclátor Geográfico Básico de España — Instituto Geográfico Nacional",
            "url": "https://api-features.ign.es/collections/namedplace/items",
            "fecha": "2026-08-07",
            "archivo": "fuentes/2026-08-07_ign_ngbe-toponimos-embalses.json"
          }
        ]
      }
    },
    {
      "type": "Feature",
      "id": "agua-embalsada:sanclemente-guadalquivir",
      "geometry": {
        "type": "Point",
        "coordinates": [
          -2.65088,
          37.85852
        ]
      },
      "properties": {
        "slug": "sanclemente-guadalquivir",
        "nombre": "Embalse de San Clemente",
        "categoria": "embalse",
        "descripcion": "Capacidad de 117 hm³ y 25 hm³ embalsados según el parte de 2026-08-04 del Boletín Hidrológico. Demarcación: Guadalquivir.",
        "estado_registro": "vigente",
        "verif": "confirmado",
        "geo_precision": "paraje",
        "geo_fuente": "«Embalse de San Clemente» en el Nomenclátor Geográfico Básico de España",
        "geo_fuente__v": "confirmado",
        "geo_fuente__f": "f2",
        "fecha_alta": "2026-08-07",
        "fecha_verificacion": "2026-08-07",
        "demarcacion": "Guadalquivir",
        "capacidad_hm3": 117.0,
        "capacidad_hm3__v": "confirmado",
        "capacidad_hm3__f": "f1",
        "agua_actual_hm3": 25.0,
        "agua_actual_hm3__v": "confirmado",
        "agua_actual_hm3__f": "f1",
        "fecha_dato": "2026-08-04",
        "hidroelectrico": false,
        "claves": [],
        "fuentes": [
          {
            "id": "f1",
            "tipo": "primaria",
            "titulo": "Boletín Hidrológico Semanal — histórico de embalses 1988-2026 (Dirección General del Agua, Ministerio para la Transición Ecológica y el Reto Demográfico)",
            "url": "https://www.miteco.gob.es/content/dam/miteco/es/agua/temas/evaluacion-de-los-recursos-hidricos/boletin-hidrologico/Historico-de-embalses/BD-Embalses.zip",
            "fecha": "2026-08-04",
            "archivo": "fuentes/2026-08-07_miteco_bd-embalses-boletin-hidrologico-1988-2026.zip"
          },
          {
            "id": "f2",
            "tipo": "primaria",
            "titulo": "Nomenclátor Geográfico Básico de España — Instituto Geográfico Nacional",
            "url": "https://api-features.ign.es/collections/namedplace/items",
            "fecha": "2026-08-07",
            "archivo": "fuentes/2026-08-07_ign_ngbe-toponimos-embalses.json"
          }
        ]
      }
    },
    {
      "type": "Feature",
      "id": "agua-embalsada:sanrafaeldenavallana-guadalquivir",
      "geometry": {
        "type": "Point",
        "coordinates": [
          -4.625,
          37.95673
        ]
      },
      "properties": {
        "slug": "sanrafaeldenavallana-guadalquivir",
        "nombre": "Embalse de San Rafael de Navallana",
        "categoria": "embalse",
        "descripcion": "Capacidad de 160 hm³ y 95 hm³ embalsados según el parte de 2026-08-04 del Boletín Hidrológico. Demarcación: Guadalquivir.",
        "estado_registro": "vigente",
        "verif": "confirmado",
        "geo_precision": "paraje",
        "geo_fuente": "«Embalse de San Rafael de Navallana» en el Nomenclátor Geográfico Básico de España",
        "geo_fuente__v": "confirmado",
        "geo_fuente__f": "f2",
        "fecha_alta": "2026-08-07",
        "fecha_verificacion": "2026-08-07",
        "demarcacion": "Guadalquivir",
        "capacidad_hm3": 160.0,
        "capacidad_hm3__v": "confirmado",
        "capacidad_hm3__f": "f1",
        "agua_actual_hm3": 95.0,
        "agua_actual_hm3__v": "confirmado",
        "agua_actual_hm3__f": "f1",
        "fecha_dato": "2026-08-04",
        "hidroelectrico": false,
        "claves": [],
        "fuentes": [
          {
            "id": "f1",
            "tipo": "primaria",
            "titulo": "Boletín Hidrológico Semanal — histórico de embalses 1988-2026 (Dirección General del Agua, Ministerio para la Transición Ecológica y el Reto Demográfico)",
            "url": "https://www.miteco.gob.es/content/dam/miteco/es/agua/temas/evaluacion-de-los-recursos-hidricos/boletin-hidrologico/Historico-de-embalses/BD-Embalses.zip",
            "fecha": "2026-08-04",
            "archivo": "fuentes/2026-08-07_miteco_bd-embalses-boletin-hidrologico-1988-2026.zip"
          },
          {
            "id": "f2",
            "tipo": "primaria",
            "titulo": "Nomenclátor Geográfico Básico de España — Instituto Geográfico Nacional",
            "url": "https://api-features.ign.es/collections/namedplace/items",
            "fecha": "2026-08-07",
            "archivo": "fuentes/2026-08-07_ign_ngbe-toponimos-embalses.json"
          }
        ]
      }
    },
    {
      "type": "Feature",
      "id": "agua-embalsada:sierraboyera-guadalquivir",
      "geometry": {
        "type": "Point",
        "coordinates": [
          -5.27429,
          38.27808
        ]
      },
      "properties": {
        "slug": "sierraboyera-guadalquivir",
        "nombre": "Embalse de Sierra Boyera",
        "categoria": "embalse",
        "descripcion": "Capacidad de 39 hm³ y 33 hm³ embalsados según el parte de 2026-08-04 del Boletín Hidrológico. Demarcación: Guadalquivir.",
        "estado_registro": "vigente",
        "verif": "confirmado",
        "geo_precision": "paraje",
        "geo_fuente": "«Embalse de Sierra Boyera» en el Nomenclátor Geográfico Básico de España",
        "geo_fuente__v": "confirmado",
        "geo_fuente__f": "f2",
        "fecha_alta": "2026-08-07",
        "fecha_verificacion": "2026-08-07",
        "demarcacion": "Guadalquivir",
        "capacidad_hm3": 39.0,
        "capacidad_hm3__v": "confirmado",
        "capacidad_hm3__f": "f1",
        "agua_actual_hm3": 33.0,
        "agua_actual_hm3__v": "confirmado",
        "agua_actual_hm3__f": "f1",
        "fecha_dato": "2026-08-04",
        "hidroelectrico": false,
        "claves": [],
        "fuentes": [
          {
            "id": "f1",
            "tipo": "primaria",
            "titulo": "Boletín Hidrológico Semanal — histórico de embalses 1988-2026 (Dirección General del Agua, Ministerio para la Transición Ecológica y el Reto Demográfico)",
            "url": "https://www.miteco.gob.es/content/dam/miteco/es/agua/temas/evaluacion-de-los-recursos-hidricos/boletin-hidrologico/Historico-de-embalses/BD-Embalses.zip",
            "fecha": "2026-08-04",
            "archivo": "fuentes/2026-08-07_miteco_bd-embalses-boletin-hidrologico-1988-2026.zip"
          },
          {
            "id": "f2",
            "tipo": "primaria",
            "titulo": "Nomenclátor Geográfico Básico de España — Instituto Geográfico Nacional",
            "url": "https://api-features.ign.es/collections/namedplace/items",
            "fecha": "2026-08-07",
            "archivo": "fuentes/2026-08-07_ign_ngbe-toponimos-embalses.json"
          }
        ]
      }
    },
    {
      "type": "Feature",
      "id": "agua-embalsada:siles-guadalquivir",
      "geometry": {
        "type": "Point",
        "coordinates": [
          -2.60087,
          38.40705
        ]
      },
      "properties": {
        "slug": "siles-guadalquivir",
        "nombre": "Embalse de Siles",
        "categoria": "embalse",
        "descripcion": "Capacidad de 30 hm³ y 30 hm³ embalsados según el parte de 2026-08-04 del Boletín Hidrológico. Demarcación: Guadalquivir.",
        "estado_registro": "vigente",
        "verif": "confirmado",
        "geo_precision": "paraje",
        "geo_fuente": "«Embalse de Siles» en el Nomenclátor Geográfico Básico de España",
        "geo_fuente__v": "confirmado",
        "geo_fuente__f": "f2",
        "fecha_alta": "2026-08-07",
        "fecha_verificacion": "2026-08-07",
        "demarcacion": "Guadalquivir",
        "capacidad_hm3": 30.0,
        "capacidad_hm3__v": "confirmado",
        "capacidad_hm3__f": "f1",
        "agua_actual_hm3": 30.0,
        "agua_actual_hm3__v": "confirmado",
        "agua_actual_hm3__f": "f1",
        "fecha_dato": "2026-08-04",
        "hidroelectrico": false,
        "claves": [],
        "fuentes": [
          {
            "id": "f1",
            "tipo": "primaria",
            "titulo": "Boletín Hidrológico Semanal — histórico de embalses 1988-2026 (Dirección General del Agua, Ministerio para la Transición Ecológica y el Reto Demográfico)",
            "url": "https://www.miteco.gob.es/content/dam/miteco/es/agua/temas/evaluacion-de-los-recursos-hidricos/boletin-hidrologico/Historico-de-embalses/BD-Embalses.zip",
            "fecha": "2026-08-04",
            "archivo": "fuentes/2026-08-07_miteco_bd-embalses-boletin-hidrologico-1988-2026.zip"
          },
          {
            "id": "f2",
            "tipo": "primaria",
            "titulo": "Nomenclátor Geográfico Básico de España — Instituto Geográfico Nacional",
            "url": "https://api-features.ign.es/collections/namedplace/items",
            "fecha": "2026-08-07",
            "archivo": "fuentes/2026-08-07_ign_ngbe-toponimos-embalses.json"
          }
        ]
      }
    },
    {
      "type": "Feature",
      "id": "agua-embalsada:torredelaguila-guadalquivir",
      "geometry": {
        "type": "Point",
        "coordinates": [
          -5.75763,
          37.04327
        ]
      },
      "properties": {
        "slug": "torredelaguila-guadalquivir",
        "nombre": "Embalse de Torre del Águila",
        "categoria": "embalse",
        "descripcion": "Capacidad de 48 hm³ y 14 hm³ embalsados según el parte de 2026-08-04 del Boletín Hidrológico. Demarcación: Guadalquivir.",
        "estado_registro": "vigente",
        "verif": "confirmado",
        "geo_precision": "paraje",
        "geo_fuente": "«Embalse de Torre del Águila» en el Nomenclátor Geográfico Básico de España",
        "geo_fuente__v": "confirmado",
        "geo_fuente__f": "f2",
        "fecha_alta": "2026-08-07",
        "fecha_verificacion": "2026-08-07",
        "demarcacion": "Guadalquivir",
        "capacidad_hm3": 48.0,
        "capacidad_hm3__v": "confirmado",
        "capacidad_hm3__f": "f1",
        "agua_actual_hm3": 14.0,
        "agua_actual_hm3__v": "confirmado",
        "agua_actual_hm3__f": "f1",
        "fecha_dato": "2026-08-04",
        "hidroelectrico": false,
        "claves": [],
        "fuentes": [
          {
            "id": "f1",
            "tipo": "primaria",
            "titulo": "Boletín Hidrológico Semanal — histórico de embalses 1988-2026 (Dirección General del Agua, Ministerio para la Transición Ecológica y el Reto Demográfico)",
            "url": "https://www.miteco.gob.es/content/dam/miteco/es/agua/temas/evaluacion-de-los-recursos-hidricos/boletin-hidrologico/Historico-de-embalses/BD-Embalses.zip",
            "fecha": "2026-08-04",
            "archivo": "fuentes/2026-08-07_miteco_bd-embalses-boletin-hidrologico-1988-2026.zip"
          },
          {
            "id": "f2",
            "tipo": "primaria",
            "titulo": "Nomenclátor Geográfico Básico de España — Instituto Geográfico Nacional",
            "url": "https://api-features.ign.es/collections/namedplace/items",
            "fecha": "2026-08-07",
            "archivo": "fuentes/2026-08-07_ign_ngbe-toponimos-embalses.json"
          }
        ]
      }
    },
    {
      "type": "Feature",
      "id": "agua-embalsada:trancodebeas-guadalquivir",
      "geometry": {
        "type": "Point",
        "coordinates": [
          -2.7962,
          38.1759
        ]
      },
      "properties": {
        "slug": "trancodebeas-guadalquivir",
        "nombre": "Embalse de Tranco de Beas",
        "categoria": "embalse",
        "descripcion": "Capacidad de 506 hm³ y 414 hm³ embalsados según el parte de 2026-08-04 del Boletín Hidrológico. Demarcación: Guadalquivir.",
        "estado_registro": "vigente",
        "verif": "confirmado",
        "geo_precision": "paraje",
        "geo_fuente": "«Embalse de Tranco de Beas» en el Nomenclátor Geográfico Básico de España",
        "geo_fuente__v": "confirmado",
        "geo_fuente__f": "f2",
        "fecha_alta": "2026-08-07",
        "fecha_verificacion": "2026-08-07",
        "demarcacion": "Guadalquivir",
        "capacidad_hm3": 506.0,
        "capacidad_hm3__v": "confirmado",
        "capacidad_hm3__f": "f1",
        "agua_actual_hm3": 414.0,
        "agua_actual_hm3__v": "confirmado",
        "agua_actual_hm3__f": "f1",
        "fecha_dato": "2026-08-04",
        "hidroelectrico": false,
        "claves": [],
        "fuentes": [
          {
            "id": "f1",
            "tipo": "primaria",
            "titulo": "Boletín Hidrológico Semanal — histórico de embalses 1988-2026 (Dirección General del Agua, Ministerio para la Transición Ecológica y el Reto Demográfico)",
            "url": "https://www.miteco.gob.es/content/dam/miteco/es/agua/temas/evaluacion-de-los-recursos-hidricos/boletin-hidrologico/Historico-de-embalses/BD-Embalses.zip",
            "fecha": "2026-08-04",
            "archivo": "fuentes/2026-08-07_miteco_bd-embalses-boletin-hidrologico-1988-2026.zip"
          },
          {
            "id": "f2",
            "tipo": "primaria",
            "titulo": "Nomenclátor Geográfico Básico de España — Instituto Geográfico Nacional",
            "url": "https://api-features.ign.es/collections/namedplace/items",
            "fecha": "2026-08-07",
            "archivo": "fuentes/2026-08-07_ign_ngbe-toponimos-embalses.json"
          }
        ]
      }
    },
    {
      "type": "Feature",
      "id": "agua-embalsada:vadomojon-guadalquivir",
      "geometry": {
        "type": "Point",
        "coordinates": [
          -4.22919,
          37.6377
        ]
      },
      "properties": {
        "slug": "vadomojon-guadalquivir",
        "nombre": "Embalse de Vadomojón",
        "categoria": "embalse",
        "descripcion": "Capacidad de 146 hm³ y 130 hm³ embalsados según el parte de 2026-08-04 del Boletín Hidrológico. Demarcación: Guadalquivir.",
        "estado_registro": "vigente",
        "verif": "confirmado",
        "geo_precision": "paraje",
        "geo_fuente": "«Embalse de Vadomojón» en el Nomenclátor Geográfico Básico de España",
        "geo_fuente__v": "confirmado",
        "geo_fuente__f": "f2",
        "fecha_alta": "2026-08-07",
        "fecha_verificacion": "2026-08-07",
        "demarcacion": "Guadalquivir",
        "capacidad_hm3": 146.0,
        "capacidad_hm3__v": "confirmado",
        "capacidad_hm3__f": "f1",
        "agua_actual_hm3": 130.0,
        "agua_actual_hm3__v": "confirmado",
        "agua_actual_hm3__f": "f1",
        "fecha_dato": "2026-08-04",
        "hidroelectrico": false,
        "claves": [],
        "fuentes": [
          {
            "id": "f1",
            "tipo": "primaria",
            "titulo": "Boletín Hidrológico Semanal — histórico de embalses 1988-2026 (Dirección General del Agua, Ministerio para la Transición Ecológica y el Reto Demográfico)",
            "url": "https://www.miteco.gob.es/content/dam/miteco/es/agua/temas/evaluacion-de-los-recursos-hidricos/boletin-hidrologico/Historico-de-embalses/BD-Embalses.zip",
            "fecha": "2026-08-04",
            "archivo": "fuentes/2026-08-07_miteco_bd-embalses-boletin-hidrologico-1988-2026.zip"
          },
          {
            "id": "f2",
            "tipo": "primaria",
            "titulo": "Nomenclátor Geográfico Básico de España — Instituto Geográfico Nacional",
            "url": "https://api-features.ign.es/collections/namedplace/items",
            "fecha": "2026-08-07",
            "archivo": "fuentes/2026-08-07_ign_ngbe-toponimos-embalses.json"
          }
        ]
      }
    },
    {
      "type": "Feature",
      "id": "agua-embalsada:zocueca-guadalquivir",
      "geometry": {
        "type": "Point",
        "coordinates": [
          -3.83118,
          38.0957
        ]
      },
      "properties": {
        "slug": "zocueca-guadalquivir",
        "nombre": "Embalse de Zocueca",
        "categoria": "embalse",
        "descripcion": "Capacidad de 5 hm³ y 1 hm³ embalsados según el parte de 2012-06-26 del Boletín Hidrológico. Demarcación: Guadalquivir.",
        "estado_registro": "historico",
        "verif": "confirmado",
        "geo_precision": "paraje",
        "geo_fuente": "«Embalse de Zocueca» en el Nomenclátor Geográfico Básico de España",
        "geo_fuente__v": "confirmado",
        "geo_fuente__f": "f2",
        "fecha_alta": "2026-08-07",
        "fecha_verificacion": "2026-08-07",
        "demarcacion": "Guadalquivir",
        "capacidad_hm3": 5.0,
        "capacidad_hm3__v": "confirmado",
        "capacidad_hm3__f": "f1",
        "agua_actual_hm3": 1.0,
        "agua_actual_hm3__v": "confirmado",
        "agua_actual_hm3__f": "f1",
        "fecha_dato": "2012-06-26",
        "hidroelectrico": false,
        "claves": [
          {
            "k": "Este parte dejó de alimentarse",
            "v": "El último dato de este embalse en la serie del Boletín es de 2012-06-26, y la serie llega a agosto de 2026. No es una lectura actual: por eso el registro va como `historico` y no se borra.",
            "verif": "confirmado",
            "fuente": "f1"
          }
        ],
        "fuentes": [
          {
            "id": "f1",
            "tipo": "primaria",
            "titulo": "Boletín Hidrológico Semanal — histórico de embalses 1988-2026 (Dirección General del Agua, Ministerio para la Transición Ecológica y el Reto Demográfico)",
            "url": "https://www.miteco.gob.es/content/dam/miteco/es/agua/temas/evaluacion-de-los-recursos-hidricos/boletin-hidrologico/Historico-de-embalses/BD-Embalses.zip",
            "fecha": "2012-06-26",
            "archivo": "fuentes/2026-08-07_miteco_bd-embalses-boletin-hidrologico-1988-2026.zip"
          },
          {
            "id": "f2",
            "tipo": "primaria",
            "titulo": "Nomenclátor Geográfico Básico de España — Instituto Geográfico Nacional",
            "url": "https://api-features.ign.es/collections/namedplace/items",
            "fecha": "2026-08-07",
            "archivo": "fuentes/2026-08-07_ign_ngbe-toponimos-embalses.json"
          }
        ]
      }
    },
    {
      "type": "Feature",
      "id": "agua-embalsada:zufre-guadalquivir",
      "geometry": {
        "type": "Point",
        "coordinates": [
          -6.29901,
          37.82349
        ]
      },
      "properties": {
        "slug": "zufre-guadalquivir",
        "nombre": "Embalse de Zufre",
        "categoria": "embalse",
        "descripcion": "Capacidad de 175 hm³ y 150 hm³ embalsados según el parte de 2026-08-04 del Boletín Hidrológico. Demarcación: Guadalquivir.",
        "estado_registro": "vigente",
        "verif": "confirmado",
        "geo_precision": "paraje",
        "geo_fuente": "«Embalse de Zufre» en el Nomenclátor Geográfico Básico de España",
        "geo_fuente__v": "confirmado",
        "geo_fuente__f": "f2",
        "fecha_alta": "2026-08-07",
        "fecha_verificacion": "2026-08-07",
        "demarcacion": "Guadalquivir",
        "capacidad_hm3": 175.0,
        "capacidad_hm3__v": "confirmado",
        "capacidad_hm3__f": "f1",
        "agua_actual_hm3": 150.0,
        "agua_actual_hm3__v": "confirmado",
        "agua_actual_hm3__f": "f1",
        "fecha_dato": "2026-08-04",
        "hidroelectrico": false,
        "claves": [],
        "fuentes": [
          {
            "id": "f1",
            "tipo": "primaria",
            "titulo": "Boletín Hidrológico Semanal — histórico de embalses 1988-2026 (Dirección General del Agua, Ministerio para la Transición Ecológica y el Reto Demográfico)",
            "url": "https://www.miteco.gob.es/content/dam/miteco/es/agua/temas/evaluacion-de-los-recursos-hidricos/boletin-hidrologico/Historico-de-embalses/BD-Embalses.zip",
            "fecha": "2026-08-04",
            "archivo": "fuentes/2026-08-07_miteco_bd-embalses-boletin-hidrologico-1988-2026.zip"
          },
          {
            "id": "f2",
            "tipo": "primaria",
            "titulo": "Nomenclátor Geográfico Básico de España — Instituto Geográfico Nacional",
            "url": "https://api-features.ign.es/collections/namedplace/items",
            "fecha": "2026-08-07",
            "archivo": "fuentes/2026-08-07_ign_ngbe-toponimos-embalses.json"
          }
        ]
      }
    },
    {
      "type": "Feature",
      "id": "agua-embalsada:aguijonel-guadiana",
      "geometry": {
        "type": "Point",
        "coordinates": [
          -6.91992,
          38.47388
        ]
      },
      "properties": {
        "slug": "aguijonel-guadiana",
        "nombre": "Embalse de Aguijón, El",
        "categoria": "embalse",
        "descripcion": "Capacidad de 11 hm³ y 10 hm³ embalsados según el parte de 2026-08-04 del Boletín Hidrológico. Demarcación: Guadiana.",
        "estado_registro": "vigente",
        "verif": "confirmado",
        "geo_precision": "paraje",
        "geo_fuente": "«Embalse del Aguijón» en el Nomenclátor Geográfico Básico de España",
        "geo_fuente__v": "confirmado",
        "geo_fuente__f": "f2",
        "fecha_alta": "2026-08-07",
        "fecha_verificacion": "2026-08-07",
        "demarcacion": "Guadiana",
        "capacidad_hm3": 11.0,
        "capacidad_hm3__v": "confirmado",
        "capacidad_hm3__f": "f1",
        "agua_actual_hm3": 10.0,
        "agua_actual_hm3__v": "confirmado",
        "agua_actual_hm3__f": "f1",
        "fecha_dato": "2026-08-04",
        "hidroelectrico": false,
        "claves": [],
        "fuentes": [
          {
            "id": "f1",
            "tipo": "primaria",
            "titulo": "Boletín Hidrológico Semanal — histórico de embalses 1988-2026 (Dirección General del Agua, Ministerio para la Transición Ecológica y el Reto Demográfico)",
            "url": "https://www.miteco.gob.es/content/dam/miteco/es/agua/temas/evaluacion-de-los-recursos-hidricos/boletin-hidrologico/Historico-de-embalses/BD-Embalses.zip",
            "fecha": "2026-08-04",
            "archivo": "fuentes/2026-08-07_miteco_bd-embalses-boletin-hidrologico-1988-2026.zip"
          },
          {
            "id": "f2",
            "tipo": "primaria",
            "titulo": "Nomenclátor Geográfico Básico de España — Instituto Geográfico Nacional",
            "url": "https://api-features.ign.es/collections/namedplace/items",
            "fecha": "2026-08-07",
            "archivo": "fuentes/2026-08-07_ign_ngbe-toponimos-embalses.json"
          }
        ]
      }
    },
    {
      "type": "Feature",
      "id": "agua-embalsada:alange-guadiana",
      "geometry": {
        "type": "Point",
        "coordinates": [
          -6.26978,
          38.78571
        ]
      },
      "properties": {
        "slug": "alange-guadiana",
        "nombre": "Embalse de Alange",
        "categoria": "embalse",
        "descripcion": "Capacidad de 852 hm³ y 446 hm³ embalsados según el parte de 2026-08-04 del Boletín Hidrológico. Demarcación: Guadiana.",
        "estado_registro": "vigente",
        "verif": "confirmado",
        "geo_precision": "paraje",
        "geo_fuente": "«Embalse de Alange» en el Nomenclátor Geográfico Básico de España",
        "geo_fuente__v": "confirmado",
        "geo_fuente__f": "f2",
        "fecha_alta": "2026-08-07",
        "fecha_verificacion": "2026-08-07",
        "demarcacion": "Guadiana",
        "capacidad_hm3": 852.0,
        "capacidad_hm3__v": "confirmado",
        "capacidad_hm3__f": "f1",
        "agua_actual_hm3": 446.0,
        "agua_actual_hm3__v": "confirmado",
        "agua_actual_hm3__f": "f1",
        "fecha_dato": "2026-08-04",
        "hidroelectrico": false,
        "claves": [],
        "fuentes": [
          {
            "id": "f1",
            "tipo": "primaria",
            "titulo": "Boletín Hidrológico Semanal — histórico de embalses 1988-2026 (Dirección General del Agua, Ministerio para la Transición Ecológica y el Reto Demográfico)",
            "url": "https://www.miteco.gob.es/content/dam/miteco/es/agua/temas/evaluacion-de-los-recursos-hidricos/boletin-hidrologico/Historico-de-embalses/BD-Embalses.zip",
            "fecha": "2026-08-04",
            "archivo": "fuentes/2026-08-07_miteco_bd-embalses-boletin-hidrologico-1988-2026.zip"
          },
          {
            "id": "f2",
            "tipo": "primaria",
            "titulo": "Nomenclátor Geográfico Básico de España — Instituto Geográfico Nacional",
            "url": "https://api-features.ign.es/collections/namedplace/items",
            "fecha": "2026-08-07",
            "archivo": "fuentes/2026-08-07_ign_ngbe-toponimos-embalses.json"
          }
        ]
      }
    },
    {
      "type": "Feature",
      "id": "agua-embalsada:alcollarin-guadiana",
      "geometry": {
        "type": "Point",
        "coordinates": [
          -5.75743,
          39.2568
        ]
      },
      "properties": {
        "slug": "alcollarin-guadiana",
        "nombre": "Embalse de Alcollarín",
        "categoria": "embalse",
        "descripcion": "Capacidad de 52 hm³ y 20 hm³ embalsados según el parte de 2026-08-04 del Boletín Hidrológico. Demarcación: Guadiana.",
        "estado_registro": "vigente",
        "verif": "confirmado",
        "geo_precision": "paraje",
        "geo_fuente": "«Embalse de Alcollarín» en el Nomenclátor Geográfico Básico de España",
        "geo_fuente__v": "confirmado",
        "geo_fuente__f": "f2",
        "fecha_alta": "2026-08-07",
        "fecha_verificacion": "2026-08-07",
        "demarcacion": "Guadiana",
        "capacidad_hm3": 52.0,
        "capacidad_hm3__v": "confirmado",
        "capacidad_hm3__f": "f1",
        "agua_actual_hm3": 20.0,
        "agua_actual_hm3__v": "confirmado",
        "agua_actual_hm3__f": "f1",
        "fecha_dato": "2026-08-04",
        "hidroelectrico": false,
        "claves": [],
        "fuentes": [
          {
            "id": "f1",
            "tipo": "primaria",
            "titulo": "Boletín Hidrológico Semanal — histórico de embalses 1988-2026 (Dirección General del Agua, Ministerio para la Transición Ecológica y el Reto Demográfico)",
            "url": "https://www.miteco.gob.es/content/dam/miteco/es/agua/temas/evaluacion-de-los-recursos-hidricos/boletin-hidrologico/Historico-de-embalses/BD-Embalses.zip",
            "fecha": "2026-08-04",
            "archivo": "fuentes/2026-08-07_miteco_bd-embalses-boletin-hidrologico-1988-2026.zip"
          },
          {
            "id": "f2",
            "tipo": "primaria",
            "titulo": "Nomenclátor Geográfico Básico de España — Instituto Geográfico Nacional",
            "url": "https://api-features.ign.es/collections/namedplace/items",
            "fecha": "2026-08-07",
            "archivo": "fuentes/2026-08-07_ign_ngbe-toponimos-embalses.json"
          }
        ]
      }
    },
    {
      "type": "Feature",
      "id": "agua-embalsada:andevalo-guadiana",
      "geometry": {
        "type": "Point",
        "coordinates": [
          -7.39648,
          37.62091
        ]
      },
      "properties": {
        "slug": "andevalo-guadiana",
        "nombre": "Embalse de Andévalo",
        "categoria": "embalse",
        "descripcion": "Capacidad de 634 hm³ y 555 hm³ embalsados según el parte de 2026-08-04 del Boletín Hidrológico. Demarcación: Guadiana.",
        "estado_registro": "vigente",
        "verif": "confirmado",
        "geo_precision": "paraje",
        "geo_fuente": "«Embalse de Andévalo» en el Nomenclátor Geográfico Básico de España",
        "geo_fuente__v": "confirmado",
        "geo_fuente__f": "f2",
        "fecha_alta": "2026-08-07",
        "fecha_verificacion": "2026-08-07",
        "demarcacion": "Guadiana",
        "capacidad_hm3": 634.0,
        "capacidad_hm3__v": "confirmado",
        "capacidad_hm3__f": "f1",
        "agua_actual_hm3": 555.0,
        "agua_actual_hm3__v": "confirmado",
        "agua_actual_hm3__f": "f1",
        "fecha_dato": "2026-08-04",
        "hidroelectrico": false,
        "claves": [],
        "fuentes": [
          {
            "id": "f1",
            "tipo": "primaria",
            "titulo": "Boletín Hidrológico Semanal — histórico de embalses 1988-2026 (Dirección General del Agua, Ministerio para la Transición Ecológica y el Reto Demográfico)",
            "url": "https://www.miteco.gob.es/content/dam/miteco/es/agua/temas/evaluacion-de-los-recursos-hidricos/boletin-hidrologico/Historico-de-embalses/BD-Embalses.zip",
            "fecha": "2026-08-04",
            "archivo": "fuentes/2026-08-07_miteco_bd-embalses-boletin-hidrologico-1988-2026.zip"
          },
          {
            "id": "f2",
            "tipo": "primaria",
            "titulo": "Nomenclátor Geográfico Básico de España — Instituto Geográfico Nacional",
            "url": "https://api-features.ign.es/collections/namedplace/items",
            "fecha": "2026-08-07",
            "archivo": "fuentes/2026-08-07_ign_ngbe-toponimos-embalses.json"
          }
        ]
      }
    },
    {
      "type": "Feature",
      "id": "agua-embalsada:boqueron-guadiana",
      "geometry": {
        "type": "Point",
        "coordinates": [
          -6.4173,
          39.15088
        ]
      },
      "properties": {
        "slug": "boqueron-guadiana",
        "nombre": "Embalse de Boquerón",
        "categoria": "embalse",
        "descripcion": "Capacidad de 6 hm³ y 4 hm³ embalsados según el parte de 2026-08-04 del Boletín Hidrológico. Demarcación: Guadiana.",
        "estado_registro": "vigente",
        "verif": "confirmado",
        "geo_precision": "paraje",
        "geo_fuente": "«Embalse del Boquerón» en el Nomenclátor Geográfico Básico de España",
        "geo_fuente__v": "confirmado",
        "geo_fuente__f": "f2",
        "fecha_alta": "2026-08-07",
        "fecha_verificacion": "2026-08-07",
        "demarcacion": "Guadiana",
        "capacidad_hm3": 6.0,
        "capacidad_hm3__v": "confirmado",
        "capacidad_hm3__f": "f1",
        "agua_actual_hm3": 4.0,
        "agua_actual_hm3__v": "confirmado",
        "agua_actual_hm3__f": "f1",
        "fecha_dato": "2026-08-04",
        "hidroelectrico": false,
        "claves": [],
        "fuentes": [
          {
            "id": "f1",
            "tipo": "primaria",
            "titulo": "Boletín Hidrológico Semanal — histórico de embalses 1988-2026 (Dirección General del Agua, Ministerio para la Transición Ecológica y el Reto Demográfico)",
            "url": "https://www.miteco.gob.es/content/dam/miteco/es/agua/temas/evaluacion-de-los-recursos-hidricos/boletin-hidrologico/Historico-de-embalses/BD-Embalses.zip",
            "fecha": "2026-08-04",
            "archivo": "fuentes/2026-08-07_miteco_bd-embalses-boletin-hidrologico-1988-2026.zip"
          },
          {
            "id": "f2",
            "tipo": "primaria",
            "titulo": "Nomenclátor Geográfico Básico de España — Instituto Geográfico Nacional",
            "url": "https://api-features.ign.es/collections/namedplace/items",
            "fecha": "2026-08-07",
            "archivo": "fuentes/2026-08-07_ign_ngbe-toponimos-embalses.json"
          }
        ]
      }
    },
    {
      "type": "Feature",
      "id": "agua-embalsada:brovales-guadiana",
      "geometry": {
        "type": "Point",
        "coordinates": [
          -6.69611,
          38.3465
        ]
      },
      "properties": {
        "slug": "brovales-guadiana",
        "nombre": "Embalse de Brovales",
        "categoria": "embalse",
        "descripcion": "Capacidad de 7 hm³ y 5 hm³ embalsados según el parte de 2026-08-04 del Boletín Hidrológico. Demarcación: Guadiana.",
        "estado_registro": "vigente",
        "verif": "confirmado",
        "geo_precision": "paraje",
        "geo_fuente": "«Embalse de Brovales» en el Nomenclátor Geográfico Básico de España",
        "geo_fuente__v": "confirmado",
        "geo_fuente__f": "f2",
        "fecha_alta": "2026-08-07",
        "fecha_verificacion": "2026-08-07",
        "demarcacion": "Guadiana",
        "capacidad_hm3": 7.0,
        "capacidad_hm3__v": "confirmado",
        "capacidad_hm3__f": "f1",
        "agua_actual_hm3": 5.0,
        "agua_actual_hm3__v": "confirmado",
        "agua_actual_hm3__f": "f1",
        "fecha_dato": "2026-08-04",
        "hidroelectrico": false,
        "claves": [],
        "fuentes": [
          {
            "id": "f1",
            "tipo": "primaria",
            "titulo": "Boletín Hidrológico Semanal — histórico de embalses 1988-2026 (Dirección General del Agua, Ministerio para la Transición Ecológica y el Reto Demográfico)",
            "url": "https://www.miteco.gob.es/content/dam/miteco/es/agua/temas/evaluacion-de-los-recursos-hidricos/boletin-hidrologico/Historico-de-embalses/BD-Embalses.zip",
            "fecha": "2026-08-04",
            "archivo": "fuentes/2026-08-07_miteco_bd-embalses-boletin-hidrologico-1988-2026.zip"
          },
          {
            "id": "f2",
            "tipo": "primaria",
            "titulo": "Nomenclátor Geográfico Básico de España — Instituto Geográfico Nacional",
            "url": "https://api-features.ign.es/collections/namedplace/items",
            "fecha": "2026-08-07",
            "archivo": "fuentes/2026-08-07_ign_ngbe-toponimos-embalses.json"
          }
        ]
      }
    },
    {
      "type": "Feature",
      "id": "agua-embalsada:burdalo-guadiana",
      "geometry": {
        "type": "Point",
        "coordinates": [
          -5.95605,
          39.20125
        ]
      },
      "properties": {
        "slug": "burdalo-guadiana",
        "nombre": "Embalse de Búrdalo",
        "categoria": "embalse",
        "descripcion": "Capacidad de 79 hm³ y 26 hm³ embalsados según el parte de 2026-08-04 del Boletín Hidrológico. Demarcación: Guadiana.",
        "estado_registro": "vigente",
        "verif": "confirmado",
        "geo_precision": "paraje",
        "geo_fuente": "«Embalse de Búrdalo» en el Nomenclátor Geográfico Básico de España",
        "geo_fuente__v": "confirmado",
        "geo_fuente__f": "f2",
        "fecha_alta": "2026-08-07",
        "fecha_verificacion": "2026-08-07",
        "demarcacion": "Guadiana",
        "capacidad_hm3": 79.0,
        "capacidad_hm3__v": "confirmado",
        "capacidad_hm3__f": "f1",
        "agua_actual_hm3": 26.0,
        "agua_actual_hm3__v": "confirmado",
        "agua_actual_hm3__f": "f1",
        "fecha_dato": "2026-08-04",
        "hidroelectrico": false,
        "claves": [],
        "fuentes": [
          {
            "id": "f1",
            "tipo": "primaria",
            "titulo": "Boletín Hidrológico Semanal — histórico de embalses 1988-2026 (Dirección General del Agua, Ministerio para la Transición Ecológica y el Reto Demográfico)",
            "url": "https://www.miteco.gob.es/content/dam/miteco/es/agua/temas/evaluacion-de-los-recursos-hidricos/boletin-hidrologico/Historico-de-embalses/BD-Embalses.zip",
            "fecha": "2026-08-04",
            "archivo": "fuentes/2026-08-07_miteco_bd-embalses-boletin-hidrologico-1988-2026.zip"
          },
          {
            "id": "f2",
            "tipo": "primaria",
            "titulo": "Nomenclátor Geográfico Básico de España — Instituto Geográfico Nacional",
            "url": "https://api-features.ign.es/collections/namedplace/items",
            "fecha": "2026-08-07",
            "archivo": "fuentes/2026-08-07_ign_ngbe-toponimos-embalses.json"
          }
        ]
      }
    },
    {
      "type": "Feature",
      "id": "agua-embalsada:canchales-guadiana",
      "geometry": {
        "type": "Point",
        "coordinates": [
          -6.52271,
          38.96527
        ]
      },
      "properties": {
        "slug": "canchales-guadiana",
        "nombre": "Embalse de Canchales",
        "categoria": "embalse",
        "descripcion": "Capacidad de 26 hm³ y 19 hm³ embalsados según el parte de 2026-08-04 del Boletín Hidrológico. Demarcación: Guadiana.",
        "estado_registro": "vigente",
        "verif": "confirmado",
        "geo_precision": "paraje",
        "geo_fuente": "«Embalse de los Canchales» en el Nomenclátor Geográfico Básico de España",
        "geo_fuente__v": "confirmado",
        "geo_fuente__f": "f2",
        "fecha_alta": "2026-08-07",
        "fecha_verificacion": "2026-08-07",
        "demarcacion": "Guadiana",
        "capacidad_hm3": 26.0,
        "capacidad_hm3__v": "confirmado",
        "capacidad_hm3__f": "f1",
        "agua_actual_hm3": 19.0,
        "agua_actual_hm3__v": "confirmado",
        "agua_actual_hm3__f": "f1",
        "fecha_dato": "2026-08-04",
        "hidroelectrico": false,
        "claves": [],
        "fuentes": [
          {
            "id": "f1",
            "tipo": "primaria",
            "titulo": "Boletín Hidrológico Semanal — histórico de embalses 1988-2026 (Dirección General del Agua, Ministerio para la Transición Ecológica y el Reto Demográfico)",
            "url": "https://www.miteco.gob.es/content/dam/miteco/es/agua/temas/evaluacion-de-los-recursos-hidricos/boletin-hidrologico/Historico-de-embalses/BD-Embalses.zip",
            "fecha": "2026-08-04",
            "archivo": "fuentes/2026-08-07_miteco_bd-embalses-boletin-hidrologico-1988-2026.zip"
          },
          {
            "id": "f2",
            "tipo": "primaria",
            "titulo": "Nomenclátor Geográfico Básico de España — Instituto Geográfico Nacional",
            "url": "https://api-features.ign.es/collections/namedplace/items",
            "fecha": "2026-08-07",
            "archivo": "fuentes/2026-08-07_ign_ngbe-toponimos-embalses.json"
          }
        ]
      }
    },
    {
      "type": "Feature",
      "id": "agua-embalsada:canchodelfresno-guadiana",
      "geometry": {
        "type": "Point",
        "coordinates": [
          -5.39038,
          39.39288
        ]
      },
      "properties": {
        "slug": "canchodelfresno-guadiana",
        "nombre": "Embalse de Cancho del Fresno",
        "categoria": "embalse",
        "descripcion": "Capacidad de 15 hm³ y 13 hm³ embalsados según el parte de 2026-08-04 del Boletín Hidrológico. Demarcación: Guadiana.",
        "estado_registro": "vigente",
        "verif": "confirmado",
        "geo_precision": "paraje",
        "geo_fuente": "«Embalse del Cancho del Fresno» en el Nomenclátor Geográfico Básico de España",
        "geo_fuente__v": "confirmado",
        "geo_fuente__f": "f2",
        "fecha_alta": "2026-08-07",
        "fecha_verificacion": "2026-08-07",
        "demarcacion": "Guadiana",
        "capacidad_hm3": 15.0,
        "capacidad_hm3__v": "confirmado",
        "capacidad_hm3__f": "f1",
        "agua_actual_hm3": 13.0,
        "agua_actual_hm3__v": "confirmado",
        "agua_actual_hm3__f": "f1",
        "fecha_dato": "2026-08-04",
        "hidroelectrico": false,
        "claves": [],
        "fuentes": [
          {
            "id": "f1",
            "tipo": "primaria",
            "titulo": "Boletín Hidrológico Semanal — histórico de embalses 1988-2026 (Dirección General del Agua, Ministerio para la Transición Ecológica y el Reto Demográfico)",
            "url": "https://www.miteco.gob.es/content/dam/miteco/es/agua/temas/evaluacion-de-los-recursos-hidricos/boletin-hidrologico/Historico-de-embalses/BD-Embalses.zip",
            "fecha": "2026-08-04",
            "archivo": "fuentes/2026-08-07_miteco_bd-embalses-boletin-hidrologico-1988-2026.zip"
          },
          {
            "id": "f2",
            "tipo": "primaria",
            "titulo": "Nomenclátor Geográfico Básico de España — Instituto Geográfico Nacional",
            "url": "https://api-features.ign.es/collections/namedplace/items",
            "fecha": "2026-08-07",
            "archivo": "fuentes/2026-08-07_ign_ngbe-toponimos-embalses.json"
          }
        ]
      }
    },
    {
      "type": "Feature",
      "id": "agua-embalsada:castilseras-guadiana",
      "geometry": {
        "type": "Point",
        "coordinates": [
          -4.80048,
          38.73853
        ]
      },
      "properties": {
        "slug": "castilseras-guadiana",
        "nombre": "Embalse de Castilseras",
        "categoria": "embalse",
        "descripcion": "Capacidad de 5 hm³ y 5 hm³ embalsados según el parte de 2017-04-18 del Boletín Hidrológico. Demarcación: Guadiana.",
        "estado_registro": "historico",
        "verif": "confirmado",
        "geo_precision": "paraje",
        "geo_fuente": "«Embalse de Castilseras» en el Nomenclátor Geográfico Básico de España",
        "geo_fuente__v": "confirmado",
        "geo_fuente__f": "f2",
        "fecha_alta": "2026-08-07",
        "fecha_verificacion": "2026-08-07",
        "demarcacion": "Guadiana",
        "capacidad_hm3": 5.0,
        "capacidad_hm3__v": "confirmado",
        "capacidad_hm3__f": "f1",
        "agua_actual_hm3": 5.0,
        "agua_actual_hm3__v": "confirmado",
        "agua_actual_hm3__f": "f1",
        "fecha_dato": "2017-04-18",
        "hidroelectrico": false,
        "claves": [
          {
            "k": "Este parte dejó de alimentarse",
            "v": "El último dato de este embalse en la serie del Boletín es de 2017-04-18, y la serie llega a agosto de 2026. No es una lectura actual: por eso el registro va como `historico` y no se borra.",
            "verif": "confirmado",
            "fuente": "f1"
          }
        ],
        "fuentes": [
          {
            "id": "f1",
            "tipo": "primaria",
            "titulo": "Boletín Hidrológico Semanal — histórico de embalses 1988-2026 (Dirección General del Agua, Ministerio para la Transición Ecológica y el Reto Demográfico)",
            "url": "https://www.miteco.gob.es/content/dam/miteco/es/agua/temas/evaluacion-de-los-recursos-hidricos/boletin-hidrologico/Historico-de-embalses/BD-Embalses.zip",
            "fecha": "2017-04-18",
            "archivo": "fuentes/2026-08-07_miteco_bd-embalses-boletin-hidrologico-1988-2026.zip"
          },
          {
            "id": "f2",
            "tipo": "primaria",
            "titulo": "Nomenclátor Geográfico Básico de España — Instituto Geográfico Nacional",
            "url": "https://api-features.ign.es/collections/namedplace/items",
            "fecha": "2026-08-07",
            "archivo": "fuentes/2026-08-07_ign_ngbe-toponimos-embalses.json"
          }
        ]
      }
    },
    {
      "type": "Feature",
      "id": "agua-embalsada:chanza-guadiana",
      "geometry": {
        "type": "Point",
        "coordinates": [
          -7.50579,
          37.56611
        ]
      },
      "properties": {
        "slug": "chanza-guadiana",
        "nombre": "Embalse de Chanza",
        "categoria": "embalse",
        "descripcion": "Capacidad de 338 hm³ y 232 hm³ embalsados según el parte de 2026-08-04 del Boletín Hidrológico. Demarcación: Guadiana.",
        "estado_registro": "vigente",
        "verif": "confirmado",
        "geo_precision": "paraje",
        "geo_fuente": "«Embalse de Chanza» en el Nomenclátor Geográfico Básico de España",
        "geo_fuente__v": "confirmado",
        "geo_fuente__f": "f2",
        "fecha_alta": "2026-08-07",
        "fecha_verificacion": "2026-08-07",
        "demarcacion": "Guadiana",
        "capacidad_hm3": 338.0,
        "capacidad_hm3__v": "confirmado",
        "capacidad_hm3__f": "f1",
        "agua_actual_hm3": 232.0,
        "agua_actual_hm3__v": "confirmado",
        "agua_actual_hm3__f": "f1",
        "fecha_dato": "2026-08-04",
        "hidroelectrico": false,
        "claves": [],
        "fuentes": [
          {
            "id": "f1",
            "tipo": "primaria",
            "titulo": "Boletín Hidrológico Semanal — histórico de embalses 1988-2026 (Dirección General del Agua, Ministerio para la Transición Ecológica y el Reto Demográfico)",
            "url": "https://www.miteco.gob.es/content/dam/miteco/es/agua/temas/evaluacion-de-los-recursos-hidricos/boletin-hidrologico/Historico-de-embalses/BD-Embalses.zip",
            "fecha": "2026-08-04",
            "archivo": "fuentes/2026-08-07_miteco_bd-embalses-boletin-hidrologico-1988-2026.zip"
          },
          {
            "id": "f2",
            "tipo": "primaria",
            "titulo": "Nomenclátor Geográfico Básico de España — Instituto Geográfico Nacional",
            "url": "https://api-features.ign.es/collections/namedplace/items",
            "fecha": "2026-08-07",
            "archivo": "fuentes/2026-08-07_ign_ngbe-toponimos-embalses.json"
          }
        ]
      }
    },
    {
      "type": "Feature",
      "id": "agua-embalsada:cijara-guadiana",
      "geometry": {
        "type": "Point",
        "coordinates": [
          -4.86908,
          39.32452
        ]
      },
      "properties": {
        "slug": "cijara-guadiana",
        "nombre": "Embalse de Cijara",
        "categoria": "embalse",
        "descripcion": "Capacidad de 1.505 hm³ y 1.231 hm³ embalsados según el parte de 2026-08-04 del Boletín Hidrológico. Demarcación: Guadiana.",
        "estado_registro": "vigente",
        "verif": "confirmado",
        "geo_precision": "paraje",
        "geo_fuente": "«Embalse de Cíjara» en el Nomenclátor Geográfico Básico de España",
        "geo_fuente__v": "confirmado",
        "geo_fuente__f": "f2",
        "fecha_alta": "2026-08-07",
        "fecha_verificacion": "2026-08-07",
        "demarcacion": "Guadiana",
        "capacidad_hm3": 1505.0,
        "capacidad_hm3__v": "confirmado",
        "capacidad_hm3__f": "f1",
        "agua_actual_hm3": 1231.0,
        "agua_actual_hm3__v": "confirmado",
        "agua_actual_hm3__f": "f1",
        "fecha_dato": "2026-08-04",
        "hidroelectrico": false,
        "claves": [],
        "fuentes": [
          {
            "id": "f1",
            "tipo": "primaria",
            "titulo": "Boletín Hidrológico Semanal — histórico de embalses 1988-2026 (Dirección General del Agua, Ministerio para la Transición Ecológica y el Reto Demográfico)",
            "url": "https://www.miteco.gob.es/content/dam/miteco/es/agua/temas/evaluacion-de-los-recursos-hidricos/boletin-hidrologico/Historico-de-embalses/BD-Embalses.zip",
            "fecha": "2026-08-04",
            "archivo": "fuentes/2026-08-07_miteco_bd-embalses-boletin-hidrologico-1988-2026.zip"
          },
          {
            "id": "f2",
            "tipo": "primaria",
            "titulo": "Nomenclátor Geográfico Básico de España — Instituto Geográfico Nacional",
            "url": "https://api-features.ign.es/collections/namedplace/items",
            "fecha": "2026-08-07",
            "archivo": "fuentes/2026-08-07_ign_ngbe-toponimos-embalses.json"
          }
        ]
      }
    },
    {
      "type": "Feature",
      "id": "agua-embalsada:cubilar-guadiana",
      "geometry": {
        "type": "Point",
        "coordinates": [
          -5.47101,
          39.23828
        ]
      },
      "properties": {
        "slug": "cubilar-guadiana",
        "nombre": "Embalse de Cubilar",
        "categoria": "embalse",
        "descripcion": "Capacidad de 6 hm³ y 5 hm³ embalsados según el parte de 2026-08-04 del Boletín Hidrológico. Demarcación: Guadiana.",
        "estado_registro": "vigente",
        "verif": "confirmado",
        "geo_precision": "paraje",
        "geo_fuente": "«Embalse del Río Cubilar» en el Nomenclátor Geográfico Básico de España",
        "geo_fuente__v": "confirmado",
        "geo_fuente__f": "f2",
        "fecha_alta": "2026-08-07",
        "fecha_verificacion": "2026-08-07",
        "demarcacion": "Guadiana",
        "capacidad_hm3": 6.0,
        "capacidad_hm3__v": "confirmado",
        "capacidad_hm3__f": "f1",
        "agua_actual_hm3": 5.0,
        "agua_actual_hm3__v": "confirmado",
        "agua_actual_hm3__f": "f1",
        "fecha_dato": "2026-08-04",
        "hidroelectrico": false,
        "claves": [],
        "fuentes": [
          {
            "id": "f1",
            "tipo": "primaria",
            "titulo": "Boletín Hidrológico Semanal — histórico de embalses 1988-2026 (Dirección General del Agua, Ministerio para la Transición Ecológica y el Reto Demográfico)",
            "url": "https://www.miteco.gob.es/content/dam/miteco/es/agua/temas/evaluacion-de-los-recursos-hidricos/boletin-hidrologico/Historico-de-embalses/BD-Embalses.zip",
            "fecha": "2026-08-04",
            "archivo": "fuentes/2026-08-07_miteco_bd-embalses-boletin-hidrologico-1988-2026.zip"
          },
          {
            "id": "f2",
            "tipo": "primaria",
            "titulo": "Nomenclátor Geográfico Básico de España — Instituto Geográfico Nacional",
            "url": "https://api-features.ign.es/collections/namedplace/items",
            "fecha": "2026-08-07",
            "archivo": "fuentes/2026-08-07_ign_ngbe-toponimos-embalses.json"
          }
        ]
      }
    },
    {
      "type": "Feature",
      "id": "agua-embalsada:elvicario-guadiana",
      "geometry": {
        "type": "Point",
        "coordinates": [
          -3.93011,
          39.06189
        ]
      },
      "properties": {
        "slug": "elvicario-guadiana",
        "nombre": "Embalse de El Vicario",
        "categoria": "embalse",
        "descripcion": "Capacidad de 32 hm³ y 24 hm³ embalsados según el parte de 2026-08-04 del Boletín Hidrológico. Demarcación: Guadiana.",
        "estado_registro": "vigente",
        "verif": "confirmado",
        "geo_precision": "paraje",
        "geo_fuente": "«Embalse del Vicario» en el Nomenclátor Geográfico Básico de España",
        "geo_fuente__v": "confirmado",
        "geo_fuente__f": "f2",
        "fecha_alta": "2026-08-07",
        "fecha_verificacion": "2026-08-07",
        "demarcacion": "Guadiana",
        "capacidad_hm3": 32.0,
        "capacidad_hm3__v": "confirmado",
        "capacidad_hm3__f": "f1",
        "agua_actual_hm3": 24.0,
        "agua_actual_hm3__v": "confirmado",
        "agua_actual_hm3__f": "f1",
        "fecha_dato": "2026-08-04",
        "hidroelectrico": false,
        "claves": [],
        "fuentes": [
          {
            "id": "f1",
            "tipo": "primaria",
            "titulo": "Boletín Hidrológico Semanal — histórico de embalses 1988-2026 (Dirección General del Agua, Ministerio para la Transición Ecológica y el Reto Demográfico)",
            "url": "https://www.miteco.gob.es/content/dam/miteco/es/agua/temas/evaluacion-de-los-recursos-hidricos/boletin-hidrologico/Historico-de-embalses/BD-Embalses.zip",
            "fecha": "2026-08-04",
            "archivo": "fuentes/2026-08-07_miteco_bd-embalses-boletin-hidrologico-1988-2026.zip"
          },
          {
            "id": "f2",
            "tipo": "primaria",
            "titulo": "Nomenclátor Geográfico Básico de España — Instituto Geográfico Nacional",
            "url": "https://api-features.ign.es/collections/namedplace/items",
            "fecha": "2026-08-07",
            "archivo": "fuentes/2026-08-07_ign_ngbe-toponimos-embalses.json"
          }
        ]
      }
    },
    {
      "type": "Feature",
      "id": "agua-embalsada:garciadesola-guadiana",
      "geometry": {
        "type": "Point",
        "coordinates": [
          -5.15179,
          39.20453
        ]
      },
      "properties": {
        "slug": "garciadesola-guadiana",
        "nombre": "Embalse de García de Sola",
        "categoria": "embalse",
        "descripcion": "Capacidad de 554 hm³ y 296 hm³ embalsados según el parte de 2026-08-04 del Boletín Hidrológico. Demarcación: Guadiana.",
        "estado_registro": "vigente",
        "verif": "confirmado",
        "geo_precision": "paraje",
        "geo_fuente": "«Embalse de García de Sola» en el Nomenclátor Geográfico Básico de España",
        "geo_fuente__v": "confirmado",
        "geo_fuente__f": "f2",
        "fecha_alta": "2026-08-07",
        "fecha_verificacion": "2026-08-07",
        "demarcacion": "Guadiana",
        "capacidad_hm3": 554.0,
        "capacidad_hm3__v": "confirmado",
        "capacidad_hm3__f": "f1",
        "agua_actual_hm3": 296.0,
        "agua_actual_hm3__v": "confirmado",
        "agua_actual_hm3__f": "f1",
        "fecha_dato": "2026-08-04",
        "hidroelectrico": false,
        "claves": [],
        "fuentes": [
          {
            "id": "f1",
            "tipo": "primaria",
            "titulo": "Boletín Hidrológico Semanal — histórico de embalses 1988-2026 (Dirección General del Agua, Ministerio para la Transición Ecológica y el Reto Demográfico)",
            "url": "https://www.miteco.gob.es/content/dam/miteco/es/agua/temas/evaluacion-de-los-recursos-hidricos/boletin-hidrologico/Historico-de-embalses/BD-Embalses.zip",
            "fecha": "2026-08-04",
            "archivo": "fuentes/2026-08-07_miteco_bd-embalses-boletin-hidrologico-1988-2026.zip"
          },
          {
            "id": "f2",
            "tipo": "primaria",
            "titulo": "Nomenclátor Geográfico Básico de España — Instituto Geográfico Nacional",
            "url": "https://api-features.ign.es/collections/namedplace/items",
            "fecha": "2026-08-07",
            "archivo": "fuentes/2026-08-07_ign_ngbe-toponimos-embalses.json"
          }
        ]
      }
    },
    {
      "type": "Feature",
      "id": "agua-embalsada:gargaligas-guadiana",
      "geometry": {
        "type": "Point",
        "coordinates": [
          -5.36188,
          39.19153
        ]
      },
      "properties": {
        "slug": "gargaligas-guadiana",
        "nombre": "Embalse de Gargáligas",
        "categoria": "embalse",
        "descripcion": "Capacidad de 21 hm³ y 15 hm³ embalsados según el parte de 2026-08-04 del Boletín Hidrológico. Demarcación: Guadiana.",
        "estado_registro": "vigente",
        "verif": "confirmado",
        "geo_precision": "paraje",
        "geo_fuente": "«Embalse Gargáligas» en el Nomenclátor Geográfico Básico de España",
        "geo_fuente__v": "confirmado",
        "geo_fuente__f": "f2",
        "fecha_alta": "2026-08-07",
        "fecha_verificacion": "2026-08-07",
        "demarcacion": "Guadiana",
        "capacidad_hm3": 21.0,
        "capacidad_hm3__v": "confirmado",
        "capacidad_hm3__f": "f1",
        "agua_actual_hm3": 15.0,
        "agua_actual_hm3__v": "confirmado",
        "agua_actual_hm3__f": "f1",
        "fecha_dato": "2026-08-04",
        "hidroelectrico": false,
        "claves": [],
        "fuentes": [
          {
            "id": "f1",
            "tipo": "primaria",
            "titulo": "Boletín Hidrológico Semanal — histórico de embalses 1988-2026 (Dirección General del Agua, Ministerio para la Transición Ecológica y el Reto Demográfico)",
            "url": "https://www.miteco.gob.es/content/dam/miteco/es/agua/temas/evaluacion-de-los-recursos-hidricos/boletin-hidrologico/Historico-de-embalses/BD-Embalses.zip",
            "fecha": "2026-08-04",
            "archivo": "fuentes/2026-08-07_miteco_bd-embalses-boletin-hidrologico-1988-2026.zip"
          },
          {
            "id": "f2",
            "tipo": "primaria",
            "titulo": "Nomenclátor Geográfico Básico de España — Instituto Geográfico Nacional",
            "url": "https://api-features.ign.es/collections/namedplace/items",
            "fecha": "2026-08-07",
            "archivo": "fuentes/2026-08-07_ign_ngbe-toponimos-embalses.json"
          }
        ]
      }
    },
    {
      "type": "Feature",
      "id": "agua-embalsada:gasset-guadiana",
      "geometry": {
        "type": "Point",
        "coordinates": [
          -3.9386,
          39.13031
        ]
      },
      "properties": {
        "slug": "gasset-guadiana",
        "nombre": "Embalse de Gasset",
        "categoria": "embalse",
        "descripcion": "Capacidad de 39 hm³ y 29 hm³ embalsados según el parte de 2026-08-04 del Boletín Hidrológico. Demarcación: Guadiana.",
        "estado_registro": "vigente",
        "verif": "confirmado",
        "geo_precision": "paraje",
        "geo_fuente": "«Embalse de Gasset» en el Nomenclátor Geográfico Básico de España",
        "geo_fuente__v": "confirmado",
        "geo_fuente__f": "f2",
        "fecha_alta": "2026-08-07",
        "fecha_verificacion": "2026-08-07",
        "demarcacion": "Guadiana",
        "capacidad_hm3": 39.0,
        "capacidad_hm3__v": "confirmado",
        "capacidad_hm3__f": "f1",
        "agua_actual_hm3": 29.0,
        "agua_actual_hm3__v": "confirmado",
        "agua_actual_hm3__f": "f1",
        "fecha_dato": "2026-08-04",
        "hidroelectrico": false,
        "claves": [],
        "fuentes": [
          {
            "id": "f1",
            "tipo": "primaria",
            "titulo": "Boletín Hidrológico Semanal — histórico de embalses 1988-2026 (Dirección General del Agua, Ministerio para la Transición Ecológica y el Reto Demográfico)",
            "url": "https://www.miteco.gob.es/content/dam/miteco/es/agua/temas/evaluacion-de-los-recursos-hidricos/boletin-hidrologico/Historico-de-embalses/BD-Embalses.zip",
            "fecha": "2026-08-04",
            "archivo": "fuentes/2026-08-07_miteco_bd-embalses-boletin-hidrologico-1988-2026.zip"
          },
          {
            "id": "f2",
            "tipo": "primaria",
            "titulo": "Nomenclátor Geográfico Básico de España — Instituto Geográfico Nacional",
            "url": "https://api-features.ign.es/collections/namedplace/items",
            "fecha": "2026-08-07",
            "archivo": "fuentes/2026-08-07_ign_ngbe-toponimos-embalses.json"
          }
        ]
      }
    },
    {
      "type": "Feature",
      "id": "agua-embalsada:hornotejero-guadiana",
      "geometry": {
        "type": "Point",
        "coordinates": [
          -6.43292,
          39.15369
        ]
      },
      "properties": {
        "slug": "hornotejero-guadiana",
        "nombre": "Embalse de Horno Tejero",
        "categoria": "embalse",
        "descripcion": "Capacidad de 24 hm³ y 17 hm³ embalsados según el parte de 2026-08-04 del Boletín Hidrológico. Demarcación: Guadiana.",
        "estado_registro": "vigente",
        "verif": "confirmado",
        "geo_precision": "paraje",
        "geo_fuente": "«Embalse de Horno Tejero» en el Nomenclátor Geográfico Básico de España",
        "geo_fuente__v": "confirmado",
        "geo_fuente__f": "f2",
        "fecha_alta": "2026-08-07",
        "fecha_verificacion": "2026-08-07",
        "demarcacion": "Guadiana",
        "capacidad_hm3": 24.0,
        "capacidad_hm3__v": "confirmado",
        "capacidad_hm3__f": "f1",
        "agua_actual_hm3": 17.0,
        "agua_actual_hm3__v": "confirmado",
        "agua_actual_hm3__f": "f1",
        "fecha_dato": "2026-08-04",
        "hidroelectrico": false,
        "claves": [],
        "fuentes": [
          {
            "id": "f1",
            "tipo": "primaria",
            "titulo": "Boletín Hidrológico Semanal — histórico de embalses 1988-2026 (Dirección General del Agua, Ministerio para la Transición Ecológica y el Reto Demográfico)",
            "url": "https://www.miteco.gob.es/content/dam/miteco/es/agua/temas/evaluacion-de-los-recursos-hidricos/boletin-hidrologico/Historico-de-embalses/BD-Embalses.zip",
            "fecha": "2026-08-04",
            "archivo": "fuentes/2026-08-07_miteco_bd-embalses-boletin-hidrologico-1988-2026.zip"
          },
          {
            "id": "f2",
            "tipo": "primaria",
            "titulo": "Nomenclátor Geográfico Básico de España — Instituto Geográfico Nacional",
            "url": "https://api-features.ign.es/collections/namedplace/items",
            "fecha": "2026-08-07",
            "archivo": "fuentes/2026-08-07_ign_ngbe-toponimos-embalses.json"
          }
        ]
      }
    },
    {
      "type": "Feature",
      "id": "agua-embalsada:lacolada-guadiana",
      "geometry": {
        "type": "Point",
        "coordinates": [
          -5.01532,
          38.55133
        ]
      },
      "properties": {
        "slug": "lacolada-guadiana",
        "nombre": "Embalse de La Colada",
        "categoria": "embalse",
        "descripcion": "Capacidad de 58 hm³ y 49 hm³ embalsados según el parte de 2026-08-04 del Boletín Hidrológico. Demarcación: Guadiana.",
        "estado_registro": "vigente",
        "verif": "confirmado",
        "geo_precision": "paraje",
        "geo_fuente": "«Embalse de la Colada» en el Nomenclátor Geográfico Básico de España",
        "geo_fuente__v": "confirmado",
        "geo_fuente__f": "f2",
        "fecha_alta": "2026-08-07",
        "fecha_verificacion": "2026-08-07",
        "demarcacion": "Guadiana",
        "capacidad_hm3": 58.0,
        "capacidad_hm3__v": "confirmado",
        "capacidad_hm3__f": "f1",
        "agua_actual_hm3": 49.0,
        "agua_actual_hm3__v": "confirmado",
        "agua_actual_hm3__f": "f1",
        "fecha_dato": "2026-08-04",
        "hidroelectrico": false,
        "claves": [],
        "fuentes": [
          {
            "id": "f1",
            "tipo": "primaria",
            "titulo": "Boletín Hidrológico Semanal — histórico de embalses 1988-2026 (Dirección General del Agua, Ministerio para la Transición Ecológica y el Reto Demográfico)",
            "url": "https://www.miteco.gob.es/content/dam/miteco/es/agua/temas/evaluacion-de-los-recursos-hidricos/boletin-hidrologico/Historico-de-embalses/BD-Embalses.zip",
            "fecha": "2026-08-04",
            "archivo": "fuentes/2026-08-07_miteco_bd-embalses-boletin-hidrologico-1988-2026.zip"
          },
          {
            "id": "f2",
            "tipo": "primaria",
            "titulo": "Nomenclátor Geográfico Básico de España — Instituto Geográfico Nacional",
            "url": "https://api-features.ign.es/collections/namedplace/items",
            "fecha": "2026-08-07",
            "archivo": "fuentes/2026-08-07_ign_ngbe-toponimos-embalses.json"
          }
        ]
      }
    },
    {
      "type": "Feature",
      "id": "agua-embalsada:laserena-guadiana",
      "geometry": {
        "type": "Point",
        "coordinates": [
          -5.4093,
          38.90973
        ]
      },
      "properties": {
        "slug": "laserena-guadiana",
        "nombre": "Embalse de La Serena",
        "categoria": "embalse",
        "descripcion": "Capacidad de 3.219 hm³ y 2.795 hm³ embalsados según el parte de 2026-08-04 del Boletín Hidrológico. Demarcación: Guadiana.",
        "estado_registro": "vigente",
        "verif": "confirmado",
        "geo_precision": "paraje",
        "geo_fuente": "«Embalse de la Serena» en el Nomenclátor Geográfico Básico de España",
        "geo_fuente__v": "confirmado",
        "geo_fuente__f": "f2",
        "fecha_alta": "2026-08-07",
        "fecha_verificacion": "2026-08-07",
        "demarcacion": "Guadiana",
        "capacidad_hm3": 3219.0,
        "capacidad_hm3__v": "confirmado",
        "capacidad_hm3__f": "f1",
        "agua_actual_hm3": 2795.0,
        "agua_actual_hm3__v": "confirmado",
        "agua_actual_hm3__f": "f1",
        "fecha_dato": "2026-08-04",
        "hidroelectrico": false,
        "claves": [],
        "fuentes": [
          {
            "id": "f1",
            "tipo": "primaria",
            "titulo": "Boletín Hidrológico Semanal — histórico de embalses 1988-2026 (Dirección General del Agua, Ministerio para la Transición Ecológica y el Reto Demográfico)",
            "url": "https://www.miteco.gob.es/content/dam/miteco/es/agua/temas/evaluacion-de-los-recursos-hidricos/boletin-hidrologico/Historico-de-embalses/BD-Embalses.zip",
            "fecha": "2026-08-04",
            "archivo": "fuentes/2026-08-07_miteco_bd-embalses-boletin-hidrologico-1988-2026.zip"
          },
          {
            "id": "f2",
            "tipo": "primaria",
            "titulo": "Nomenclátor Geográfico Básico de España — Instituto Geográfico Nacional",
            "url": "https://api-features.ign.es/collections/namedplace/items",
            "fecha": "2026-08-07",
            "archivo": "fuentes/2026-08-07_ign_ngbe-toponimos-embalses.json"
          }
        ]
      }
    },
    {
      "type": "Feature",
      "id": "agua-embalsada:losmolinos-guadiana",
      "geometry": {
        "type": "Point",
        "coordinates": [
          -4.05218,
          39.21307
        ]
      },
      "properties": {
        "slug": "losmolinos-guadiana",
        "nombre": "Embalse de Los Molinos",
        "categoria": "embalse",
        "descripcion": "Capacidad de 34 hm³ y 32 hm³ embalsados según el parte de 2026-08-04 del Boletín Hidrológico. Demarcación: Guadiana.",
        "estado_registro": "vigente",
        "verif": "confirmado",
        "geo_precision": "paraje",
        "geo_fuente": "«Presa del Valle de los Molinos» en el Nomenclátor Geográfico Básico de España",
        "geo_fuente__v": "confirmado",
        "geo_fuente__f": "f2",
        "fecha_alta": "2026-08-07",
        "fecha_verificacion": "2026-08-07",
        "demarcacion": "Guadiana",
        "capacidad_hm3": 34.0,
        "capacidad_hm3__v": "confirmado",
        "capacidad_hm3__f": "f1",
        "agua_actual_hm3": 32.0,
        "agua_actual_hm3__v": "confirmado",
        "agua_actual_hm3__f": "f1",
        "fecha_dato": "2026-08-04",
        "hidroelectrico": false,
        "claves": [],
        "fuentes": [
          {
            "id": "f1",
            "tipo": "primaria",
            "titulo": "Boletín Hidrológico Semanal — histórico de embalses 1988-2026 (Dirección General del Agua, Ministerio para la Transición Ecológica y el Reto Demográfico)",
            "url": "https://www.miteco.gob.es/content/dam/miteco/es/agua/temas/evaluacion-de-los-recursos-hidricos/boletin-hidrologico/Historico-de-embalses/BD-Embalses.zip",
            "fecha": "2026-08-04",
            "archivo": "fuentes/2026-08-07_miteco_bd-embalses-boletin-hidrologico-1988-2026.zip"
          },
          {
            "id": "f2",
            "tipo": "primaria",
            "titulo": "Nomenclátor Geográfico Básico de España — Instituto Geográfico Nacional",
            "url": "https://api-features.ign.es/collections/namedplace/items",
            "fecha": "2026-08-07",
            "archivo": "fuentes/2026-08-07_ign_ngbe-toponimos-embalses.json"
          }
        ]
      }
    },
    {
      "type": "Feature",
      "id": "agua-embalsada:montijo-guadiana",
      "geometry": {
        "type": "Point",
        "coordinates": [
          -6.42792,
          38.92468
        ]
      },
      "properties": {
        "slug": "montijo-guadiana",
        "nombre": "Embalse de Montijo",
        "categoria": "embalse",
        "descripcion": "Capacidad de 11 hm³ y 11 hm³ embalsados según el parte de 2026-08-04 del Boletín Hidrológico. Demarcación: Guadiana.",
        "estado_registro": "vigente",
        "verif": "confirmado",
        "geo_precision": "paraje",
        "geo_fuente": "«Embalse de Montijo» en el Nomenclátor Geográfico Básico de España",
        "geo_fuente__v": "confirmado",
        "geo_fuente__f": "f2",
        "fecha_alta": "2026-08-07",
        "fecha_verificacion": "2026-08-07",
        "demarcacion": "Guadiana",
        "capacidad_hm3": 11.0,
        "capacidad_hm3__v": "confirmado",
        "capacidad_hm3__f": "f1",
        "agua_actual_hm3": 11.0,
        "agua_actual_hm3__v": "confirmado",
        "agua_actual_hm3__f": "f1",
        "fecha_dato": "2026-08-04",
        "hidroelectrico": false,
        "claves": [],
        "fuentes": [
          {
            "id": "f1",
            "tipo": "primaria",
            "titulo": "Boletín Hidrológico Semanal — histórico de embalses 1988-2026 (Dirección General del Agua, Ministerio para la Transición Ecológica y el Reto Demográfico)",
            "url": "https://www.miteco.gob.es/content/dam/miteco/es/agua/temas/evaluacion-de-los-recursos-hidricos/boletin-hidrologico/Historico-de-embalses/BD-Embalses.zip",
            "fecha": "2026-08-04",
            "archivo": "fuentes/2026-08-07_miteco_bd-embalses-boletin-hidrologico-1988-2026.zip"
          },
          {
            "id": "f2",
            "tipo": "primaria",
            "titulo": "Nomenclátor Geográfico Básico de España — Instituto Geográfico Nacional",
            "url": "https://api-features.ign.es/collections/namedplace/items",
            "fecha": "2026-08-07",
            "archivo": "fuentes/2026-08-07_ign_ngbe-toponimos-embalses.json"
          }
        ]
      }
    },
    {
      "type": "Feature",
      "id": "agua-embalsada:nogales-guadiana",
      "geometry": {
        "type": "Point",
        "coordinates": [
          -6.7359,
          38.56348
        ]
      },
      "properties": {
        "slug": "nogales-guadiana",
        "nombre": "Embalse de Nogales",
        "categoria": "embalse",
        "descripcion": "Capacidad de 18 hm³ y 13 hm³ embalsados según el parte de 2026-08-04 del Boletín Hidrológico. Demarcación: Guadiana.",
        "estado_registro": "vigente",
        "verif": "confirmado",
        "geo_precision": "paraje",
        "geo_fuente": "«Embalse de Nogales» en el Nomenclátor Geográfico Básico de España",
        "geo_fuente__v": "confirmado",
        "geo_fuente__f": "f2",
        "fecha_alta": "2026-08-07",
        "fecha_verificacion": "2026-08-07",
        "demarcacion": "Guadiana",
        "capacidad_hm3": 18.0,
        "capacidad_hm3__v": "confirmado",
        "capacidad_hm3__f": "f1",
        "agua_actual_hm3": 13.0,
        "agua_actual_hm3__v": "confirmado",
        "agua_actual_hm3__f": "f1",
        "fecha_dato": "2026-08-04",
        "hidroelectrico": false,
        "claves": [],
        "fuentes": [
          {
            "id": "f1",
            "tipo": "primaria",
            "titulo": "Boletín Hidrológico Semanal — histórico de embalses 1988-2026 (Dirección General del Agua, Ministerio para la Transición Ecológica y el Reto Demográfico)",
            "url": "https://www.miteco.gob.es/content/dam/miteco/es/agua/temas/evaluacion-de-los-recursos-hidricos/boletin-hidrologico/Historico-de-embalses/BD-Embalses.zip",
            "fecha": "2026-08-04",
            "archivo": "fuentes/2026-08-07_miteco_bd-embalses-boletin-hidrologico-1988-2026.zip"
          },
          {
            "id": "f2",
            "tipo": "primaria",
            "titulo": "Nomenclátor Geográfico Básico de España — Instituto Geográfico Nacional",
            "url": "https://api-features.ign.es/collections/namedplace/items",
            "fecha": "2026-08-07",
            "archivo": "fuentes/2026-08-07_ign_ngbe-toponimos-embalses.json"
          }
        ]
      }
    },
    {
      "type": "Feature",
      "id": "agua-embalsada:orellana-guadiana",
      "geometry": {
        "type": "Point",
        "coordinates": [
          -5.40948,
          39.01868
        ]
      },
      "properties": {
        "slug": "orellana-guadiana",
        "nombre": "Embalse de Orellana",
        "categoria": "embalse",
        "descripcion": "Capacidad de 808 hm³ y 587 hm³ embalsados según el parte de 2026-08-04 del Boletín Hidrológico. Demarcación: Guadiana.",
        "estado_registro": "vigente",
        "verif": "confirmado",
        "geo_precision": "paraje",
        "geo_fuente": "«Embalse de Orellana» en el Nomenclátor Geográfico Básico de España",
        "geo_fuente__v": "confirmado",
        "geo_fuente__f": "f2",
        "fecha_alta": "2026-08-07",
        "fecha_verificacion": "2026-08-07",
        "demarcacion": "Guadiana",
        "capacidad_hm3": 808.0,
        "capacidad_hm3__v": "confirmado",
        "capacidad_hm3__f": "f1",
        "agua_actual_hm3": 587.0,
        "agua_actual_hm3__v": "confirmado",
        "agua_actual_hm3__f": "f1",
        "fecha_dato": "2026-08-04",
        "hidroelectrico": false,
        "claves": [],
        "fuentes": [
          {
            "id": "f1",
            "tipo": "primaria",
            "titulo": "Boletín Hidrológico Semanal — histórico de embalses 1988-2026 (Dirección General del Agua, Ministerio para la Transición Ecológica y el Reto Demográfico)",
            "url": "https://www.miteco.gob.es/content/dam/miteco/es/agua/temas/evaluacion-de-los-recursos-hidricos/boletin-hidrologico/Historico-de-embalses/BD-Embalses.zip",
            "fecha": "2026-08-04",
            "archivo": "fuentes/2026-08-07_miteco_bd-embalses-boletin-hidrologico-1988-2026.zip"
          },
          {
            "id": "f2",
            "tipo": "primaria",
            "titulo": "Nomenclátor Geográfico Básico de España — Instituto Geográfico Nacional",
            "url": "https://api-features.ign.es/collections/namedplace/items",
            "fecha": "2026-08-07",
            "archivo": "fuentes/2026-08-07_ign_ngbe-toponimos-embalses.json"
          }
        ]
      }
    },
    {
      "type": "Feature",
      "id": "agua-embalsada:penarroya-guadiana",
      "geometry": {
        "type": "Point",
        "coordinates": [
          -3.00641,
          39.06012
        ]
      },
      "properties": {
        "slug": "penarroya-guadiana",
        "nombre": "Embalse de Peñarroya",
        "categoria": "embalse",
        "descripcion": "Capacidad de 51 hm³ y 42 hm³ embalsados según el parte de 2026-08-04 del Boletín Hidrológico. Demarcación: Guadiana.",
        "estado_registro": "vigente",
        "verif": "confirmado",
        "geo_precision": "paraje",
        "geo_fuente": "«Embalse de Peñarroya» en el Nomenclátor Geográfico Básico de España",
        "geo_fuente__v": "confirmado",
        "geo_fuente__f": "f2",
        "fecha_alta": "2026-08-07",
        "fecha_verificacion": "2026-08-07",
        "demarcacion": "Guadiana",
        "capacidad_hm3": 51.0,
        "capacidad_hm3__v": "confirmado",
        "capacidad_hm3__f": "f1",
        "agua_actual_hm3": 42.0,
        "agua_actual_hm3__v": "confirmado",
        "agua_actual_hm3__f": "f1",
        "fecha_dato": "2026-08-04",
        "hidroelectrico": false,
        "claves": [],
        "fuentes": [
          {
            "id": "f1",
            "tipo": "primaria",
            "titulo": "Boletín Hidrológico Semanal — histórico de embalses 1988-2026 (Dirección General del Agua, Ministerio para la Transición Ecológica y el Reto Demográfico)",
            "url": "https://www.miteco.gob.es/content/dam/miteco/es/agua/temas/evaluacion-de-los-recursos-hidricos/boletin-hidrologico/Historico-de-embalses/BD-Embalses.zip",
            "fecha": "2026-08-04",
            "archivo": "fuentes/2026-08-07_miteco_bd-embalses-boletin-hidrologico-1988-2026.zip"
          },
          {
            "id": "f2",
            "tipo": "primaria",
            "titulo": "Nomenclátor Geográfico Básico de España — Instituto Geográfico Nacional",
            "url": "https://api-features.ign.es/collections/namedplace/items",
            "fecha": "2026-08-07",
            "archivo": "fuentes/2026-08-07_ign_ngbe-toponimos-embalses.json"
          }
        ]
      }
    },
    {
      "type": "Feature",
      "id": "agua-embalsada:piedraaguda-guadiana",
      "geometry": {
        "type": "Point",
        "coordinates": [
          -7.02191,
          38.68671
        ]
      },
      "properties": {
        "slug": "piedraaguda-guadiana",
        "nombre": "Embalse de Piedra Aguda",
        "categoria": "embalse",
        "descripcion": "Capacidad de 16 hm³ y 13 hm³ embalsados según el parte de 2026-08-04 del Boletín Hidrológico. Demarcación: Guadiana.",
        "estado_registro": "vigente",
        "verif": "confirmado",
        "geo_precision": "paraje",
        "geo_fuente": "«Embalse de Piedra Aguda» en el Nomenclátor Geográfico Básico de España",
        "geo_fuente__v": "confirmado",
        "geo_fuente__f": "f2",
        "fecha_alta": "2026-08-07",
        "fecha_verificacion": "2026-08-07",
        "demarcacion": "Guadiana",
        "capacidad_hm3": 16.0,
        "capacidad_hm3__v": "confirmado",
        "capacidad_hm3__f": "f1",
        "agua_actual_hm3": 13.0,
        "agua_actual_hm3__v": "confirmado",
        "agua_actual_hm3__f": "f1",
        "fecha_dato": "2026-08-04",
        "hidroelectrico": false,
        "claves": [],
        "fuentes": [
          {
            "id": "f1",
            "tipo": "primaria",
            "titulo": "Boletín Hidrológico Semanal — histórico de embalses 1988-2026 (Dirección General del Agua, Ministerio para la Transición Ecológica y el Reto Demográfico)",
            "url": "https://www.miteco.gob.es/content/dam/miteco/es/agua/temas/evaluacion-de-los-recursos-hidricos/boletin-hidrologico/Historico-de-embalses/BD-Embalses.zip",
            "fecha": "2026-08-04",
            "archivo": "fuentes/2026-08-07_miteco_bd-embalses-boletin-hidrologico-1988-2026.zip"
          },
          {
            "id": "f2",
            "tipo": "primaria",
            "titulo": "Nomenclátor Geográfico Básico de España — Instituto Geográfico Nacional",
            "url": "https://api-features.ign.es/collections/namedplace/items",
            "fecha": "2026-08-07",
            "archivo": "fuentes/2026-08-07_ign_ngbe-toponimos-embalses.json"
          }
        ]
      }
    },
    {
      "type": "Feature",
      "id": "agua-embalsada:proserpina-guadiana",
      "geometry": {
        "type": "Point",
        "coordinates": [
          -6.36591,
          38.97028
        ]
      },
      "properties": {
        "slug": "proserpina-guadiana",
        "nombre": "Embalse de Proserpina",
        "categoria": "embalse",
        "descripcion": "Capacidad de 5 hm³ y 5 hm³ embalsados según el parte de 2026-08-04 del Boletín Hidrológico. Demarcación: Guadiana.",
        "estado_registro": "vigente",
        "verif": "confirmado",
        "geo_precision": "paraje",
        "geo_fuente": "«Embalse de Proserpina» en el Nomenclátor Geográfico Básico de España",
        "geo_fuente__v": "confirmado",
        "geo_fuente__f": "f2",
        "fecha_alta": "2026-08-07",
        "fecha_verificacion": "2026-08-07",
        "demarcacion": "Guadiana",
        "capacidad_hm3": 5.0,
        "capacidad_hm3__v": "confirmado",
        "capacidad_hm3__f": "f1",
        "agua_actual_hm3": 5.0,
        "agua_actual_hm3__v": "confirmado",
        "agua_actual_hm3__f": "f1",
        "fecha_dato": "2026-08-04",
        "hidroelectrico": false,
        "claves": [],
        "fuentes": [
          {
            "id": "f1",
            "tipo": "primaria",
            "titulo": "Boletín Hidrológico Semanal — histórico de embalses 1988-2026 (Dirección General del Agua, Ministerio para la Transición Ecológica y el Reto Demográfico)",
            "url": "https://www.miteco.gob.es/content/dam/miteco/es/agua/temas/evaluacion-de-los-recursos-hidricos/boletin-hidrologico/Historico-de-embalses/BD-Embalses.zip",
            "fecha": "2026-08-04",
            "archivo": "fuentes/2026-08-07_miteco_bd-embalses-boletin-hidrologico-1988-2026.zip"
          },
          {
            "id": "f2",
            "tipo": "primaria",
            "titulo": "Nomenclátor Geográfico Básico de España — Instituto Geográfico Nacional",
            "url": "https://api-features.ign.es/collections/namedplace/items",
            "fecha": "2026-08-07",
            "archivo": "fuentes/2026-08-07_ign_ngbe-toponimos-embalses.json"
          }
        ]
      }
    },
    {
      "type": "Feature",
      "id": "agua-embalsada:ptovallehermoso-guadiana",
      "geometry": {
        "type": "Point",
        "coordinates": [
          -3.16809,
          38.86768
        ]
      },
      "properties": {
        "slug": "ptovallehermoso-guadiana",
        "nombre": "Embalse de Pto. Vallehermoso",
        "categoria": "embalse",
        "descripcion": "Capacidad de 7 hm³ y 7 hm³ embalsados según el parte de 2026-08-04 del Boletín Hidrológico. Demarcación: Guadiana.",
        "estado_registro": "vigente",
        "verif": "confirmado",
        "geo_precision": "paraje",
        "geo_fuente": "«Embalse del Puerto de Vallehermoso» en el Nomenclátor Geográfico Básico de España",
        "geo_fuente__v": "confirmado",
        "geo_fuente__f": "f2",
        "fecha_alta": "2026-08-07",
        "fecha_verificacion": "2026-08-07",
        "demarcacion": "Guadiana",
        "capacidad_hm3": 7.0,
        "capacidad_hm3__v": "confirmado",
        "capacidad_hm3__f": "f1",
        "agua_actual_hm3": 7.0,
        "agua_actual_hm3__v": "confirmado",
        "agua_actual_hm3__f": "f1",
        "fecha_dato": "2026-08-04",
        "hidroelectrico": false,
        "claves": [],
        "fuentes": [
          {
            "id": "f1",
            "tipo": "primaria",
            "titulo": "Boletín Hidrológico Semanal — histórico de embalses 1988-2026 (Dirección General del Agua, Ministerio para la Transición Ecológica y el Reto Demográfico)",
            "url": "https://www.miteco.gob.es/content/dam/miteco/es/agua/temas/evaluacion-de-los-recursos-hidricos/boletin-hidrologico/Historico-de-embalses/BD-Embalses.zip",
            "fecha": "2026-08-04",
            "archivo": "fuentes/2026-08-07_miteco_bd-embalses-boletin-hidrologico-1988-2026.zip"
          },
          {
            "id": "f2",
            "tipo": "primaria",
            "titulo": "Nomenclátor Geográfico Básico de España — Instituto Geográfico Nacional",
            "url": "https://api-features.ign.es/collections/namedplace/items",
            "fecha": "2026-08-07",
            "archivo": "fuentes/2026-08-07_ign_ngbe-toponimos-embalses.json"
          }
        ]
      }
    },
    {
      "type": "Feature",
      "id": "agua-embalsada:ruecas-guadiana",
      "geometry": {
        "type": "Point",
        "coordinates": [
          -5.4953,
          39.26813
        ]
      },
      "properties": {
        "slug": "ruecas-guadiana",
        "nombre": "Embalse de Ruecas",
        "categoria": "embalse",
        "descripcion": "Capacidad de 42 hm³ y 34 hm³ embalsados según el parte de 2026-08-04 del Boletín Hidrológico. Demarcación: Guadiana.",
        "estado_registro": "vigente",
        "verif": "confirmado",
        "geo_precision": "paraje",
        "geo_fuente": "«Embalse del Río Ruecas» en el Nomenclátor Geográfico Básico de España",
        "geo_fuente__v": "confirmado",
        "geo_fuente__f": "f2",
        "fecha_alta": "2026-08-07",
        "fecha_verificacion": "2026-08-07",
        "demarcacion": "Guadiana",
        "capacidad_hm3": 42.0,
        "capacidad_hm3__v": "confirmado",
        "capacidad_hm3__f": "f1",
        "agua_actual_hm3": 34.0,
        "agua_actual_hm3__v": "confirmado",
        "agua_actual_hm3__f": "f1",
        "fecha_dato": "2026-08-04",
        "hidroelectrico": false,
        "claves": [],
        "fuentes": [
          {
            "id": "f1",
            "tipo": "primaria",
            "titulo": "Boletín Hidrológico Semanal — histórico de embalses 1988-2026 (Dirección General del Agua, Ministerio para la Transición Ecológica y el Reto Demográfico)",
            "url": "https://www.miteco.gob.es/content/dam/miteco/es/agua/temas/evaluacion-de-los-recursos-hidricos/boletin-hidrologico/Historico-de-embalses/BD-Embalses.zip",
            "fecha": "2026-08-04",
            "archivo": "fuentes/2026-08-07_miteco_bd-embalses-boletin-hidrologico-1988-2026.zip"
          },
          {
            "id": "f2",
            "tipo": "primaria",
            "titulo": "Nomenclátor Geográfico Básico de España — Instituto Geográfico Nacional",
            "url": "https://api-features.ign.es/collections/namedplace/items",
            "fecha": "2026-08-07",
            "archivo": "fuentes/2026-08-07_ign_ngbe-toponimos-embalses.json"
          }
        ]
      }
    },
    {
      "type": "Feature",
      "id": "agua-embalsada:sierrabrava-guadiana",
      "geometry": {
        "type": "Point",
        "coordinates": [
          -5.64459,
          39.19489
        ]
      },
      "properties": {
        "slug": "sierrabrava-guadiana",
        "nombre": "Embalse de Sierra Brava",
        "categoria": "embalse",
        "descripcion": "Capacidad de 233 hm³ y 114 hm³ embalsados según el parte de 2026-08-04 del Boletín Hidrológico. Demarcación: Guadiana.",
        "estado_registro": "vigente",
        "verif": "confirmado",
        "geo_precision": "paraje",
        "geo_fuente": "«Embalse de Sierra Brava» en el Nomenclátor Geográfico Básico de España",
        "geo_fuente__v": "confirmado",
        "geo_fuente__f": "f2",
        "fecha_alta": "2026-08-07",
        "fecha_verificacion": "2026-08-07",
        "demarcacion": "Guadiana",
        "capacidad_hm3": 233.0,
        "capacidad_hm3__v": "confirmado",
        "capacidad_hm3__f": "f1",
        "agua_actual_hm3": 114.0,
        "agua_actual_hm3__v": "confirmado",
        "agua_actual_hm3__f": "f1",
        "fecha_dato": "2026-08-04",
        "hidroelectrico": false,
        "claves": [],
        "fuentes": [
          {
            "id": "f1",
            "tipo": "primaria",
            "titulo": "Boletín Hidrológico Semanal — histórico de embalses 1988-2026 (Dirección General del Agua, Ministerio para la Transición Ecológica y el Reto Demográfico)",
            "url": "https://www.miteco.gob.es/content/dam/miteco/es/agua/temas/evaluacion-de-los-recursos-hidricos/boletin-hidrologico/Historico-de-embalses/BD-Embalses.zip",
            "fecha": "2026-08-04",
            "archivo": "fuentes/2026-08-07_miteco_bd-embalses-boletin-hidrologico-1988-2026.zip"
          },
          {
            "id": "f2",
            "tipo": "primaria",
            "titulo": "Nomenclátor Geográfico Básico de España — Instituto Geográfico Nacional",
            "url": "https://api-features.ign.es/collections/namedplace/items",
            "fecha": "2026-08-07",
            "archivo": "fuentes/2026-08-07_ign_ngbe-toponimos-embalses.json"
          }
        ]
      }
    },
    {
      "type": "Feature",
      "id": "agua-embalsada:tentudia-guadiana",
      "geometry": {
        "type": "Point",
        "coordinates": [
          -6.31659,
          38.0943
        ]
      },
      "properties": {
        "slug": "tentudia-guadiana",
        "nombre": "Embalse de Tentudia",
        "categoria": "embalse",
        "descripcion": "Capacidad de 5 hm³ y 4 hm³ embalsados según el parte de 2026-08-04 del Boletín Hidrológico. Demarcación: Guadiana.",
        "estado_registro": "vigente",
        "verif": "confirmado",
        "geo_precision": "paraje",
        "geo_fuente": "«Embalse de Tentudía» en el Nomenclátor Geográfico Básico de España",
        "geo_fuente__v": "confirmado",
        "geo_fuente__f": "f2",
        "fecha_alta": "2026-08-07",
        "fecha_verificacion": "2026-08-07",
        "demarcacion": "Guadiana",
        "capacidad_hm3": 5.0,
        "capacidad_hm3__v": "confirmado",
        "capacidad_hm3__f": "f1",
        "agua_actual_hm3": 4.0,
        "agua_actual_hm3__v": "confirmado",
        "agua_actual_hm3__f": "f1",
        "fecha_dato": "2026-08-04",
        "hidroelectrico": false,
        "claves": [],
        "fuentes": [
          {
            "id": "f1",
            "tipo": "primaria",
            "titulo": "Boletín Hidrológico Semanal — histórico de embalses 1988-2026 (Dirección General del Agua, Ministerio para la Transición Ecológica y el Reto Demográfico)",
            "url": "https://www.miteco.gob.es/content/dam/miteco/es/agua/temas/evaluacion-de-los-recursos-hidricos/boletin-hidrologico/Historico-de-embalses/BD-Embalses.zip",
            "fecha": "2026-08-04",
            "archivo": "fuentes/2026-08-07_miteco_bd-embalses-boletin-hidrologico-1988-2026.zip"
          },
          {
            "id": "f2",
            "tipo": "primaria",
            "titulo": "Nomenclátor Geográfico Básico de España — Instituto Geográfico Nacional",
            "url": "https://api-features.ign.es/collections/namedplace/items",
            "fecha": "2026-08-07",
            "archivo": "fuentes/2026-08-07_ign_ngbe-toponimos-embalses.json"
          }
        ]
      }
    },
    {
      "type": "Feature",
      "id": "agua-embalsada:valuengo-guadiana",
      "geometry": {
        "type": "Point",
        "coordinates": [
          -6.65161,
          38.31012
        ]
      },
      "properties": {
        "slug": "valuengo-guadiana",
        "nombre": "Embalse de Valuengo",
        "categoria": "embalse",
        "descripcion": "Capacidad de 20 hm³ y 10 hm³ embalsados según el parte de 2026-08-04 del Boletín Hidrológico. Demarcación: Guadiana.",
        "estado_registro": "vigente",
        "verif": "confirmado",
        "geo_precision": "paraje",
        "geo_fuente": "«Embalse de Valuengo» en el Nomenclátor Geográfico Básico de España",
        "geo_fuente__v": "confirmado",
        "geo_fuente__f": "f2",
        "fecha_alta": "2026-08-07",
        "fecha_verificacion": "2026-08-07",
        "demarcacion": "Guadiana",
        "capacidad_hm3": 20.0,
        "capacidad_hm3__v": "confirmado",
        "capacidad_hm3__f": "f1",
        "agua_actual_hm3": 10.0,
        "agua_actual_hm3__v": "confirmado",
        "agua_actual_hm3__f": "f1",
        "fecha_dato": "2026-08-04",
        "hidroelectrico": false,
        "claves": [],
        "fuentes": [
          {
            "id": "f1",
            "tipo": "primaria",
            "titulo": "Boletín Hidrológico Semanal — histórico de embalses 1988-2026 (Dirección General del Agua, Ministerio para la Transición Ecológica y el Reto Demográfico)",
            "url": "https://www.miteco.gob.es/content/dam/miteco/es/agua/temas/evaluacion-de-los-recursos-hidricos/boletin-hidrologico/Historico-de-embalses/BD-Embalses.zip",
            "fecha": "2026-08-04",
            "archivo": "fuentes/2026-08-07_miteco_bd-embalses-boletin-hidrologico-1988-2026.zip"
          },
          {
            "id": "f2",
            "tipo": "primaria",
            "titulo": "Nomenclátor Geográfico Básico de España — Instituto Geográfico Nacional",
            "url": "https://api-features.ign.es/collections/namedplace/items",
            "fecha": "2026-08-07",
            "archivo": "fuentes/2026-08-07_ign_ngbe-toponimos-embalses.json"
          }
        ]
      }
    },
    {
      "type": "Feature",
      "id": "agua-embalsada:vegadeljabalon-guadiana",
      "geometry": {
        "type": "Point",
        "coordinates": [
          -3.78638,
          38.76172
        ]
      },
      "properties": {
        "slug": "vegadeljabalon-guadiana",
        "nombre": "Embalse de Vega del Jabalón",
        "categoria": "embalse",
        "descripcion": "Capacidad de 34 hm³ y 13 hm³ embalsados según el parte de 2026-08-04 del Boletín Hidrológico. Demarcación: Guadiana.",
        "estado_registro": "vigente",
        "verif": "confirmado",
        "geo_precision": "paraje",
        "geo_fuente": "«Embalse de la Vega de Jabalón» en el Nomenclátor Geográfico Básico de España",
        "geo_fuente__v": "confirmado",
        "geo_fuente__f": "f2",
        "fecha_alta": "2026-08-07",
        "fecha_verificacion": "2026-08-07",
        "demarcacion": "Guadiana",
        "capacidad_hm3": 34.0,
        "capacidad_hm3__v": "confirmado",
        "capacidad_hm3__f": "f1",
        "agua_actual_hm3": 13.0,
        "agua_actual_hm3__v": "confirmado",
        "agua_actual_hm3__f": "f1",
        "fecha_dato": "2026-08-04",
        "hidroelectrico": false,
        "claves": [],
        "fuentes": [
          {
            "id": "f1",
            "tipo": "primaria",
            "titulo": "Boletín Hidrológico Semanal — histórico de embalses 1988-2026 (Dirección General del Agua, Ministerio para la Transición Ecológica y el Reto Demográfico)",
            "url": "https://www.miteco.gob.es/content/dam/miteco/es/agua/temas/evaluacion-de-los-recursos-hidricos/boletin-hidrologico/Historico-de-embalses/BD-Embalses.zip",
            "fecha": "2026-08-04",
            "archivo": "fuentes/2026-08-07_miteco_bd-embalses-boletin-hidrologico-1988-2026.zip"
          },
          {
            "id": "f2",
            "tipo": "primaria",
            "titulo": "Nomenclátor Geográfico Básico de España — Instituto Geográfico Nacional",
            "url": "https://api-features.ign.es/collections/namedplace/items",
            "fecha": "2026-08-07",
            "archivo": "fuentes/2026-08-07_ign_ngbe-toponimos-embalses.json"
          }
        ]
      }
    },
    {
      "type": "Feature",
      "id": "agua-embalsada:villalbadelosbarros-guadiana",
      "geometry": {
        "type": "Point",
        "coordinates": [
          -6.49989,
          38.57086
        ]
      },
      "properties": {
        "slug": "villalbadelosbarros-guadiana",
        "nombre": "Embalse de Villalba de los Barros",
        "categoria": "embalse",
        "descripcion": "Capacidad de 106 hm³ y 99 hm³ embalsados según el parte de 2026-08-04 del Boletín Hidrológico. Demarcación: Guadiana.",
        "estado_registro": "vigente",
        "verif": "confirmado",
        "geo_precision": "paraje",
        "geo_fuente": "«Embalse de Villalba de los Barros» en el Nomenclátor Geográfico Básico de España",
        "geo_fuente__v": "confirmado",
        "geo_fuente__f": "f2",
        "fecha_alta": "2026-08-07",
        "fecha_verificacion": "2026-08-07",
        "demarcacion": "Guadiana",
        "capacidad_hm3": 106.0,
        "capacidad_hm3__v": "confirmado",
        "capacidad_hm3__f": "f1",
        "agua_actual_hm3": 99.0,
        "agua_actual_hm3__v": "confirmado",
        "agua_actual_hm3__f": "f1",
        "fecha_dato": "2026-08-04",
        "hidroelectrico": false,
        "claves": [],
        "fuentes": [
          {
            "id": "f1",
            "tipo": "primaria",
            "titulo": "Boletín Hidrológico Semanal — histórico de embalses 1988-2026 (Dirección General del Agua, Ministerio para la Transición Ecológica y el Reto Demográfico)",
            "url": "https://www.miteco.gob.es/content/dam/miteco/es/agua/temas/evaluacion-de-los-recursos-hidricos/boletin-hidrologico/Historico-de-embalses/BD-Embalses.zip",
            "fecha": "2026-08-04",
            "archivo": "fuentes/2026-08-07_miteco_bd-embalses-boletin-hidrologico-1988-2026.zip"
          },
          {
            "id": "f2",
            "tipo": "primaria",
            "titulo": "Nomenclátor Geográfico Básico de España — Instituto Geográfico Nacional",
            "url": "https://api-features.ign.es/collections/namedplace/items",
            "fecha": "2026-08-07",
            "archivo": "fuentes/2026-08-07_ign_ngbe-toponimos-embalses.json"
          }
        ]
      }
    },
    {
      "type": "Feature",
      "id": "agua-embalsada:zujar-guadiana",
      "geometry": {
        "type": "Point",
        "coordinates": [
          -5.47778,
          38.91827
        ]
      },
      "properties": {
        "slug": "zujar-guadiana",
        "nombre": "Embalse de Zújar",
        "categoria": "embalse",
        "descripcion": "Capacidad de 302 hm³ y 243 hm³ embalsados según el parte de 2026-08-04 del Boletín Hidrológico. Demarcación: Guadiana.",
        "estado_registro": "vigente",
        "verif": "confirmado",
        "geo_precision": "paraje",
        "geo_fuente": "«Embalse del Zújar» en el Nomenclátor Geográfico Básico de España",
        "geo_fuente__v": "confirmado",
        "geo_fuente__f": "f2",
        "fecha_alta": "2026-08-07",
        "fecha_verificacion": "2026-08-07",
        "demarcacion": "Guadiana",
        "capacidad_hm3": 302.0,
        "capacidad_hm3__v": "confirmado",
        "capacidad_hm3__f": "f1",
        "agua_actual_hm3": 243.0,
        "agua_actual_hm3__v": "confirmado",
        "agua_actual_hm3__f": "f1",
        "fecha_dato": "2026-08-04",
        "hidroelectrico": false,
        "claves": [],
        "fuentes": [
          {
            "id": "f1",
            "tipo": "primaria",
            "titulo": "Boletín Hidrológico Semanal — histórico de embalses 1988-2026 (Dirección General del Agua, Ministerio para la Transición Ecológica y el Reto Demográfico)",
            "url": "https://www.miteco.gob.es/content/dam/miteco/es/agua/temas/evaluacion-de-los-recursos-hidricos/boletin-hidrologico/Historico-de-embalses/BD-Embalses.zip",
            "fecha": "2026-08-04",
            "archivo": "fuentes/2026-08-07_miteco_bd-embalses-boletin-hidrologico-1988-2026.zip"
          },
          {
            "id": "f2",
            "tipo": "primaria",
            "titulo": "Nomenclátor Geográfico Básico de España — Instituto Geográfico Nacional",
            "url": "https://api-features.ign.es/collections/namedplace/items",
            "fecha": "2026-08-07",
            "archivo": "fuentes/2026-08-07_ign_ngbe-toponimos-embalses.json"
          }
        ]
      }
    },
    {
      "type": "Feature",
      "id": "agua-embalsada:alarcon-jucar",
      "geometry": {
        "type": "Point",
        "coordinates": [
          -2.11218,
          39.5647
        ]
      },
      "properties": {
        "slug": "alarcon-jucar",
        "nombre": "Embalse de Alarcón",
        "categoria": "embalse",
        "descripcion": "Capacidad de 1.118 hm³ y 838 hm³ embalsados según el parte de 2026-08-04 del Boletín Hidrológico. Demarcación: Júcar.",
        "estado_registro": "vigente",
        "verif": "confirmado",
        "geo_precision": "paraje",
        "geo_fuente": "«Embalse de Alarcón» en el Nomenclátor Geográfico Básico de España",
        "geo_fuente__v": "confirmado",
        "geo_fuente__f": "f2",
        "fecha_alta": "2026-08-07",
        "fecha_verificacion": "2026-08-07",
        "demarcacion": "Júcar",
        "capacidad_hm3": 1118.0,
        "capacidad_hm3__v": "confirmado",
        "capacidad_hm3__f": "f1",
        "agua_actual_hm3": 838.0,
        "agua_actual_hm3__v": "confirmado",
        "agua_actual_hm3__f": "f1",
        "fecha_dato": "2026-08-04",
        "hidroelectrico": false,
        "claves": [],
        "fuentes": [
          {
            "id": "f1",
            "tipo": "primaria",
            "titulo": "Boletín Hidrológico Semanal — histórico de embalses 1988-2026 (Dirección General del Agua, Ministerio para la Transición Ecológica y el Reto Demográfico)",
            "url": "https://www.miteco.gob.es/content/dam/miteco/es/agua/temas/evaluacion-de-los-recursos-hidricos/boletin-hidrologico/Historico-de-embalses/BD-Embalses.zip",
            "fecha": "2026-08-04",
            "archivo": "fuentes/2026-08-07_miteco_bd-embalses-boletin-hidrologico-1988-2026.zip"
          },
          {
            "id": "f2",
            "tipo": "primaria",
            "titulo": "Nomenclátor Geográfico Básico de España — Instituto Geográfico Nacional",
            "url": "https://api-features.ign.es/collections/namedplace/items",
            "fecha": "2026-08-07",
            "archivo": "fuentes/2026-08-07_ign_ngbe-toponimos-embalses.json"
          }
        ]
      }
    },
    {
      "type": "Feature",
      "id": "agua-embalsada:amadorio-jucar",
      "geometry": {
        "type": "Point",
        "coordinates": [
          -0.2644,
          38.5343
        ]
      },
      "properties": {
        "slug": "amadorio-jucar",
        "nombre": "Embalse de Amadorio",
        "categoria": "embalse",
        "descripcion": "Capacidad de 16 hm³ y 4 hm³ embalsados según el parte de 2026-08-04 del Boletín Hidrológico. Demarcación: Júcar.",
        "estado_registro": "vigente",
        "verif": "confirmado",
        "geo_precision": "paraje",
        "geo_fuente": "«Embassament d'Amadòrio» en el Nomenclátor Geográfico Básico de España",
        "geo_fuente__v": "confirmado",
        "geo_fuente__f": "f2",
        "fecha_alta": "2026-08-07",
        "fecha_verificacion": "2026-08-07",
        "demarcacion": "Júcar",
        "capacidad_hm3": 16.0,
        "capacidad_hm3__v": "confirmado",
        "capacidad_hm3__f": "f1",
        "agua_actual_hm3": 4.0,
        "agua_actual_hm3__v": "confirmado",
        "agua_actual_hm3__f": "f1",
        "fecha_dato": "2026-08-04",
        "hidroelectrico": false,
        "claves": [],
        "fuentes": [
          {
            "id": "f1",
            "tipo": "primaria",
            "titulo": "Boletín Hidrológico Semanal — histórico de embalses 1988-2026 (Dirección General del Agua, Ministerio para la Transición Ecológica y el Reto Demográfico)",
            "url": "https://www.miteco.gob.es/content/dam/miteco/es/agua/temas/evaluacion-de-los-recursos-hidricos/boletin-hidrologico/Historico-de-embalses/BD-Embalses.zip",
            "fecha": "2026-08-04",
            "archivo": "fuentes/2026-08-07_miteco_bd-embalses-boletin-hidrologico-1988-2026.zip"
          },
          {
            "id": "f2",
            "tipo": "primaria",
            "titulo": "Nomenclátor Geográfico Básico de España — Instituto Geográfico Nacional",
            "url": "https://api-features.ign.es/collections/namedplace/items",
            "fecha": "2026-08-07",
            "archivo": "fuentes/2026-08-07_ign_ngbe-toponimos-embalses.json"
          }
        ]
      }
    },
    {
      "type": "Feature",
      "id": "agua-embalsada:arenos-jucar",
      "geometry": {
        "type": "Point",
        "coordinates": [
          -0.54901,
          40.08588
        ]
      },
      "properties": {
        "slug": "arenos-jucar",
        "nombre": "Embalse de Arenós",
        "categoria": "embalse",
        "descripcion": "Capacidad de 137 hm³ y 57 hm³ embalsados según el parte de 2026-08-04 del Boletín Hidrológico. Demarcación: Júcar.",
        "estado_registro": "vigente",
        "verif": "confirmado",
        "geo_precision": "paraje",
        "geo_fuente": "«Embassament d'Arenós» en el Nomenclátor Geográfico Básico de España",
        "geo_fuente__v": "confirmado",
        "geo_fuente__f": "f2",
        "fecha_alta": "2026-08-07",
        "fecha_verificacion": "2026-08-07",
        "demarcacion": "Júcar",
        "capacidad_hm3": 137.0,
        "capacidad_hm3__v": "confirmado",
        "capacidad_hm3__f": "f1",
        "agua_actual_hm3": 57.0,
        "agua_actual_hm3__v": "confirmado",
        "agua_actual_hm3__f": "f1",
        "fecha_dato": "2026-08-04",
        "hidroelectrico": false,
        "claves": [],
        "fuentes": [
          {
            "id": "f1",
            "tipo": "primaria",
            "titulo": "Boletín Hidrológico Semanal — histórico de embalses 1988-2026 (Dirección General del Agua, Ministerio para la Transición Ecológica y el Reto Demográfico)",
            "url": "https://www.miteco.gob.es/content/dam/miteco/es/agua/temas/evaluacion-de-los-recursos-hidricos/boletin-hidrologico/Historico-de-embalses/BD-Embalses.zip",
            "fecha": "2026-08-04",
            "archivo": "fuentes/2026-08-07_miteco_bd-embalses-boletin-hidrologico-1988-2026.zip"
          },
          {
            "id": "f2",
            "tipo": "primaria",
            "titulo": "Nomenclátor Geográfico Básico de España — Instituto Geográfico Nacional",
            "url": "https://api-features.ign.es/collections/namedplace/items",
            "fecha": "2026-08-07",
            "archivo": "fuentes/2026-08-07_ign_ngbe-toponimos-embalses.json"
          }
        ]
      }
    },
    {
      "type": "Feature",
      "id": "agua-embalsada:arquillodesanblas-jucar",
      "geometry": {
        "type": "Point",
        "coordinates": [
          -1.20508,
          40.36407
        ]
      },
      "properties": {
        "slug": "arquillodesanblas-jucar",
        "nombre": "Embalse de Arquillo de San Blas",
        "categoria": "embalse",
        "descripcion": "Capacidad de 21 hm³ y 17 hm³ embalsados según el parte de 2026-08-04 del Boletín Hidrológico. Demarcación: Júcar.",
        "estado_registro": "vigente",
        "verif": "confirmado",
        "geo_precision": "paraje",
        "geo_fuente": "«Embalse del Arquillo de San Blas» en el Nomenclátor Geográfico Básico de España",
        "geo_fuente__v": "confirmado",
        "geo_fuente__f": "f2",
        "fecha_alta": "2026-08-07",
        "fecha_verificacion": "2026-08-07",
        "demarcacion": "Júcar",
        "capacidad_hm3": 21.0,
        "capacidad_hm3__v": "confirmado",
        "capacidad_hm3__f": "f1",
        "agua_actual_hm3": 17.0,
        "agua_actual_hm3__v": "confirmado",
        "agua_actual_hm3__f": "f1",
        "fecha_dato": "2026-08-04",
        "hidroelectrico": false,
        "claves": [],
        "fuentes": [
          {
            "id": "f1",
            "tipo": "primaria",
            "titulo": "Boletín Hidrológico Semanal — histórico de embalses 1988-2026 (Dirección General del Agua, Ministerio para la Transición Ecológica y el Reto Demográfico)",
            "url": "https://www.miteco.gob.es/content/dam/miteco/es/agua/temas/evaluacion-de-los-recursos-hidricos/boletin-hidrologico/Historico-de-embalses/BD-Embalses.zip",
            "fecha": "2026-08-04",
            "archivo": "fuentes/2026-08-07_miteco_bd-embalses-boletin-hidrologico-1988-2026.zip"
          },
          {
            "id": "f2",
            "tipo": "primaria",
            "titulo": "Nomenclátor Geográfico Básico de España — Instituto Geográfico Nacional",
            "url": "https://api-features.ign.es/collections/namedplace/items",
            "fecha": "2026-08-07",
            "archivo": "fuentes/2026-08-07_ign_ngbe-toponimos-embalses.json"
          }
        ]
      }
    },
    {
      "type": "Feature",
      "id": "agua-embalsada:bellus-jucar",
      "geometry": {
        "type": "Point",
        "coordinates": [
          -0.47711,
          38.9397
        ]
      },
      "properties": {
        "slug": "bellus-jucar",
        "nombre": "Embalse de Bellús",
        "categoria": "embalse",
        "descripcion": "Capacidad de 69 hm³ y 19 hm³ embalsados según el parte de 2026-08-04 del Boletín Hidrológico. Demarcación: Júcar.",
        "estado_registro": "vigente",
        "verif": "confirmado",
        "geo_precision": "paraje",
        "geo_fuente": "«Embassament de Bellús» en el Nomenclátor Geográfico Básico de España",
        "geo_fuente__v": "confirmado",
        "geo_fuente__f": "f2",
        "fecha_alta": "2026-08-07",
        "fecha_verificacion": "2026-08-07",
        "demarcacion": "Júcar",
        "capacidad_hm3": 69.0,
        "capacidad_hm3__v": "confirmado",
        "capacidad_hm3__f": "f1",
        "agua_actual_hm3": 19.0,
        "agua_actual_hm3__v": "confirmado",
        "agua_actual_hm3__f": "f1",
        "fecha_dato": "2026-08-04",
        "hidroelectrico": false,
        "claves": [],
        "fuentes": [
          {
            "id": "f1",
            "tipo": "primaria",
            "titulo": "Boletín Hidrológico Semanal — histórico de embalses 1988-2026 (Dirección General del Agua, Ministerio para la Transición Ecológica y el Reto Demográfico)",
            "url": "https://www.miteco.gob.es/content/dam/miteco/es/agua/temas/evaluacion-de-los-recursos-hidricos/boletin-hidrologico/Historico-de-embalses/BD-Embalses.zip",
            "fecha": "2026-08-04",
            "archivo": "fuentes/2026-08-07_miteco_bd-embalses-boletin-hidrologico-1988-2026.zip"
          },
          {
            "id": "f2",
            "tipo": "primaria",
            "titulo": "Nomenclátor Geográfico Básico de España — Instituto Geográfico Nacional",
            "url": "https://api-features.ign.es/collections/namedplace/items",
            "fecha": "2026-08-07",
            "archivo": "fuentes/2026-08-07_ign_ngbe-toponimos-embalses.json"
          }
        ]
      }
    },
    {
      "type": "Feature",
      "id": "agua-embalsada:benageber-jucar",
      "geometry": {
        "type": "Point",
        "coordinates": [
          -1.09851,
          39.72668
        ]
      },
      "properties": {
        "slug": "benageber-jucar",
        "nombre": "Embalse de Benagéber",
        "categoria": "embalse",
        "descripcion": "Capacidad de 221 hm³ y 107 hm³ embalsados según el parte de 2026-08-04 del Boletín Hidrológico. Demarcación: Júcar.",
        "estado_registro": "vigente",
        "verif": "confirmado",
        "geo_precision": "paraje",
        "geo_fuente": "«Embalse de Benagéber» en el Nomenclátor Geográfico Básico de España",
        "geo_fuente__v": "confirmado",
        "geo_fuente__f": "f2",
        "fecha_alta": "2026-08-07",
        "fecha_verificacion": "2026-08-07",
        "demarcacion": "Júcar",
        "capacidad_hm3": 221.0,
        "capacidad_hm3__v": "confirmado",
        "capacidad_hm3__f": "f1",
        "agua_actual_hm3": 107.0,
        "agua_actual_hm3__v": "confirmado",
        "agua_actual_hm3__f": "f1",
        "fecha_dato": "2026-08-04",
        "hidroelectrico": false,
        "claves": [],
        "fuentes": [
          {
            "id": "f1",
            "tipo": "primaria",
            "titulo": "Boletín Hidrológico Semanal — histórico de embalses 1988-2026 (Dirección General del Agua, Ministerio para la Transición Ecológica y el Reto Demográfico)",
            "url": "https://www.miteco.gob.es/content/dam/miteco/es/agua/temas/evaluacion-de-los-recursos-hidricos/boletin-hidrologico/Historico-de-embalses/BD-Embalses.zip",
            "fecha": "2026-08-04",
            "archivo": "fuentes/2026-08-07_miteco_bd-embalses-boletin-hidrologico-1988-2026.zip"
          },
          {
            "id": "f2",
            "tipo": "primaria",
            "titulo": "Nomenclátor Geográfico Básico de España — Instituto Geográfico Nacional",
            "url": "https://api-features.ign.es/collections/namedplace/items",
            "fecha": "2026-08-07",
            "archivo": "fuentes/2026-08-07_ign_ngbe-toponimos-embalses.json"
          }
        ]
      }
    },
    {
      "type": "Feature",
      "id": "agua-embalsada:beniarres-jucar",
      "geometry": {
        "type": "Point",
        "coordinates": [
          -0.35608,
          38.81488
        ]
      },
      "properties": {
        "slug": "beniarres-jucar",
        "nombre": "Embalse de Beniarrés",
        "categoria": "embalse",
        "descripcion": "Capacidad de 27 hm³ y 9 hm³ embalsados según el parte de 2026-08-04 del Boletín Hidrológico. Demarcación: Júcar.",
        "estado_registro": "vigente",
        "verif": "confirmado",
        "geo_precision": "paraje",
        "geo_fuente": "«Embalse de Beniarrés» en el Nomenclátor Geográfico Básico de España",
        "geo_fuente__v": "confirmado",
        "geo_fuente__f": "f2",
        "fecha_alta": "2026-08-07",
        "fecha_verificacion": "2026-08-07",
        "demarcacion": "Júcar",
        "capacidad_hm3": 27.0,
        "capacidad_hm3__v": "confirmado",
        "capacidad_hm3__f": "f1",
        "agua_actual_hm3": 9.0,
        "agua_actual_hm3__v": "confirmado",
        "agua_actual_hm3__f": "f1",
        "fecha_dato": "2026-08-04",
        "hidroelectrico": false,
        "claves": [],
        "fuentes": [
          {
            "id": "f1",
            "tipo": "primaria",
            "titulo": "Boletín Hidrológico Semanal — histórico de embalses 1988-2026 (Dirección General del Agua, Ministerio para la Transición Ecológica y el Reto Demográfico)",
            "url": "https://www.miteco.gob.es/content/dam/miteco/es/agua/temas/evaluacion-de-los-recursos-hidricos/boletin-hidrologico/Historico-de-embalses/BD-Embalses.zip",
            "fecha": "2026-08-04",
            "archivo": "fuentes/2026-08-07_miteco_bd-embalses-boletin-hidrologico-1988-2026.zip"
          },
          {
            "id": "f2",
            "tipo": "primaria",
            "titulo": "Nomenclátor Geográfico Básico de España — Instituto Geográfico Nacional",
            "url": "https://api-features.ign.es/collections/namedplace/items",
            "fecha": "2026-08-07",
            "archivo": "fuentes/2026-08-07_ign_ngbe-toponimos-embalses.json"
          }
        ]
      }
    },
    {
      "type": "Feature",
      "id": "agua-embalsada:buseo-jucar",
      "geometry": {
        "type": "Point",
        "coordinates": [
          -0.93988,
          39.59589
        ]
      },
      "properties": {
        "slug": "buseo-jucar",
        "nombre": "Embalse de Buseo",
        "categoria": "embalse",
        "descripcion": "Capacidad de 8 hm³ y 2 hm³ embalsados según el parte de 2026-08-04 del Boletín Hidrológico. Demarcación: Júcar.",
        "estado_registro": "vigente",
        "verif": "confirmado",
        "geo_precision": "paraje",
        "geo_fuente": "«Embalse del Buseo» en el Nomenclátor Geográfico Básico de España",
        "geo_fuente__v": "confirmado",
        "geo_fuente__f": "f2",
        "fecha_alta": "2026-08-07",
        "fecha_verificacion": "2026-08-07",
        "demarcacion": "Júcar",
        "capacidad_hm3": 8.0,
        "capacidad_hm3__v": "confirmado",
        "capacidad_hm3__f": "f1",
        "agua_actual_hm3": 2.0,
        "agua_actual_hm3__v": "confirmado",
        "agua_actual_hm3__f": "f1",
        "fecha_dato": "2026-08-04",
        "hidroelectrico": false,
        "claves": [],
        "fuentes": [
          {
            "id": "f1",
            "tipo": "primaria",
            "titulo": "Boletín Hidrológico Semanal — histórico de embalses 1988-2026 (Dirección General del Agua, Ministerio para la Transición Ecológica y el Reto Demográfico)",
            "url": "https://www.miteco.gob.es/content/dam/miteco/es/agua/temas/evaluacion-de-los-recursos-hidricos/boletin-hidrologico/Historico-de-embalses/BD-Embalses.zip",
            "fecha": "2026-08-04",
            "archivo": "fuentes/2026-08-07_miteco_bd-embalses-boletin-hidrologico-1988-2026.zip"
          },
          {
            "id": "f2",
            "tipo": "primaria",
            "titulo": "Nomenclátor Geográfico Básico de España — Instituto Geográfico Nacional",
            "url": "https://api-features.ign.es/collections/namedplace/items",
            "fecha": "2026-08-07",
            "archivo": "fuentes/2026-08-07_ign_ngbe-toponimos-embalses.json"
          }
        ]
      }
    },
    {
      "type": "Feature",
      "id": "agua-embalsada:contreras-jucar",
      "geometry": {
        "type": "Point",
        "coordinates": [
          -1.50299,
          39.5437
        ]
      },
      "properties": {
        "slug": "contreras-jucar",
        "nombre": "Embalse de Contreras",
        "categoria": "embalse",
        "descripcion": "Capacidad de 361 hm³ y 268 hm³ embalsados según el parte de 2026-08-04 del Boletín Hidrológico. Demarcación: Júcar.",
        "estado_registro": "vigente",
        "verif": "confirmado",
        "geo_precision": "paraje",
        "geo_fuente": "«Embalse de Contreras» en el Nomenclátor Geográfico Básico de España",
        "geo_fuente__v": "confirmado",
        "geo_fuente__f": "f2",
        "fecha_alta": "2026-08-07",
        "fecha_verificacion": "2026-08-07",
        "demarcacion": "Júcar",
        "capacidad_hm3": 361.0,
        "capacidad_hm3__v": "confirmado",
        "capacidad_hm3__f": "f1",
        "agua_actual_hm3": 268.0,
        "agua_actual_hm3__v": "confirmado",
        "agua_actual_hm3__f": "f1",
        "fecha_dato": "2026-08-04",
        "hidroelectrico": false,
        "claves": [],
        "fuentes": [
          {
            "id": "f1",
            "tipo": "primaria",
            "titulo": "Boletín Hidrológico Semanal — histórico de embalses 1988-2026 (Dirección General del Agua, Ministerio para la Transición Ecológica y el Reto Demográfico)",
            "url": "https://www.miteco.gob.es/content/dam/miteco/es/agua/temas/evaluacion-de-los-recursos-hidricos/boletin-hidrologico/Historico-de-embalses/BD-Embalses.zip",
            "fecha": "2026-08-04",
            "archivo": "fuentes/2026-08-07_miteco_bd-embalses-boletin-hidrologico-1988-2026.zip"
          },
          {
            "id": "f2",
            "tipo": "primaria",
            "titulo": "Nomenclátor Geográfico Básico de España — Instituto Geográfico Nacional",
            "url": "https://api-features.ign.es/collections/namedplace/items",
            "fecha": "2026-08-07",
            "archivo": "fuentes/2026-08-07_ign_ngbe-toponimos-embalses.json"
          }
        ]
      }
    },
    {
      "type": "Feature",
      "id": "agua-embalsada:elnaranjero-jucar",
      "geometry": {
        "type": "Point",
        "coordinates": [
          -0.85138,
          39.27753
        ]
      },
      "properties": {
        "slug": "elnaranjero-jucar",
        "nombre": "Embalse de El Naranjero",
        "categoria": "embalse",
        "descripcion": "Capacidad de 29 hm³ y 19 hm³ embalsados según el parte de 2026-08-04 del Boletín Hidrológico. Demarcación: Júcar.",
        "estado_registro": "vigente",
        "verif": "confirmado",
        "geo_precision": "paraje",
        "geo_fuente": "«Embalse del Naranjero» en el Nomenclátor Geográfico Básico de España",
        "geo_fuente__v": "confirmado",
        "geo_fuente__f": "f2",
        "fecha_alta": "2026-08-07",
        "fecha_verificacion": "2026-08-07",
        "demarcacion": "Júcar",
        "capacidad_hm3": 29.0,
        "capacidad_hm3__v": "confirmado",
        "capacidad_hm3__f": "f1",
        "agua_actual_hm3": 19.0,
        "agua_actual_hm3__v": "confirmado",
        "agua_actual_hm3__f": "f1",
        "fecha_dato": "2026-08-04",
        "hidroelectrico": false,
        "claves": [],
        "fuentes": [
          {
            "id": "f1",
            "tipo": "primaria",
            "titulo": "Boletín Hidrológico Semanal — histórico de embalses 1988-2026 (Dirección General del Agua, Ministerio para la Transición Ecológica y el Reto Demográfico)",
            "url": "https://www.miteco.gob.es/content/dam/miteco/es/agua/temas/evaluacion-de-los-recursos-hidricos/boletin-hidrologico/Historico-de-embalses/BD-Embalses.zip",
            "fecha": "2026-08-04",
            "archivo": "fuentes/2026-08-07_miteco_bd-embalses-boletin-hidrologico-1988-2026.zip"
          },
          {
            "id": "f2",
            "tipo": "primaria",
            "titulo": "Nomenclátor Geográfico Básico de España — Instituto Geográfico Nacional",
            "url": "https://api-features.ign.es/collections/namedplace/items",
            "fecha": "2026-08-07",
            "archivo": "fuentes/2026-08-07_ign_ngbe-toponimos-embalses.json"
          }
        ]
      }
    },
    {
      "type": "Feature",
      "id": "agua-embalsada:escalona-jucar",
      "geometry": {
        "type": "Point",
        "coordinates": [
          -0.69861,
          39.12891
        ]
      },
      "properties": {
        "slug": "escalona-jucar",
        "nombre": "Embalse de Escalona",
        "categoria": "embalse",
        "descripcion": "Capacidad de 99 hm³ y 5 hm³ embalsados según el parte de 2026-08-04 del Boletín Hidrológico. Demarcación: Júcar.",
        "estado_registro": "vigente",
        "verif": "confirmado",
        "geo_precision": "paraje",
        "geo_fuente": "«Embalse de Escalona» en el Nomenclátor Geográfico Básico de España",
        "geo_fuente__v": "confirmado",
        "geo_fuente__f": "f2",
        "fecha_alta": "2026-08-07",
        "fecha_verificacion": "2026-08-07",
        "demarcacion": "Júcar",
        "capacidad_hm3": 99.0,
        "capacidad_hm3__v": "confirmado",
        "capacidad_hm3__f": "f1",
        "agua_actual_hm3": 5.0,
        "agua_actual_hm3__v": "confirmado",
        "agua_actual_hm3__f": "f1",
        "fecha_dato": "2026-08-04",
        "hidroelectrico": false,
        "claves": [],
        "fuentes": [
          {
            "id": "f1",
            "tipo": "primaria",
            "titulo": "Boletín Hidrológico Semanal — histórico de embalses 1988-2026 (Dirección General del Agua, Ministerio para la Transición Ecológica y el Reto Demográfico)",
            "url": "https://www.miteco.gob.es/content/dam/miteco/es/agua/temas/evaluacion-de-los-recursos-hidricos/boletin-hidrologico/Historico-de-embalses/BD-Embalses.zip",
            "fecha": "2026-08-04",
            "archivo": "fuentes/2026-08-07_miteco_bd-embalses-boletin-hidrologico-1988-2026.zip"
          },
          {
            "id": "f2",
            "tipo": "primaria",
            "titulo": "Nomenclátor Geográfico Básico de España — Instituto Geográfico Nacional",
            "url": "https://api-features.ign.es/collections/namedplace/items",
            "fecha": "2026-08-07",
            "archivo": "fuentes/2026-08-07_ign_ngbe-toponimos-embalses.json"
          }
        ]
      }
    },
    {
      "type": "Feature",
      "id": "agua-embalsada:forata-jucar",
      "geometry": {
        "type": "Point",
        "coordinates": [
          -0.86481,
          39.34088
        ]
      },
      "properties": {
        "slug": "forata-jucar",
        "nombre": "Embalse de Forata",
        "categoria": "embalse",
        "descripcion": "Capacidad de 37 hm³ y 18 hm³ embalsados según el parte de 2026-08-04 del Boletín Hidrológico. Demarcación: Júcar.",
        "estado_registro": "vigente",
        "verif": "confirmado",
        "geo_precision": "paraje",
        "geo_fuente": "«Embalse de Forata» en el Nomenclátor Geográfico Básico de España",
        "geo_fuente__v": "confirmado",
        "geo_fuente__f": "f2",
        "fecha_alta": "2026-08-07",
        "fecha_verificacion": "2026-08-07",
        "demarcacion": "Júcar",
        "capacidad_hm3": 37.0,
        "capacidad_hm3__v": "confirmado",
        "capacidad_hm3__f": "f1",
        "agua_actual_hm3": 18.0,
        "agua_actual_hm3__v": "confirmado",
        "agua_actual_hm3__f": "f1",
        "fecha_dato": "2026-08-04",
        "hidroelectrico": false,
        "claves": [],
        "fuentes": [
          {
            "id": "f1",
            "tipo": "primaria",
            "titulo": "Boletín Hidrológico Semanal — histórico de embalses 1988-2026 (Dirección General del Agua, Ministerio para la Transición Ecológica y el Reto Demográfico)",
            "url": "https://www.miteco.gob.es/content/dam/miteco/es/agua/temas/evaluacion-de-los-recursos-hidricos/boletin-hidrologico/Historico-de-embalses/BD-Embalses.zip",
            "fecha": "2026-08-04",
            "archivo": "fuentes/2026-08-07_miteco_bd-embalses-boletin-hidrologico-1988-2026.zip"
          },
          {
            "id": "f2",
            "tipo": "primaria",
            "titulo": "Nomenclátor Geográfico Básico de España — Instituto Geográfico Nacional",
            "url": "https://api-features.ign.es/collections/namedplace/items",
            "fecha": "2026-08-07",
            "archivo": "fuentes/2026-08-07_ign_ngbe-toponimos-embalses.json"
          }
        ]
      }
    },
    {
      "type": "Feature",
      "id": "agua-embalsada:guadalest-jucar",
      "geometry": {
        "type": "Point",
        "coordinates": [
          -0.19202,
          38.67969
        ]
      },
      "properties": {
        "slug": "guadalest-jucar",
        "nombre": "Embalse de Guadalest",
        "categoria": "embalse",
        "descripcion": "Capacidad de 13 hm³ y 4 hm³ embalsados según el parte de 2026-08-04 del Boletín Hidrológico. Demarcación: Júcar.",
        "estado_registro": "vigente",
        "verif": "confirmado",
        "geo_precision": "paraje",
        "geo_fuente": "«Embalse de Guadalest» en el Nomenclátor Geográfico Básico de España",
        "geo_fuente__v": "confirmado",
        "geo_fuente__f": "f2",
        "fecha_alta": "2026-08-07",
        "fecha_verificacion": "2026-08-07",
        "demarcacion": "Júcar",
        "capacidad_hm3": 13.0,
        "capacidad_hm3__v": "confirmado",
        "capacidad_hm3__f": "f1",
        "agua_actual_hm3": 4.0,
        "agua_actual_hm3__v": "confirmado",
        "agua_actual_hm3__f": "f1",
        "fecha_dato": "2026-08-04",
        "hidroelectrico": false,
        "claves": [],
        "fuentes": [
          {
            "id": "f1",
            "tipo": "primaria",
            "titulo": "Boletín Hidrológico Semanal — histórico de embalses 1988-2026 (Dirección General del Agua, Ministerio para la Transición Ecológica y el Reto Demográfico)",
            "url": "https://www.miteco.gob.es/content/dam/miteco/es/agua/temas/evaluacion-de-los-recursos-hidricos/boletin-hidrologico/Historico-de-embalses/BD-Embalses.zip",
            "fecha": "2026-08-04",
            "archivo": "fuentes/2026-08-07_miteco_bd-embalses-boletin-hidrologico-1988-2026.zip"
          },
          {
            "id": "f2",
            "tipo": "primaria",
            "titulo": "Nomenclátor Geográfico Básico de España — Instituto Geográfico Nacional",
            "url": "https://api-features.ign.es/collections/namedplace/items",
            "fecha": "2026-08-07",
            "archivo": "fuentes/2026-08-07_ign_ngbe-toponimos-embalses.json"
          }
        ]
      }
    },
    {
      "type": "Feature",
      "id": "agua-embalsada:lamuela-jucar",
      "geometry": {
        "type": "Point",
        "coordinates": [
          -0.93018,
          39.23273
        ]
      },
      "properties": {
        "slug": "lamuela-jucar",
        "nombre": "Embalse de La Muela",
        "categoria": "embalse",
        "descripcion": "Capacidad de 20 hm³ y 10 hm³ embalsados según el parte de 2026-08-04 del Boletín Hidrológico. Demarcación: Júcar.",
        "estado_registro": "vigente",
        "verif": "confirmado",
        "geo_precision": "paraje",
        "geo_fuente": "«Depósito Superior de la Muela» en el Nomenclátor Geográfico Básico de España",
        "geo_fuente__v": "confirmado",
        "geo_fuente__f": "f2",
        "fecha_alta": "2026-08-07",
        "fecha_verificacion": "2026-08-07",
        "demarcacion": "Júcar",
        "capacidad_hm3": 20.0,
        "capacidad_hm3__v": "confirmado",
        "capacidad_hm3__f": "f1",
        "agua_actual_hm3": 10.0,
        "agua_actual_hm3__v": "confirmado",
        "agua_actual_hm3__f": "f1",
        "fecha_dato": "2026-08-04",
        "hidroelectrico": true,
        "claves": [],
        "fuentes": [
          {
            "id": "f1",
            "tipo": "primaria",
            "titulo": "Boletín Hidrológico Semanal — histórico de embalses 1988-2026 (Dirección General del Agua, Ministerio para la Transición Ecológica y el Reto Demográfico)",
            "url": "https://www.miteco.gob.es/content/dam/miteco/es/agua/temas/evaluacion-de-los-recursos-hidricos/boletin-hidrologico/Historico-de-embalses/BD-Embalses.zip",
            "fecha": "2026-08-04",
            "archivo": "fuentes/2026-08-07_miteco_bd-embalses-boletin-hidrologico-1988-2026.zip"
          },
          {
            "id": "f2",
            "tipo": "primaria",
            "titulo": "Nomenclátor Geográfico Básico de España — Instituto Geográfico Nacional",
            "url": "https://api-features.ign.es/collections/namedplace/items",
            "fecha": "2026-08-07",
            "archivo": "fuentes/2026-08-07_ign_ngbe-toponimos-embalses.json"
          }
        ]
      }
    },
    {
      "type": "Feature",
      "id": "agua-embalsada:latoba-jucar",
      "geometry": {
        "type": "Point",
        "coordinates": [
          -1.92218,
          40.21008
        ]
      },
      "properties": {
        "slug": "latoba-jucar",
        "nombre": "Embalse de La Toba",
        "categoria": "embalse",
        "descripcion": "Capacidad de 10 hm³ y 3 hm³ embalsados según el parte de 2026-08-04 del Boletín Hidrológico. Demarcación: Júcar.",
        "estado_registro": "vigente",
        "verif": "confirmado",
        "geo_precision": "paraje",
        "geo_fuente": "«Embalse de la Toba» en el Nomenclátor Geográfico Básico de España",
        "geo_fuente__v": "confirmado",
        "geo_fuente__f": "f2",
        "fecha_alta": "2026-08-07",
        "fecha_verificacion": "2026-08-07",
        "demarcacion": "Júcar",
        "capacidad_hm3": 10.0,
        "capacidad_hm3__v": "confirmado",
        "capacidad_hm3__f": "f1",
        "agua_actual_hm3": 3.0,
        "agua_actual_hm3__v": "confirmado",
        "agua_actual_hm3__f": "f1",
        "fecha_dato": "2026-08-04",
        "hidroelectrico": true,
        "claves": [],
        "fuentes": [
          {
            "id": "f1",
            "tipo": "primaria",
            "titulo": "Boletín Hidrológico Semanal — histórico de embalses 1988-2026 (Dirección General del Agua, Ministerio para la Transición Ecológica y el Reto Demográfico)",
            "url": "https://www.miteco.gob.es/content/dam/miteco/es/agua/temas/evaluacion-de-los-recursos-hidricos/boletin-hidrologico/Historico-de-embalses/BD-Embalses.zip",
            "fecha": "2026-08-04",
            "archivo": "fuentes/2026-08-07_miteco_bd-embalses-boletin-hidrologico-1988-2026.zip"
          },
          {
            "id": "f2",
            "tipo": "primaria",
            "titulo": "Nomenclátor Geográfico Básico de España — Instituto Geográfico Nacional",
            "url": "https://api-features.ign.es/collections/namedplace/items",
            "fecha": "2026-08-07",
            "archivo": "fuentes/2026-08-07_ign_ngbe-toponimos-embalses.json"
          }
        ]
      }
    },
    {
      "type": "Feature",
      "id": "agua-embalsada:loriguilla-jucar",
      "geometry": {
        "type": "Point",
        "coordinates": [
          -0.91309,
          39.66589
        ]
      },
      "properties": {
        "slug": "loriguilla-jucar",
        "nombre": "Embalse de Loriguilla",
        "categoria": "embalse",
        "descripcion": "Capacidad de 73 hm³ y 21 hm³ embalsados según el parte de 2026-08-04 del Boletín Hidrológico. Demarcación: Júcar.",
        "estado_registro": "vigente",
        "verif": "confirmado",
        "geo_precision": "paraje",
        "geo_fuente": "«Embalse de Loriguilla» en el Nomenclátor Geográfico Básico de España",
        "geo_fuente__v": "confirmado",
        "geo_fuente__f": "f2",
        "fecha_alta": "2026-08-07",
        "fecha_verificacion": "2026-08-07",
        "demarcacion": "Júcar",
        "capacidad_hm3": 73.0,
        "capacidad_hm3__v": "confirmado",
        "capacidad_hm3__f": "f1",
        "agua_actual_hm3": 21.0,
        "agua_actual_hm3__v": "confirmado",
        "agua_actual_hm3__f": "f1",
        "fecha_dato": "2026-08-04",
        "hidroelectrico": false,
        "claves": [],
        "fuentes": [
          {
            "id": "f1",
            "tipo": "primaria",
            "titulo": "Boletín Hidrológico Semanal — histórico de embalses 1988-2026 (Dirección General del Agua, Ministerio para la Transición Ecológica y el Reto Demográfico)",
            "url": "https://www.miteco.gob.es/content/dam/miteco/es/agua/temas/evaluacion-de-los-recursos-hidricos/boletin-hidrologico/Historico-de-embalses/BD-Embalses.zip",
            "fecha": "2026-08-04",
            "archivo": "fuentes/2026-08-07_miteco_bd-embalses-boletin-hidrologico-1988-2026.zip"
          },
          {
            "id": "f2",
            "tipo": "primaria",
            "titulo": "Nomenclátor Geográfico Básico de España — Instituto Geográfico Nacional",
            "url": "https://api-features.ign.es/collections/namedplace/items",
            "fecha": "2026-08-07",
            "archivo": "fuentes/2026-08-07_ign_ngbe-toponimos-embalses.json"
          }
        ]
      }
    },
    {
      "type": "Feature",
      "id": "agua-embalsada:mariacristina-jucar",
      "geometry": {
        "type": "Point",
        "coordinates": [
          -0.16388,
          40.02832
        ]
      },
      "properties": {
        "slug": "mariacristina-jucar",
        "nombre": "Embalse de María Cristina",
        "categoria": "embalse",
        "descripcion": "Capacidad de 18 hm³ y 7 hm³ embalsados según el parte de 2026-08-04 del Boletín Hidrológico. Demarcación: Júcar.",
        "estado_registro": "vigente",
        "verif": "confirmado",
        "geo_precision": "paraje",
        "geo_fuente": "«Embalse María Cristina» en el Nomenclátor Geográfico Básico de España",
        "geo_fuente__v": "confirmado",
        "geo_fuente__f": "f2",
        "fecha_alta": "2026-08-07",
        "fecha_verificacion": "2026-08-07",
        "demarcacion": "Júcar",
        "capacidad_hm3": 18.0,
        "capacidad_hm3__v": "confirmado",
        "capacidad_hm3__f": "f1",
        "agua_actual_hm3": 7.0,
        "agua_actual_hm3__v": "confirmado",
        "agua_actual_hm3__f": "f1",
        "fecha_dato": "2026-08-04",
        "hidroelectrico": false,
        "claves": [],
        "fuentes": [
          {
            "id": "f1",
            "tipo": "primaria",
            "titulo": "Boletín Hidrológico Semanal — histórico de embalses 1988-2026 (Dirección General del Agua, Ministerio para la Transición Ecológica y el Reto Demográfico)",
            "url": "https://www.miteco.gob.es/content/dam/miteco/es/agua/temas/evaluacion-de-los-recursos-hidricos/boletin-hidrologico/Historico-de-embalses/BD-Embalses.zip",
            "fecha": "2026-08-04",
            "archivo": "fuentes/2026-08-07_miteco_bd-embalses-boletin-hidrologico-1988-2026.zip"
          },
          {
            "id": "f2",
            "tipo": "primaria",
            "titulo": "Nomenclátor Geográfico Básico de España — Instituto Geográfico Nacional",
            "url": "https://api-features.ign.es/collections/namedplace/items",
            "fecha": "2026-08-07",
            "archivo": "fuentes/2026-08-07_ign_ngbe-toponimos-embalses.json"
          }
        ]
      }
    },
    {
      "type": "Feature",
      "id": "agua-embalsada:regajo-jucar",
      "geometry": {
        "type": "Point",
        "coordinates": [
          -0.5246,
          39.89008
        ]
      },
      "properties": {
        "slug": "regajo-jucar",
        "nombre": "Embalse de Regajo",
        "categoria": "embalse",
        "descripcion": "Capacidad de 6 hm³ y 3 hm³ embalsados según el parte de 2026-08-04 del Boletín Hidrológico. Demarcación: Júcar.",
        "estado_registro": "vigente",
        "verif": "confirmado",
        "geo_precision": "paraje",
        "geo_fuente": "«Embalse del Regajo» en el Nomenclátor Geográfico Básico de España",
        "geo_fuente__v": "confirmado",
        "geo_fuente__f": "f2",
        "fecha_alta": "2026-08-07",
        "fecha_verificacion": "2026-08-07",
        "demarcacion": "Júcar",
        "capacidad_hm3": 6.0,
        "capacidad_hm3__v": "confirmado",
        "capacidad_hm3__f": "f1",
        "agua_actual_hm3": 3.0,
        "agua_actual_hm3__v": "confirmado",
        "agua_actual_hm3__f": "f1",
        "fecha_dato": "2026-08-04",
        "hidroelectrico": false,
        "claves": [],
        "fuentes": [
          {
            "id": "f1",
            "tipo": "primaria",
            "titulo": "Boletín Hidrológico Semanal — histórico de embalses 1988-2026 (Dirección General del Agua, Ministerio para la Transición Ecológica y el Reto Demográfico)",
            "url": "https://www.miteco.gob.es/content/dam/miteco/es/agua/temas/evaluacion-de-los-recursos-hidricos/boletin-hidrologico/Historico-de-embalses/BD-Embalses.zip",
            "fecha": "2026-08-04",
            "archivo": "fuentes/2026-08-07_miteco_bd-embalses-boletin-hidrologico-1988-2026.zip"
          },
          {
            "id": "f2",
            "tipo": "primaria",
            "titulo": "Nomenclátor Geográfico Básico de España — Instituto Geográfico Nacional",
            "url": "https://api-features.ign.es/collections/namedplace/items",
            "fecha": "2026-08-07",
            "archivo": "fuentes/2026-08-07_ign_ngbe-toponimos-embalses.json"
          }
        ]
      }
    },
    {
      "type": "Feature",
      "id": "agua-embalsada:touslaribera-jucar",
      "geometry": {
        "type": "Point",
        "coordinates": [
          -0.64978,
          39.13251
        ]
      },
      "properties": {
        "slug": "touslaribera-jucar",
        "nombre": "Embalse de Tous - La Ribera",
        "categoria": "embalse",
        "descripcion": "Capacidad de 379 hm³ y 110 hm³ embalsados según el parte de 2026-08-04 del Boletín Hidrológico. Demarcación: Júcar.",
        "estado_registro": "vigente",
        "verif": "confirmado",
        "geo_precision": "paraje",
        "geo_fuente": "«Embalse de Tous» en el Nomenclátor Geográfico Básico de España",
        "geo_fuente__v": "confirmado",
        "geo_fuente__f": "f2",
        "fecha_alta": "2026-08-07",
        "fecha_verificacion": "2026-08-07",
        "demarcacion": "Júcar",
        "capacidad_hm3": 379.0,
        "capacidad_hm3__v": "confirmado",
        "capacidad_hm3__f": "f1",
        "agua_actual_hm3": 110.0,
        "agua_actual_hm3__v": "confirmado",
        "agua_actual_hm3__f": "f1",
        "fecha_dato": "2026-08-04",
        "hidroelectrico": false,
        "claves": [],
        "fuentes": [
          {
            "id": "f1",
            "tipo": "primaria",
            "titulo": "Boletín Hidrológico Semanal — histórico de embalses 1988-2026 (Dirección General del Agua, Ministerio para la Transición Ecológica y el Reto Demográfico)",
            "url": "https://www.miteco.gob.es/content/dam/miteco/es/agua/temas/evaluacion-de-los-recursos-hidricos/boletin-hidrologico/Historico-de-embalses/BD-Embalses.zip",
            "fecha": "2026-08-04",
            "archivo": "fuentes/2026-08-07_miteco_bd-embalses-boletin-hidrologico-1988-2026.zip"
          },
          {
            "id": "f2",
            "tipo": "primaria",
            "titulo": "Nomenclátor Geográfico Básico de España — Instituto Geográfico Nacional",
            "url": "https://api-features.ign.es/collections/namedplace/items",
            "fecha": "2026-08-07",
            "archivo": "fuentes/2026-08-07_ign_ngbe-toponimos-embalses.json"
          }
        ]
      }
    },
    {
      "type": "Feature",
      "id": "agua-embalsada:ulldecona-jucar",
      "geometry": {
        "type": "Point",
        "coordinates": [
          0.23389,
          40.67108
        ]
      },
      "properties": {
        "slug": "ulldecona-jucar",
        "nombre": "Embalse de Ulldecona",
        "categoria": "embalse",
        "descripcion": "Capacidad de 11 hm³ y 9 hm³ embalsados según el parte de 2026-08-04 del Boletín Hidrológico. Demarcación: Júcar.",
        "estado_registro": "vigente",
        "verif": "confirmado",
        "geo_precision": "paraje",
        "geo_fuente": "«Pantà de Ulldecona» en el Nomenclátor Geográfico Básico de España",
        "geo_fuente__v": "confirmado",
        "geo_fuente__f": "f2",
        "fecha_alta": "2026-08-07",
        "fecha_verificacion": "2026-08-07",
        "demarcacion": "Júcar",
        "capacidad_hm3": 11.0,
        "capacidad_hm3__v": "confirmado",
        "capacidad_hm3__f": "f1",
        "agua_actual_hm3": 9.0,
        "agua_actual_hm3__v": "confirmado",
        "agua_actual_hm3__f": "f1",
        "fecha_dato": "2026-08-04",
        "hidroelectrico": false,
        "claves": [],
        "fuentes": [
          {
            "id": "f1",
            "tipo": "primaria",
            "titulo": "Boletín Hidrológico Semanal — histórico de embalses 1988-2026 (Dirección General del Agua, Ministerio para la Transición Ecológica y el Reto Demográfico)",
            "url": "https://www.miteco.gob.es/content/dam/miteco/es/agua/temas/evaluacion-de-los-recursos-hidricos/boletin-hidrologico/Historico-de-embalses/BD-Embalses.zip",
            "fecha": "2026-08-04",
            "archivo": "fuentes/2026-08-07_miteco_bd-embalses-boletin-hidrologico-1988-2026.zip"
          },
          {
            "id": "f2",
            "tipo": "primaria",
            "titulo": "Nomenclátor Geográfico Básico de España — Instituto Geográfico Nacional",
            "url": "https://api-features.ign.es/collections/namedplace/items",
            "fecha": "2026-08-07",
            "archivo": "fuentes/2026-08-07_ign_ngbe-toponimos-embalses.json"
          }
        ]
      }
    },
    {
      "type": "Feature",
      "id": "agua-embalsada:albarellos-minosil",
      "geometry": {
        "type": "Point",
        "coordinates": [
          -8.19031,
          42.3999
        ]
      },
      "properties": {
        "slug": "albarellos-minosil",
        "nombre": "Embalse de Albarellos",
        "categoria": "embalse",
        "descripcion": "Capacidad de 91 hm³ y 43 hm³ embalsados según el parte de 2026-08-04 del Boletín Hidrológico. Demarcación: Miño - Sil.",
        "estado_registro": "vigente",
        "verif": "confirmado",
        "geo_precision": "paraje",
        "geo_fuente": "«Encoro de Albarellos» en el Nomenclátor Geográfico Básico de España",
        "geo_fuente__v": "confirmado",
        "geo_fuente__f": "f2",
        "fecha_alta": "2026-08-07",
        "fecha_verificacion": "2026-08-07",
        "demarcacion": "Miño - Sil",
        "capacidad_hm3": 91.0,
        "capacidad_hm3__v": "confirmado",
        "capacidad_hm3__f": "f1",
        "agua_actual_hm3": 43.0,
        "agua_actual_hm3__v": "confirmado",
        "agua_actual_hm3__f": "f1",
        "fecha_dato": "2026-08-04",
        "hidroelectrico": true,
        "claves": [],
        "fuentes": [
          {
            "id": "f1",
            "tipo": "primaria",
            "titulo": "Boletín Hidrológico Semanal — histórico de embalses 1988-2026 (Dirección General del Agua, Ministerio para la Transición Ecológica y el Reto Demográfico)",
            "url": "https://www.miteco.gob.es/content/dam/miteco/es/agua/temas/evaluacion-de-los-recursos-hidricos/boletin-hidrologico/Historico-de-embalses/BD-Embalses.zip",
            "fecha": "2026-08-04",
            "archivo": "fuentes/2026-08-07_miteco_bd-embalses-boletin-hidrologico-1988-2026.zip"
          },
          {
            "id": "f2",
            "tipo": "primaria",
            "titulo": "Nomenclátor Geográfico Básico de España — Instituto Geográfico Nacional",
            "url": "https://api-features.ign.es/collections/namedplace/items",
            "fecha": "2026-08-07",
            "archivo": "fuentes/2026-08-07_ign_ngbe-toponimos-embalses.json"
          }
        ]
      }
    },
    {
      "type": "Feature",
      "id": "agua-embalsada:belesar-minosil",
      "geometry": {
        "type": "Point",
        "coordinates": [
          -7.71259,
          42.62891
        ]
      },
      "properties": {
        "slug": "belesar-minosil",
        "nombre": "Embalse de Belesar",
        "categoria": "embalse",
        "descripcion": "Capacidad de 655 hm³ y 329 hm³ embalsados según el parte de 2026-08-04 del Boletín Hidrológico. Demarcación: Miño - Sil.",
        "estado_registro": "vigente",
        "verif": "confirmado",
        "geo_precision": "paraje",
        "geo_fuente": "«Encoro de Belesar» en el Nomenclátor Geográfico Básico de España",
        "geo_fuente__v": "confirmado",
        "geo_fuente__f": "f2",
        "fecha_alta": "2026-08-07",
        "fecha_verificacion": "2026-08-07",
        "demarcacion": "Miño - Sil",
        "capacidad_hm3": 655.0,
        "capacidad_hm3__v": "confirmado",
        "capacidad_hm3__f": "f1",
        "agua_actual_hm3": 329.0,
        "agua_actual_hm3__v": "confirmado",
        "agua_actual_hm3__f": "f1",
        "fecha_dato": "2026-08-04",
        "hidroelectrico": true,
        "claves": [],
        "fuentes": [
          {
            "id": "f1",
            "tipo": "primaria",
            "titulo": "Boletín Hidrológico Semanal — histórico de embalses 1988-2026 (Dirección General del Agua, Ministerio para la Transición Ecológica y el Reto Demográfico)",
            "url": "https://www.miteco.gob.es/content/dam/miteco/es/agua/temas/evaluacion-de-los-recursos-hidricos/boletin-hidrologico/Historico-de-embalses/BD-Embalses.zip",
            "fecha": "2026-08-04",
            "archivo": "fuentes/2026-08-07_miteco_bd-embalses-boletin-hidrologico-1988-2026.zip"
          },
          {
            "id": "f2",
            "tipo": "primaria",
            "titulo": "Nomenclátor Geográfico Básico de España — Instituto Geográfico Nacional",
            "url": "https://api-features.ign.es/collections/namedplace/items",
            "fecha": "2026-08-07",
            "archivo": "fuentes/2026-08-07_ign_ngbe-toponimos-embalses.json"
          }
        ]
      }
    },
    {
      "type": "Feature",
      "id": "agua-embalsada:barcena-minosil",
      "geometry": {
        "type": "Point",
        "coordinates": [
          -6.56018,
          42.57788
        ]
      },
      "properties": {
        "slug": "barcena-minosil",
        "nombre": "Embalse de Bárcena",
        "categoria": "embalse",
        "descripcion": "Capacidad de 341 hm³ y 280 hm³ embalsados según el parte de 2026-08-04 del Boletín Hidrológico. Demarcación: Miño - Sil.",
        "estado_registro": "vigente",
        "verif": "confirmado",
        "geo_precision": "paraje",
        "geo_fuente": "«Embalse de Bárcena» en el Nomenclátor Geográfico Básico de España",
        "geo_fuente__v": "confirmado",
        "geo_fuente__f": "f2",
        "fecha_alta": "2026-08-07",
        "fecha_verificacion": "2026-08-07",
        "demarcacion": "Miño - Sil",
        "capacidad_hm3": 341.0,
        "capacidad_hm3__v": "confirmado",
        "capacidad_hm3__f": "f1",
        "agua_actual_hm3": 280.0,
        "agua_actual_hm3__v": "confirmado",
        "agua_actual_hm3__f": "f1",
        "fecha_dato": "2026-08-04",
        "hidroelectrico": false,
        "claves": [],
        "fuentes": [
          {
            "id": "f1",
            "tipo": "primaria",
            "titulo": "Boletín Hidrológico Semanal — histórico de embalses 1988-2026 (Dirección General del Agua, Ministerio para la Transición Ecológica y el Reto Demográfico)",
            "url": "https://www.miteco.gob.es/content/dam/miteco/es/agua/temas/evaluacion-de-los-recursos-hidricos/boletin-hidrologico/Historico-de-embalses/BD-Embalses.zip",
            "fecha": "2026-08-04",
            "archivo": "fuentes/2026-08-07_miteco_bd-embalses-boletin-hidrologico-1988-2026.zip"
          },
          {
            "id": "f2",
            "tipo": "primaria",
            "titulo": "Nomenclátor Geográfico Básico de España — Instituto Geográfico Nacional",
            "url": "https://api-features.ign.es/collections/namedplace/items",
            "fecha": "2026-08-07",
            "archivo": "fuentes/2026-08-07_ign_ngbe-toponimos-embalses.json"
          }
        ]
      }
    },
    {
      "type": "Feature",
      "id": "agua-embalsada:campananala-minosil",
      "geometry": {
        "type": "Point",
        "coordinates": [
          -6.76978,
          42.49829
        ]
      },
      "properties": {
        "slug": "campananala-minosil",
        "nombre": "Embalse de Campañana, La",
        "categoria": "embalse",
        "descripcion": "Capacidad de 14 hm³ y 7 hm³ embalsados según el parte de 2026-08-04 del Boletín Hidrológico. Demarcación: Miño - Sil.",
        "estado_registro": "vigente",
        "verif": "confirmado",
        "geo_precision": "paraje",
        "geo_fuente": "«Embalse de la Campañana» en el Nomenclátor Geográfico Básico de España",
        "geo_fuente__v": "confirmado",
        "geo_fuente__f": "f2",
        "fecha_alta": "2026-08-07",
        "fecha_verificacion": "2026-08-07",
        "demarcacion": "Miño - Sil",
        "capacidad_hm3": 14.0,
        "capacidad_hm3__v": "confirmado",
        "capacidad_hm3__f": "f1",
        "agua_actual_hm3": 7.0,
        "agua_actual_hm3__v": "confirmado",
        "agua_actual_hm3__f": "f1",
        "fecha_dato": "2026-08-04",
        "hidroelectrico": true,
        "claves": [],
        "fuentes": [
          {
            "id": "f1",
            "tipo": "primaria",
            "titulo": "Boletín Hidrológico Semanal — histórico de embalses 1988-2026 (Dirección General del Agua, Ministerio para la Transición Ecológica y el Reto Demográfico)",
            "url": "https://www.miteco.gob.es/content/dam/miteco/es/agua/temas/evaluacion-de-los-recursos-hidricos/boletin-hidrologico/Historico-de-embalses/BD-Embalses.zip",
            "fecha": "2026-08-04",
            "archivo": "fuentes/2026-08-07_miteco_bd-embalses-boletin-hidrologico-1988-2026.zip"
          },
          {
            "id": "f2",
            "tipo": "primaria",
            "titulo": "Nomenclátor Geográfico Básico de España — Instituto Geográfico Nacional",
            "url": "https://api-features.ign.es/collections/namedplace/items",
            "fecha": "2026-08-07",
            "archivo": "fuentes/2026-08-07_ign_ngbe-toponimos-embalses.json"
          }
        ]
      }
    },
    {
      "type": "Feature",
      "id": "agua-embalsada:cenza-minosil",
      "geometry": {
        "type": "Point",
        "coordinates": [
          -7.24652,
          42.19647
        ]
      },
      "properties": {
        "slug": "cenza-minosil",
        "nombre": "Embalse de Cenza",
        "categoria": "embalse",
        "descripcion": "Capacidad de 40 hm³ y 29 hm³ embalsados según el parte de 2026-08-04 del Boletín Hidrológico. Demarcación: Miño - Sil.",
        "estado_registro": "vigente",
        "verif": "confirmado",
        "geo_precision": "paraje",
        "geo_fuente": "«Encoro da Cenza» en el Nomenclátor Geográfico Básico de España",
        "geo_fuente__v": "confirmado",
        "geo_fuente__f": "f2",
        "fecha_alta": "2026-08-07",
        "fecha_verificacion": "2026-08-07",
        "demarcacion": "Miño - Sil",
        "capacidad_hm3": 40.0,
        "capacidad_hm3__v": "confirmado",
        "capacidad_hm3__f": "f1",
        "agua_actual_hm3": 29.0,
        "agua_actual_hm3__v": "confirmado",
        "agua_actual_hm3__f": "f1",
        "fecha_dato": "2026-08-04",
        "hidroelectrico": true,
        "claves": [],
        "fuentes": [
          {
            "id": "f1",
            "tipo": "primaria",
            "titulo": "Boletín Hidrológico Semanal — histórico de embalses 1988-2026 (Dirección General del Agua, Ministerio para la Transición Ecológica y el Reto Demográfico)",
            "url": "https://www.miteco.gob.es/content/dam/miteco/es/agua/temas/evaluacion-de-los-recursos-hidricos/boletin-hidrologico/Historico-de-embalses/BD-Embalses.zip",
            "fecha": "2026-08-04",
            "archivo": "fuentes/2026-08-07_miteco_bd-embalses-boletin-hidrologico-1988-2026.zip"
          },
          {
            "id": "f2",
            "tipo": "primaria",
            "titulo": "Nomenclátor Geográfico Básico de España — Instituto Geográfico Nacional",
            "url": "https://api-features.ign.es/collections/namedplace/items",
            "fecha": "2026-08-07",
            "archivo": "fuentes/2026-08-07_ign_ngbe-toponimos-embalses.json"
          }
        ]
      }
    },
    {
      "type": "Feature",
      "id": "agua-embalsada:conchaslas-minosil",
      "geometry": {
        "type": "Point",
        "coordinates": [
          -8.03491,
          41.94452
        ]
      },
      "properties": {
        "slug": "conchaslas-minosil",
        "nombre": "Embalse de Conchas, Las",
        "categoria": "embalse",
        "descripcion": "Capacidad de 80 hm³ y 43 hm³ embalsados según el parte de 2026-08-04 del Boletín Hidrológico. Demarcación: Miño - Sil.",
        "estado_registro": "vigente",
        "verif": "confirmado",
        "geo_precision": "paraje",
        "geo_fuente": "«Encoro das Conchas» en el Nomenclátor Geográfico Básico de España",
        "geo_fuente__v": "confirmado",
        "geo_fuente__f": "f2",
        "fecha_alta": "2026-08-07",
        "fecha_verificacion": "2026-08-07",
        "demarcacion": "Miño - Sil",
        "capacidad_hm3": 80.0,
        "capacidad_hm3__v": "confirmado",
        "capacidad_hm3__f": "f1",
        "agua_actual_hm3": 43.0,
        "agua_actual_hm3__v": "confirmado",
        "agua_actual_hm3__f": "f1",
        "fecha_dato": "2026-08-04",
        "hidroelectrico": true,
        "claves": [],
        "fuentes": [
          {
            "id": "f1",
            "tipo": "primaria",
            "titulo": "Boletín Hidrológico Semanal — histórico de embalses 1988-2026 (Dirección General del Agua, Ministerio para la Transición Ecológica y el Reto Demográfico)",
            "url": "https://www.miteco.gob.es/content/dam/miteco/es/agua/temas/evaluacion-de-los-recursos-hidricos/boletin-hidrologico/Historico-de-embalses/BD-Embalses.zip",
            "fecha": "2026-08-04",
            "archivo": "fuentes/2026-08-07_miteco_bd-embalses-boletin-hidrologico-1988-2026.zip"
          },
          {
            "id": "f2",
            "tipo": "primaria",
            "titulo": "Nomenclátor Geográfico Básico de España — Instituto Geográfico Nacional",
            "url": "https://api-features.ign.es/collections/namedplace/items",
            "fecha": "2026-08-07",
            "archivo": "fuentes/2026-08-07_ign_ngbe-toponimos-embalses.json"
          }
        ]
      }
    },
    {
      "type": "Feature",
      "id": "agua-embalsada:edradamao-minosil",
      "geometry": {
        "type": "Point",
        "coordinates": [
          -7.51147,
          42.3421
        ]
      },
      "properties": {
        "slug": "edradamao-minosil",
        "nombre": "Embalse de Edrada-Mao",
        "categoria": "embalse",
        "descripcion": "Capacidad de 14 hm³ y 5 hm³ embalsados según el parte de 2026-08-04 del Boletín Hidrológico. Demarcación: Miño - Sil.",
        "estado_registro": "vigente",
        "verif": "confirmado",
        "geo_precision": "paraje",
        "geo_fuente": "«Encoro de Mao» en el Nomenclátor Geográfico Básico de España",
        "geo_fuente__v": "confirmado",
        "geo_fuente__f": "f2",
        "fecha_alta": "2026-08-07",
        "fecha_verificacion": "2026-08-07",
        "demarcacion": "Miño - Sil",
        "capacidad_hm3": 14.0,
        "capacidad_hm3__v": "confirmado",
        "capacidad_hm3__f": "f1",
        "agua_actual_hm3": 5.0,
        "agua_actual_hm3__v": "confirmado",
        "agua_actual_hm3__f": "f1",
        "fecha_dato": "2026-08-04",
        "hidroelectrico": true,
        "claves": [],
        "fuentes": [
          {
            "id": "f1",
            "tipo": "primaria",
            "titulo": "Boletín Hidrológico Semanal — histórico de embalses 1988-2026 (Dirección General del Agua, Ministerio para la Transición Ecológica y el Reto Demográfico)",
            "url": "https://www.miteco.gob.es/content/dam/miteco/es/agua/temas/evaluacion-de-los-recursos-hidricos/boletin-hidrologico/Historico-de-embalses/BD-Embalses.zip",
            "fecha": "2026-08-04",
            "archivo": "fuentes/2026-08-07_miteco_bd-embalses-boletin-hidrologico-1988-2026.zip"
          },
          {
            "id": "f2",
            "tipo": "primaria",
            "titulo": "Nomenclátor Geográfico Básico de España — Instituto Geográfico Nacional",
            "url": "https://api-features.ign.es/collections/namedplace/items",
            "fecha": "2026-08-07",
            "archivo": "fuentes/2026-08-07_ign_ngbe-toponimos-embalses.json"
          }
        ]
      }
    },
    {
      "type": "Feature",
      "id": "agua-embalsada:frieira-minosil",
      "geometry": {
        "type": "Point",
        "coordinates": [
          -8.19281,
          42.15528
        ]
      },
      "properties": {
        "slug": "frieira-minosil",
        "nombre": "Embalse de Frieira",
        "categoria": "embalse",
        "descripcion": "Capacidad de 44 hm³ y 40 hm³ embalsados según el parte de 2026-08-04 del Boletín Hidrológico. Demarcación: Miño - Sil.",
        "estado_registro": "vigente",
        "verif": "confirmado",
        "geo_precision": "paraje",
        "geo_fuente": "«Encoro de Frieira» en el Nomenclátor Geográfico Básico de España",
        "geo_fuente__v": "confirmado",
        "geo_fuente__f": "f2",
        "fecha_alta": "2026-08-07",
        "fecha_verificacion": "2026-08-07",
        "demarcacion": "Miño - Sil",
        "capacidad_hm3": 44.0,
        "capacidad_hm3__v": "confirmado",
        "capacidad_hm3__f": "f1",
        "agua_actual_hm3": 40.0,
        "agua_actual_hm3__v": "confirmado",
        "agua_actual_hm3__f": "f1",
        "fecha_dato": "2026-08-04",
        "hidroelectrico": true,
        "claves": [],
        "fuentes": [
          {
            "id": "f1",
            "tipo": "primaria",
            "titulo": "Boletín Hidrológico Semanal — histórico de embalses 1988-2026 (Dirección General del Agua, Ministerio para la Transición Ecológica y el Reto Demográfico)",
            "url": "https://www.miteco.gob.es/content/dam/miteco/es/agua/temas/evaluacion-de-los-recursos-hidricos/boletin-hidrologico/Historico-de-embalses/BD-Embalses.zip",
            "fecha": "2026-08-04",
            "archivo": "fuentes/2026-08-07_miteco_bd-embalses-boletin-hidrologico-1988-2026.zip"
          },
          {
            "id": "f2",
            "tipo": "primaria",
            "titulo": "Nomenclátor Geográfico Básico de España — Instituto Geográfico Nacional",
            "url": "https://api-features.ign.es/collections/namedplace/items",
            "fecha": "2026-08-07",
            "archivo": "fuentes/2026-08-07_ign_ngbe-toponimos-embalses.json"
          }
        ]
      }
    },
    {
      "type": "Feature",
      "id": "agua-embalsada:guistolas-minosil",
      "geometry": {
        "type": "Point",
        "coordinates": [
          -7.30011,
          42.34448
        ]
      },
      "properties": {
        "slug": "guistolas-minosil",
        "nombre": "Embalse de Guístolas",
        "categoria": "embalse",
        "descripcion": "Capacidad de 5 hm³ y 4 hm³ embalsados según el parte de 2026-08-04 del Boletín Hidrológico. Demarcación: Miño - Sil.",
        "estado_registro": "vigente",
        "verif": "confirmado",
        "geo_precision": "paraje",
        "geo_fuente": "«Encoro das Guístolas» en el Nomenclátor Geográfico Básico de España",
        "geo_fuente__v": "confirmado",
        "geo_fuente__f": "f2",
        "fecha_alta": "2026-08-07",
        "fecha_verificacion": "2026-08-07",
        "demarcacion": "Miño - Sil",
        "capacidad_hm3": 5.0,
        "capacidad_hm3__v": "confirmado",
        "capacidad_hm3__f": "f1",
        "agua_actual_hm3": 4.0,
        "agua_actual_hm3__v": "confirmado",
        "agua_actual_hm3__f": "f1",
        "fecha_dato": "2026-08-04",
        "hidroelectrico": true,
        "claves": [],
        "fuentes": [
          {
            "id": "f1",
            "tipo": "primaria",
            "titulo": "Boletín Hidrológico Semanal — histórico de embalses 1988-2026 (Dirección General del Agua, Ministerio para la Transición Ecológica y el Reto Demográfico)",
            "url": "https://www.miteco.gob.es/content/dam/miteco/es/agua/temas/evaluacion-de-los-recursos-hidricos/boletin-hidrologico/Historico-de-embalses/BD-Embalses.zip",
            "fecha": "2026-08-04",
            "archivo": "fuentes/2026-08-07_miteco_bd-embalses-boletin-hidrologico-1988-2026.zip"
          },
          {
            "id": "f2",
            "tipo": "primaria",
            "titulo": "Nomenclátor Geográfico Básico de España — Instituto Geográfico Nacional",
            "url": "https://api-features.ign.es/collections/namedplace/items",
            "fecha": "2026-08-07",
            "archivo": "fuentes/2026-08-07_ign_ngbe-toponimos-embalses.json"
          }
        ]
      }
    },
    {
      "type": "Feature",
      "id": "agua-embalsada:matalavilla-minosil",
      "geometry": {
        "type": "Point",
        "coordinates": [
          -6.45361,
          42.83447
        ]
      },
      "properties": {
        "slug": "matalavilla-minosil",
        "nombre": "Embalse de Matalavilla",
        "categoria": "embalse",
        "descripcion": "Capacidad de 65 hm³ y 30 hm³ embalsados según el parte de 2026-08-04 del Boletín Hidrológico. Demarcación: Miño - Sil.",
        "estado_registro": "vigente",
        "verif": "confirmado",
        "geo_precision": "paraje",
        "geo_fuente": "«Embalse de Matalavilla» en el Nomenclátor Geográfico Básico de España",
        "geo_fuente__v": "confirmado",
        "geo_fuente__f": "f2",
        "fecha_alta": "2026-08-07",
        "fecha_verificacion": "2026-08-07",
        "demarcacion": "Miño - Sil",
        "capacidad_hm3": 65.0,
        "capacidad_hm3__v": "confirmado",
        "capacidad_hm3__f": "f1",
        "agua_actual_hm3": 30.0,
        "agua_actual_hm3__v": "confirmado",
        "agua_actual_hm3__f": "f1",
        "fecha_dato": "2026-08-04",
        "hidroelectrico": true,
        "claves": [],
        "fuentes": [
          {
            "id": "f1",
            "tipo": "primaria",
            "titulo": "Boletín Hidrológico Semanal — histórico de embalses 1988-2026 (Dirección General del Agua, Ministerio para la Transición Ecológica y el Reto Demográfico)",
            "url": "https://www.miteco.gob.es/content/dam/miteco/es/agua/temas/evaluacion-de-los-recursos-hidricos/boletin-hidrologico/Historico-de-embalses/BD-Embalses.zip",
            "fecha": "2026-08-04",
            "archivo": "fuentes/2026-08-07_miteco_bd-embalses-boletin-hidrologico-1988-2026.zip"
          },
          {
            "id": "f2",
            "tipo": "primaria",
            "titulo": "Nomenclátor Geográfico Básico de España — Instituto Geográfico Nacional",
            "url": "https://api-features.ign.es/collections/namedplace/items",
            "fecha": "2026-08-07",
            "archivo": "fuentes/2026-08-07_ign_ngbe-toponimos-embalses.json"
          }
        ]
      }
    },
    {
      "type": "Feature",
      "id": "agua-embalsada:montefurado-minosil",
      "geometry": {
        "type": "Point",
        "coordinates": [
          -7.2182,
          42.39111
        ]
      },
      "properties": {
        "slug": "montefurado-minosil",
        "nombre": "Embalse de Montefurado",
        "categoria": "embalse",
        "descripcion": "Capacidad de 10 hm³ y 10 hm³ embalsados según el parte de 2026-08-04 del Boletín Hidrológico. Demarcación: Miño - Sil.",
        "estado_registro": "vigente",
        "verif": "confirmado",
        "geo_precision": "paraje",
        "geo_fuente": "«Encoro de Montefurado» en el Nomenclátor Geográfico Básico de España",
        "geo_fuente__v": "confirmado",
        "geo_fuente__f": "f2",
        "fecha_alta": "2026-08-07",
        "fecha_verificacion": "2026-08-07",
        "demarcacion": "Miño - Sil",
        "capacidad_hm3": 10.0,
        "capacidad_hm3__v": "confirmado",
        "capacidad_hm3__f": "f1",
        "agua_actual_hm3": 10.0,
        "agua_actual_hm3__v": "confirmado",
        "agua_actual_hm3__f": "f1",
        "fecha_dato": "2026-08-04",
        "hidroelectrico": true,
        "claves": [],
        "fuentes": [
          {
            "id": "f1",
            "tipo": "primaria",
            "titulo": "Boletín Hidrológico Semanal — histórico de embalses 1988-2026 (Dirección General del Agua, Ministerio para la Transición Ecológica y el Reto Demográfico)",
            "url": "https://www.miteco.gob.es/content/dam/miteco/es/agua/temas/evaluacion-de-los-recursos-hidricos/boletin-hidrologico/Historico-de-embalses/BD-Embalses.zip",
            "fecha": "2026-08-04",
            "archivo": "fuentes/2026-08-07_miteco_bd-embalses-boletin-hidrologico-1988-2026.zip"
          },
          {
            "id": "f2",
            "tipo": "primaria",
            "titulo": "Nomenclátor Geográfico Básico de España — Instituto Geográfico Nacional",
            "url": "https://api-features.ign.es/collections/namedplace/items",
            "fecha": "2026-08-07",
            "archivo": "fuentes/2026-08-07_ign_ngbe-toponimos-embalses.json"
          }
        ]
      }
    },
    {
      "type": "Feature",
      "id": "agua-embalsada:pearesos-minosil",
      "geometry": {
        "type": "Point",
        "coordinates": [
          -7.72382,
          42.46527
        ]
      },
      "properties": {
        "slug": "pearesos-minosil",
        "nombre": "Embalse de Peares, Os",
        "categoria": "embalse",
        "descripcion": "Capacidad de 182 hm³ y 178 hm³ embalsados según el parte de 2026-08-04 del Boletín Hidrológico. Demarcación: Miño - Sil.",
        "estado_registro": "vigente",
        "verif": "confirmado",
        "geo_precision": "paraje",
        "geo_fuente": "«Encoro dos Peares» en el Nomenclátor Geográfico Básico de España",
        "geo_fuente__v": "confirmado",
        "geo_fuente__f": "f2",
        "fecha_alta": "2026-08-07",
        "fecha_verificacion": "2026-08-07",
        "demarcacion": "Miño - Sil",
        "capacidad_hm3": 182.0,
        "capacidad_hm3__v": "confirmado",
        "capacidad_hm3__f": "f1",
        "agua_actual_hm3": 178.0,
        "agua_actual_hm3__v": "confirmado",
        "agua_actual_hm3__f": "f1",
        "fecha_dato": "2026-08-04",
        "hidroelectrico": true,
        "claves": [],
        "fuentes": [
          {
            "id": "f1",
            "tipo": "primaria",
            "titulo": "Boletín Hidrológico Semanal — histórico de embalses 1988-2026 (Dirección General del Agua, Ministerio para la Transición Ecológica y el Reto Demográfico)",
            "url": "https://www.miteco.gob.es/content/dam/miteco/es/agua/temas/evaluacion-de-los-recursos-hidricos/boletin-hidrologico/Historico-de-embalses/BD-Embalses.zip",
            "fecha": "2026-08-04",
            "archivo": "fuentes/2026-08-07_miteco_bd-embalses-boletin-hidrologico-1988-2026.zip"
          },
          {
            "id": "f2",
            "tipo": "primaria",
            "titulo": "Nomenclátor Geográfico Básico de España — Instituto Geográfico Nacional",
            "url": "https://api-features.ign.es/collections/namedplace/items",
            "fecha": "2026-08-07",
            "archivo": "fuentes/2026-08-07_ign_ngbe-toponimos-embalses.json"
          }
        ]
      }
    },
    {
      "type": "Feature",
      "id": "agua-embalsada:penarrubia-minosil",
      "geometry": {
        "type": "Point",
        "coordinates": [
          -6.81879,
          42.45612
        ]
      },
      "properties": {
        "slug": "penarrubia-minosil",
        "nombre": "Embalse de Peñarrubia",
        "categoria": "embalse",
        "descripcion": "Capacidad de 13 hm³ y 9 hm³ embalsados según el parte de 2026-08-04 del Boletín Hidrológico. Demarcación: Miño - Sil.",
        "estado_registro": "vigente",
        "verif": "confirmado",
        "geo_precision": "paraje",
        "geo_fuente": "«Embalse de Peñarrubia» en el Nomenclátor Geográfico Básico de España",
        "geo_fuente__v": "confirmado",
        "geo_fuente__f": "f2",
        "fecha_alta": "2026-08-07",
        "fecha_verificacion": "2026-08-07",
        "demarcacion": "Miño - Sil",
        "capacidad_hm3": 13.0,
        "capacidad_hm3__v": "confirmado",
        "capacidad_hm3__f": "f1",
        "agua_actual_hm3": 9.0,
        "agua_actual_hm3__v": "confirmado",
        "agua_actual_hm3__f": "f1",
        "fecha_dato": "2026-08-04",
        "hidroelectrico": true,
        "claves": [],
        "fuentes": [
          {
            "id": "f1",
            "tipo": "primaria",
            "titulo": "Boletín Hidrológico Semanal — histórico de embalses 1988-2026 (Dirección General del Agua, Ministerio para la Transición Ecológica y el Reto Demográfico)",
            "url": "https://www.miteco.gob.es/content/dam/miteco/es/agua/temas/evaluacion-de-los-recursos-hidricos/boletin-hidrologico/Historico-de-embalses/BD-Embalses.zip",
            "fecha": "2026-08-04",
            "archivo": "fuentes/2026-08-07_miteco_bd-embalses-boletin-hidrologico-1988-2026.zip"
          },
          {
            "id": "f2",
            "tipo": "primaria",
            "titulo": "Nomenclátor Geográfico Básico de España — Instituto Geográfico Nacional",
            "url": "https://api-features.ign.es/collections/namedplace/items",
            "fecha": "2026-08-07",
            "archivo": "fuentes/2026-08-07_ign_ngbe-toponimos-embalses.json"
          }
        ]
      }
    },
    {
      "type": "Feature",
      "id": "agua-embalsada:portaslas-minosil",
      "geometry": {
        "type": "Point",
        "coordinates": [
          -7.20929,
          42.1145
        ]
      },
      "properties": {
        "slug": "portaslas-minosil",
        "nombre": "Embalse de Portas, Las",
        "categoria": "embalse",
        "descripcion": "Capacidad de 536 hm³ y 400 hm³ embalsados según el parte de 2026-08-04 del Boletín Hidrológico. Demarcación: Miño - Sil.",
        "estado_registro": "vigente",
        "verif": "confirmado",
        "geo_precision": "paraje",
        "geo_fuente": "«Encoro das Portas» en el Nomenclátor Geográfico Básico de España",
        "geo_fuente__v": "confirmado",
        "geo_fuente__f": "f2",
        "fecha_alta": "2026-08-07",
        "fecha_verificacion": "2026-08-07",
        "demarcacion": "Miño - Sil",
        "capacidad_hm3": 536.0,
        "capacidad_hm3__v": "confirmado",
        "capacidad_hm3__f": "f1",
        "agua_actual_hm3": 400.0,
        "agua_actual_hm3__v": "confirmado",
        "agua_actual_hm3__f": "f1",
        "fecha_dato": "2026-08-04",
        "hidroelectrico": true,
        "claves": [],
        "fuentes": [
          {
            "id": "f1",
            "tipo": "primaria",
            "titulo": "Boletín Hidrológico Semanal — histórico de embalses 1988-2026 (Dirección General del Agua, Ministerio para la Transición Ecológica y el Reto Demográfico)",
            "url": "https://www.miteco.gob.es/content/dam/miteco/es/agua/temas/evaluacion-de-los-recursos-hidricos/boletin-hidrologico/Historico-de-embalses/BD-Embalses.zip",
            "fecha": "2026-08-04",
            "archivo": "fuentes/2026-08-07_miteco_bd-embalses-boletin-hidrologico-1988-2026.zip"
          },
          {
            "id": "f2",
            "tipo": "primaria",
            "titulo": "Nomenclátor Geográfico Básico de España — Instituto Geográfico Nacional",
            "url": "https://api-features.ign.es/collections/namedplace/items",
            "fecha": "2026-08-07",
            "archivo": "fuentes/2026-08-07_ign_ngbe-toponimos-embalses.json"
          }
        ]
      }
    },
    {
      "type": "Feature",
      "id": "agua-embalsada:prada-minosil",
      "geometry": {
        "type": "Point",
        "coordinates": [
          -7.04059,
          42.31073
        ]
      },
      "properties": {
        "slug": "prada-minosil",
        "nombre": "Embalse de Prada",
        "categoria": "embalse",
        "descripcion": "Capacidad de 122 hm³ y 101 hm³ embalsados según el parte de 2026-08-04 del Boletín Hidrológico. Demarcación: Miño - Sil.",
        "estado_registro": "vigente",
        "verif": "confirmado",
        "geo_precision": "paraje",
        "geo_fuente": "«Encoro de Prada» en el Nomenclátor Geográfico Básico de España",
        "geo_fuente__v": "confirmado",
        "geo_fuente__f": "f2",
        "fecha_alta": "2026-08-07",
        "fecha_verificacion": "2026-08-07",
        "demarcacion": "Miño - Sil",
        "capacidad_hm3": 122.0,
        "capacidad_hm3__v": "confirmado",
        "capacidad_hm3__f": "f1",
        "agua_actual_hm3": 101.0,
        "agua_actual_hm3__v": "confirmado",
        "agua_actual_hm3__f": "f1",
        "fecha_dato": "2026-08-04",
        "hidroelectrico": true,
        "claves": [],
        "fuentes": [
          {
            "id": "f1",
            "tipo": "primaria",
            "titulo": "Boletín Hidrológico Semanal — histórico de embalses 1988-2026 (Dirección General del Agua, Ministerio para la Transición Ecológica y el Reto Demográfico)",
            "url": "https://www.miteco.gob.es/content/dam/miteco/es/agua/temas/evaluacion-de-los-recursos-hidricos/boletin-hidrologico/Historico-de-embalses/BD-Embalses.zip",
            "fecha": "2026-08-04",
            "archivo": "fuentes/2026-08-07_miteco_bd-embalses-boletin-hidrologico-1988-2026.zip"
          },
          {
            "id": "f2",
            "tipo": "primaria",
            "titulo": "Nomenclátor Geográfico Básico de España — Instituto Geográfico Nacional",
            "url": "https://api-features.ign.es/collections/namedplace/items",
            "fecha": "2026-08-07",
            "archivo": "fuentes/2026-08-07_ign_ngbe-toponimos-embalses.json"
          }
        ]
      }
    },
    {
      "type": "Feature",
      "id": "agua-embalsada:piassanagustin-minosil",
      "geometry": {
        "type": "Point",
        "coordinates": [
          -6.99011,
          42.10211
        ]
      },
      "properties": {
        "slug": "piassanagustin-minosil",
        "nombre": "Embalse de Pías (San Agustín)",
        "categoria": "embalse",
        "descripcion": "Capacidad de 10 hm³ y 5 hm³ embalsados según el parte de 2026-08-04 del Boletín Hidrológico. Demarcación: Miño - Sil.",
        "estado_registro": "vigente",
        "verif": "confirmado",
        "geo_precision": "paraje",
        "geo_fuente": "«Embalse de Pías» en el Nomenclátor Geográfico Básico de España",
        "geo_fuente__v": "confirmado",
        "geo_fuente__f": "f2",
        "fecha_alta": "2026-08-07",
        "fecha_verificacion": "2026-08-07",
        "demarcacion": "Miño - Sil",
        "capacidad_hm3": 10.0,
        "capacidad_hm3__v": "confirmado",
        "capacidad_hm3__f": "f1",
        "agua_actual_hm3": 5.0,
        "agua_actual_hm3__v": "confirmado",
        "agua_actual_hm3__f": "f1",
        "fecha_dato": "2026-08-04",
        "hidroelectrico": true,
        "claves": [],
        "fuentes": [
          {
            "id": "f1",
            "tipo": "primaria",
            "titulo": "Boletín Hidrológico Semanal — histórico de embalses 1988-2026 (Dirección General del Agua, Ministerio para la Transición Ecológica y el Reto Demográfico)",
            "url": "https://www.miteco.gob.es/content/dam/miteco/es/agua/temas/evaluacion-de-los-recursos-hidricos/boletin-hidrologico/Historico-de-embalses/BD-Embalses.zip",
            "fecha": "2026-08-04",
            "archivo": "fuentes/2026-08-07_miteco_bd-embalses-boletin-hidrologico-1988-2026.zip"
          },
          {
            "id": "f2",
            "tipo": "primaria",
            "titulo": "Nomenclátor Geográfico Básico de España — Instituto Geográfico Nacional",
            "url": "https://api-features.ign.es/collections/namedplace/items",
            "fecha": "2026-08-07",
            "archivo": "fuentes/2026-08-07_ign_ngbe-toponimos-embalses.json"
          }
        ]
      }
    },
    {
      "type": "Feature",
      "id": "agua-embalsada:rozaslas-minosil",
      "geometry": {
        "type": "Point",
        "coordinates": [
          -6.35058,
          42.90711
        ]
      },
      "properties": {
        "slug": "rozaslas-minosil",
        "nombre": "Embalse de Rozas, Las",
        "categoria": "embalse",
        "descripcion": "Capacidad de 28 hm³ y 10 hm³ embalsados según el parte de 2026-08-04 del Boletín Hidrológico. Demarcación: Miño - Sil.",
        "estado_registro": "vigente",
        "verif": "confirmado",
        "geo_precision": "paraje",
        "geo_fuente": "«Embalse de las Rozas» en el Nomenclátor Geográfico Básico de España",
        "geo_fuente__v": "confirmado",
        "geo_fuente__f": "f2",
        "fecha_alta": "2026-08-07",
        "fecha_verificacion": "2026-08-07",
        "demarcacion": "Miño - Sil",
        "capacidad_hm3": 28.0,
        "capacidad_hm3__v": "confirmado",
        "capacidad_hm3__f": "f1",
        "agua_actual_hm3": 10.0,
        "agua_actual_hm3__v": "confirmado",
        "agua_actual_hm3__f": "f1",
        "fecha_dato": "2026-08-04",
        "hidroelectrico": true,
        "claves": [],
        "fuentes": [
          {
            "id": "f1",
            "tipo": "primaria",
            "titulo": "Boletín Hidrológico Semanal — histórico de embalses 1988-2026 (Dirección General del Agua, Ministerio para la Transición Ecológica y el Reto Demográfico)",
            "url": "https://www.miteco.gob.es/content/dam/miteco/es/agua/temas/evaluacion-de-los-recursos-hidricos/boletin-hidrologico/Historico-de-embalses/BD-Embalses.zip",
            "fecha": "2026-08-04",
            "archivo": "fuentes/2026-08-07_miteco_bd-embalses-boletin-hidrologico-1988-2026.zip"
          },
          {
            "id": "f2",
            "tipo": "primaria",
            "titulo": "Nomenclátor Geográfico Básico de España — Instituto Geográfico Nacional",
            "url": "https://api-features.ign.es/collections/namedplace/items",
            "fecha": "2026-08-07",
            "archivo": "fuentes/2026-08-07_ign_ngbe-toponimos-embalses.json"
          }
        ]
      }
    },
    {
      "type": "Feature",
      "id": "agua-embalsada:salas-minosil",
      "geometry": {
        "type": "Point",
        "coordinates": [
          -7.94263,
          41.92548
        ]
      },
      "properties": {
        "slug": "salas-minosil",
        "nombre": "Embalse de Salas",
        "categoria": "embalse",
        "descripcion": "Capacidad de 87 hm³ y 41 hm³ embalsados según el parte de 2026-08-04 del Boletín Hidrológico. Demarcación: Miño - Sil.",
        "estado_registro": "vigente",
        "verif": "confirmado",
        "geo_precision": "paraje",
        "geo_fuente": "«Encoro de Salas» en el Nomenclátor Geográfico Básico de España",
        "geo_fuente__v": "confirmado",
        "geo_fuente__f": "f2",
        "fecha_alta": "2026-08-07",
        "fecha_verificacion": "2026-08-07",
        "demarcacion": "Miño - Sil",
        "capacidad_hm3": 87.0,
        "capacidad_hm3__v": "confirmado",
        "capacidad_hm3__f": "f1",
        "agua_actual_hm3": 41.0,
        "agua_actual_hm3__v": "confirmado",
        "agua_actual_hm3__f": "f1",
        "fecha_dato": "2026-08-04",
        "hidroelectrico": true,
        "claves": [],
        "fuentes": [
          {
            "id": "f1",
            "tipo": "primaria",
            "titulo": "Boletín Hidrológico Semanal — histórico de embalses 1988-2026 (Dirección General del Agua, Ministerio para la Transición Ecológica y el Reto Demográfico)",
            "url": "https://www.miteco.gob.es/content/dam/miteco/es/agua/temas/evaluacion-de-los-recursos-hidricos/boletin-hidrologico/Historico-de-embalses/BD-Embalses.zip",
            "fecha": "2026-08-04",
            "archivo": "fuentes/2026-08-07_miteco_bd-embalses-boletin-hidrologico-1988-2026.zip"
          },
          {
            "id": "f2",
            "tipo": "primaria",
            "titulo": "Nomenclátor Geográfico Básico de España — Instituto Geográfico Nacional",
            "url": "https://api-features.ign.es/collections/namedplace/items",
            "fecha": "2026-08-07",
            "archivo": "fuentes/2026-08-07_ign_ngbe-toponimos-embalses.json"
          }
        ]
      }
    },
    {
      "type": "Feature",
      "id": "agua-embalsada:sanmartino-minosil",
      "geometry": {
        "type": "Point",
        "coordinates": [
          -7.1734,
          42.3905
        ]
      },
      "properties": {
        "slug": "sanmartino-minosil",
        "nombre": "Embalse de San Martiño",
        "categoria": "embalse",
        "descripcion": "Capacidad de 10 hm³ y 9 hm³ embalsados según el parte de 2026-08-04 del Boletín Hidrológico. Demarcación: Miño - Sil.",
        "estado_registro": "vigente",
        "verif": "confirmado",
        "geo_precision": "paraje",
        "geo_fuente": "«Encoro de San Martiño» en el Nomenclátor Geográfico Básico de España",
        "geo_fuente__v": "confirmado",
        "geo_fuente__f": "f2",
        "fecha_alta": "2026-08-07",
        "fecha_verificacion": "2026-08-07",
        "demarcacion": "Miño - Sil",
        "capacidad_hm3": 10.0,
        "capacidad_hm3__v": "confirmado",
        "capacidad_hm3__f": "f1",
        "agua_actual_hm3": 9.0,
        "agua_actual_hm3__v": "confirmado",
        "agua_actual_hm3__f": "f1",
        "fecha_dato": "2026-08-04",
        "hidroelectrico": true,
        "claves": [],
        "fuentes": [
          {
            "id": "f1",
            "tipo": "primaria",
            "titulo": "Boletín Hidrológico Semanal — histórico de embalses 1988-2026 (Dirección General del Agua, Ministerio para la Transición Ecológica y el Reto Demográfico)",
            "url": "https://www.miteco.gob.es/content/dam/miteco/es/agua/temas/evaluacion-de-los-recursos-hidricos/boletin-hidrologico/Historico-de-embalses/BD-Embalses.zip",
            "fecha": "2026-08-04",
            "archivo": "fuentes/2026-08-07_miteco_bd-embalses-boletin-hidrologico-1988-2026.zip"
          },
          {
            "id": "f2",
            "tipo": "primaria",
            "titulo": "Nomenclátor Geográfico Básico de España — Instituto Geográfico Nacional",
            "url": "https://api-features.ign.es/collections/namedplace/items",
            "fecha": "2026-08-07",
            "archivo": "fuentes/2026-08-07_ign_ngbe-toponimos-embalses.json"
          }
        ]
      }
    },
    {
      "type": "Feature",
      "id": "agua-embalsada:sanpedro-minosil",
      "geometry": {
        "type": "Point",
        "coordinates": [
          -7.71399,
          42.4527
        ]
      },
      "properties": {
        "slug": "sanpedro-minosil",
        "nombre": "Embalse de San Pedro",
        "categoria": "embalse",
        "descripcion": "Capacidad de 6 hm³ y 5 hm³ embalsados según el parte de 2026-08-04 del Boletín Hidrológico. Demarcación: Miño - Sil.",
        "estado_registro": "vigente",
        "verif": "confirmado",
        "geo_precision": "paraje",
        "geo_fuente": "«Encoro de San Pedro» en el Nomenclátor Geográfico Básico de España",
        "geo_fuente__v": "confirmado",
        "geo_fuente__f": "f2",
        "fecha_alta": "2026-08-07",
        "fecha_verificacion": "2026-08-07",
        "demarcacion": "Miño - Sil",
        "capacidad_hm3": 6.0,
        "capacidad_hm3__v": "confirmado",
        "capacidad_hm3__f": "f1",
        "agua_actual_hm3": 5.0,
        "agua_actual_hm3__v": "confirmado",
        "agua_actual_hm3__f": "f1",
        "fecha_dato": "2026-08-04",
        "hidroelectrico": true,
        "claves": [],
        "fuentes": [
          {
            "id": "f1",
            "tipo": "primaria",
            "titulo": "Boletín Hidrológico Semanal — histórico de embalses 1988-2026 (Dirección General del Agua, Ministerio para la Transición Ecológica y el Reto Demográfico)",
            "url": "https://www.miteco.gob.es/content/dam/miteco/es/agua/temas/evaluacion-de-los-recursos-hidricos/boletin-hidrologico/Historico-de-embalses/BD-Embalses.zip",
            "fecha": "2026-08-04",
            "archivo": "fuentes/2026-08-07_miteco_bd-embalses-boletin-hidrologico-1988-2026.zip"
          },
          {
            "id": "f2",
            "tipo": "primaria",
            "titulo": "Nomenclátor Geográfico Básico de España — Instituto Geográfico Nacional",
            "url": "https://api-features.ign.es/collections/namedplace/items",
            "fecha": "2026-08-07",
            "archivo": "fuentes/2026-08-07_ign_ngbe-toponimos-embalses.json"
          }
        ]
      }
    },
    {
      "type": "Feature",
      "id": "agua-embalsada:sansebastian-minosil",
      "geometry": {
        "type": "Point",
        "coordinates": [
          -6.94769,
          42.14429
        ]
      },
      "properties": {
        "slug": "sansebastian-minosil",
        "nombre": "Embalse de San Sebastián",
        "categoria": "embalse",
        "descripcion": "Capacidad de 46 hm³ y 22 hm³ embalsados según el parte de 2026-08-04 del Boletín Hidrológico. Demarcación: Miño - Sil.",
        "estado_registro": "vigente",
        "verif": "confirmado",
        "geo_precision": "paraje",
        "geo_fuente": "«Embalse de San Sebastián» en el Nomenclátor Geográfico Básico de España",
        "geo_fuente__v": "confirmado",
        "geo_fuente__f": "f2",
        "fecha_alta": "2026-08-07",
        "fecha_verificacion": "2026-08-07",
        "demarcacion": "Miño - Sil",
        "capacidad_hm3": 46.0,
        "capacidad_hm3__v": "confirmado",
        "capacidad_hm3__f": "f1",
        "agua_actual_hm3": 22.0,
        "agua_actual_hm3__v": "confirmado",
        "agua_actual_hm3__f": "f1",
        "fecha_dato": "2026-08-04",
        "hidroelectrico": true,
        "claves": [],
        "fuentes": [
          {
            "id": "f1",
            "tipo": "primaria",
            "titulo": "Boletín Hidrológico Semanal — histórico de embalses 1988-2026 (Dirección General del Agua, Ministerio para la Transición Ecológica y el Reto Demográfico)",
            "url": "https://www.miteco.gob.es/content/dam/miteco/es/agua/temas/evaluacion-de-los-recursos-hidricos/boletin-hidrologico/Historico-de-embalses/BD-Embalses.zip",
            "fecha": "2026-08-04",
            "archivo": "fuentes/2026-08-07_miteco_bd-embalses-boletin-hidrologico-1988-2026.zip"
          },
          {
            "id": "f2",
            "tipo": "primaria",
            "titulo": "Nomenclátor Geográfico Básico de España — Instituto Geográfico Nacional",
            "url": "https://api-features.ign.es/collections/namedplace/items",
            "fecha": "2026-08-07",
            "archivo": "fuentes/2026-08-07_ign_ngbe-toponimos-embalses.json"
          }
        ]
      }
    },
    {
      "type": "Feature",
      "id": "agua-embalsada:sanestevo-minosil",
      "geometry": {
        "type": "Point",
        "coordinates": [
          -7.6496,
          42.41449
        ]
      },
      "properties": {
        "slug": "sanestevo-minosil",
        "nombre": "Embalse de San. Estevo",
        "categoria": "embalse",
        "descripcion": "Capacidad de 213 hm³ y 183 hm³ embalsados según el parte de 2026-08-04 del Boletín Hidrológico. Demarcación: Miño - Sil.",
        "estado_registro": "vigente",
        "verif": "confirmado",
        "geo_precision": "paraje",
        "geo_fuente": "«Encoro de Santo Estevo» en el Nomenclátor Geográfico Básico de España",
        "geo_fuente__v": "confirmado",
        "geo_fuente__f": "f2",
        "fecha_alta": "2026-08-07",
        "fecha_verificacion": "2026-08-07",
        "demarcacion": "Miño - Sil",
        "capacidad_hm3": 213.0,
        "capacidad_hm3__v": "confirmado",
        "capacidad_hm3__f": "f1",
        "agua_actual_hm3": 183.0,
        "agua_actual_hm3__v": "confirmado",
        "agua_actual_hm3__f": "f1",
        "fecha_dato": "2026-08-04",
        "hidroelectrico": true,
        "claves": [],
        "fuentes": [
          {
            "id": "f1",
            "tipo": "primaria",
            "titulo": "Boletín Hidrológico Semanal — histórico de embalses 1988-2026 (Dirección General del Agua, Ministerio para la Transición Ecológica y el Reto Demográfico)",
            "url": "https://www.miteco.gob.es/content/dam/miteco/es/agua/temas/evaluacion-de-los-recursos-hidricos/boletin-hidrologico/Historico-de-embalses/BD-Embalses.zip",
            "fecha": "2026-08-04",
            "archivo": "fuentes/2026-08-07_miteco_bd-embalses-boletin-hidrologico-1988-2026.zip"
          },
          {
            "id": "f2",
            "tipo": "primaria",
            "titulo": "Nomenclátor Geográfico Básico de España — Instituto Geográfico Nacional",
            "url": "https://api-features.ign.es/collections/namedplace/items",
            "fecha": "2026-08-07",
            "archivo": "fuentes/2026-08-07_ign_ngbe-toponimos-embalses.json"
          }
        ]
      }
    },
    {
      "type": "Feature",
      "id": "agua-embalsada:velle-minosil",
      "geometry": {
        "type": "Point",
        "coordinates": [
          -7.85089,
          42.35791
        ]
      },
      "properties": {
        "slug": "velle-minosil",
        "nombre": "Embalse de Velle",
        "categoria": "embalse",
        "descripcion": "Capacidad de 17 hm³ y 14 hm³ embalsados según el parte de 2026-08-04 del Boletín Hidrológico. Demarcación: Miño - Sil.",
        "estado_registro": "vigente",
        "verif": "confirmado",
        "geo_precision": "paraje",
        "geo_fuente": "«Encoro de Velle» en el Nomenclátor Geográfico Básico de España",
        "geo_fuente__v": "confirmado",
        "geo_fuente__f": "f2",
        "fecha_alta": "2026-08-07",
        "fecha_verificacion": "2026-08-07",
        "demarcacion": "Miño - Sil",
        "capacidad_hm3": 17.0,
        "capacidad_hm3__v": "confirmado",
        "capacidad_hm3__f": "f1",
        "agua_actual_hm3": 14.0,
        "agua_actual_hm3__v": "confirmado",
        "agua_actual_hm3__f": "f1",
        "fecha_dato": "2026-08-04",
        "hidroelectrico": true,
        "claves": [],
        "fuentes": [
          {
            "id": "f1",
            "tipo": "primaria",
            "titulo": "Boletín Hidrológico Semanal — histórico de embalses 1988-2026 (Dirección General del Agua, Ministerio para la Transición Ecológica y el Reto Demográfico)",
            "url": "https://www.miteco.gob.es/content/dam/miteco/es/agua/temas/evaluacion-de-los-recursos-hidricos/boletin-hidrologico/Historico-de-embalses/BD-Embalses.zip",
            "fecha": "2026-08-04",
            "archivo": "fuentes/2026-08-07_miteco_bd-embalses-boletin-hidrologico-1988-2026.zip"
          },
          {
            "id": "f2",
            "tipo": "primaria",
            "titulo": "Nomenclátor Geográfico Básico de España — Instituto Geográfico Nacional",
            "url": "https://api-features.ign.es/collections/namedplace/items",
            "fecha": "2026-08-07",
            "archivo": "fuentes/2026-08-07_ign_ngbe-toponimos-embalses.json"
          }
        ]
      }
    },
    {
      "type": "Feature",
      "id": "agua-embalsada:vilasouto-minosil",
      "geometry": {
        "type": "Point",
        "coordinates": [
          -7.42059,
          42.6629
        ]
      },
      "properties": {
        "slug": "vilasouto-minosil",
        "nombre": "Embalse de Vilasouto",
        "categoria": "embalse",
        "descripcion": "Capacidad de 21 hm³ y 10 hm³ embalsados según el parte de 2026-08-04 del Boletín Hidrológico. Demarcación: Miño - Sil.",
        "estado_registro": "vigente",
        "verif": "confirmado",
        "geo_precision": "paraje",
        "geo_fuente": "«Encoro de Vilasouto» en el Nomenclátor Geográfico Básico de España",
        "geo_fuente__v": "confirmado",
        "geo_fuente__f": "f2",
        "fecha_alta": "2026-08-07",
        "fecha_verificacion": "2026-08-07",
        "demarcacion": "Miño - Sil",
        "capacidad_hm3": 21.0,
        "capacidad_hm3__v": "confirmado",
        "capacidad_hm3__f": "f1",
        "agua_actual_hm3": 10.0,
        "agua_actual_hm3__v": "confirmado",
        "agua_actual_hm3__f": "f1",
        "fecha_dato": "2026-08-04",
        "hidroelectrico": false,
        "claves": [],
        "fuentes": [
          {
            "id": "f1",
            "tipo": "primaria",
            "titulo": "Boletín Hidrológico Semanal — histórico de embalses 1988-2026 (Dirección General del Agua, Ministerio para la Transición Ecológica y el Reto Demográfico)",
            "url": "https://www.miteco.gob.es/content/dam/miteco/es/agua/temas/evaluacion-de-los-recursos-hidricos/boletin-hidrologico/Historico-de-embalses/BD-Embalses.zip",
            "fecha": "2026-08-04",
            "archivo": "fuentes/2026-08-07_miteco_bd-embalses-boletin-hidrologico-1988-2026.zip"
          },
          {
            "id": "f2",
            "tipo": "primaria",
            "titulo": "Nomenclátor Geográfico Básico de España — Instituto Geográfico Nacional",
            "url": "https://api-features.ign.es/collections/namedplace/items",
            "fecha": "2026-08-07",
            "archivo": "fuentes/2026-08-07_ign_ngbe-toponimos-embalses.json"
          }
        ]
      }
    },
    {
      "type": "Feature",
      "id": "agua-embalsada:alfonsoxiii-segura",
      "geometry": {
        "type": "Point",
        "coordinates": [
          -1.59961,
          38.22308
        ]
      },
      "properties": {
        "slug": "alfonsoxiii-segura",
        "nombre": "Embalse de Alfonso XIII",
        "categoria": "embalse",
        "descripcion": "Capacidad de 22 hm³ y 0 hm³ embalsados según el parte de 2026-08-04 del Boletín Hidrológico. Demarcación: Segura.",
        "estado_registro": "vigente",
        "verif": "confirmado",
        "geo_precision": "paraje",
        "geo_fuente": "«Embalse Alfonso XIII» en el Nomenclátor Geográfico Básico de España",
        "geo_fuente__v": "confirmado",
        "geo_fuente__f": "f2",
        "fecha_alta": "2026-08-07",
        "fecha_verificacion": "2026-08-07",
        "demarcacion": "Segura",
        "capacidad_hm3": 22.0,
        "capacidad_hm3__v": "confirmado",
        "capacidad_hm3__f": "f1",
        "agua_actual_hm3": 0.0,
        "agua_actual_hm3__v": "confirmado",
        "agua_actual_hm3__f": "f1",
        "fecha_dato": "2026-08-04",
        "hidroelectrico": false,
        "claves": [],
        "fuentes": [
          {
            "id": "f1",
            "tipo": "primaria",
            "titulo": "Boletín Hidrológico Semanal — histórico de embalses 1988-2026 (Dirección General del Agua, Ministerio para la Transición Ecológica y el Reto Demográfico)",
            "url": "https://www.miteco.gob.es/content/dam/miteco/es/agua/temas/evaluacion-de-los-recursos-hidricos/boletin-hidrologico/Historico-de-embalses/BD-Embalses.zip",
            "fecha": "2026-08-04",
            "archivo": "fuentes/2026-08-07_miteco_bd-embalses-boletin-hidrologico-1988-2026.zip"
          },
          {
            "id": "f2",
            "tipo": "primaria",
            "titulo": "Nomenclátor Geográfico Básico de España — Instituto Geográfico Nacional",
            "url": "https://api-features.ign.es/collections/namedplace/items",
            "fecha": "2026-08-07",
            "archivo": "fuentes/2026-08-07_ign_ngbe-toponimos-embalses.json"
          }
        ]
      }
    },
    {
      "type": "Feature",
      "id": "agua-embalsada:algeciras-segura",
      "geometry": {
        "type": "Point",
        "coordinates": [
          -1.38599,
          37.88733
        ]
      },
      "properties": {
        "slug": "algeciras-segura",
        "nombre": "Embalse de Algeciras",
        "categoria": "embalse",
        "descripcion": "Capacidad de 45 hm³ y 15 hm³ embalsados según el parte de 2026-08-04 del Boletín Hidrológico. Demarcación: Segura.",
        "estado_registro": "vigente",
        "verif": "confirmado",
        "geo_precision": "paraje",
        "geo_fuente": "«Embalse de la Rambla de Algeciras» en el Nomenclátor Geográfico Básico de España",
        "geo_fuente__v": "confirmado",
        "geo_fuente__f": "f2",
        "fecha_alta": "2026-08-07",
        "fecha_verificacion": "2026-08-07",
        "demarcacion": "Segura",
        "capacidad_hm3": 45.0,
        "capacidad_hm3__v": "confirmado",
        "capacidad_hm3__f": "f1",
        "agua_actual_hm3": 15.0,
        "agua_actual_hm3__v": "confirmado",
        "agua_actual_hm3__f": "f1",
        "fecha_dato": "2026-08-04",
        "hidroelectrico": false,
        "claves": [],
        "fuentes": [
          {
            "id": "f1",
            "tipo": "primaria",
            "titulo": "Boletín Hidrológico Semanal — histórico de embalses 1988-2026 (Dirección General del Agua, Ministerio para la Transición Ecológica y el Reto Demográfico)",
            "url": "https://www.miteco.gob.es/content/dam/miteco/es/agua/temas/evaluacion-de-los-recursos-hidricos/boletin-hidrologico/Historico-de-embalses/BD-Embalses.zip",
            "fecha": "2026-08-04",
            "archivo": "fuentes/2026-08-07_miteco_bd-embalses-boletin-hidrologico-1988-2026.zip"
          },
          {
            "id": "f2",
            "tipo": "primaria",
            "titulo": "Nomenclátor Geográfico Básico de España — Instituto Geográfico Nacional",
            "url": "https://api-features.ign.es/collections/namedplace/items",
            "fecha": "2026-08-07",
            "archivo": "fuentes/2026-08-07_ign_ngbe-toponimos-embalses.json"
          }
        ]
      }
    },
    {
      "type": "Feature",
      "id": "agua-embalsada:anchuricas-segura",
      "geometry": {
        "type": "Point",
        "coordinates": [
          -2.53168,
          38.20453
        ]
      },
      "properties": {
        "slug": "anchuricas-segura",
        "nombre": "Embalse de Anchuricas",
        "categoria": "embalse",
        "descripcion": "Capacidad de 6 hm³ y 6 hm³ embalsados según el parte de 2026-08-04 del Boletín Hidrológico. Demarcación: Segura.",
        "estado_registro": "vigente",
        "verif": "confirmado",
        "geo_precision": "paraje",
        "geo_fuente": "«Embalse de Anchuricas-Miller» en el Nomenclátor Geográfico Básico de España",
        "geo_fuente__v": "confirmado",
        "geo_fuente__f": "f2",
        "fecha_alta": "2026-08-07",
        "fecha_verificacion": "2026-08-07",
        "demarcacion": "Segura",
        "capacidad_hm3": 6.0,
        "capacidad_hm3__v": "confirmado",
        "capacidad_hm3__f": "f1",
        "agua_actual_hm3": 6.0,
        "agua_actual_hm3__v": "confirmado",
        "agua_actual_hm3__f": "f1",
        "fecha_dato": "2026-08-04",
        "hidroelectrico": true,
        "claves": [],
        "fuentes": [
          {
            "id": "f1",
            "tipo": "primaria",
            "titulo": "Boletín Hidrológico Semanal — histórico de embalses 1988-2026 (Dirección General del Agua, Ministerio para la Transición Ecológica y el Reto Demográfico)",
            "url": "https://www.miteco.gob.es/content/dam/miteco/es/agua/temas/evaluacion-de-los-recursos-hidricos/boletin-hidrologico/Historico-de-embalses/BD-Embalses.zip",
            "fecha": "2026-08-04",
            "archivo": "fuentes/2026-08-07_miteco_bd-embalses-boletin-hidrologico-1988-2026.zip"
          },
          {
            "id": "f2",
            "tipo": "primaria",
            "titulo": "Nomenclátor Geográfico Básico de España — Instituto Geográfico Nacional",
            "url": "https://api-features.ign.es/collections/namedplace/items",
            "fecha": "2026-08-07",
            "archivo": "fuentes/2026-08-07_ign_ngbe-toponimos-embalses.json"
          }
        ]
      }
    },
    {
      "type": "Feature",
      "id": "agua-embalsada:argos-segura",
      "geometry": {
        "type": "Point",
        "coordinates": [
          -1.74701,
          38.16211
        ]
      },
      "properties": {
        "slug": "argos-segura",
        "nombre": "Embalse de Argos",
        "categoria": "embalse",
        "descripcion": "Capacidad de 10 hm³ y 6 hm³ embalsados según el parte de 2026-08-04 del Boletín Hidrológico. Demarcación: Segura.",
        "estado_registro": "vigente",
        "verif": "confirmado",
        "geo_precision": "paraje",
        "geo_fuente": "«Embalse de Argos» en el Nomenclátor Geográfico Básico de España",
        "geo_fuente__v": "confirmado",
        "geo_fuente__f": "f2",
        "fecha_alta": "2026-08-07",
        "fecha_verificacion": "2026-08-07",
        "demarcacion": "Segura",
        "capacidad_hm3": 10.0,
        "capacidad_hm3__v": "confirmado",
        "capacidad_hm3__f": "f1",
        "agua_actual_hm3": 6.0,
        "agua_actual_hm3__v": "confirmado",
        "agua_actual_hm3__f": "f1",
        "fecha_dato": "2026-08-04",
        "hidroelectrico": false,
        "claves": [],
        "fuentes": [
          {
            "id": "f1",
            "tipo": "primaria",
            "titulo": "Boletín Hidrológico Semanal — histórico de embalses 1988-2026 (Dirección General del Agua, Ministerio para la Transición Ecológica y el Reto Demográfico)",
            "url": "https://www.miteco.gob.es/content/dam/miteco/es/agua/temas/evaluacion-de-los-recursos-hidricos/boletin-hidrologico/Historico-de-embalses/BD-Embalses.zip",
            "fecha": "2026-08-04",
            "archivo": "fuentes/2026-08-07_miteco_bd-embalses-boletin-hidrologico-1988-2026.zip"
          },
          {
            "id": "f2",
            "tipo": "primaria",
            "titulo": "Nomenclátor Geográfico Básico de España — Instituto Geográfico Nacional",
            "url": "https://api-features.ign.es/collections/namedplace/items",
            "fecha": "2026-08-07",
            "archivo": "fuentes/2026-08-07_ign_ngbe-toponimos-embalses.json"
          }
        ]
      }
    },
    {
      "type": "Feature",
      "id": "agua-embalsada:camarillas-segura",
      "geometry": {
        "type": "Point",
        "coordinates": [
          -1.6488,
          38.34009
        ]
      },
      "properties": {
        "slug": "camarillas-segura",
        "nombre": "Embalse de Camarillas",
        "categoria": "embalse",
        "descripcion": "Capacidad de 36 hm³ y 12 hm³ embalsados según el parte de 2026-08-04 del Boletín Hidrológico. Demarcación: Segura.",
        "estado_registro": "vigente",
        "verif": "confirmado",
        "geo_precision": "paraje",
        "geo_fuente": "«Embalse de Camarillas» en el Nomenclátor Geográfico Básico de España",
        "geo_fuente__v": "confirmado",
        "geo_fuente__f": "f2",
        "fecha_alta": "2026-08-07",
        "fecha_verificacion": "2026-08-07",
        "demarcacion": "Segura",
        "capacidad_hm3": 36.0,
        "capacidad_hm3__v": "confirmado",
        "capacidad_hm3__f": "f1",
        "agua_actual_hm3": 12.0,
        "agua_actual_hm3__v": "confirmado",
        "agua_actual_hm3__f": "f1",
        "fecha_dato": "2026-08-04",
        "hidroelectrico": false,
        "claves": [],
        "fuentes": [
          {
            "id": "f1",
            "tipo": "primaria",
            "titulo": "Boletín Hidrológico Semanal — histórico de embalses 1988-2026 (Dirección General del Agua, Ministerio para la Transición Ecológica y el Reto Demográfico)",
            "url": "https://www.miteco.gob.es/content/dam/miteco/es/agua/temas/evaluacion-de-los-recursos-hidricos/boletin-hidrologico/Historico-de-embalses/BD-Embalses.zip",
            "fecha": "2026-08-04",
            "archivo": "fuentes/2026-08-07_miteco_bd-embalses-boletin-hidrologico-1988-2026.zip"
          },
          {
            "id": "f2",
            "tipo": "primaria",
            "titulo": "Nomenclátor Geográfico Básico de España — Instituto Geográfico Nacional",
            "url": "https://api-features.ign.es/collections/namedplace/items",
            "fecha": "2026-08-07",
            "archivo": "fuentes/2026-08-07_ign_ngbe-toponimos-embalses.json"
          }
        ]
      }
    },
    {
      "type": "Feature",
      "id": "agua-embalsada:cenajo-segura",
      "geometry": {
        "type": "Point",
        "coordinates": [
          -1.77588,
          38.36548
        ]
      },
      "properties": {
        "slug": "cenajo-segura",
        "nombre": "Embalse de Cenajo",
        "categoria": "embalse",
        "descripcion": "Capacidad de 437 hm³ y 276 hm³ embalsados según el parte de 2026-08-04 del Boletín Hidrológico. Demarcación: Segura.",
        "estado_registro": "vigente",
        "verif": "confirmado",
        "geo_precision": "paraje",
        "geo_fuente": "«Embalse del Cenajo» en el Nomenclátor Geográfico Básico de España",
        "geo_fuente__v": "confirmado",
        "geo_fuente__f": "f2",
        "fecha_alta": "2026-08-07",
        "fecha_verificacion": "2026-08-07",
        "demarcacion": "Segura",
        "capacidad_hm3": 437.0,
        "capacidad_hm3__v": "confirmado",
        "capacidad_hm3__f": "f1",
        "agua_actual_hm3": 276.0,
        "agua_actual_hm3__v": "confirmado",
        "agua_actual_hm3__f": "f1",
        "fecha_dato": "2026-08-04",
        "hidroelectrico": false,
        "claves": [],
        "fuentes": [
          {
            "id": "f1",
            "tipo": "primaria",
            "titulo": "Boletín Hidrológico Semanal — histórico de embalses 1988-2026 (Dirección General del Agua, Ministerio para la Transición Ecológica y el Reto Demográfico)",
            "url": "https://www.miteco.gob.es/content/dam/miteco/es/agua/temas/evaluacion-de-los-recursos-hidricos/boletin-hidrologico/Historico-de-embalses/BD-Embalses.zip",
            "fecha": "2026-08-04",
            "archivo": "fuentes/2026-08-07_miteco_bd-embalses-boletin-hidrologico-1988-2026.zip"
          },
          {
            "id": "f2",
            "tipo": "primaria",
            "titulo": "Nomenclátor Geográfico Básico de España — Instituto Geográfico Nacional",
            "url": "https://api-features.ign.es/collections/namedplace/items",
            "fecha": "2026-08-07",
            "archivo": "fuentes/2026-08-07_ign_ngbe-toponimos-embalses.json"
          }
        ]
      }
    },
    {
      "type": "Feature",
      "id": "agua-embalsada:ciervala-segura",
      "geometry": {
        "type": "Point",
        "coordinates": [
          -1.4884,
          38.06012
        ]
      },
      "properties": {
        "slug": "ciervala-segura",
        "nombre": "Embalse de Cierva, La",
        "categoria": "embalse",
        "descripcion": "Capacidad de 7 hm³ y 5 hm³ embalsados según el parte de 2026-08-04 del Boletín Hidrológico. Demarcación: Segura.",
        "estado_registro": "vigente",
        "verif": "confirmado",
        "geo_precision": "paraje",
        "geo_fuente": "«Embalse de la Cierva» en el Nomenclátor Geográfico Básico de España",
        "geo_fuente__v": "confirmado",
        "geo_fuente__f": "f2",
        "fecha_alta": "2026-08-07",
        "fecha_verificacion": "2026-08-07",
        "demarcacion": "Segura",
        "capacidad_hm3": 7.0,
        "capacidad_hm3__v": "confirmado",
        "capacidad_hm3__f": "f1",
        "agua_actual_hm3": 5.0,
        "agua_actual_hm3__v": "confirmado",
        "agua_actual_hm3__f": "f1",
        "fecha_dato": "2026-08-04",
        "hidroelectrico": false,
        "claves": [],
        "fuentes": [
          {
            "id": "f1",
            "tipo": "primaria",
            "titulo": "Boletín Hidrológico Semanal — histórico de embalses 1988-2026 (Dirección General del Agua, Ministerio para la Transición Ecológica y el Reto Demográfico)",
            "url": "https://www.miteco.gob.es/content/dam/miteco/es/agua/temas/evaluacion-de-los-recursos-hidricos/boletin-hidrologico/Historico-de-embalses/BD-Embalses.zip",
            "fecha": "2026-08-04",
            "archivo": "fuentes/2026-08-07_miteco_bd-embalses-boletin-hidrologico-1988-2026.zip"
          },
          {
            "id": "f2",
            "tipo": "primaria",
            "titulo": "Nomenclátor Geográfico Básico de España — Instituto Geográfico Nacional",
            "url": "https://api-features.ign.es/collections/namedplace/items",
            "fecha": "2026-08-07",
            "archivo": "fuentes/2026-08-07_ign_ngbe-toponimos-embalses.json"
          }
        ]
      }
    },
    {
      "type": "Feature",
      "id": "agua-embalsada:fuensanta-segura",
      "geometry": {
        "type": "Point",
        "coordinates": [
          -2.21478,
          38.38733
        ]
      },
      "properties": {
        "slug": "fuensanta-segura",
        "nombre": "Embalse de Fuensanta",
        "categoria": "embalse",
        "descripcion": "Capacidad de 210 hm³ y 161 hm³ embalsados según el parte de 2026-08-04 del Boletín Hidrológico. Demarcación: Segura.",
        "estado_registro": "vigente",
        "verif": "confirmado",
        "geo_precision": "paraje",
        "geo_fuente": "«Embalse de la Fuensanta» en el Nomenclátor Geográfico Básico de España",
        "geo_fuente__v": "confirmado",
        "geo_fuente__f": "f2",
        "fecha_alta": "2026-08-07",
        "fecha_verificacion": "2026-08-07",
        "demarcacion": "Segura",
        "capacidad_hm3": 210.0,
        "capacidad_hm3__v": "confirmado",
        "capacidad_hm3__f": "f1",
        "agua_actual_hm3": 161.0,
        "agua_actual_hm3__v": "confirmado",
        "agua_actual_hm3__f": "f1",
        "fecha_dato": "2026-08-04",
        "hidroelectrico": false,
        "claves": [],
        "fuentes": [
          {
            "id": "f1",
            "tipo": "primaria",
            "titulo": "Boletín Hidrológico Semanal — histórico de embalses 1988-2026 (Dirección General del Agua, Ministerio para la Transición Ecológica y el Reto Demográfico)",
            "url": "https://www.miteco.gob.es/content/dam/miteco/es/agua/temas/evaluacion-de-los-recursos-hidricos/boletin-hidrologico/Historico-de-embalses/BD-Embalses.zip",
            "fecha": "2026-08-04",
            "archivo": "fuentes/2026-08-07_miteco_bd-embalses-boletin-hidrologico-1988-2026.zip"
          },
          {
            "id": "f2",
            "tipo": "primaria",
            "titulo": "Nomenclátor Geográfico Básico de España — Instituto Geográfico Nacional",
            "url": "https://api-features.ign.es/collections/namedplace/items",
            "fecha": "2026-08-07",
            "archivo": "fuentes/2026-08-07_ign_ngbe-toponimos-embalses.json"
          }
        ]
      }
    },
    {
      "type": "Feature",
      "id": "agua-embalsada:lapedrera-segura",
      "geometry": {
        "type": "Point",
        "coordinates": [
          -0.87561,
          38.03247
        ]
      },
      "properties": {
        "slug": "lapedrera-segura",
        "nombre": "Embalse de La Pedrera",
        "categoria": "embalse",
        "descripcion": "Capacidad de 246 hm³ y 107 hm³ embalsados según el parte de 2026-08-04 del Boletín Hidrológico. Demarcación: Segura.",
        "estado_registro": "vigente",
        "verif": "confirmado",
        "geo_precision": "paraje",
        "geo_fuente": "«Embalse de la Pedrera» en el Nomenclátor Geográfico Básico de España",
        "geo_fuente__v": "confirmado",
        "geo_fuente__f": "f2",
        "fecha_alta": "2026-08-07",
        "fecha_verificacion": "2026-08-07",
        "demarcacion": "Segura",
        "capacidad_hm3": 246.0,
        "capacidad_hm3__v": "confirmado",
        "capacidad_hm3__f": "f1",
        "agua_actual_hm3": 107.0,
        "agua_actual_hm3__v": "confirmado",
        "agua_actual_hm3__f": "f1",
        "fecha_dato": "2026-08-04",
        "hidroelectrico": false,
        "claves": [],
        "fuentes": [
          {
            "id": "f1",
            "tipo": "primaria",
            "titulo": "Boletín Hidrológico Semanal — histórico de embalses 1988-2026 (Dirección General del Agua, Ministerio para la Transición Ecológica y el Reto Demográfico)",
            "url": "https://www.miteco.gob.es/content/dam/miteco/es/agua/temas/evaluacion-de-los-recursos-hidricos/boletin-hidrologico/Historico-de-embalses/BD-Embalses.zip",
            "fecha": "2026-08-04",
            "archivo": "fuentes/2026-08-07_miteco_bd-embalses-boletin-hidrologico-1988-2026.zip"
          },
          {
            "id": "f2",
            "tipo": "primaria",
            "titulo": "Nomenclátor Geográfico Básico de España — Instituto Geográfico Nacional",
            "url": "https://api-features.ign.es/collections/namedplace/items",
            "fecha": "2026-08-07",
            "archivo": "fuentes/2026-08-07_ign_ngbe-toponimos-embalses.json"
          }
        ]
      }
    },
    {
      "type": "Feature",
      "id": "agua-embalsada:puentes-segura",
      "geometry": {
        "type": "Point",
        "coordinates": [
          -1.8183,
          37.7345
        ]
      },
      "properties": {
        "slug": "puentes-segura",
        "nombre": "Embalse de Puentes",
        "categoria": "embalse",
        "descripcion": "Capacidad de 26 hm³ y 12 hm³ embalsados según el parte de 2026-08-04 del Boletín Hidrológico. Demarcación: Segura.",
        "estado_registro": "vigente",
        "verif": "confirmado",
        "geo_precision": "paraje",
        "geo_fuente": "«Embalse de Puentes» en el Nomenclátor Geográfico Básico de España",
        "geo_fuente__v": "confirmado",
        "geo_fuente__f": "f2",
        "fecha_alta": "2026-08-07",
        "fecha_verificacion": "2026-08-07",
        "demarcacion": "Segura",
        "capacidad_hm3": 26.0,
        "capacidad_hm3__v": "confirmado",
        "capacidad_hm3__f": "f1",
        "agua_actual_hm3": 12.0,
        "agua_actual_hm3__v": "confirmado",
        "agua_actual_hm3__f": "f1",
        "fecha_dato": "2026-08-04",
        "hidroelectrico": false,
        "claves": [],
        "fuentes": [
          {
            "id": "f1",
            "tipo": "primaria",
            "titulo": "Boletín Hidrológico Semanal — histórico de embalses 1988-2026 (Dirección General del Agua, Ministerio para la Transición Ecológica y el Reto Demográfico)",
            "url": "https://www.miteco.gob.es/content/dam/miteco/es/agua/temas/evaluacion-de-los-recursos-hidricos/boletin-hidrologico/Historico-de-embalses/BD-Embalses.zip",
            "fecha": "2026-08-04",
            "archivo": "fuentes/2026-08-07_miteco_bd-embalses-boletin-hidrologico-1988-2026.zip"
          },
          {
            "id": "f2",
            "tipo": "primaria",
            "titulo": "Nomenclátor Geográfico Básico de España — Instituto Geográfico Nacional",
            "url": "https://api-features.ign.es/collections/namedplace/items",
            "fecha": "2026-08-07",
            "archivo": "fuentes/2026-08-07_ign_ngbe-toponimos-embalses.json"
          }
        ]
      }
    },
    {
      "type": "Feature",
      "id": "agua-embalsada:santomera-segura",
      "geometry": {
        "type": "Point",
        "coordinates": [
          -1.08862,
          38.09528
        ]
      },
      "properties": {
        "slug": "santomera-segura",
        "nombre": "Embalse de Santomera",
        "categoria": "embalse",
        "descripcion": "Capacidad de 26 hm³ y 3 hm³ embalsados según el parte de 2026-08-04 del Boletín Hidrológico. Demarcación: Segura.",
        "estado_registro": "vigente",
        "verif": "confirmado",
        "geo_precision": "paraje",
        "geo_fuente": "«Embalse de Santomera» en el Nomenclátor Geográfico Básico de España",
        "geo_fuente__v": "confirmado",
        "geo_fuente__f": "f2",
        "fecha_alta": "2026-08-07",
        "fecha_verificacion": "2026-08-07",
        "demarcacion": "Segura",
        "capacidad_hm3": 26.0,
        "capacidad_hm3__v": "confirmado",
        "capacidad_hm3__f": "f1",
        "agua_actual_hm3": 3.0,
        "agua_actual_hm3__v": "confirmado",
        "agua_actual_hm3__f": "f1",
        "fecha_dato": "2026-08-04",
        "hidroelectrico": false,
        "claves": [],
        "fuentes": [
          {
            "id": "f1",
            "tipo": "primaria",
            "titulo": "Boletín Hidrológico Semanal — histórico de embalses 1988-2026 (Dirección General del Agua, Ministerio para la Transición Ecológica y el Reto Demográfico)",
            "url": "https://www.miteco.gob.es/content/dam/miteco/es/agua/temas/evaluacion-de-los-recursos-hidricos/boletin-hidrologico/Historico-de-embalses/BD-Embalses.zip",
            "fecha": "2026-08-04",
            "archivo": "fuentes/2026-08-07_miteco_bd-embalses-boletin-hidrologico-1988-2026.zip"
          },
          {
            "id": "f2",
            "tipo": "primaria",
            "titulo": "Nomenclátor Geográfico Básico de España — Instituto Geográfico Nacional",
            "url": "https://api-features.ign.es/collections/namedplace/items",
            "fecha": "2026-08-07",
            "archivo": "fuentes/2026-08-07_ign_ngbe-toponimos-embalses.json"
          }
        ]
      }
    },
    {
      "type": "Feature",
      "id": "agua-embalsada:talave-segura",
      "geometry": {
        "type": "Point",
        "coordinates": [
          -1.86438,
          38.50873
        ]
      },
      "properties": {
        "slug": "talave-segura",
        "nombre": "Embalse de Talave",
        "categoria": "embalse",
        "descripcion": "Capacidad de 35 hm³ y 13 hm³ embalsados según el parte de 2026-08-04 del Boletín Hidrológico. Demarcación: Segura.",
        "estado_registro": "vigente",
        "verif": "confirmado",
        "geo_precision": "paraje",
        "geo_fuente": "«Embalse de Talave» en el Nomenclátor Geográfico Básico de España",
        "geo_fuente__v": "confirmado",
        "geo_fuente__f": "f2",
        "fecha_alta": "2026-08-07",
        "fecha_verificacion": "2026-08-07",
        "demarcacion": "Segura",
        "capacidad_hm3": 35.0,
        "capacidad_hm3__v": "confirmado",
        "capacidad_hm3__f": "f1",
        "agua_actual_hm3": 13.0,
        "agua_actual_hm3__v": "confirmado",
        "agua_actual_hm3__f": "f1",
        "fecha_dato": "2026-08-04",
        "hidroelectrico": false,
        "claves": [],
        "fuentes": [
          {
            "id": "f1",
            "tipo": "primaria",
            "titulo": "Boletín Hidrológico Semanal — histórico de embalses 1988-2026 (Dirección General del Agua, Ministerio para la Transición Ecológica y el Reto Demográfico)",
            "url": "https://www.miteco.gob.es/content/dam/miteco/es/agua/temas/evaluacion-de-los-recursos-hidricos/boletin-hidrologico/Historico-de-embalses/BD-Embalses.zip",
            "fecha": "2026-08-04",
            "archivo": "fuentes/2026-08-07_miteco_bd-embalses-boletin-hidrologico-1988-2026.zip"
          },
          {
            "id": "f2",
            "tipo": "primaria",
            "titulo": "Nomenclátor Geográfico Básico de España — Instituto Geográfico Nacional",
            "url": "https://api-features.ign.es/collections/namedplace/items",
            "fecha": "2026-08-07",
            "archivo": "fuentes/2026-08-07_ign_ngbe-toponimos-embalses.json"
          }
        ]
      }
    },
    {
      "type": "Feature",
      "id": "agua-embalsada:valdeinfierno-segura",
      "geometry": {
        "type": "Point",
        "coordinates": [
          -1.96472,
          37.80548
        ]
      },
      "properties": {
        "slug": "valdeinfierno-segura",
        "nombre": "Embalse de Valdeinfierno",
        "categoria": "embalse",
        "descripcion": "Capacidad de 12 hm³ y 0 hm³ embalsados según el parte de 2026-08-04 del Boletín Hidrológico. Demarcación: Segura.",
        "estado_registro": "vigente",
        "verif": "confirmado",
        "geo_precision": "paraje",
        "geo_fuente": "«Embalse de Valdeinfierno» en el Nomenclátor Geográfico Básico de España",
        "geo_fuente__v": "confirmado",
        "geo_fuente__f": "f2",
        "fecha_alta": "2026-08-07",
        "fecha_verificacion": "2026-08-07",
        "demarcacion": "Segura",
        "capacidad_hm3": 12.0,
        "capacidad_hm3__v": "confirmado",
        "capacidad_hm3__f": "f1",
        "agua_actual_hm3": 0.0,
        "agua_actual_hm3__v": "confirmado",
        "agua_actual_hm3__f": "f1",
        "fecha_dato": "2026-08-04",
        "hidroelectrico": false,
        "claves": [],
        "fuentes": [
          {
            "id": "f1",
            "tipo": "primaria",
            "titulo": "Boletín Hidrológico Semanal — histórico de embalses 1988-2026 (Dirección General del Agua, Ministerio para la Transición Ecológica y el Reto Demográfico)",
            "url": "https://www.miteco.gob.es/content/dam/miteco/es/agua/temas/evaluacion-de-los-recursos-hidricos/boletin-hidrologico/Historico-de-embalses/BD-Embalses.zip",
            "fecha": "2026-08-04",
            "archivo": "fuentes/2026-08-07_miteco_bd-embalses-boletin-hidrologico-1988-2026.zip"
          },
          {
            "id": "f2",
            "tipo": "primaria",
            "titulo": "Nomenclátor Geográfico Básico de España — Instituto Geográfico Nacional",
            "url": "https://api-features.ign.es/collections/namedplace/items",
            "fecha": "2026-08-07",
            "archivo": "fuentes/2026-08-07_ign_ngbe-toponimos-embalses.json"
          }
        ]
      }
    },
    {
      "type": "Feature",
      "id": "agua-embalsada:acena-tajo",
      "geometry": {
        "type": "Point",
        "coordinates": [
          -4.22192,
          40.61292
        ]
      },
      "properties": {
        "slug": "acena-tajo",
        "nombre": "Embalse de Aceña",
        "categoria": "embalse",
        "descripcion": "Capacidad de 24 hm³ y 18 hm³ embalsados según el parte de 2026-08-04 del Boletín Hidrológico. Demarcación: Tajo.",
        "estado_registro": "vigente",
        "verif": "confirmado",
        "geo_precision": "paraje",
        "geo_fuente": "«Embalse de la Aceña» en el Nomenclátor Geográfico Básico de España",
        "geo_fuente__v": "confirmado",
        "geo_fuente__f": "f2",
        "fecha_alta": "2026-08-07",
        "fecha_verificacion": "2026-08-07",
        "demarcacion": "Tajo",
        "capacidad_hm3": 24.0,
        "capacidad_hm3__v": "confirmado",
        "capacidad_hm3__f": "f1",
        "agua_actual_hm3": 18.0,
        "agua_actual_hm3__v": "confirmado",
        "agua_actual_hm3__f": "f1",
        "fecha_dato": "2026-08-04",
        "hidroelectrico": false,
        "claves": [],
        "fuentes": [
          {
            "id": "f1",
            "tipo": "primaria",
            "titulo": "Boletín Hidrológico Semanal — histórico de embalses 1988-2026 (Dirección General del Agua, Ministerio para la Transición Ecológica y el Reto Demográfico)",
            "url": "https://www.miteco.gob.es/content/dam/miteco/es/agua/temas/evaluacion-de-los-recursos-hidricos/boletin-hidrologico/Historico-de-embalses/BD-Embalses.zip",
            "fecha": "2026-08-04",
            "archivo": "fuentes/2026-08-07_miteco_bd-embalses-boletin-hidrologico-1988-2026.zip"
          },
          {
            "id": "f2",
            "tipo": "primaria",
            "titulo": "Nomenclátor Geográfico Básico de España — Instituto Geográfico Nacional",
            "url": "https://api-features.ign.es/collections/namedplace/items",
            "fecha": "2026-08-07",
            "archivo": "fuentes/2026-08-07_ign_ngbe-toponimos-embalses.json"
          }
        ]
      }
    },
    {
      "type": "Feature",
      "id": "agua-embalsada:alcorlo-tajo",
      "geometry": {
        "type": "Point",
        "coordinates": [
          -3.02521,
          41.00873
        ]
      },
      "properties": {
        "slug": "alcorlo-tajo",
        "nombre": "Embalse de Alcorlo",
        "categoria": "embalse",
        "descripcion": "Capacidad de 180 hm³ y 119 hm³ embalsados según el parte de 2026-08-04 del Boletín Hidrológico. Demarcación: Tajo.",
        "estado_registro": "vigente",
        "verif": "confirmado",
        "geo_precision": "paraje",
        "geo_fuente": "«Embalse de Alcorlo» en el Nomenclátor Geográfico Básico de España",
        "geo_fuente__v": "confirmado",
        "geo_fuente__f": "f2",
        "fecha_alta": "2026-08-07",
        "fecha_verificacion": "2026-08-07",
        "demarcacion": "Tajo",
        "capacidad_hm3": 180.0,
        "capacidad_hm3__v": "confirmado",
        "capacidad_hm3__f": "f1",
        "agua_actual_hm3": 119.0,
        "agua_actual_hm3__v": "confirmado",
        "agua_actual_hm3__f": "f1",
        "fecha_dato": "2026-08-04",
        "hidroelectrico": false,
        "claves": [],
        "fuentes": [
          {
            "id": "f1",
            "tipo": "primaria",
            "titulo": "Boletín Hidrológico Semanal — histórico de embalses 1988-2026 (Dirección General del Agua, Ministerio para la Transición Ecológica y el Reto Demográfico)",
            "url": "https://www.miteco.gob.es/content/dam/miteco/es/agua/temas/evaluacion-de-los-recursos-hidricos/boletin-hidrologico/Historico-de-embalses/BD-Embalses.zip",
            "fecha": "2026-08-04",
            "archivo": "fuentes/2026-08-07_miteco_bd-embalses-boletin-hidrologico-1988-2026.zip"
          },
          {
            "id": "f2",
            "tipo": "primaria",
            "titulo": "Nomenclátor Geográfico Básico de España — Instituto Geográfico Nacional",
            "url": "https://api-features.ign.es/collections/namedplace/items",
            "fecha": "2026-08-07",
            "archivo": "fuentes/2026-08-07_ign_ngbe-toponimos-embalses.json"
          }
        ]
      }
    },
    {
      "type": "Feature",
      "id": "agua-embalsada:alcantara-tajo",
      "geometry": {
        "type": "Point",
        "coordinates": [
          -6.8092,
          39.69427
        ]
      },
      "properties": {
        "slug": "alcantara-tajo",
        "nombre": "Embalse de Alcántara",
        "categoria": "embalse",
        "descripcion": "Capacidad de 3.160 hm³ y 2.367 hm³ embalsados según el parte de 2026-08-04 del Boletín Hidrológico. Demarcación: Tajo.",
        "estado_registro": "vigente",
        "verif": "confirmado",
        "geo_precision": "paraje",
        "geo_fuente": "«Embalse de Mata de Alcántara» en el Nomenclátor Geográfico Básico de España",
        "geo_fuente__v": "confirmado",
        "geo_fuente__f": "f2",
        "fecha_alta": "2026-08-07",
        "fecha_verificacion": "2026-08-07",
        "demarcacion": "Tajo",
        "capacidad_hm3": 3160.0,
        "capacidad_hm3__v": "confirmado",
        "capacidad_hm3__f": "f1",
        "agua_actual_hm3": 2367.0,
        "agua_actual_hm3__v": "confirmado",
        "agua_actual_hm3__f": "f1",
        "fecha_dato": "2026-08-04",
        "hidroelectrico": true,
        "claves": [],
        "fuentes": [
          {
            "id": "f1",
            "tipo": "primaria",
            "titulo": "Boletín Hidrológico Semanal — histórico de embalses 1988-2026 (Dirección General del Agua, Ministerio para la Transición Ecológica y el Reto Demográfico)",
            "url": "https://www.miteco.gob.es/content/dam/miteco/es/agua/temas/evaluacion-de-los-recursos-hidricos/boletin-hidrologico/Historico-de-embalses/BD-Embalses.zip",
            "fecha": "2026-08-04",
            "archivo": "fuentes/2026-08-07_miteco_bd-embalses-boletin-hidrologico-1988-2026.zip"
          },
          {
            "id": "f2",
            "tipo": "primaria",
            "titulo": "Nomenclátor Geográfico Básico de España — Instituto Geográfico Nacional",
            "url": "https://api-features.ign.es/collections/namedplace/items",
            "fecha": "2026-08-07",
            "archivo": "fuentes/2026-08-07_ign_ngbe-toponimos-embalses.json"
          }
        ]
      }
    },
    {
      "type": "Feature",
      "id": "agua-embalsada:almoguera-tajo",
      "geometry": {
        "type": "Point",
        "coordinates": [
          -2.95813,
          40.27429
        ]
      },
      "properties": {
        "slug": "almoguera-tajo",
        "nombre": "Embalse de Almoguera",
        "categoria": "embalse",
        "descripcion": "Capacidad de 7 hm³ y 6 hm³ embalsados según el parte de 2026-08-04 del Boletín Hidrológico. Demarcación: Tajo.",
        "estado_registro": "vigente",
        "verif": "confirmado",
        "geo_precision": "paraje",
        "geo_fuente": "«Embalse de Almoguera» en el Nomenclátor Geográfico Básico de España",
        "geo_fuente__v": "confirmado",
        "geo_fuente__f": "f2",
        "fecha_alta": "2026-08-07",
        "fecha_verificacion": "2026-08-07",
        "demarcacion": "Tajo",
        "capacidad_hm3": 7.0,
        "capacidad_hm3__v": "confirmado",
        "capacidad_hm3__f": "f1",
        "agua_actual_hm3": 6.0,
        "agua_actual_hm3__v": "confirmado",
        "agua_actual_hm3__f": "f1",
        "fecha_dato": "2026-08-04",
        "hidroelectrico": true,
        "claves": [],
        "fuentes": [
          {
            "id": "f1",
            "tipo": "primaria",
            "titulo": "Boletín Hidrológico Semanal — histórico de embalses 1988-2026 (Dirección General del Agua, Ministerio para la Transición Ecológica y el Reto Demográfico)",
            "url": "https://www.miteco.gob.es/content/dam/miteco/es/agua/temas/evaluacion-de-los-recursos-hidricos/boletin-hidrologico/Historico-de-embalses/BD-Embalses.zip",
            "fecha": "2026-08-04",
            "archivo": "fuentes/2026-08-07_miteco_bd-embalses-boletin-hidrologico-1988-2026.zip"
          },
          {
            "id": "f2",
            "tipo": "primaria",
            "titulo": "Nomenclátor Geográfico Básico de España — Instituto Geográfico Nacional",
            "url": "https://api-features.ign.es/collections/namedplace/items",
            "fecha": "2026-08-07",
            "archivo": "fuentes/2026-08-07_ign_ngbe-toponimos-embalses.json"
          }
        ]
      }
    },
    {
      "type": "Feature",
      "id": "agua-embalsada:atanceel-tajo",
      "geometry": {
        "type": "Point",
        "coordinates": [
          -2.7851,
          41.0755
        ]
      },
      "properties": {
        "slug": "atanceel-tajo",
        "nombre": "Embalse de Atance, El",
        "categoria": "embalse",
        "descripcion": "Capacidad de 35 hm³ y 19 hm³ embalsados según el parte de 2026-08-04 del Boletín Hidrológico. Demarcación: Tajo.",
        "estado_registro": "vigente",
        "verif": "confirmado",
        "geo_precision": "paraje",
        "geo_fuente": "«Embalse del Atance» en el Nomenclátor Geográfico Básico de España",
        "geo_fuente__v": "confirmado",
        "geo_fuente__f": "f2",
        "fecha_alta": "2026-08-07",
        "fecha_verificacion": "2026-08-07",
        "demarcacion": "Tajo",
        "capacidad_hm3": 35.0,
        "capacidad_hm3__v": "confirmado",
        "capacidad_hm3__f": "f1",
        "agua_actual_hm3": 19.0,
        "agua_actual_hm3__v": "confirmado",
        "agua_actual_hm3__f": "f1",
        "fecha_dato": "2026-08-04",
        "hidroelectrico": false,
        "claves": [],
        "fuentes": [
          {
            "id": "f1",
            "tipo": "primaria",
            "titulo": "Boletín Hidrológico Semanal — histórico de embalses 1988-2026 (Dirección General del Agua, Ministerio para la Transición Ecológica y el Reto Demográfico)",
            "url": "https://www.miteco.gob.es/content/dam/miteco/es/agua/temas/evaluacion-de-los-recursos-hidricos/boletin-hidrologico/Historico-de-embalses/BD-Embalses.zip",
            "fecha": "2026-08-04",
            "archivo": "fuentes/2026-08-07_miteco_bd-embalses-boletin-hidrologico-1988-2026.zip"
          },
          {
            "id": "f2",
            "tipo": "primaria",
            "titulo": "Nomenclátor Geográfico Básico de España — Instituto Geográfico Nacional",
            "url": "https://api-features.ign.es/collections/namedplace/items",
            "fecha": "2026-08-07",
            "archivo": "fuentes/2026-08-07_ign_ngbe-toponimos-embalses.json"
          }
        ]
      }
    },
    {
      "type": "Feature",
      "id": "agua-embalsada:atazarel-tajo",
      "geometry": {
        "type": "Point",
        "coordinates": [
          -3.47351,
          40.91211
        ]
      },
      "properties": {
        "slug": "atazarel-tajo",
        "nombre": "Embalse de Atazar, El",
        "categoria": "embalse",
        "descripcion": "Capacidad de 426 hm³ y 319 hm³ embalsados según el parte de 2026-08-04 del Boletín Hidrológico. Demarcación: Tajo.",
        "estado_registro": "vigente",
        "verif": "confirmado",
        "geo_precision": "paraje",
        "geo_fuente": "«Embalse del Atazar» en el Nomenclátor Geográfico Básico de España",
        "geo_fuente__v": "confirmado",
        "geo_fuente__f": "f2",
        "fecha_alta": "2026-08-07",
        "fecha_verificacion": "2026-08-07",
        "demarcacion": "Tajo",
        "capacidad_hm3": 426.0,
        "capacidad_hm3__v": "confirmado",
        "capacidad_hm3__f": "f1",
        "agua_actual_hm3": 319.0,
        "agua_actual_hm3__v": "confirmado",
        "agua_actual_hm3__f": "f1",
        "fecha_dato": "2026-08-04",
        "hidroelectrico": false,
        "claves": [],
        "fuentes": [
          {
            "id": "f1",
            "tipo": "primaria",
            "titulo": "Boletín Hidrológico Semanal — histórico de embalses 1988-2026 (Dirección General del Agua, Ministerio para la Transición Ecológica y el Reto Demográfico)",
            "url": "https://www.miteco.gob.es/content/dam/miteco/es/agua/temas/evaluacion-de-los-recursos-hidricos/boletin-hidrologico/Historico-de-embalses/BD-Embalses.zip",
            "fecha": "2026-08-04",
            "archivo": "fuentes/2026-08-07_miteco_bd-embalses-boletin-hidrologico-1988-2026.zip"
          },
          {
            "id": "f2",
            "tipo": "primaria",
            "titulo": "Nomenclátor Geográfico Básico de España — Instituto Geográfico Nacional",
            "url": "https://api-features.ign.es/collections/namedplace/items",
            "fecha": "2026-08-07",
            "archivo": "fuentes/2026-08-07_ign_ngbe-toponimos-embalses.json"
          }
        ]
      }
    },
    {
      "type": "Feature",
      "id": "agua-embalsada:banos-tajo",
      "geometry": {
        "type": "Point",
        "coordinates": [
          -5.89349,
          40.28271
        ]
      },
      "properties": {
        "slug": "banos-tajo",
        "nombre": "Embalse de Baños",
        "categoria": "embalse",
        "descripcion": "Capacidad de 41 hm³ y 32 hm³ embalsados según el parte de 2026-08-04 del Boletín Hidrológico. Demarcación: Tajo.",
        "estado_registro": "vigente",
        "verif": "confirmado",
        "geo_precision": "paraje",
        "geo_fuente": "«Embalse de Baños» en el Nomenclátor Geográfico Básico de España",
        "geo_fuente__v": "confirmado",
        "geo_fuente__f": "f2",
        "fecha_alta": "2026-08-07",
        "fecha_verificacion": "2026-08-07",
        "demarcacion": "Tajo",
        "capacidad_hm3": 41.0,
        "capacidad_hm3__v": "confirmado",
        "capacidad_hm3__f": "f1",
        "agua_actual_hm3": 32.0,
        "agua_actual_hm3__v": "confirmado",
        "agua_actual_hm3__f": "f1",
        "fecha_dato": "2026-08-04",
        "hidroelectrico": false,
        "claves": [],
        "fuentes": [
          {
            "id": "f1",
            "tipo": "primaria",
            "titulo": "Boletín Hidrológico Semanal — histórico de embalses 1988-2026 (Dirección General del Agua, Ministerio para la Transición Ecológica y el Reto Demográfico)",
            "url": "https://www.miteco.gob.es/content/dam/miteco/es/agua/temas/evaluacion-de-los-recursos-hidricos/boletin-hidrologico/Historico-de-embalses/BD-Embalses.zip",
            "fecha": "2026-08-04",
            "archivo": "fuentes/2026-08-07_miteco_bd-embalses-boletin-hidrologico-1988-2026.zip"
          },
          {
            "id": "f2",
            "tipo": "primaria",
            "titulo": "Nomenclátor Geográfico Básico de España — Instituto Geográfico Nacional",
            "url": "https://api-features.ign.es/collections/namedplace/items",
            "fecha": "2026-08-07",
            "archivo": "fuentes/2026-08-07_ign_ngbe-toponimos-embalses.json"
          }
        ]
      }
    },
    {
      "type": "Feature",
      "id": "agua-embalsada:belena-tajo",
      "geometry": {
        "type": "Point",
        "coordinates": [
          -3.19531,
          40.93408
        ]
      },
      "properties": {
        "slug": "belena-tajo",
        "nombre": "Embalse de Beleña",
        "categoria": "embalse",
        "descripcion": "Capacidad de 53 hm³ y 33 hm³ embalsados según el parte de 2026-08-04 del Boletín Hidrológico. Demarcación: Tajo.",
        "estado_registro": "vigente",
        "verif": "confirmado",
        "geo_precision": "paraje",
        "geo_fuente": "«Embalse de Beleña» en el Nomenclátor Geográfico Básico de España",
        "geo_fuente__v": "confirmado",
        "geo_fuente__f": "f2",
        "fecha_alta": "2026-08-07",
        "fecha_verificacion": "2026-08-07",
        "demarcacion": "Tajo",
        "capacidad_hm3": 53.0,
        "capacidad_hm3__v": "confirmado",
        "capacidad_hm3__f": "f1",
        "agua_actual_hm3": 33.0,
        "agua_actual_hm3__v": "confirmado",
        "agua_actual_hm3__f": "f1",
        "fecha_dato": "2026-08-04",
        "hidroelectrico": false,
        "claves": [],
        "fuentes": [
          {
            "id": "f1",
            "tipo": "primaria",
            "titulo": "Boletín Hidrológico Semanal — histórico de embalses 1988-2026 (Dirección General del Agua, Ministerio para la Transición Ecológica y el Reto Demográfico)",
            "url": "https://www.miteco.gob.es/content/dam/miteco/es/agua/temas/evaluacion-de-los-recursos-hidricos/boletin-hidrologico/Historico-de-embalses/BD-Embalses.zip",
            "fecha": "2026-08-04",
            "archivo": "fuentes/2026-08-07_miteco_bd-embalses-boletin-hidrologico-1988-2026.zip"
          },
          {
            "id": "f2",
            "tipo": "primaria",
            "titulo": "Nomenclátor Geográfico Básico de España — Instituto Geográfico Nacional",
            "url": "https://api-features.ign.es/collections/namedplace/items",
            "fecha": "2026-08-07",
            "archivo": "fuentes/2026-08-07_ign_ngbe-toponimos-embalses.json"
          }
        ]
      }
    },
    {
      "type": "Feature",
      "id": "agua-embalsada:bolarque-tajo",
      "geometry": {
        "type": "Point",
        "coordinates": [
          -2.78388,
          40.4635
        ]
      },
      "properties": {
        "slug": "bolarque-tajo",
        "nombre": "Embalse de Bolarque",
        "categoria": "embalse",
        "descripcion": "Capacidad de 31 hm³ y 28 hm³ embalsados según el parte de 2026-08-04 del Boletín Hidrológico. Demarcación: Tajo.",
        "estado_registro": "vigente",
        "verif": "confirmado",
        "geo_precision": "paraje",
        "geo_fuente": "«Embalse de Bolarque» en el Nomenclátor Geográfico Básico de España",
        "geo_fuente__v": "confirmado",
        "geo_fuente__f": "f2",
        "fecha_alta": "2026-08-07",
        "fecha_verificacion": "2026-08-07",
        "demarcacion": "Tajo",
        "capacidad_hm3": 31.0,
        "capacidad_hm3__v": "confirmado",
        "capacidad_hm3__f": "f1",
        "agua_actual_hm3": 28.0,
        "agua_actual_hm3__v": "confirmado",
        "agua_actual_hm3__f": "f1",
        "fecha_dato": "2026-08-04",
        "hidroelectrico": true,
        "claves": [],
        "fuentes": [
          {
            "id": "f1",
            "tipo": "primaria",
            "titulo": "Boletín Hidrológico Semanal — histórico de embalses 1988-2026 (Dirección General del Agua, Ministerio para la Transición Ecológica y el Reto Demográfico)",
            "url": "https://www.miteco.gob.es/content/dam/miteco/es/agua/temas/evaluacion-de-los-recursos-hidricos/boletin-hidrologico/Historico-de-embalses/BD-Embalses.zip",
            "fecha": "2026-08-04",
            "archivo": "fuentes/2026-08-07_miteco_bd-embalses-boletin-hidrologico-1988-2026.zip"
          },
          {
            "id": "f2",
            "tipo": "primaria",
            "titulo": "Nomenclátor Geográfico Básico de España — Instituto Geográfico Nacional",
            "url": "https://api-features.ign.es/collections/namedplace/items",
            "fecha": "2026-08-07",
            "archivo": "fuentes/2026-08-07_ign_ngbe-toponimos-embalses.json"
          }
        ]
      }
    },
    {
      "type": "Feature",
      "id": "agua-embalsada:borbollon-tajo",
      "geometry": {
        "type": "Point",
        "coordinates": [
          -6.5744,
          40.12793
        ]
      },
      "properties": {
        "slug": "borbollon-tajo",
        "nombre": "Embalse de Borbollon",
        "categoria": "embalse",
        "descripcion": "Capacidad de 88 hm³ y 48 hm³ embalsados según el parte de 2026-08-04 del Boletín Hidrológico. Demarcación: Tajo.",
        "estado_registro": "vigente",
        "verif": "confirmado",
        "geo_precision": "paraje",
        "geo_fuente": "«Embalse de Borbollón» en el Nomenclátor Geográfico Básico de España",
        "geo_fuente__v": "confirmado",
        "geo_fuente__f": "f2",
        "fecha_alta": "2026-08-07",
        "fecha_verificacion": "2026-08-07",
        "demarcacion": "Tajo",
        "capacidad_hm3": 88.0,
        "capacidad_hm3__v": "confirmado",
        "capacidad_hm3__f": "f1",
        "agua_actual_hm3": 48.0,
        "agua_actual_hm3__v": "confirmado",
        "agua_actual_hm3__f": "f1",
        "fecha_dato": "2026-08-04",
        "hidroelectrico": false,
        "claves": [],
        "fuentes": [
          {
            "id": "f1",
            "tipo": "primaria",
            "titulo": "Boletín Hidrológico Semanal — histórico de embalses 1988-2026 (Dirección General del Agua, Ministerio para la Transición Ecológica y el Reto Demográfico)",
            "url": "https://www.miteco.gob.es/content/dam/miteco/es/agua/temas/evaluacion-de-los-recursos-hidricos/boletin-hidrologico/Historico-de-embalses/BD-Embalses.zip",
            "fecha": "2026-08-04",
            "archivo": "fuentes/2026-08-07_miteco_bd-embalses-boletin-hidrologico-1988-2026.zip"
          },
          {
            "id": "f2",
            "tipo": "primaria",
            "titulo": "Nomenclátor Geográfico Básico de España — Instituto Geográfico Nacional",
            "url": "https://api-features.ign.es/collections/namedplace/items",
            "fecha": "2026-08-07",
            "archivo": "fuentes/2026-08-07_ign_ngbe-toponimos-embalses.json"
          }
        ]
      }
    },
    {
      "type": "Feature",
      "id": "agua-embalsada:buendia-tajo",
      "geometry": {
        "type": "Point",
        "coordinates": [
          -2.72388,
          40.4137
        ]
      },
      "properties": {
        "slug": "buendia-tajo",
        "nombre": "Embalse de Buendía",
        "categoria": "embalse",
        "descripcion": "Capacidad de 1.705 hm³ y 880 hm³ embalsados según el parte de 2026-08-04 del Boletín Hidrológico. Demarcación: Tajo.",
        "estado_registro": "vigente",
        "verif": "confirmado",
        "geo_precision": "paraje",
        "geo_fuente": "«Embalse de Buendía» en el Nomenclátor Geográfico Básico de España",
        "geo_fuente__v": "confirmado",
        "geo_fuente__f": "f2",
        "fecha_alta": "2026-08-07",
        "fecha_verificacion": "2026-08-07",
        "demarcacion": "Tajo",
        "capacidad_hm3": 1705.0,
        "capacidad_hm3__v": "confirmado",
        "capacidad_hm3__f": "f1",
        "agua_actual_hm3": 880.0,
        "agua_actual_hm3__v": "confirmado",
        "agua_actual_hm3__f": "f1",
        "fecha_dato": "2026-08-04",
        "hidroelectrico": false,
        "claves": [],
        "fuentes": [
          {
            "id": "f1",
            "tipo": "primaria",
            "titulo": "Boletín Hidrológico Semanal — histórico de embalses 1988-2026 (Dirección General del Agua, Ministerio para la Transición Ecológica y el Reto Demográfico)",
            "url": "https://www.miteco.gob.es/content/dam/miteco/es/agua/temas/evaluacion-de-los-recursos-hidricos/boletin-hidrologico/Historico-de-embalses/BD-Embalses.zip",
            "fecha": "2026-08-04",
            "archivo": "fuentes/2026-08-07_miteco_bd-embalses-boletin-hidrologico-1988-2026.zip"
          },
          {
            "id": "f2",
            "tipo": "primaria",
            "titulo": "Nomenclátor Geográfico Básico de España — Instituto Geográfico Nacional",
            "url": "https://api-features.ign.es/collections/namedplace/items",
            "fecha": "2026-08-07",
            "archivo": "fuentes/2026-08-07_ign_ngbe-toponimos-embalses.json"
          }
        ]
      }
    },
    {
      "type": "Feature",
      "id": "agua-embalsada:burguillopuentenuevo-tajo",
      "geometry": {
        "type": "Point",
        "coordinates": [
          -4.53387,
          40.42468
        ]
      },
      "properties": {
        "slug": "burguillopuentenuevo-tajo",
        "nombre": "Embalse de Burguillo - Puente Nuevo",
        "categoria": "embalse",
        "descripcion": "Capacidad de 201 hm³ y 117 hm³ embalsados según el parte de 2026-08-04 del Boletín Hidrológico. Demarcación: Tajo.",
        "estado_registro": "vigente",
        "verif": "confirmado",
        "geo_precision": "paraje",
        "geo_fuente": "«Embalse del Burguillo» en el Nomenclátor Geográfico Básico de España",
        "geo_fuente__v": "confirmado",
        "geo_fuente__f": "f2",
        "fecha_alta": "2026-08-07",
        "fecha_verificacion": "2026-08-07",
        "demarcacion": "Tajo",
        "capacidad_hm3": 201.0,
        "capacidad_hm3__v": "confirmado",
        "capacidad_hm3__f": "f1",
        "agua_actual_hm3": 117.0,
        "agua_actual_hm3__v": "confirmado",
        "agua_actual_hm3__f": "f1",
        "fecha_dato": "2026-08-04",
        "hidroelectrico": false,
        "claves": [],
        "fuentes": [
          {
            "id": "f1",
            "tipo": "primaria",
            "titulo": "Boletín Hidrológico Semanal — histórico de embalses 1988-2026 (Dirección General del Agua, Ministerio para la Transición Ecológica y el Reto Demográfico)",
            "url": "https://www.miteco.gob.es/content/dam/miteco/es/agua/temas/evaluacion-de-los-recursos-hidricos/boletin-hidrologico/Historico-de-embalses/BD-Embalses.zip",
            "fecha": "2026-08-04",
            "archivo": "fuentes/2026-08-07_miteco_bd-embalses-boletin-hidrologico-1988-2026.zip"
          },
          {
            "id": "f2",
            "tipo": "primaria",
            "titulo": "Nomenclátor Geográfico Básico de España — Instituto Geográfico Nacional",
            "url": "https://api-features.ign.es/collections/namedplace/items",
            "fecha": "2026-08-07",
            "archivo": "fuentes/2026-08-07_ign_ngbe-toponimos-embalses.json"
          }
        ]
      }
    },
    {
      "type": "Feature",
      "id": "agua-embalsada:castrejon-tajo",
      "geometry": {
        "type": "Point",
        "coordinates": [
          -4.29651,
          39.83392
        ]
      },
      "properties": {
        "slug": "castrejon-tajo",
        "nombre": "Embalse de Castrejón",
        "categoria": "embalse",
        "descripcion": "Capacidad de 44 hm³ y 43 hm³ embalsados según el parte de 2026-08-04 del Boletín Hidrológico. Demarcación: Tajo.",
        "estado_registro": "vigente",
        "verif": "confirmado",
        "geo_precision": "paraje",
        "geo_fuente": "«Embalse de Castrejón» en el Nomenclátor Geográfico Básico de España",
        "geo_fuente__v": "confirmado",
        "geo_fuente__f": "f2",
        "fecha_alta": "2026-08-07",
        "fecha_verificacion": "2026-08-07",
        "demarcacion": "Tajo",
        "capacidad_hm3": 44.0,
        "capacidad_hm3__v": "confirmado",
        "capacidad_hm3__f": "f1",
        "agua_actual_hm3": 43.0,
        "agua_actual_hm3__v": "confirmado",
        "agua_actual_hm3__f": "f1",
        "fecha_dato": "2026-08-04",
        "hidroelectrico": true,
        "claves": [],
        "fuentes": [
          {
            "id": "f1",
            "tipo": "primaria",
            "titulo": "Boletín Hidrológico Semanal — histórico de embalses 1988-2026 (Dirección General del Agua, Ministerio para la Transición Ecológica y el Reto Demográfico)",
            "url": "https://www.miteco.gob.es/content/dam/miteco/es/agua/temas/evaluacion-de-los-recursos-hidricos/boletin-hidrologico/Historico-de-embalses/BD-Embalses.zip",
            "fecha": "2026-08-04",
            "archivo": "fuentes/2026-08-07_miteco_bd-embalses-boletin-hidrologico-1988-2026.zip"
          },
          {
            "id": "f2",
            "tipo": "primaria",
            "titulo": "Nomenclátor Geográfico Básico de España — Instituto Geográfico Nacional",
            "url": "https://api-features.ign.es/collections/namedplace/items",
            "fecha": "2026-08-07",
            "archivo": "fuentes/2026-08-07_ign_ngbe-toponimos-embalses.json"
          }
        ]
      }
    },
    {
      "type": "Feature",
      "id": "agua-embalsada:castroel-tajo",
      "geometry": {
        "type": "Point",
        "coordinates": [
          -3.75299,
          39.80572
        ]
      },
      "properties": {
        "slug": "castroel-tajo",
        "nombre": "Embalse de Castro, El",
        "categoria": "embalse",
        "descripcion": "Capacidad de 8 hm³ y 4 hm³ embalsados según el parte de 2026-08-04 del Boletín Hidrológico. Demarcación: Tajo.",
        "estado_registro": "vigente",
        "verif": "confirmado",
        "geo_precision": "paraje",
        "geo_fuente": "«Embalse del Castro» en el Nomenclátor Geográfico Básico de España",
        "geo_fuente__v": "confirmado",
        "geo_fuente__f": "f2",
        "fecha_alta": "2026-08-07",
        "fecha_verificacion": "2026-08-07",
        "demarcacion": "Tajo",
        "capacidad_hm3": 8.0,
        "capacidad_hm3__v": "confirmado",
        "capacidad_hm3__f": "f1",
        "agua_actual_hm3": 4.0,
        "agua_actual_hm3__v": "confirmado",
        "agua_actual_hm3__f": "f1",
        "fecha_dato": "2026-08-04",
        "hidroelectrico": false,
        "claves": [],
        "fuentes": [
          {
            "id": "f1",
            "tipo": "primaria",
            "titulo": "Boletín Hidrológico Semanal — histórico de embalses 1988-2026 (Dirección General del Agua, Ministerio para la Transición Ecológica y el Reto Demográfico)",
            "url": "https://www.miteco.gob.es/content/dam/miteco/es/agua/temas/evaluacion-de-los-recursos-hidricos/boletin-hidrologico/Historico-de-embalses/BD-Embalses.zip",
            "fecha": "2026-08-04",
            "archivo": "fuentes/2026-08-07_miteco_bd-embalses-boletin-hidrologico-1988-2026.zip"
          },
          {
            "id": "f2",
            "tipo": "primaria",
            "titulo": "Nomenclátor Geográfico Básico de España — Instituto Geográfico Nacional",
            "url": "https://api-features.ign.es/collections/namedplace/items",
            "fecha": "2026-08-07",
            "archivo": "fuentes/2026-08-07_ign_ngbe-toponimos-embalses.json"
          }
        ]
      }
    },
    {
      "type": "Feature",
      "id": "agua-embalsada:cazalegas-tajo",
      "geometry": {
        "type": "Point",
        "coordinates": [
          -4.70642,
          40.01611
        ]
      },
      "properties": {
        "slug": "cazalegas-tajo",
        "nombre": "Embalse de Cazalegas",
        "categoria": "embalse",
        "descripcion": "Capacidad de 7 hm³ y 6 hm³ embalsados según el parte de 2026-08-04 del Boletín Hidrológico. Demarcación: Tajo.",
        "estado_registro": "vigente",
        "verif": "confirmado",
        "geo_precision": "paraje",
        "geo_fuente": "«Embalse de Cazalegas» en el Nomenclátor Geográfico Básico de España",
        "geo_fuente__v": "confirmado",
        "geo_fuente__f": "f2",
        "fecha_alta": "2026-08-07",
        "fecha_verificacion": "2026-08-07",
        "demarcacion": "Tajo",
        "capacidad_hm3": 7.0,
        "capacidad_hm3__v": "confirmado",
        "capacidad_hm3__f": "f1",
        "agua_actual_hm3": 6.0,
        "agua_actual_hm3__v": "confirmado",
        "agua_actual_hm3__f": "f1",
        "fecha_dato": "2026-08-04",
        "hidroelectrico": false,
        "claves": [],
        "fuentes": [
          {
            "id": "f1",
            "tipo": "primaria",
            "titulo": "Boletín Hidrológico Semanal — histórico de embalses 1988-2026 (Dirección General del Agua, Ministerio para la Transición Ecológica y el Reto Demográfico)",
            "url": "https://www.miteco.gob.es/content/dam/miteco/es/agua/temas/evaluacion-de-los-recursos-hidricos/boletin-hidrologico/Historico-de-embalses/BD-Embalses.zip",
            "fecha": "2026-08-04",
            "archivo": "fuentes/2026-08-07_miteco_bd-embalses-boletin-hidrologico-1988-2026.zip"
          },
          {
            "id": "f2",
            "tipo": "primaria",
            "titulo": "Nomenclátor Geográfico Básico de España — Instituto Geográfico Nacional",
            "url": "https://api-features.ign.es/collections/namedplace/items",
            "fecha": "2026-08-07",
            "archivo": "fuentes/2026-08-07_ign_ngbe-toponimos-embalses.json"
          }
        ]
      }
    },
    {
      "type": "Feature",
      "id": "agua-embalsada:cedillo-tajo",
      "geometry": {
        "type": "Point",
        "coordinates": [
          -7.5393,
          39.66528
        ]
      },
      "properties": {
        "slug": "cedillo-tajo",
        "nombre": "Embalse de Cedillo",
        "categoria": "embalse",
        "descripcion": "Capacidad de 260 hm³ y 249 hm³ embalsados según el parte de 2026-08-04 del Boletín Hidrológico. Demarcación: Tajo.",
        "estado_registro": "vigente",
        "verif": "confirmado",
        "geo_precision": "paraje",
        "geo_fuente": "«Embalse de Cedillo» en el Nomenclátor Geográfico Básico de España, y el punto cae en el cauce fronterizo: se comprobó su demarcación en la vecindad",
        "geo_fuente__v": "confirmado",
        "geo_fuente__f": "f2",
        "fecha_alta": "2026-08-07",
        "fecha_verificacion": "2026-08-07",
        "demarcacion": "Tajo",
        "capacidad_hm3": 260.0,
        "capacidad_hm3__v": "confirmado",
        "capacidad_hm3__f": "f1",
        "agua_actual_hm3": 249.0,
        "agua_actual_hm3__v": "confirmado",
        "agua_actual_hm3__f": "f1",
        "fecha_dato": "2026-08-04",
        "hidroelectrico": true,
        "claves": [
          {
            "k": "El punto cae fuera de todo polígono, y no es un error",
            "v": "El cauce que embalsa ES la frontera con Portugal, así que la coordenada del nomenclátor queda fuera de la demarcación española. Se comprobó mirando la vecindad: a dos kilómetros el punto ya cae en la cuenca que el Boletín declara.",
            "verif": "confirmado",
            "fuente": "f1"
          }
        ],
        "fuentes": [
          {
            "id": "f1",
            "tipo": "primaria",
            "titulo": "Boletín Hidrológico Semanal — histórico de embalses 1988-2026 (Dirección General del Agua, Ministerio para la Transición Ecológica y el Reto Demográfico)",
            "url": "https://www.miteco.gob.es/content/dam/miteco/es/agua/temas/evaluacion-de-los-recursos-hidricos/boletin-hidrologico/Historico-de-embalses/BD-Embalses.zip",
            "fecha": "2026-08-04",
            "archivo": "fuentes/2026-08-07_miteco_bd-embalses-boletin-hidrologico-1988-2026.zip"
          },
          {
            "id": "f2",
            "tipo": "primaria",
            "titulo": "Nomenclátor Geográfico Básico de España — Instituto Geográfico Nacional",
            "url": "https://api-features.ign.es/collections/namedplace/items",
            "fecha": "2026-08-07",
            "archivo": "fuentes/2026-08-07_ign_ngbe-toponimos-embalses.json"
          }
        ]
      }
    },
    {
      "type": "Feature",
      "id": "agua-embalsada:entrepenas-tajo",
      "geometry": {
        "type": "Point",
        "coordinates": [
          -2.74988,
          40.49292
        ]
      },
      "properties": {
        "slug": "entrepenas-tajo",
        "nombre": "Embalse de Entrepeñas",
        "categoria": "embalse",
        "descripcion": "Capacidad de 813 hm³ y 535 hm³ embalsados según el parte de 2026-08-04 del Boletín Hidrológico. Demarcación: Tajo.",
        "estado_registro": "vigente",
        "verif": "confirmado",
        "geo_precision": "paraje",
        "geo_fuente": "«Embalse de Entrepeñas» en el Nomenclátor Geográfico Básico de España",
        "geo_fuente__v": "confirmado",
        "geo_fuente__f": "f2",
        "fecha_alta": "2026-08-07",
        "fecha_verificacion": "2026-08-07",
        "demarcacion": "Tajo",
        "capacidad_hm3": 813.0,
        "capacidad_hm3__v": "confirmado",
        "capacidad_hm3__f": "f1",
        "agua_actual_hm3": 535.0,
        "agua_actual_hm3__v": "confirmado",
        "agua_actual_hm3__f": "f1",
        "fecha_dato": "2026-08-04",
        "hidroelectrico": false,
        "claves": [],
        "fuentes": [
          {
            "id": "f1",
            "tipo": "primaria",
            "titulo": "Boletín Hidrológico Semanal — histórico de embalses 1988-2026 (Dirección General del Agua, Ministerio para la Transición Ecológica y el Reto Demográfico)",
            "url": "https://www.miteco.gob.es/content/dam/miteco/es/agua/temas/evaluacion-de-los-recursos-hidricos/boletin-hidrologico/Historico-de-embalses/BD-Embalses.zip",
            "fecha": "2026-08-04",
            "archivo": "fuentes/2026-08-07_miteco_bd-embalses-boletin-hidrologico-1988-2026.zip"
          },
          {
            "id": "f2",
            "tipo": "primaria",
            "titulo": "Nomenclátor Geográfico Básico de España — Instituto Geográfico Nacional",
            "url": "https://api-features.ign.es/collections/namedplace/items",
            "fecha": "2026-08-07",
            "archivo": "fuentes/2026-08-07_ign_ngbe-toponimos-embalses.json"
          }
        ]
      }
    },
    {
      "type": "Feature",
      "id": "agua-embalsada:finisterre-tajo",
      "geometry": {
        "type": "Point",
        "coordinates": [
          -3.65161,
          39.65131
        ]
      },
      "properties": {
        "slug": "finisterre-tajo",
        "nombre": "Embalse de Finisterre",
        "categoria": "embalse",
        "descripcion": "Capacidad de 133 hm³ y 27 hm³ embalsados según el parte de 2026-08-04 del Boletín Hidrológico. Demarcación: Tajo.",
        "estado_registro": "vigente",
        "verif": "confirmado",
        "geo_precision": "paraje",
        "geo_fuente": "«Embalse de Finisterre» en el Nomenclátor Geográfico Básico de España",
        "geo_fuente__v": "confirmado",
        "geo_fuente__f": "f2",
        "fecha_alta": "2026-08-07",
        "fecha_verificacion": "2026-08-07",
        "demarcacion": "Tajo",
        "capacidad_hm3": 133.0,
        "capacidad_hm3__v": "confirmado",
        "capacidad_hm3__f": "f1",
        "agua_actual_hm3": 27.0,
        "agua_actual_hm3__v": "confirmado",
        "agua_actual_hm3__f": "f1",
        "fecha_dato": "2026-08-04",
        "hidroelectrico": false,
        "claves": [],
        "fuentes": [
          {
            "id": "f1",
            "tipo": "primaria",
            "titulo": "Boletín Hidrológico Semanal — histórico de embalses 1988-2026 (Dirección General del Agua, Ministerio para la Transición Ecológica y el Reto Demográfico)",
            "url": "https://www.miteco.gob.es/content/dam/miteco/es/agua/temas/evaluacion-de-los-recursos-hidricos/boletin-hidrologico/Historico-de-embalses/BD-Embalses.zip",
            "fecha": "2026-08-04",
            "archivo": "fuentes/2026-08-07_miteco_bd-embalses-boletin-hidrologico-1988-2026.zip"
          },
          {
            "id": "f2",
            "tipo": "primaria",
            "titulo": "Nomenclátor Geográfico Básico de España — Instituto Geográfico Nacional",
            "url": "https://api-features.ign.es/collections/namedplace/items",
            "fecha": "2026-08-07",
            "archivo": "fuentes/2026-08-07_ign_ngbe-toponimos-embalses.json"
          }
        ]
      }
    },
    {
      "type": "Feature",
      "id": "agua-embalsada:gabrielygalan-tajo",
      "geometry": {
        "type": "Point",
        "coordinates": [
          -6.13281,
          40.2243
        ]
      },
      "properties": {
        "slug": "gabrielygalan-tajo",
        "nombre": "Embalse de Gabriel y Galán",
        "categoria": "embalse",
        "descripcion": "Capacidad de 911 hm³ y 482 hm³ embalsados según el parte de 2026-08-04 del Boletín Hidrológico. Demarcación: Tajo.",
        "estado_registro": "vigente",
        "verif": "confirmado",
        "geo_precision": "paraje",
        "geo_fuente": "«Embalse de Gabriel y Galán» en el Nomenclátor Geográfico Básico de España",
        "geo_fuente__v": "confirmado",
        "geo_fuente__f": "f2",
        "fecha_alta": "2026-08-07",
        "fecha_verificacion": "2026-08-07",
        "demarcacion": "Tajo",
        "capacidad_hm3": 911.0,
        "capacidad_hm3__v": "confirmado",
        "capacidad_hm3__f": "f1",
        "agua_actual_hm3": 482.0,
        "agua_actual_hm3__v": "confirmado",
        "agua_actual_hm3__f": "f1",
        "fecha_dato": "2026-08-04",
        "hidroelectrico": false,
        "claves": [],
        "fuentes": [
          {
            "id": "f1",
            "tipo": "primaria",
            "titulo": "Boletín Hidrológico Semanal — histórico de embalses 1988-2026 (Dirección General del Agua, Ministerio para la Transición Ecológica y el Reto Demográfico)",
            "url": "https://www.miteco.gob.es/content/dam/miteco/es/agua/temas/evaluacion-de-los-recursos-hidricos/boletin-hidrologico/Historico-de-embalses/BD-Embalses.zip",
            "fecha": "2026-08-04",
            "archivo": "fuentes/2026-08-07_miteco_bd-embalses-boletin-hidrologico-1988-2026.zip"
          },
          {
            "id": "f2",
            "tipo": "primaria",
            "titulo": "Nomenclátor Geográfico Básico de España — Instituto Geográfico Nacional",
            "url": "https://api-features.ign.es/collections/namedplace/items",
            "fecha": "2026-08-07",
            "archivo": "fuentes/2026-08-07_ign_ngbe-toponimos-embalses.json"
          }
        ]
      }
    },
    {
      "type": "Feature",
      "id": "agua-embalsada:guajaraz-tajo",
      "geometry": {
        "type": "Point",
        "coordinates": [
          -4.08771,
          39.79907
        ]
      },
      "properties": {
        "slug": "guajaraz-tajo",
        "nombre": "Embalse de Guajaraz",
        "categoria": "embalse",
        "descripcion": "Capacidad de 18 hm³ y 16 hm³ embalsados según el parte de 2026-08-04 del Boletín Hidrológico. Demarcación: Tajo.",
        "estado_registro": "vigente",
        "verif": "confirmado",
        "geo_precision": "paraje",
        "geo_fuente": "«Embalse del Guajaraz» en el Nomenclátor Geográfico Básico de España",
        "geo_fuente__v": "confirmado",
        "geo_fuente__f": "f2",
        "fecha_alta": "2026-08-07",
        "fecha_verificacion": "2026-08-07",
        "demarcacion": "Tajo",
        "capacidad_hm3": 18.0,
        "capacidad_hm3__v": "confirmado",
        "capacidad_hm3__f": "f1",
        "agua_actual_hm3": 16.0,
        "agua_actual_hm3__v": "confirmado",
        "agua_actual_hm3__f": "f1",
        "fecha_dato": "2026-08-04",
        "hidroelectrico": false,
        "claves": [],
        "fuentes": [
          {
            "id": "f1",
            "tipo": "primaria",
            "titulo": "Boletín Hidrológico Semanal — histórico de embalses 1988-2026 (Dirección General del Agua, Ministerio para la Transición Ecológica y el Reto Demográfico)",
            "url": "https://www.miteco.gob.es/content/dam/miteco/es/agua/temas/evaluacion-de-los-recursos-hidricos/boletin-hidrologico/Historico-de-embalses/BD-Embalses.zip",
            "fecha": "2026-08-04",
            "archivo": "fuentes/2026-08-07_miteco_bd-embalses-boletin-hidrologico-1988-2026.zip"
          },
          {
            "id": "f2",
            "tipo": "primaria",
            "titulo": "Nomenclátor Geográfico Básico de España — Instituto Geográfico Nacional",
            "url": "https://api-features.ign.es/collections/namedplace/items",
            "fecha": "2026-08-07",
            "archivo": "fuentes/2026-08-07_ign_ngbe-toponimos-embalses.json"
          }
        ]
      }
    },
    {
      "type": "Feature",
      "id": "agua-embalsada:jarosala-tajo",
      "geometry": {
        "type": "Point",
        "coordinates": [
          -4.11761,
          40.6651
        ]
      },
      "properties": {
        "slug": "jarosala-tajo",
        "nombre": "Embalse de Jarosa, La",
        "categoria": "embalse",
        "descripcion": "Capacidad de 7 hm³ y 3 hm³ embalsados según el parte de 2026-08-04 del Boletín Hidrológico. Demarcación: Tajo.",
        "estado_registro": "vigente",
        "verif": "confirmado",
        "geo_precision": "paraje",
        "geo_fuente": "«Embalse de la Jarosa» en el Nomenclátor Geográfico Básico de España",
        "geo_fuente__v": "confirmado",
        "geo_fuente__f": "f2",
        "fecha_alta": "2026-08-07",
        "fecha_verificacion": "2026-08-07",
        "demarcacion": "Tajo",
        "capacidad_hm3": 7.0,
        "capacidad_hm3__v": "confirmado",
        "capacidad_hm3__f": "f1",
        "agua_actual_hm3": 3.0,
        "agua_actual_hm3__v": "confirmado",
        "agua_actual_hm3__f": "f1",
        "fecha_dato": "2026-08-04",
        "hidroelectrico": false,
        "claves": [],
        "fuentes": [
          {
            "id": "f1",
            "tipo": "primaria",
            "titulo": "Boletín Hidrológico Semanal — histórico de embalses 1988-2026 (Dirección General del Agua, Ministerio para la Transición Ecológica y el Reto Demográfico)",
            "url": "https://www.miteco.gob.es/content/dam/miteco/es/agua/temas/evaluacion-de-los-recursos-hidricos/boletin-hidrologico/Historico-de-embalses/BD-Embalses.zip",
            "fecha": "2026-08-04",
            "archivo": "fuentes/2026-08-07_miteco_bd-embalses-boletin-hidrologico-1988-2026.zip"
          },
          {
            "id": "f2",
            "tipo": "primaria",
            "titulo": "Nomenclátor Geográfico Básico de España — Instituto Geográfico Nacional",
            "url": "https://api-features.ign.es/collections/namedplace/items",
            "fecha": "2026-08-07",
            "archivo": "fuentes/2026-08-07_ign_ngbe-toponimos-embalses.json"
          }
        ]
      }
    },
    {
      "type": "Feature",
      "id": "agua-embalsada:jerteplasencia-tajo",
      "geometry": {
        "type": "Point",
        "coordinates": [
          -6.04218,
          40.05988
        ]
      },
      "properties": {
        "slug": "jerteplasencia-tajo",
        "nombre": "Embalse de Jerte - Plasencia",
        "categoria": "embalse",
        "descripcion": "Capacidad de 59 hm³ y 37 hm³ embalsados según el parte de 2026-08-04 del Boletín Hidrológico. Demarcación: Tajo.",
        "estado_registro": "vigente",
        "verif": "confirmado",
        "geo_precision": "paraje",
        "geo_fuente": "«Embalse de Plasencia» en el Nomenclátor Geográfico Básico de España",
        "geo_fuente__v": "confirmado",
        "geo_fuente__f": "f2",
        "fecha_alta": "2026-08-07",
        "fecha_verificacion": "2026-08-07",
        "demarcacion": "Tajo",
        "capacidad_hm3": 59.0,
        "capacidad_hm3__v": "confirmado",
        "capacidad_hm3__f": "f1",
        "agua_actual_hm3": 37.0,
        "agua_actual_hm3__v": "confirmado",
        "agua_actual_hm3__f": "f1",
        "fecha_dato": "2026-08-04",
        "hidroelectrico": false,
        "claves": [],
        "fuentes": [
          {
            "id": "f1",
            "tipo": "primaria",
            "titulo": "Boletín Hidrológico Semanal — histórico de embalses 1988-2026 (Dirección General del Agua, Ministerio para la Transición Ecológica y el Reto Demográfico)",
            "url": "https://www.miteco.gob.es/content/dam/miteco/es/agua/temas/evaluacion-de-los-recursos-hidricos/boletin-hidrologico/Historico-de-embalses/BD-Embalses.zip",
            "fecha": "2026-08-04",
            "archivo": "fuentes/2026-08-07_miteco_bd-embalses-boletin-hidrologico-1988-2026.zip"
          },
          {
            "id": "f2",
            "tipo": "primaria",
            "titulo": "Nomenclátor Geográfico Básico de España — Instituto Geográfico Nacional",
            "url": "https://api-features.ign.es/collections/namedplace/items",
            "fecha": "2026-08-07",
            "archivo": "fuentes/2026-08-07_ign_ngbe-toponimos-embalses.json"
          }
        ]
      }
    },
    {
      "type": "Feature",
      "id": "agua-embalsada:molinodechincha-tajo",
      "geometry": {
        "type": "Point",
        "coordinates": [
          -2.17792,
          40.55212
        ]
      },
      "properties": {
        "slug": "molinodechincha-tajo",
        "nombre": "Embalse de Molino de Chincha",
        "categoria": "embalse",
        "descripcion": "Capacidad de 6 hm³ y 6 hm³ embalsados según el parte de 2026-08-04 del Boletín Hidrológico. Demarcación: Tajo.",
        "estado_registro": "vigente",
        "verif": "confirmado",
        "geo_precision": "paraje",
        "geo_fuente": "«Embalse del Molino de Chincha» en el Nomenclátor Geográfico Básico de España",
        "geo_fuente__v": "confirmado",
        "geo_fuente__f": "f2",
        "fecha_alta": "2026-08-07",
        "fecha_verificacion": "2026-08-07",
        "demarcacion": "Tajo",
        "capacidad_hm3": 6.0,
        "capacidad_hm3__v": "confirmado",
        "capacidad_hm3__f": "f1",
        "agua_actual_hm3": 6.0,
        "agua_actual_hm3__v": "confirmado",
        "agua_actual_hm3__f": "f1",
        "fecha_dato": "2026-08-04",
        "hidroelectrico": true,
        "claves": [],
        "fuentes": [
          {
            "id": "f1",
            "tipo": "primaria",
            "titulo": "Boletín Hidrológico Semanal — histórico de embalses 1988-2026 (Dirección General del Agua, Ministerio para la Transición Ecológica y el Reto Demográfico)",
            "url": "https://www.miteco.gob.es/content/dam/miteco/es/agua/temas/evaluacion-de-los-recursos-hidricos/boletin-hidrologico/Historico-de-embalses/BD-Embalses.zip",
            "fecha": "2026-08-04",
            "archivo": "fuentes/2026-08-07_miteco_bd-embalses-boletin-hidrologico-1988-2026.zip"
          },
          {
            "id": "f2",
            "tipo": "primaria",
            "titulo": "Nomenclátor Geográfico Básico de España — Instituto Geográfico Nacional",
            "url": "https://api-features.ign.es/collections/namedplace/items",
            "fecha": "2026-08-07",
            "archivo": "fuentes/2026-08-07_ign_ngbe-toponimos-embalses.json"
          }
        ]
      }
    },
    {
      "type": "Feature",
      "id": "agua-embalsada:navalcan-tajo",
      "geometry": {
        "type": "Point",
        "coordinates": [
          -5.14148,
          40.04712
        ]
      },
      "properties": {
        "slug": "navalcan-tajo",
        "nombre": "Embalse de Navalcán",
        "categoria": "embalse",
        "descripcion": "Capacidad de 34 hm³ y 29 hm³ embalsados según el parte de 2026-08-04 del Boletín Hidrológico. Demarcación: Tajo.",
        "estado_registro": "vigente",
        "verif": "confirmado",
        "geo_precision": "paraje",
        "geo_fuente": "«Embalse de Navalcán» en el Nomenclátor Geográfico Básico de España",
        "geo_fuente__v": "confirmado",
        "geo_fuente__f": "f2",
        "fecha_alta": "2026-08-07",
        "fecha_verificacion": "2026-08-07",
        "demarcacion": "Tajo",
        "capacidad_hm3": 34.0,
        "capacidad_hm3__v": "confirmado",
        "capacidad_hm3__f": "f1",
        "agua_actual_hm3": 29.0,
        "agua_actual_hm3__v": "confirmado",
        "agua_actual_hm3__f": "f1",
        "fecha_dato": "2026-08-04",
        "hidroelectrico": false,
        "claves": [],
        "fuentes": [
          {
            "id": "f1",
            "tipo": "primaria",
            "titulo": "Boletín Hidrológico Semanal — histórico de embalses 1988-2026 (Dirección General del Agua, Ministerio para la Transición Ecológica y el Reto Demográfico)",
            "url": "https://www.miteco.gob.es/content/dam/miteco/es/agua/temas/evaluacion-de-los-recursos-hidricos/boletin-hidrologico/Historico-de-embalses/BD-Embalses.zip",
            "fecha": "2026-08-04",
            "archivo": "fuentes/2026-08-07_miteco_bd-embalses-boletin-hidrologico-1988-2026.zip"
          },
          {
            "id": "f2",
            "tipo": "primaria",
            "titulo": "Nomenclátor Geográfico Básico de España — Instituto Geográfico Nacional",
            "url": "https://api-features.ign.es/collections/namedplace/items",
            "fecha": "2026-08-07",
            "archivo": "fuentes/2026-08-07_ign_ngbe-toponimos-embalses.json"
          }
        ]
      }
    },
    {
      "type": "Feature",
      "id": "agua-embalsada:navamuno-tajo",
      "geometry": {
        "type": "Point",
        "coordinates": [
          -5.77476,
          40.34771
        ]
      },
      "properties": {
        "slug": "navamuno-tajo",
        "nombre": "Embalse de Navamuño",
        "categoria": "embalse",
        "descripcion": "Capacidad de 14 hm³ y 10 hm³ embalsados según el parte de 2026-08-04 del Boletín Hidrológico. Demarcación: Tajo.",
        "estado_registro": "vigente",
        "verif": "confirmado",
        "geo_precision": "paraje",
        "geo_fuente": "«Embalse de Navamuño» en el Nomenclátor Geográfico Básico de España",
        "geo_fuente__v": "confirmado",
        "geo_fuente__f": "f2",
        "fecha_alta": "2026-08-07",
        "fecha_verificacion": "2026-08-07",
        "demarcacion": "Tajo",
        "capacidad_hm3": 14.0,
        "capacidad_hm3__v": "confirmado",
        "capacidad_hm3__f": "f1",
        "agua_actual_hm3": 10.0,
        "agua_actual_hm3__v": "confirmado",
        "agua_actual_hm3__f": "f1",
        "fecha_dato": "2026-08-04",
        "hidroelectrico": false,
        "claves": [],
        "fuentes": [
          {
            "id": "f1",
            "tipo": "primaria",
            "titulo": "Boletín Hidrológico Semanal — histórico de embalses 1988-2026 (Dirección General del Agua, Ministerio para la Transición Ecológica y el Reto Demográfico)",
            "url": "https://www.miteco.gob.es/content/dam/miteco/es/agua/temas/evaluacion-de-los-recursos-hidricos/boletin-hidrologico/Historico-de-embalses/BD-Embalses.zip",
            "fecha": "2026-08-04",
            "archivo": "fuentes/2026-08-07_miteco_bd-embalses-boletin-hidrologico-1988-2026.zip"
          },
          {
            "id": "f2",
            "tipo": "primaria",
            "titulo": "Nomenclátor Geográfico Básico de España — Instituto Geográfico Nacional",
            "url": "https://api-features.ign.es/collections/namedplace/items",
            "fecha": "2026-08-07",
            "archivo": "fuentes/2026-08-07_ign_ngbe-toponimos-embalses.json"
          }
        ]
      }
    },
    {
      "type": "Feature",
      "id": "agua-embalsada:pardoel-tajo",
      "geometry": {
        "type": "Point",
        "coordinates": [
          -3.78931,
          40.53888
        ]
      },
      "properties": {
        "slug": "pardoel-tajo",
        "nombre": "Embalse de Pardo, El",
        "categoria": "embalse",
        "descripcion": "Capacidad de 43 hm³ y 17 hm³ embalsados según el parte de 2026-08-04 del Boletín Hidrológico. Demarcación: Tajo.",
        "estado_registro": "vigente",
        "verif": "confirmado",
        "geo_precision": "paraje",
        "geo_fuente": "«Embalse de El Pardo» en el Nomenclátor Geográfico Básico de España",
        "geo_fuente__v": "confirmado",
        "geo_fuente__f": "f2",
        "fecha_alta": "2026-08-07",
        "fecha_verificacion": "2026-08-07",
        "demarcacion": "Tajo",
        "capacidad_hm3": 43.0,
        "capacidad_hm3__v": "confirmado",
        "capacidad_hm3__f": "f1",
        "agua_actual_hm3": 17.0,
        "agua_actual_hm3__v": "confirmado",
        "agua_actual_hm3__f": "f1",
        "fecha_dato": "2026-08-04",
        "hidroelectrico": false,
        "claves": [],
        "fuentes": [
          {
            "id": "f1",
            "tipo": "primaria",
            "titulo": "Boletín Hidrológico Semanal — histórico de embalses 1988-2026 (Dirección General del Agua, Ministerio para la Transición Ecológica y el Reto Demográfico)",
            "url": "https://www.miteco.gob.es/content/dam/miteco/es/agua/temas/evaluacion-de-los-recursos-hidricos/boletin-hidrologico/Historico-de-embalses/BD-Embalses.zip",
            "fecha": "2026-08-04",
            "archivo": "fuentes/2026-08-07_miteco_bd-embalses-boletin-hidrologico-1988-2026.zip"
          },
          {
            "id": "f2",
            "tipo": "primaria",
            "titulo": "Nomenclátor Geográfico Básico de España — Instituto Geográfico Nacional",
            "url": "https://api-features.ign.es/collections/namedplace/items",
            "fecha": "2026-08-07",
            "archivo": "fuentes/2026-08-07_ign_ngbe-toponimos-embalses.json"
          }
        ]
      }
    },
    {
      "type": "Feature",
      "id": "agua-embalsada:picadas-tajo",
      "geometry": {
        "type": "Point",
        "coordinates": [
          -4.24933,
          40.3335
        ]
      },
      "properties": {
        "slug": "picadas-tajo",
        "nombre": "Embalse de Picadas",
        "categoria": "embalse",
        "descripcion": "Capacidad de 15 hm³ y 15 hm³ embalsados según el parte de 2026-08-04 del Boletín Hidrológico. Demarcación: Tajo.",
        "estado_registro": "vigente",
        "verif": "confirmado",
        "geo_precision": "paraje",
        "geo_fuente": "«Embalse de Picadas» en el Nomenclátor Geográfico Básico de España",
        "geo_fuente__v": "confirmado",
        "geo_fuente__f": "f2",
        "fecha_alta": "2026-08-07",
        "fecha_verificacion": "2026-08-07",
        "demarcacion": "Tajo",
        "capacidad_hm3": 15.0,
        "capacidad_hm3__v": "confirmado",
        "capacidad_hm3__f": "f1",
        "agua_actual_hm3": 15.0,
        "agua_actual_hm3__v": "confirmado",
        "agua_actual_hm3__f": "f1",
        "fecha_dato": "2026-08-04",
        "hidroelectrico": false,
        "claves": [],
        "fuentes": [
          {
            "id": "f1",
            "tipo": "primaria",
            "titulo": "Boletín Hidrológico Semanal — histórico de embalses 1988-2026 (Dirección General del Agua, Ministerio para la Transición Ecológica y el Reto Demográfico)",
            "url": "https://www.miteco.gob.es/content/dam/miteco/es/agua/temas/evaluacion-de-los-recursos-hidricos/boletin-hidrologico/Historico-de-embalses/BD-Embalses.zip",
            "fecha": "2026-08-04",
            "archivo": "fuentes/2026-08-07_miteco_bd-embalses-boletin-hidrologico-1988-2026.zip"
          },
          {
            "id": "f2",
            "tipo": "primaria",
            "titulo": "Nomenclátor Geográfico Básico de España — Instituto Geográfico Nacional",
            "url": "https://api-features.ign.es/collections/namedplace/items",
            "fecha": "2026-08-07",
            "archivo": "fuentes/2026-08-07_ign_ngbe-toponimos-embalses.json"
          }
        ]
      }
    },
    {
      "type": "Feature",
      "id": "agua-embalsada:pinilla-tajo",
      "geometry": {
        "type": "Point",
        "coordinates": [
          -3.77411,
          40.94513
        ]
      },
      "properties": {
        "slug": "pinilla-tajo",
        "nombre": "Embalse de Pinilla",
        "categoria": "embalse",
        "descripcion": "Capacidad de 38 hm³ y 23 hm³ embalsados según el parte de 2026-08-04 del Boletín Hidrológico. Demarcación: Tajo.",
        "estado_registro": "vigente",
        "verif": "confirmado",
        "geo_precision": "paraje",
        "geo_fuente": "«Embalse de Pinilla» en el Nomenclátor Geográfico Básico de España",
        "geo_fuente__v": "confirmado",
        "geo_fuente__f": "f2",
        "fecha_alta": "2026-08-07",
        "fecha_verificacion": "2026-08-07",
        "demarcacion": "Tajo",
        "capacidad_hm3": 38.0,
        "capacidad_hm3__v": "confirmado",
        "capacidad_hm3__f": "f1",
        "agua_actual_hm3": 23.0,
        "agua_actual_hm3__v": "confirmado",
        "agua_actual_hm3__f": "f1",
        "fecha_dato": "2026-08-04",
        "hidroelectrico": false,
        "claves": [],
        "fuentes": [
          {
            "id": "f1",
            "tipo": "primaria",
            "titulo": "Boletín Hidrológico Semanal — histórico de embalses 1988-2026 (Dirección General del Agua, Ministerio para la Transición Ecológica y el Reto Demográfico)",
            "url": "https://www.miteco.gob.es/content/dam/miteco/es/agua/temas/evaluacion-de-los-recursos-hidricos/boletin-hidrologico/Historico-de-embalses/BD-Embalses.zip",
            "fecha": "2026-08-04",
            "archivo": "fuentes/2026-08-07_miteco_bd-embalses-boletin-hidrologico-1988-2026.zip"
          },
          {
            "id": "f2",
            "tipo": "primaria",
            "titulo": "Nomenclátor Geográfico Básico de España — Instituto Geográfico Nacional",
            "url": "https://api-features.ign.es/collections/namedplace/items",
            "fecha": "2026-08-07",
            "archivo": "fuentes/2026-08-07_ign_ngbe-toponimos-embalses.json"
          }
        ]
      }
    },
    {
      "type": "Feature",
      "id": "agua-embalsada:portaje-tajo",
      "geometry": {
        "type": "Point",
        "coordinates": [
          -6.5426,
          39.89032
        ]
      },
      "properties": {
        "slug": "portaje-tajo",
        "nombre": "Embalse de Portaje",
        "categoria": "embalse",
        "descripcion": "Capacidad de 23 hm³ y 17 hm³ embalsados según el parte de 2026-08-04 del Boletín Hidrológico. Demarcación: Tajo.",
        "estado_registro": "vigente",
        "verif": "confirmado",
        "geo_precision": "paraje",
        "geo_fuente": "«Embalse de Portaje» en el Nomenclátor Geográfico Básico de España",
        "geo_fuente__v": "confirmado",
        "geo_fuente__f": "f2",
        "fecha_alta": "2026-08-07",
        "fecha_verificacion": "2026-08-07",
        "demarcacion": "Tajo",
        "capacidad_hm3": 23.0,
        "capacidad_hm3__v": "confirmado",
        "capacidad_hm3__f": "f1",
        "agua_actual_hm3": 17.0,
        "agua_actual_hm3__v": "confirmado",
        "agua_actual_hm3__f": "f1",
        "fecha_dato": "2026-08-04",
        "hidroelectrico": false,
        "claves": [],
        "fuentes": [
          {
            "id": "f1",
            "tipo": "primaria",
            "titulo": "Boletín Hidrológico Semanal — histórico de embalses 1988-2026 (Dirección General del Agua, Ministerio para la Transición Ecológica y el Reto Demográfico)",
            "url": "https://www.miteco.gob.es/content/dam/miteco/es/agua/temas/evaluacion-de-los-recursos-hidricos/boletin-hidrologico/Historico-de-embalses/BD-Embalses.zip",
            "fecha": "2026-08-04",
            "archivo": "fuentes/2026-08-07_miteco_bd-embalses-boletin-hidrologico-1988-2026.zip"
          },
          {
            "id": "f2",
            "tipo": "primaria",
            "titulo": "Nomenclátor Geográfico Básico de España — Instituto Geográfico Nacional",
            "url": "https://api-features.ign.es/collections/namedplace/items",
            "fecha": "2026-08-07",
            "archivo": "fuentes/2026-08-07_ign_ngbe-toponimos-embalses.json"
          }
        ]
      }
    },
    {
      "type": "Feature",
      "id": "agua-embalsada:portinala-tajo",
      "geometry": {
        "type": "Point",
        "coordinates": [
          -4.841,
          39.9975
        ]
      },
      "properties": {
        "slug": "portinala-tajo",
        "nombre": "Embalse de Portiña, La",
        "categoria": "embalse",
        "descripcion": "Capacidad de 5 hm³ y 2 hm³ embalsados según el parte de 2026-08-04 del Boletín Hidrológico. Demarcación: Tajo.",
        "estado_registro": "vigente",
        "verif": "confirmado",
        "geo_precision": "paraje",
        "geo_fuente": "«Embalse de la Portiña» en el Nomenclátor Geográfico Básico de España",
        "geo_fuente__v": "confirmado",
        "geo_fuente__f": "f2",
        "fecha_alta": "2026-08-07",
        "fecha_verificacion": "2026-08-07",
        "demarcacion": "Tajo",
        "capacidad_hm3": 5.0,
        "capacidad_hm3__v": "confirmado",
        "capacidad_hm3__f": "f1",
        "agua_actual_hm3": 2.0,
        "agua_actual_hm3__v": "confirmado",
        "agua_actual_hm3__f": "f1",
        "fecha_dato": "2026-08-04",
        "hidroelectrico": false,
        "claves": [],
        "fuentes": [
          {
            "id": "f1",
            "tipo": "primaria",
            "titulo": "Boletín Hidrológico Semanal — histórico de embalses 1988-2026 (Dirección General del Agua, Ministerio para la Transición Ecológica y el Reto Demográfico)",
            "url": "https://www.miteco.gob.es/content/dam/miteco/es/agua/temas/evaluacion-de-los-recursos-hidricos/boletin-hidrologico/Historico-de-embalses/BD-Embalses.zip",
            "fecha": "2026-08-04",
            "archivo": "fuentes/2026-08-07_miteco_bd-embalses-boletin-hidrologico-1988-2026.zip"
          },
          {
            "id": "f2",
            "tipo": "primaria",
            "titulo": "Nomenclátor Geográfico Básico de España — Instituto Geográfico Nacional",
            "url": "https://api-features.ign.es/collections/namedplace/items",
            "fecha": "2026-08-07",
            "archivo": "fuentes/2026-08-07_ign_ngbe-toponimos-embalses.json"
          }
        ]
      }
    },
    {
      "type": "Feature",
      "id": "agua-embalsada:puentesviejas-tajo",
      "geometry": {
        "type": "Point",
        "coordinates": [
          -3.57159,
          40.99329
        ]
      },
      "properties": {
        "slug": "puentesviejas-tajo",
        "nombre": "Embalse de Puentes Viejas",
        "categoria": "embalse",
        "descripcion": "Capacidad de 53 hm³ y 34 hm³ embalsados según el parte de 2026-08-04 del Boletín Hidrológico. Demarcación: Tajo.",
        "estado_registro": "vigente",
        "verif": "confirmado",
        "geo_precision": "paraje",
        "geo_fuente": "«Embalse de Puentes Viejas» en el Nomenclátor Geográfico Básico de España",
        "geo_fuente__v": "confirmado",
        "geo_fuente__f": "f2",
        "fecha_alta": "2026-08-07",
        "fecha_verificacion": "2026-08-07",
        "demarcacion": "Tajo",
        "capacidad_hm3": 53.0,
        "capacidad_hm3__v": "confirmado",
        "capacidad_hm3__f": "f1",
        "agua_actual_hm3": 34.0,
        "agua_actual_hm3__v": "confirmado",
        "agua_actual_hm3__f": "f1",
        "fecha_dato": "2026-08-04",
        "hidroelectrico": false,
        "claves": [],
        "fuentes": [
          {
            "id": "f1",
            "tipo": "primaria",
            "titulo": "Boletín Hidrológico Semanal — histórico de embalses 1988-2026 (Dirección General del Agua, Ministerio para la Transición Ecológica y el Reto Demográfico)",
            "url": "https://www.miteco.gob.es/content/dam/miteco/es/agua/temas/evaluacion-de-los-recursos-hidricos/boletin-hidrologico/Historico-de-embalses/BD-Embalses.zip",
            "fecha": "2026-08-04",
            "archivo": "fuentes/2026-08-07_miteco_bd-embalses-boletin-hidrologico-1988-2026.zip"
          },
          {
            "id": "f2",
            "tipo": "primaria",
            "titulo": "Nomenclátor Geográfico Básico de España — Instituto Geográfico Nacional",
            "url": "https://api-features.ign.es/collections/namedplace/items",
            "fecha": "2026-08-07",
            "archivo": "fuentes/2026-08-07_ign_ngbe-toponimos-embalses.json"
          }
        ]
      }
    },
    {
      "type": "Feature",
      "id": "agua-embalsada:palmaces-tajo",
      "geometry": {
        "type": "Point",
        "coordinates": [
          -2.94,
          41.05048
        ]
      },
      "properties": {
        "slug": "palmaces-tajo",
        "nombre": "Embalse de Pálmaces",
        "categoria": "embalse",
        "descripcion": "Capacidad de 31 hm³ y 21 hm³ embalsados según el parte de 2026-08-04 del Boletín Hidrológico. Demarcación: Tajo.",
        "estado_registro": "vigente",
        "verif": "confirmado",
        "geo_precision": "paraje",
        "geo_fuente": "«Embalse de Pálmaces» en el Nomenclátor Geográfico Básico de España",
        "geo_fuente__v": "confirmado",
        "geo_fuente__f": "f2",
        "fecha_alta": "2026-08-07",
        "fecha_verificacion": "2026-08-07",
        "demarcacion": "Tajo",
        "capacidad_hm3": 31.0,
        "capacidad_hm3__v": "confirmado",
        "capacidad_hm3__f": "f1",
        "agua_actual_hm3": 21.0,
        "agua_actual_hm3__v": "confirmado",
        "agua_actual_hm3__f": "f1",
        "fecha_dato": "2026-08-04",
        "hidroelectrico": false,
        "claves": [],
        "fuentes": [
          {
            "id": "f1",
            "tipo": "primaria",
            "titulo": "Boletín Hidrológico Semanal — histórico de embalses 1988-2026 (Dirección General del Agua, Ministerio para la Transición Ecológica y el Reto Demográfico)",
            "url": "https://www.miteco.gob.es/content/dam/miteco/es/agua/temas/evaluacion-de-los-recursos-hidricos/boletin-hidrologico/Historico-de-embalses/BD-Embalses.zip",
            "fecha": "2026-08-04",
            "archivo": "fuentes/2026-08-07_miteco_bd-embalses-boletin-hidrologico-1988-2026.zip"
          },
          {
            "id": "f2",
            "tipo": "primaria",
            "titulo": "Nomenclátor Geográfico Básico de España — Instituto Geográfico Nacional",
            "url": "https://api-features.ign.es/collections/namedplace/items",
            "fecha": "2026-08-07",
            "archivo": "fuentes/2026-08-07_ign_ngbe-toponimos-embalses.json"
          }
        ]
      }
    },
    {
      "type": "Feature",
      "id": "agua-embalsada:riosequillo-tajo",
      "geometry": {
        "type": "Point",
        "coordinates": [
          -3.6488,
          40.98468
        ]
      },
      "properties": {
        "slug": "riosequillo-tajo",
        "nombre": "Embalse de Riosequillo",
        "categoria": "embalse",
        "descripcion": "Capacidad de 50 hm³ y 36 hm³ embalsados según el parte de 2026-08-04 del Boletín Hidrológico. Demarcación: Tajo.",
        "estado_registro": "vigente",
        "verif": "confirmado",
        "geo_precision": "paraje",
        "geo_fuente": "«Embalse de Riosequillo» en el Nomenclátor Geográfico Básico de España",
        "geo_fuente__v": "confirmado",
        "geo_fuente__f": "f2",
        "fecha_alta": "2026-08-07",
        "fecha_verificacion": "2026-08-07",
        "demarcacion": "Tajo",
        "capacidad_hm3": 50.0,
        "capacidad_hm3__v": "confirmado",
        "capacidad_hm3__f": "f1",
        "agua_actual_hm3": 36.0,
        "agua_actual_hm3__v": "confirmado",
        "agua_actual_hm3__f": "f1",
        "fecha_dato": "2026-08-04",
        "hidroelectrico": false,
        "claves": [],
        "fuentes": [
          {
            "id": "f1",
            "tipo": "primaria",
            "titulo": "Boletín Hidrológico Semanal — histórico de embalses 1988-2026 (Dirección General del Agua, Ministerio para la Transición Ecológica y el Reto Demográfico)",
            "url": "https://www.miteco.gob.es/content/dam/miteco/es/agua/temas/evaluacion-de-los-recursos-hidricos/boletin-hidrologico/Historico-de-embalses/BD-Embalses.zip",
            "fecha": "2026-08-04",
            "archivo": "fuentes/2026-08-07_miteco_bd-embalses-boletin-hidrologico-1988-2026.zip"
          },
          {
            "id": "f2",
            "tipo": "primaria",
            "titulo": "Nomenclátor Geográfico Básico de España — Instituto Geográfico Nacional",
            "url": "https://api-features.ign.es/collections/namedplace/items",
            "fecha": "2026-08-07",
            "archivo": "fuentes/2026-08-07_ign_ngbe-toponimos-embalses.json"
          }
        ]
      }
    },
    {
      "type": "Feature",
      "id": "agua-embalsada:riveradegata-tajo",
      "geometry": {
        "type": "Point",
        "coordinates": [
          -6.63312,
          40.13489
        ]
      },
      "properties": {
        "slug": "riveradegata-tajo",
        "nombre": "Embalse de Rivera de Gata",
        "categoria": "embalse",
        "descripcion": "Capacidad de 49 hm³ y 25 hm³ embalsados según el parte de 2026-08-04 del Boletín Hidrológico. Demarcación: Tajo.",
        "estado_registro": "vigente",
        "verif": "confirmado",
        "geo_precision": "paraje",
        "geo_fuente": "«Embalse de la Rivera de Gata» en el Nomenclátor Geográfico Básico de España",
        "geo_fuente__v": "confirmado",
        "geo_fuente__f": "f2",
        "fecha_alta": "2026-08-07",
        "fecha_verificacion": "2026-08-07",
        "demarcacion": "Tajo",
        "capacidad_hm3": 49.0,
        "capacidad_hm3__v": "confirmado",
        "capacidad_hm3__f": "f1",
        "agua_actual_hm3": 25.0,
        "agua_actual_hm3__v": "confirmado",
        "agua_actual_hm3__f": "f1",
        "fecha_dato": "2026-08-04",
        "hidroelectrico": false,
        "claves": [],
        "fuentes": [
          {
            "id": "f1",
            "tipo": "primaria",
            "titulo": "Boletín Hidrológico Semanal — histórico de embalses 1988-2026 (Dirección General del Agua, Ministerio para la Transición Ecológica y el Reto Demográfico)",
            "url": "https://www.miteco.gob.es/content/dam/miteco/es/agua/temas/evaluacion-de-los-recursos-hidricos/boletin-hidrologico/Historico-de-embalses/BD-Embalses.zip",
            "fecha": "2026-08-04",
            "archivo": "fuentes/2026-08-07_miteco_bd-embalses-boletin-hidrologico-1988-2026.zip"
          },
          {
            "id": "f2",
            "tipo": "primaria",
            "titulo": "Nomenclátor Geográfico Básico de España — Instituto Geográfico Nacional",
            "url": "https://api-features.ign.es/collections/namedplace/items",
            "fecha": "2026-08-07",
            "archivo": "fuentes/2026-08-07_ign_ngbe-toponimos-embalses.json"
          }
        ]
      }
    },
    {
      "type": "Feature",
      "id": "agua-embalsada:rosarito-tajo",
      "geometry": {
        "type": "Point",
        "coordinates": [
          -5.32379,
          40.11011
        ]
      },
      "properties": {
        "slug": "rosarito-tajo",
        "nombre": "Embalse de Rosarito",
        "categoria": "embalse",
        "descripcion": "Capacidad de 82 hm³ y 39 hm³ embalsados según el parte de 2026-08-04 del Boletín Hidrológico. Demarcación: Tajo.",
        "estado_registro": "vigente",
        "verif": "confirmado",
        "geo_precision": "paraje",
        "geo_fuente": "«Embalse de Rosarito» en el Nomenclátor Geográfico Básico de España",
        "geo_fuente__v": "confirmado",
        "geo_fuente__f": "f2",
        "fecha_alta": "2026-08-07",
        "fecha_verificacion": "2026-08-07",
        "demarcacion": "Tajo",
        "capacidad_hm3": 82.0,
        "capacidad_hm3__v": "confirmado",
        "capacidad_hm3__f": "f1",
        "agua_actual_hm3": 39.0,
        "agua_actual_hm3__v": "confirmado",
        "agua_actual_hm3__f": "f1",
        "fecha_dato": "2026-08-04",
        "hidroelectrico": false,
        "claves": [],
        "fuentes": [
          {
            "id": "f1",
            "tipo": "primaria",
            "titulo": "Boletín Hidrológico Semanal — histórico de embalses 1988-2026 (Dirección General del Agua, Ministerio para la Transición Ecológica y el Reto Demográfico)",
            "url": "https://www.miteco.gob.es/content/dam/miteco/es/agua/temas/evaluacion-de-los-recursos-hidricos/boletin-hidrologico/Historico-de-embalses/BD-Embalses.zip",
            "fecha": "2026-08-04",
            "archivo": "fuentes/2026-08-07_miteco_bd-embalses-boletin-hidrologico-1988-2026.zip"
          },
          {
            "id": "f2",
            "tipo": "primaria",
            "titulo": "Nomenclátor Geográfico Básico de España — Instituto Geográfico Nacional",
            "url": "https://api-features.ign.es/collections/namedplace/items",
            "fecha": "2026-08-07",
            "archivo": "fuentes/2026-08-07_ign_ngbe-toponimos-embalses.json"
          }
        ]
      }
    },
    {
      "type": "Feature",
      "id": "agua-embalsada:salor-tajo",
      "geometry": {
        "type": "Point",
        "coordinates": [
          -6.30469,
          39.36432
        ]
      },
      "properties": {
        "slug": "salor-tajo",
        "nombre": "Embalse de Salor",
        "categoria": "embalse",
        "descripcion": "Capacidad de 14 hm³ y 9 hm³ embalsados según el parte de 2026-08-04 del Boletín Hidrológico. Demarcación: Tajo.",
        "estado_registro": "vigente",
        "verif": "confirmado",
        "geo_precision": "paraje",
        "geo_fuente": "«Embalse del Salor» en el Nomenclátor Geográfico Básico de España",
        "geo_fuente__v": "confirmado",
        "geo_fuente__f": "f2",
        "fecha_alta": "2026-08-07",
        "fecha_verificacion": "2026-08-07",
        "demarcacion": "Tajo",
        "capacidad_hm3": 14.0,
        "capacidad_hm3__v": "confirmado",
        "capacidad_hm3__f": "f1",
        "agua_actual_hm3": 9.0,
        "agua_actual_hm3__v": "confirmado",
        "agua_actual_hm3__f": "f1",
        "fecha_dato": "2026-08-04",
        "hidroelectrico": false,
        "claves": [],
        "fuentes": [
          {
            "id": "f1",
            "tipo": "primaria",
            "titulo": "Boletín Hidrológico Semanal — histórico de embalses 1988-2026 (Dirección General del Agua, Ministerio para la Transición Ecológica y el Reto Demográfico)",
            "url": "https://www.miteco.gob.es/content/dam/miteco/es/agua/temas/evaluacion-de-los-recursos-hidricos/boletin-hidrologico/Historico-de-embalses/BD-Embalses.zip",
            "fecha": "2026-08-04",
            "archivo": "fuentes/2026-08-07_miteco_bd-embalses-boletin-hidrologico-1988-2026.zip"
          },
          {
            "id": "f2",
            "tipo": "primaria",
            "titulo": "Nomenclátor Geográfico Básico de España — Instituto Geográfico Nacional",
            "url": "https://api-features.ign.es/collections/namedplace/items",
            "fecha": "2026-08-07",
            "archivo": "fuentes/2026-08-07_ign_ngbe-toponimos-embalses.json"
          }
        ]
      }
    },
    {
      "type": "Feature",
      "id": "agua-embalsada:sanjuan-tajo",
      "geometry": {
        "type": "Point",
        "coordinates": [
          -4.31201,
          40.37293
        ]
      },
      "properties": {
        "slug": "sanjuan-tajo",
        "nombre": "Embalse de San Juan",
        "categoria": "embalse",
        "descripcion": "Capacidad de 138 hm³ y 114 hm³ embalsados según el parte de 2026-08-04 del Boletín Hidrológico. Demarcación: Tajo.",
        "estado_registro": "vigente",
        "verif": "confirmado",
        "geo_precision": "paraje",
        "geo_fuente": "«Embalse de San Juan» en el Nomenclátor Geográfico Básico de España",
        "geo_fuente__v": "confirmado",
        "geo_fuente__f": "f2",
        "fecha_alta": "2026-08-07",
        "fecha_verificacion": "2026-08-07",
        "demarcacion": "Tajo",
        "capacidad_hm3": 138.0,
        "capacidad_hm3__v": "confirmado",
        "capacidad_hm3__f": "f1",
        "agua_actual_hm3": 114.0,
        "agua_actual_hm3__v": "confirmado",
        "agua_actual_hm3__f": "f1",
        "fecha_dato": "2026-08-04",
        "hidroelectrico": false,
        "claves": [],
        "fuentes": [
          {
            "id": "f1",
            "tipo": "primaria",
            "titulo": "Boletín Hidrológico Semanal — histórico de embalses 1988-2026 (Dirección General del Agua, Ministerio para la Transición Ecológica y el Reto Demográfico)",
            "url": "https://www.miteco.gob.es/content/dam/miteco/es/agua/temas/evaluacion-de-los-recursos-hidricos/boletin-hidrologico/Historico-de-embalses/BD-Embalses.zip",
            "fecha": "2026-08-04",
            "archivo": "fuentes/2026-08-07_miteco_bd-embalses-boletin-hidrologico-1988-2026.zip"
          },
          {
            "id": "f2",
            "tipo": "primaria",
            "titulo": "Nomenclátor Geográfico Básico de España — Instituto Geográfico Nacional",
            "url": "https://api-features.ign.es/collections/namedplace/items",
            "fecha": "2026-08-07",
            "archivo": "fuentes/2026-08-07_ign_ngbe-toponimos-embalses.json"
          }
        ]
      }
    },
    {
      "type": "Feature",
      "id": "agua-embalsada:santillana-tajo",
      "geometry": {
        "type": "Point",
        "coordinates": [
          -3.81769,
          40.70648
        ]
      },
      "properties": {
        "slug": "santillana-tajo",
        "nombre": "Embalse de Santillana",
        "categoria": "embalse",
        "descripcion": "Capacidad de 91 hm³ y 65 hm³ embalsados según el parte de 2026-08-04 del Boletín Hidrológico. Demarcación: Tajo.",
        "estado_registro": "vigente",
        "verif": "confirmado",
        "geo_precision": "paraje",
        "geo_fuente": "«Embalse de Santillana» en el Nomenclátor Geográfico Básico de España",
        "geo_fuente__v": "confirmado",
        "geo_fuente__f": "f2",
        "fecha_alta": "2026-08-07",
        "fecha_verificacion": "2026-08-07",
        "demarcacion": "Tajo",
        "capacidad_hm3": 91.0,
        "capacidad_hm3__v": "confirmado",
        "capacidad_hm3__f": "f1",
        "agua_actual_hm3": 65.0,
        "agua_actual_hm3__v": "confirmado",
        "agua_actual_hm3__f": "f1",
        "fecha_dato": "2026-08-04",
        "hidroelectrico": false,
        "claves": [],
        "fuentes": [
          {
            "id": "f1",
            "tipo": "primaria",
            "titulo": "Boletín Hidrológico Semanal — histórico de embalses 1988-2026 (Dirección General del Agua, Ministerio para la Transición Ecológica y el Reto Demográfico)",
            "url": "https://www.miteco.gob.es/content/dam/miteco/es/agua/temas/evaluacion-de-los-recursos-hidricos/boletin-hidrologico/Historico-de-embalses/BD-Embalses.zip",
            "fecha": "2026-08-04",
            "archivo": "fuentes/2026-08-07_miteco_bd-embalses-boletin-hidrologico-1988-2026.zip"
          },
          {
            "id": "f2",
            "tipo": "primaria",
            "titulo": "Nomenclátor Geográfico Básico de España — Instituto Geográfico Nacional",
            "url": "https://api-features.ign.es/collections/namedplace/items",
            "fecha": "2026-08-07",
            "archivo": "fuentes/2026-08-07_ign_ngbe-toponimos-embalses.json"
          }
        ]
      }
    },
    {
      "type": "Feature",
      "id": "agua-embalsada:tajerala-tajo",
      "geometry": {
        "type": "Point",
        "coordinates": [
          -2.61731,
          40.83929
        ]
      },
      "properties": {
        "slug": "tajerala-tajo",
        "nombre": "Embalse de Tajera, La",
        "categoria": "embalse",
        "descripcion": "Capacidad de 64 hm³ y 39 hm³ embalsados según el parte de 2026-08-04 del Boletín Hidrológico. Demarcación: Tajo.",
        "estado_registro": "vigente",
        "verif": "confirmado",
        "geo_precision": "paraje",
        "geo_fuente": "«Embalse de la Tájera» en el Nomenclátor Geográfico Básico de España",
        "geo_fuente__v": "confirmado",
        "geo_fuente__f": "f2",
        "fecha_alta": "2026-08-07",
        "fecha_verificacion": "2026-08-07",
        "demarcacion": "Tajo",
        "capacidad_hm3": 64.0,
        "capacidad_hm3__v": "confirmado",
        "capacidad_hm3__f": "f1",
        "agua_actual_hm3": 39.0,
        "agua_actual_hm3__v": "confirmado",
        "agua_actual_hm3__f": "f1",
        "fecha_dato": "2026-08-04",
        "hidroelectrico": false,
        "claves": [],
        "fuentes": [
          {
            "id": "f1",
            "tipo": "primaria",
            "titulo": "Boletín Hidrológico Semanal — histórico de embalses 1988-2026 (Dirección General del Agua, Ministerio para la Transición Ecológica y el Reto Demográfico)",
            "url": "https://www.miteco.gob.es/content/dam/miteco/es/agua/temas/evaluacion-de-los-recursos-hidricos/boletin-hidrologico/Historico-de-embalses/BD-Embalses.zip",
            "fecha": "2026-08-04",
            "archivo": "fuentes/2026-08-07_miteco_bd-embalses-boletin-hidrologico-1988-2026.zip"
          },
          {
            "id": "f2",
            "tipo": "primaria",
            "titulo": "Nomenclátor Geográfico Básico de España — Instituto Geográfico Nacional",
            "url": "https://api-features.ign.es/collections/namedplace/items",
            "fecha": "2026-08-07",
            "archivo": "fuentes/2026-08-07_ign_ngbe-toponimos-embalses.json"
          }
        ]
      }
    },
    {
      "type": "Feature",
      "id": "agua-embalsada:vadoel-tajo",
      "geometry": {
        "type": "Point",
        "coordinates": [
          -3.30078,
          41.00372
        ]
      },
      "properties": {
        "slug": "vadoel-tajo",
        "nombre": "Embalse de Vado, El",
        "categoria": "embalse",
        "descripcion": "Capacidad de 56 hm³ y 27 hm³ embalsados según el parte de 2026-08-04 del Boletín Hidrológico. Demarcación: Tajo.",
        "estado_registro": "vigente",
        "verif": "confirmado",
        "geo_precision": "paraje",
        "geo_fuente": "«Embalse del Vado» en el Nomenclátor Geográfico Básico de España",
        "geo_fuente__v": "confirmado",
        "geo_fuente__f": "f2",
        "fecha_alta": "2026-08-07",
        "fecha_verificacion": "2026-08-07",
        "demarcacion": "Tajo",
        "capacidad_hm3": 56.0,
        "capacidad_hm3__v": "confirmado",
        "capacidad_hm3__f": "f1",
        "agua_actual_hm3": 27.0,
        "agua_actual_hm3__v": "confirmado",
        "agua_actual_hm3__f": "f1",
        "fecha_dato": "2026-08-04",
        "hidroelectrico": false,
        "claves": [],
        "fuentes": [
          {
            "id": "f1",
            "tipo": "primaria",
            "titulo": "Boletín Hidrológico Semanal — histórico de embalses 1988-2026 (Dirección General del Agua, Ministerio para la Transición Ecológica y el Reto Demográfico)",
            "url": "https://www.miteco.gob.es/content/dam/miteco/es/agua/temas/evaluacion-de-los-recursos-hidricos/boletin-hidrologico/Historico-de-embalses/BD-Embalses.zip",
            "fecha": "2026-08-04",
            "archivo": "fuentes/2026-08-07_miteco_bd-embalses-boletin-hidrologico-1988-2026.zip"
          },
          {
            "id": "f2",
            "tipo": "primaria",
            "titulo": "Nomenclátor Geográfico Básico de España — Instituto Geográfico Nacional",
            "url": "https://api-features.ign.es/collections/namedplace/items",
            "fecha": "2026-08-07",
            "archivo": "fuentes/2026-08-07_ign_ngbe-toponimos-embalses.json"
          }
        ]
      }
    },
    {
      "type": "Feature",
      "id": "agua-embalsada:valdecanas-tajo",
      "geometry": {
        "type": "Point",
        "coordinates": [
          -5.4837,
          39.80847
        ]
      },
      "properties": {
        "slug": "valdecanas-tajo",
        "nombre": "Embalse de Valdecañas",
        "categoria": "embalse",
        "descripcion": "Capacidad de 1.446 hm³ y 720 hm³ embalsados según el parte de 2026-08-04 del Boletín Hidrológico. Demarcación: Tajo.",
        "estado_registro": "vigente",
        "verif": "confirmado",
        "geo_precision": "paraje",
        "geo_fuente": "«Embalse de Valdecañas» en el Nomenclátor Geográfico Básico de España",
        "geo_fuente__v": "confirmado",
        "geo_fuente__f": "f2",
        "fecha_alta": "2026-08-07",
        "fecha_verificacion": "2026-08-07",
        "demarcacion": "Tajo",
        "capacidad_hm3": 1446.0,
        "capacidad_hm3__v": "confirmado",
        "capacidad_hm3__f": "f1",
        "agua_actual_hm3": 720.0,
        "agua_actual_hm3__v": "confirmado",
        "agua_actual_hm3__f": "f1",
        "fecha_dato": "2026-08-04",
        "hidroelectrico": true,
        "claves": [],
        "fuentes": [
          {
            "id": "f1",
            "tipo": "primaria",
            "titulo": "Boletín Hidrológico Semanal — histórico de embalses 1988-2026 (Dirección General del Agua, Ministerio para la Transición Ecológica y el Reto Demográfico)",
            "url": "https://www.miteco.gob.es/content/dam/miteco/es/agua/temas/evaluacion-de-los-recursos-hidricos/boletin-hidrologico/Historico-de-embalses/BD-Embalses.zip",
            "fecha": "2026-08-04",
            "archivo": "fuentes/2026-08-07_miteco_bd-embalses-boletin-hidrologico-1988-2026.zip"
          },
          {
            "id": "f2",
            "tipo": "primaria",
            "titulo": "Nomenclátor Geográfico Básico de España — Instituto Geográfico Nacional",
            "url": "https://api-features.ign.es/collections/namedplace/items",
            "fecha": "2026-08-07",
            "archivo": "fuentes/2026-08-07_ign_ngbe-toponimos-embalses.json"
          }
        ]
      }
    },
    {
      "type": "Feature",
      "id": "agua-embalsada:valdeobispo-tajo",
      "geometry": {
        "type": "Point",
        "coordinates": [
          -6.17828,
          40.15192
        ]
      },
      "properties": {
        "slug": "valdeobispo-tajo",
        "nombre": "Embalse de Valdeobispo",
        "categoria": "embalse",
        "descripcion": "Capacidad de 53 hm³ y 51 hm³ embalsados según el parte de 2026-08-04 del Boletín Hidrológico. Demarcación: Tajo.",
        "estado_registro": "vigente",
        "verif": "confirmado",
        "geo_precision": "paraje",
        "geo_fuente": "«Embalse de Valdeobispo» en el Nomenclátor Geográfico Básico de España",
        "geo_fuente__v": "confirmado",
        "geo_fuente__f": "f2",
        "fecha_alta": "2026-08-07",
        "fecha_verificacion": "2026-08-07",
        "demarcacion": "Tajo",
        "capacidad_hm3": 53.0,
        "capacidad_hm3__v": "confirmado",
        "capacidad_hm3__f": "f1",
        "agua_actual_hm3": 51.0,
        "agua_actual_hm3__v": "confirmado",
        "agua_actual_hm3__f": "f1",
        "fecha_dato": "2026-08-04",
        "hidroelectrico": false,
        "claves": [],
        "fuentes": [
          {
            "id": "f1",
            "tipo": "primaria",
            "titulo": "Boletín Hidrológico Semanal — histórico de embalses 1988-2026 (Dirección General del Agua, Ministerio para la Transición Ecológica y el Reto Demográfico)",
            "url": "https://www.miteco.gob.es/content/dam/miteco/es/agua/temas/evaluacion-de-los-recursos-hidricos/boletin-hidrologico/Historico-de-embalses/BD-Embalses.zip",
            "fecha": "2026-08-04",
            "archivo": "fuentes/2026-08-07_miteco_bd-embalses-boletin-hidrologico-1988-2026.zip"
          },
          {
            "id": "f2",
            "tipo": "primaria",
            "titulo": "Nomenclátor Geográfico Básico de España — Instituto Geográfico Nacional",
            "url": "https://api-features.ign.es/collections/namedplace/items",
            "fecha": "2026-08-07",
            "archivo": "fuentes/2026-08-07_ign_ngbe-toponimos-embalses.json"
          }
        ]
      }
    },
    {
      "type": "Feature",
      "id": "agua-embalsada:valmayor-tajo",
      "geometry": {
        "type": "Point",
        "coordinates": [
          -4.05682,
          40.54206
        ]
      },
      "properties": {
        "slug": "valmayor-tajo",
        "nombre": "Embalse de Valmayor",
        "categoria": "embalse",
        "descripcion": "Capacidad de 124 hm³ y 93 hm³ embalsados según el parte de 2026-08-04 del Boletín Hidrológico. Demarcación: Tajo.",
        "estado_registro": "vigente",
        "verif": "confirmado",
        "geo_precision": "paraje",
        "geo_fuente": "«Embalse de Valmayor» en el Nomenclátor Geográfico Básico de España",
        "geo_fuente__v": "confirmado",
        "geo_fuente__f": "f2",
        "fecha_alta": "2026-08-07",
        "fecha_verificacion": "2026-08-07",
        "demarcacion": "Tajo",
        "capacidad_hm3": 124.0,
        "capacidad_hm3__v": "confirmado",
        "capacidad_hm3__f": "f1",
        "agua_actual_hm3": 93.0,
        "agua_actual_hm3__v": "confirmado",
        "agua_actual_hm3__f": "f1",
        "fecha_dato": "2026-08-04",
        "hidroelectrico": false,
        "claves": [],
        "fuentes": [
          {
            "id": "f1",
            "tipo": "primaria",
            "titulo": "Boletín Hidrológico Semanal — histórico de embalses 1988-2026 (Dirección General del Agua, Ministerio para la Transición Ecológica y el Reto Demográfico)",
            "url": "https://www.miteco.gob.es/content/dam/miteco/es/agua/temas/evaluacion-de-los-recursos-hidricos/boletin-hidrologico/Historico-de-embalses/BD-Embalses.zip",
            "fecha": "2026-08-04",
            "archivo": "fuentes/2026-08-07_miteco_bd-embalses-boletin-hidrologico-1988-2026.zip"
          },
          {
            "id": "f2",
            "tipo": "primaria",
            "titulo": "Nomenclátor Geográfico Básico de España — Instituto Geográfico Nacional",
            "url": "https://api-features.ign.es/collections/namedplace/items",
            "fecha": "2026-08-07",
            "archivo": "fuentes/2026-08-07_ign_ngbe-toponimos-embalses.json"
          }
        ]
      }
    },
    {
      "type": "Feature",
      "id": "agua-embalsada:villarel-tajo",
      "geometry": {
        "type": "Point",
        "coordinates": [
          -3.56299,
          40.94769
        ]
      },
      "properties": {
        "slug": "villarel-tajo",
        "nombre": "Embalse de Villar, El",
        "categoria": "embalse",
        "descripcion": "Capacidad de 23 hm³ y 19 hm³ embalsados según el parte de 2026-08-04 del Boletín Hidrológico. Demarcación: Tajo.",
        "estado_registro": "vigente",
        "verif": "confirmado",
        "geo_precision": "paraje",
        "geo_fuente": "«Embalse del Villar» en el Nomenclátor Geográfico Básico de España",
        "geo_fuente__v": "confirmado",
        "geo_fuente__f": "f2",
        "fecha_alta": "2026-08-07",
        "fecha_verificacion": "2026-08-07",
        "demarcacion": "Tajo",
        "capacidad_hm3": 23.0,
        "capacidad_hm3__v": "confirmado",
        "capacidad_hm3__f": "f1",
        "agua_actual_hm3": 19.0,
        "agua_actual_hm3__v": "confirmado",
        "agua_actual_hm3__f": "f1",
        "fecha_dato": "2026-08-04",
        "hidroelectrico": false,
        "claves": [],
        "fuentes": [
          {
            "id": "f1",
            "tipo": "primaria",
            "titulo": "Boletín Hidrológico Semanal — histórico de embalses 1988-2026 (Dirección General del Agua, Ministerio para la Transición Ecológica y el Reto Demográfico)",
            "url": "https://www.miteco.gob.es/content/dam/miteco/es/agua/temas/evaluacion-de-los-recursos-hidricos/boletin-hidrologico/Historico-de-embalses/BD-Embalses.zip",
            "fecha": "2026-08-04",
            "archivo": "fuentes/2026-08-07_miteco_bd-embalses-boletin-hidrologico-1988-2026.zip"
          },
          {
            "id": "f2",
            "tipo": "primaria",
            "titulo": "Nomenclátor Geográfico Básico de España — Instituto Geográfico Nacional",
            "url": "https://api-features.ign.es/collections/namedplace/items",
            "fecha": "2026-08-07",
            "archivo": "fuentes/2026-08-07_ign_ngbe-toponimos-embalses.json"
          }
        ]
      }
    },
    {
      "type": "Feature",
      "id": "agua-embalsada:corumbelbajo-tintoodielypie",
      "geometry": {
        "type": "Point",
        "coordinates": [
          -6.56921,
          37.43573
        ]
      },
      "properties": {
        "slug": "corumbelbajo-tintoodielypie",
        "nombre": "Embalse de Corumbel Bajo",
        "categoria": "embalse",
        "descripcion": "Capacidad de 19 hm³ y 15 hm³ embalsados según el parte de 2026-08-04 del Boletín Hidrológico. Demarcación: Tinto, Odiel y Piedras.",
        "estado_registro": "vigente",
        "verif": "confirmado",
        "geo_precision": "paraje",
        "geo_fuente": "«Embalse del Corumbel Bajo» en el Nomenclátor Geográfico Básico de España",
        "geo_fuente__v": "confirmado",
        "geo_fuente__f": "f2",
        "fecha_alta": "2026-08-07",
        "fecha_verificacion": "2026-08-07",
        "demarcacion": "Tinto, Odiel y Piedras",
        "capacidad_hm3": 19.0,
        "capacidad_hm3__v": "confirmado",
        "capacidad_hm3__f": "f1",
        "agua_actual_hm3": 15.0,
        "agua_actual_hm3__v": "confirmado",
        "agua_actual_hm3__f": "f1",
        "fecha_dato": "2026-08-04",
        "hidroelectrico": false,
        "claves": [],
        "fuentes": [
          {
            "id": "f1",
            "tipo": "primaria",
            "titulo": "Boletín Hidrológico Semanal — histórico de embalses 1988-2026 (Dirección General del Agua, Ministerio para la Transición Ecológica y el Reto Demográfico)",
            "url": "https://www.miteco.gob.es/content/dam/miteco/es/agua/temas/evaluacion-de-los-recursos-hidricos/boletin-hidrologico/Historico-de-embalses/BD-Embalses.zip",
            "fecha": "2026-08-04",
            "archivo": "fuentes/2026-08-07_miteco_bd-embalses-boletin-hidrologico-1988-2026.zip"
          },
          {
            "id": "f2",
            "tipo": "primaria",
            "titulo": "Nomenclátor Geográfico Básico de España — Instituto Geográfico Nacional",
            "url": "https://api-features.ign.es/collections/namedplace/items",
            "fecha": "2026-08-07",
            "archivo": "fuentes/2026-08-07_ign_ngbe-toponimos-embalses.json"
          }
        ]
      }
    },
    {
      "type": "Feature",
      "id": "agua-embalsada:jarrama-tintoodielypie",
      "geometry": {
        "type": "Point",
        "coordinates": [
          -6.50079,
          37.67371
        ]
      },
      "properties": {
        "slug": "jarrama-tintoodielypie",
        "nombre": "Embalse de Jarrama",
        "categoria": "embalse",
        "descripcion": "Capacidad de 43 hm³ y 31 hm³ embalsados según el parte de 2026-08-04 del Boletín Hidrológico. Demarcación: Tinto, Odiel y Piedras.",
        "estado_registro": "vigente",
        "verif": "confirmado",
        "geo_precision": "paraje",
        "geo_fuente": "«Embalse del Jarrama» en el Nomenclátor Geográfico Básico de España",
        "geo_fuente__v": "confirmado",
        "geo_fuente__f": "f2",
        "fecha_alta": "2026-08-07",
        "fecha_verificacion": "2026-08-07",
        "demarcacion": "Tinto, Odiel y Piedras",
        "capacidad_hm3": 43.0,
        "capacidad_hm3__v": "confirmado",
        "capacidad_hm3__f": "f1",
        "agua_actual_hm3": 31.0,
        "agua_actual_hm3__v": "confirmado",
        "agua_actual_hm3__f": "f1",
        "fecha_dato": "2026-08-04",
        "hidroelectrico": false,
        "claves": [],
        "fuentes": [
          {
            "id": "f1",
            "tipo": "primaria",
            "titulo": "Boletín Hidrológico Semanal — histórico de embalses 1988-2026 (Dirección General del Agua, Ministerio para la Transición Ecológica y el Reto Demográfico)",
            "url": "https://www.miteco.gob.es/content/dam/miteco/es/agua/temas/evaluacion-de-los-recursos-hidricos/boletin-hidrologico/Historico-de-embalses/BD-Embalses.zip",
            "fecha": "2026-08-04",
            "archivo": "fuentes/2026-08-07_miteco_bd-embalses-boletin-hidrologico-1988-2026.zip"
          },
          {
            "id": "f2",
            "tipo": "primaria",
            "titulo": "Nomenclátor Geográfico Básico de España — Instituto Geográfico Nacional",
            "url": "https://api-features.ign.es/collections/namedplace/items",
            "fecha": "2026-08-07",
            "archivo": "fuentes/2026-08-07_ign_ngbe-toponimos-embalses.json"
          }
        ]
      }
    },
    {
      "type": "Feature",
      "id": "agua-embalsada:losmachos-tintoodielypie",
      "geometry": {
        "type": "Point",
        "coordinates": [
          -7.22089,
          37.3233
        ]
      },
      "properties": {
        "slug": "losmachos-tintoodielypie",
        "nombre": "Embalse de Los Machos",
        "categoria": "embalse",
        "descripcion": "Capacidad de 12 hm³ y 4 hm³ embalsados según el parte de 2026-08-04 del Boletín Hidrológico. Demarcación: Tinto, Odiel y Piedras.",
        "estado_registro": "vigente",
        "verif": "confirmado",
        "geo_precision": "paraje",
        "geo_fuente": "«Embalse de los Machos» en el Nomenclátor Geográfico Básico de España",
        "geo_fuente__v": "confirmado",
        "geo_fuente__f": "f2",
        "fecha_alta": "2026-08-07",
        "fecha_verificacion": "2026-08-07",
        "demarcacion": "Tinto, Odiel y Piedras",
        "capacidad_hm3": 12.0,
        "capacidad_hm3__v": "confirmado",
        "capacidad_hm3__f": "f1",
        "agua_actual_hm3": 4.0,
        "agua_actual_hm3__v": "confirmado",
        "agua_actual_hm3__f": "f1",
        "fecha_dato": "2026-08-04",
        "hidroelectrico": false,
        "claves": [],
        "fuentes": [
          {
            "id": "f1",
            "tipo": "primaria",
            "titulo": "Boletín Hidrológico Semanal — histórico de embalses 1988-2026 (Dirección General del Agua, Ministerio para la Transición Ecológica y el Reto Demográfico)",
            "url": "https://www.miteco.gob.es/content/dam/miteco/es/agua/temas/evaluacion-de-los-recursos-hidricos/boletin-hidrologico/Historico-de-embalses/BD-Embalses.zip",
            "fecha": "2026-08-04",
            "archivo": "fuentes/2026-08-07_miteco_bd-embalses-boletin-hidrologico-1988-2026.zip"
          },
          {
            "id": "f2",
            "tipo": "primaria",
            "titulo": "Nomenclátor Geográfico Básico de España — Instituto Geográfico Nacional",
            "url": "https://api-features.ign.es/collections/namedplace/items",
            "fecha": "2026-08-07",
            "archivo": "fuentes/2026-08-07_ign_ngbe-toponimos-embalses.json"
          }
        ]
      }
    },
    {
      "type": "Feature",
      "id": "agua-embalsada:odiel-tintoodielypie",
      "geometry": {
        "type": "Point",
        "coordinates": [
          -6.6167,
          37.7915
        ]
      },
      "properties": {
        "slug": "odiel-tintoodielypie",
        "nombre": "Embalse de Odiel",
        "categoria": "embalse",
        "descripcion": "Capacidad de 8 hm³ y 7 hm³ embalsados según el parte de 2026-08-04 del Boletín Hidrológico. Demarcación: Tinto, Odiel y Piedras.",
        "estado_registro": "vigente",
        "verif": "confirmado",
        "geo_precision": "paraje",
        "geo_fuente": "«Embalse del Odiel-Perejil» en el Nomenclátor Geográfico Básico de España",
        "geo_fuente__v": "confirmado",
        "geo_fuente__f": "f2",
        "fecha_alta": "2026-08-07",
        "fecha_verificacion": "2026-08-07",
        "demarcacion": "Tinto, Odiel y Piedras",
        "capacidad_hm3": 8.0,
        "capacidad_hm3__v": "confirmado",
        "capacidad_hm3__f": "f1",
        "agua_actual_hm3": 7.0,
        "agua_actual_hm3__v": "confirmado",
        "agua_actual_hm3__f": "f1",
        "fecha_dato": "2026-08-04",
        "hidroelectrico": false,
        "claves": [],
        "fuentes": [
          {
            "id": "f1",
            "tipo": "primaria",
            "titulo": "Boletín Hidrológico Semanal — histórico de embalses 1988-2026 (Dirección General del Agua, Ministerio para la Transición Ecológica y el Reto Demográfico)",
            "url": "https://www.miteco.gob.es/content/dam/miteco/es/agua/temas/evaluacion-de-los-recursos-hidricos/boletin-hidrologico/Historico-de-embalses/BD-Embalses.zip",
            "fecha": "2026-08-04",
            "archivo": "fuentes/2026-08-07_miteco_bd-embalses-boletin-hidrologico-1988-2026.zip"
          },
          {
            "id": "f2",
            "tipo": "primaria",
            "titulo": "Nomenclátor Geográfico Básico de España — Instituto Geográfico Nacional",
            "url": "https://api-features.ign.es/collections/namedplace/items",
            "fecha": "2026-08-07",
            "archivo": "fuentes/2026-08-07_ign_ngbe-toponimos-embalses.json"
          }
        ]
      }
    },
    {
      "type": "Feature",
      "id": "agua-embalsada:piedras-tintoodielypie",
      "geometry": {
        "type": "Point",
        "coordinates": [
          -7.26977,
          37.38373
        ]
      },
      "properties": {
        "slug": "piedras-tintoodielypie",
        "nombre": "Embalse de Piedras",
        "categoria": "embalse",
        "descripcion": "Capacidad de 60 hm³ y 45 hm³ embalsados según el parte de 2026-08-04 del Boletín Hidrológico. Demarcación: Tinto, Odiel y Piedras.",
        "estado_registro": "vigente",
        "verif": "confirmado",
        "geo_precision": "paraje",
        "geo_fuente": "«Embalse del Piedras» en el Nomenclátor Geográfico Básico de España",
        "geo_fuente__v": "confirmado",
        "geo_fuente__f": "f2",
        "fecha_alta": "2026-08-07",
        "fecha_verificacion": "2026-08-07",
        "demarcacion": "Tinto, Odiel y Piedras",
        "capacidad_hm3": 60.0,
        "capacidad_hm3__v": "confirmado",
        "capacidad_hm3__f": "f1",
        "agua_actual_hm3": 45.0,
        "agua_actual_hm3__v": "confirmado",
        "agua_actual_hm3__f": "f1",
        "fecha_dato": "2026-08-04",
        "hidroelectrico": false,
        "claves": [],
        "fuentes": [
          {
            "id": "f1",
            "tipo": "primaria",
            "titulo": "Boletín Hidrológico Semanal — histórico de embalses 1988-2026 (Dirección General del Agua, Ministerio para la Transición Ecológica y el Reto Demográfico)",
            "url": "https://www.miteco.gob.es/content/dam/miteco/es/agua/temas/evaluacion-de-los-recursos-hidricos/boletin-hidrologico/Historico-de-embalses/BD-Embalses.zip",
            "fecha": "2026-08-04",
            "archivo": "fuentes/2026-08-07_miteco_bd-embalses-boletin-hidrologico-1988-2026.zip"
          },
          {
            "id": "f2",
            "tipo": "primaria",
            "titulo": "Nomenclátor Geográfico Básico de España — Instituto Geográfico Nacional",
            "url": "https://api-features.ign.es/collections/namedplace/items",
            "fecha": "2026-08-07",
            "archivo": "fuentes/2026-08-07_ign_ngbe-toponimos-embalses.json"
          }
        ]
      }
    },
    {
      "type": "Feature",
      "id": "agua-embalsada:sancho-tintoodielypie",
      "geometry": {
        "type": "Point",
        "coordinates": [
          -7.0213,
          37.47888
        ]
      },
      "properties": {
        "slug": "sancho-tintoodielypie",
        "nombre": "Embalse de Sancho",
        "categoria": "embalse",
        "descripcion": "Capacidad de 58 hm³ y 48 hm³ embalsados según el parte de 2026-08-04 del Boletín Hidrológico. Demarcación: Tinto, Odiel y Piedras.",
        "estado_registro": "vigente",
        "verif": "confirmado",
        "geo_precision": "paraje",
        "geo_fuente": "«Embalse de Sancho» en el Nomenclátor Geográfico Básico de España",
        "geo_fuente__v": "confirmado",
        "geo_fuente__f": "f2",
        "fecha_alta": "2026-08-07",
        "fecha_verificacion": "2026-08-07",
        "demarcacion": "Tinto, Odiel y Piedras",
        "capacidad_hm3": 58.0,
        "capacidad_hm3__v": "confirmado",
        "capacidad_hm3__f": "f1",
        "agua_actual_hm3": 48.0,
        "agua_actual_hm3__v": "confirmado",
        "agua_actual_hm3__f": "f1",
        "fecha_dato": "2026-08-04",
        "hidroelectrico": false,
        "claves": [],
        "fuentes": [
          {
            "id": "f1",
            "tipo": "primaria",
            "titulo": "Boletín Hidrológico Semanal — histórico de embalses 1988-2026 (Dirección General del Agua, Ministerio para la Transición Ecológica y el Reto Demográfico)",
            "url": "https://www.miteco.gob.es/content/dam/miteco/es/agua/temas/evaluacion-de-los-recursos-hidricos/boletin-hidrologico/Historico-de-embalses/BD-Embalses.zip",
            "fecha": "2026-08-04",
            "archivo": "fuentes/2026-08-07_miteco_bd-embalses-boletin-hidrologico-1988-2026.zip"
          },
          {
            "id": "f2",
            "tipo": "primaria",
            "titulo": "Nomenclátor Geográfico Básico de España — Instituto Geográfico Nacional",
            "url": "https://api-features.ign.es/collections/namedplace/items",
            "fecha": "2026-08-07",
            "archivo": "fuentes/2026-08-07_ign_ngbe-toponimos-embalses.json"
          }
        ]
      }
    }
  ]
}
