{
  "type": "FeatureCollection",
  "atlas": {
    "capa": "hidrogeno-red",
    "schema_version": "1.16.0",
    "verificado_a": "2026-08-06"
  },
  "features": [
    {
      "type": "Feature",
      "id": "hidrogeno-red:celza",
      "geometry": {
        "type": "MultiLineString",
        "coordinates": [
          [
            [
              -7.37584,
              40.66105
            ],
            [
              -7.37432,
              40.66187
            ],
            [
              -7.37354,
              40.66327
            ],
            [
              -7.36891,
              40.66703
            ],
            [
              -7.35659,
              40.67147
            ],
            [
              -7.34458,
              40.68364
            ],
            [
              -7.33958,
              40.68529
            ],
            [
              -7.336,
              40.69059
            ],
            [
              -7.33213,
              40.70545
            ],
            [
              -7.30899,
              40.71351
            ],
            [
              -7.30174,
              40.72481
            ],
            [
              -7.28887,
              40.72804
            ],
            [
              -7.28701,
              40.73645
            ],
            [
              -7.28294,
              40.75557
            ],
            [
              -7.2785,
              40.75963
            ],
            [
              -7.27608,
              40.77521
            ],
            [
              -7.27471,
              40.77846
            ],
            [
              -7.27416,
              40.78195
            ],
            [
              -7.26854,
              40.79064
            ],
            [
              -7.26721,
              40.80078
            ],
            [
              -7.25,
              40.81037
            ],
            [
              -7.25032,
              40.82329
            ],
            [
              -7.25314,
              40.82815
            ],
            [
              -7.25284,
              40.83265
            ],
            [
              -7.25068,
              40.83879
            ],
            [
              -7.24364,
              40.84803
            ],
            [
              -7.23586,
              40.85994
            ],
            [
              -7.236,
              40.86097
            ],
            [
              -7.22943,
              40.86824
            ],
            [
              -7.21578,
              40.88182
            ],
            [
              -7.20937,
              40.89081
            ],
            [
              -7.20981,
              40.90059
            ],
            [
              -7.21072,
              40.91537
            ],
            [
              -7.21296,
              40.91687
            ],
            [
              -7.2105,
              40.91909
            ],
            [
              -7.20882,
              40.92077
            ],
            [
              -7.20626,
              40.92398
            ],
            [
              -7.20491,
              40.92578
            ],
            [
              -7.20006,
              40.93185
            ],
            [
              -7.19945,
              40.93286
            ],
            [
              -7.1992,
              40.9332
            ],
            [
              -7.1984,
              40.93332
            ],
            [
              -7.19783,
              40.93349
            ],
            [
              -7.19705,
              40.93544
            ],
            [
              -7.19683,
              40.93691
            ],
            [
              -7.19668,
              40.93867
            ],
            [
              -7.19721,
              40.94016
            ],
            [
              -7.19712,
              40.94081
            ],
            [
              -7.19656,
              40.94231
            ],
            [
              -7.19603,
              40.94377
            ],
            [
              -7.19542,
              40.94588
            ],
            [
              -7.19328,
              40.95283
            ],
            [
              -7.19269,
              40.95444
            ],
            [
              -7.19204,
              40.95704
            ],
            [
              -7.19168,
              40.95939
            ],
            [
              -7.19211,
              40.96046
            ],
            [
              -7.19316,
              40.9624
            ],
            [
              -7.19473,
              40.96418
            ],
            [
              -7.19564,
              40.96555
            ],
            [
              -7.19693,
              40.967
            ],
            [
              -7.19697,
              40.96709
            ],
            [
              -7.19733,
              40.9694
            ],
            [
              -7.19807,
              40.96967
            ],
            [
              -7.19803,
              40.9721
            ],
            [
              -7.19764,
              40.97471
            ],
            [
              -7.19793,
              40.97805
            ],
            [
              -7.19779,
              40.98082
            ],
            [
              -7.19754,
              40.98377
            ],
            [
              -7.19691,
              40.98624
            ],
            [
              -7.19583,
              40.98764
            ],
            [
              -7.19463,
              40.98853
            ],
            [
              -7.19315,
              40.98965
            ],
            [
              -7.19163,
              40.9916
            ],
            [
              -7.19153,
              40.99177
            ],
            [
              -7.19019,
              40.99367
            ],
            [
              -7.18867,
              40.9998
            ],
            [
              -7.18852,
              41.00029
            ],
            [
              -7.18837,
              41.00088
            ],
            [
              -7.18781,
              41.00234
            ],
            [
              -7.18862,
              41.003
            ],
            [
              -7.18784,
              41.0049
            ],
            [
              -7.18706,
              41.00834
            ],
            [
              -7.18643,
              41.01
            ],
            [
              -7.18609,
              41.01134
            ],
            [
              -7.18553,
              41.01261
            ],
            [
              -7.18425,
              41.01509
            ],
            [
              -7.18339,
              41.01827
            ],
            [
              -7.18272,
              41.02042
            ],
            [
              -7.18176,
              41.02357
            ],
            [
              -7.18179,
              41.02969
            ],
            [
              -7.18144,
              41.03148
            ],
            [
              -7.1803,
              41.03449
            ],
            [
              -7.17922,
              41.03722
            ],
            [
              -7.17812,
              41.03982
            ],
            [
              -7.17664,
              41.04261
            ],
            [
              -7.17585,
              41.04461
            ],
            [
              -7.17342,
              41.04931
            ],
            [
              -7.17106,
              41.0536
            ],
            [
              -7.17052,
              41.05504
            ],
            [
              -7.16896,
              41.05634
            ],
            [
              -7.16508,
              41.06289
            ],
            [
              -7.16168,
              41.06896
            ],
            [
              -7.16124,
              41.07062
            ],
            [
              -7.16247,
              41.07234
            ],
            [
              -7.16306,
              41.07377
            ],
            [
              -7.15786,
              41.08592
            ],
            [
              -7.15321,
              41.08978
            ],
            [
              -7.14769,
              41.09781
            ],
            [
              -7.14612,
              41.09972
            ],
            [
              -7.1433,
              41.10456
            ],
            [
              -7.13717,
              41.11037
            ],
            [
              -7.13613,
              41.12142
            ],
            [
              -7.13603,
              41.12339
            ],
            [
              -7.13616,
              41.12509
            ],
            [
              -7.13458,
              41.12654
            ],
            [
              -7.13233,
              41.12642
            ],
            [
              -7.12978,
              41.12604
            ],
            [
              -7.12746,
              41.12654
            ],
            [
              -7.12497,
              41.12632
            ],
            [
              -7.12316,
              41.12748
            ],
            [
              -7.12086,
              41.12928
            ],
            [
              -7.11909,
              41.12829
            ],
            [
              -7.11626,
              41.12836
            ],
            [
              -7.11311,
              41.12687
            ],
            [
              -7.10983,
              41.12661
            ],
            [
              -7.10557,
              41.12749
            ],
            [
              -7.10679,
              41.13226
            ],
            [
              -7.10574,
              41.13471
            ],
            [
              -7.10937,
              41.13784
            ],
            [
              -7.11081,
              41.14019
            ],
            [
              -7.11223,
              41.1415
            ],
            [
              -7.11344,
              41.14391
            ],
            [
              -7.11197,
              41.14581
            ],
            [
              -7.11032,
              41.14691
            ],
            [
              -7.10718,
              41.14873
            ],
            [
              -7.107,
              41.14916
            ],
            [
              -7.10699,
              41.14916
            ],
            [
              -7.10679,
              41.14963
            ],
            [
              -7.10623,
              41.15068
            ],
            [
              -7.10513,
              41.15167
            ],
            [
              -7.10483,
              41.15218
            ],
            [
              -7.10493,
              41.15424
            ],
            [
              -7.10608,
              41.15728
            ],
            [
              -7.10708,
              41.15817
            ],
            [
              -7.10801,
              41.1589
            ],
            [
              -7.10847,
              41.16016
            ],
            [
              -7.10868,
              41.16068
            ],
            [
              -7.10908,
              41.16279
            ],
            [
              -7.10869,
              41.16558
            ],
            [
              -7.10825,
              41.16805
            ],
            [
              -7.10771,
              41.16886
            ],
            [
              -7.10717,
              41.17025
            ],
            [
              -7.10661,
              41.17183
            ],
            [
              -7.10573,
              41.17253
            ],
            [
              -7.1053,
              41.1735
            ],
            [
              -7.10544,
              41.17408
            ],
            [
              -7.10584,
              41.17491
            ],
            [
              -7.10572,
              41.17545
            ],
            [
              -7.10495,
              41.17639
            ],
            [
              -7.10338,
              41.17897
            ],
            [
              -7.10279,
              41.18041
            ],
            [
              -7.10243,
              41.18146
            ],
            [
              -7.10178,
              41.1831
            ],
            [
              -7.10092,
              41.18507
            ],
            [
              -7.10069,
              41.18588
            ],
            [
              -7.10028,
              41.1871
            ],
            [
              -7.10023,
              41.1882
            ],
            [
              -7.10083,
              41.18918
            ],
            [
              -7.10196,
              41.1901
            ],
            [
              -7.10284,
              41.19124
            ],
            [
              -7.1038,
              41.1921
            ],
            [
              -7.1047,
              41.19286
            ],
            [
              -7.10594,
              41.19351
            ],
            [
              -7.10734,
              41.19379
            ],
            [
              -7.10813,
              41.19432
            ],
            [
              -7.1096,
              41.19653
            ],
            [
              -7.10933,
              41.19754
            ],
            [
              -7.10674,
              41.19941
            ],
            [
              -7.10549,
              41.20035
            ],
            [
              -7.10472,
              41.20135
            ],
            [
              -7.10476,
              41.20251
            ],
            [
              -7.10354,
              41.20426
            ],
            [
              -7.1021,
              41.20495
            ],
            [
              -7.10039,
              41.20621
            ],
            [
              -7.09955,
              41.20758
            ],
            [
              -7.09923,
              41.21015
            ],
            [
              -7.09856,
              41.21182
            ],
            [
              -7.09708,
              41.21544
            ],
            [
              -7.09609,
              41.217
            ],
            [
              -7.09398,
              41.21848
            ],
            [
              -7.09469,
              41.22058
            ],
            [
              -7.09586,
              41.22343
            ],
            [
              -7.09566,
              41.22732
            ],
            [
              -7.09584,
              41.2297
            ],
            [
              -7.09499,
              41.23089
            ],
            [
              -7.09533,
              41.23488
            ],
            [
              -7.09473,
              41.23928
            ],
            [
              -7.09124,
              41.24252
            ],
            [
              -7.0913,
              41.24732
            ],
            [
              -7.08931,
              41.25351
            ],
            [
              -7.08891,
              41.25792
            ],
            [
              -7.08746,
              41.26111
            ],
            [
              -7.0881,
              41.26732
            ],
            [
              -7.09078,
              41.26986
            ],
            [
              -7.09144,
              41.27193
            ],
            [
              -7.08971,
              41.27371
            ],
            [
              -7.08874,
              41.27522
            ],
            [
              -7.08921,
              41.27772
            ],
            [
              -7.08825,
              41.27952
            ],
            [
              -7.08218,
              41.28237
            ],
            [
              -7.08225,
              41.28424
            ],
            [
              -7.07886,
              41.2902
            ],
            [
              -7.07931,
              41.29361
            ],
            [
              -7.07595,
              41.29601
            ],
            [
              -7.08169,
              41.30116
            ],
            [
              -7.08319,
              41.30276
            ],
            [
              -7.08531,
              41.30436
            ],
            [
              -7.09106,
              41.30652
            ],
            [
              -7.09389,
              41.30823
            ],
            [
              -7.09609,
              41.31709
            ],
            [
              -7.09704,
              41.31968
            ],
            [
              -7.09873,
              41.32171
            ],
            [
              -7.0986,
              41.32466
            ],
            [
              -7.10008,
              41.32911
            ],
            [
              -7.10102,
              41.33124
            ],
            [
              -7.10272,
              41.33308
            ],
            [
              -7.11123,
              41.34633
            ],
            [
              -7.10418,
              41.35686
            ],
            [
              -7.10523,
              41.36022
            ],
            [
              -7.10717,
              41.36344
            ],
            [
              -7.09987,
              41.37437
            ],
            [
              -7.09747,
              41.38117
            ],
            [
              -7.08751,
              41.40734
            ],
            [
              -7.07585,
              41.41629
            ],
            [
              -7.06872,
              41.41996
            ],
            [
              -7.06126,
              41.42424
            ],
            [
              -7.06059,
              41.43296
            ],
            [
              -7.06464,
              41.44082
            ],
            [
              -7.0643,
              41.44829
            ],
            [
              -7.0646,
              41.45194
            ],
            [
              -7.06341,
              41.45376
            ],
            [
              -7.05653,
              41.45802
            ],
            [
              -7.05345,
              41.45967
            ],
            [
              -7.04919,
              41.46241
            ],
            [
              -7.04241,
              41.46665
            ],
            [
              -7.03295,
              41.47069
            ],
            [
              -7.02442,
              41.48058
            ],
            [
              -7.01698,
              41.48946
            ],
            [
              -7.01355,
              41.49592
            ],
            [
              -7.01857,
              41.50067
            ],
            [
              -7.01595,
              41.50594
            ],
            [
              -7.01078,
              41.51467
            ],
            [
              -6.99819,
              41.5308
            ],
            [
              -7.00043,
              41.53585
            ],
            [
              -7.00051,
              41.53717
            ],
            [
              -6.99984,
              41.53903
            ],
            [
              -6.99874,
              41.54195
            ],
            [
              -6.99825,
              41.54369
            ],
            [
              -6.99785,
              41.54721
            ],
            [
              -6.99801,
              41.5528
            ],
            [
              -6.99498,
              41.55546
            ],
            [
              -6.98741,
              41.55971
            ],
            [
              -6.9821,
              41.56294
            ],
            [
              -6.97665,
              41.56564
            ],
            [
              -6.97313,
              41.57267
            ],
            [
              -6.96918,
              41.57414
            ],
            [
              -6.96886,
              41.59282
            ],
            [
              -6.9549,
              41.60025
            ],
            [
              -6.94126,
              41.60194
            ],
            [
              -6.91847,
              41.60205
            ],
            [
              -6.90786,
              41.60291
            ],
            [
              -6.90357,
              41.60347
            ],
            [
              -6.89841,
              41.60583
            ],
            [
              -6.89348,
              41.60518
            ],
            [
              -6.86722,
              41.61138
            ],
            [
              -6.85673,
              41.60934
            ],
            [
              -6.85323,
              41.60928
            ],
            [
              -6.84564,
              41.60758
            ],
            [
              -6.84059,
              41.60872
            ],
            [
              -6.8351,
              41.61048
            ],
            [
              -6.83344,
              41.60988
            ],
            [
              -6.82822,
              41.61171
            ],
            [
              -6.82466,
              41.61217
            ],
            [
              -6.81055,
              41.61048
            ],
            [
              -6.79713,
              41.61173
            ],
            [
              -6.78737,
              41.61519
            ],
            [
              -6.78304,
              41.61421
            ],
            [
              -6.76657,
              41.61101
            ],
            [
              -6.7531,
              41.60868
            ],
            [
              -6.7468,
              41.60843
            ],
            [
              -6.73159,
              41.61139
            ],
            [
              -6.71724,
              41.61503
            ],
            [
              -6.70444,
              41.61377
            ],
            [
              -6.69916,
              41.61444
            ],
            [
              -6.6946,
              41.61508
            ],
            [
              -6.6871,
              41.61616
            ],
            [
              -6.67744,
              41.61789
            ],
            [
              -6.67267,
              41.61924
            ],
            [
              -6.66672,
              41.62118
            ],
            [
              -6.66121,
              41.62314
            ],
            [
              -6.65345,
              41.62041
            ],
            [
              -6.64701,
              41.62248
            ],
            [
              -6.63777,
              41.62095
            ],
            [
              -6.63395,
              41.62126
            ],
            [
              -6.63321,
              41.62148
            ],
            [
              -6.63205,
              41.62182
            ],
            [
              -6.62967,
              41.62196
            ],
            [
              -6.62766,
              41.62203
            ],
            [
              -6.62575,
              41.62245
            ],
            [
              -6.62458,
              41.62262
            ],
            [
              -6.62389,
              41.62212
            ],
            [
              -6.621,
              41.6206
            ],
            [
              -6.62032,
              41.62018
            ],
            [
              -6.62003,
              41.61968
            ],
            [
              -6.61738,
              41.61852
            ],
            [
              -6.61598,
              41.61809
            ],
            [
              -6.61467,
              41.61758
            ],
            [
              -6.61395,
              41.6178
            ],
            [
              -6.61376,
              41.61764
            ],
            [
              -6.61315,
              41.61769
            ],
            [
              -6.61193,
              41.61779
            ],
            [
              -6.61127,
              41.6173
            ],
            [
              -6.60839,
              41.61704
            ],
            [
              -6.60774,
              41.61715
            ],
            [
              -6.60472,
              41.61726
            ],
            [
              -6.60377,
              41.61736
            ],
            [
              -6.60149,
              41.61753
            ],
            [
              -6.59863,
              41.61745
            ],
            [
              -6.59587,
              41.61749
            ],
            [
              -6.59327,
              41.61722
            ],
            [
              -6.58899,
              41.61723
            ],
            [
              -6.58579,
              41.61699
            ],
            [
              -6.58423,
              41.61774
            ],
            [
              -6.58346,
              41.61811
            ],
            [
              -6.5819,
              41.61977
            ],
            [
              -6.58113,
              41.62042
            ],
            [
              -6.57942,
              41.62114
            ],
            [
              -6.57786,
              41.62166
            ],
            [
              -6.5738,
              41.62294
            ],
            [
              -6.5723,
              41.62341
            ],
            [
              -6.57134,
              41.62367
            ],
            [
              -6.56905,
              41.62416
            ],
            [
              -6.56705,
              41.62459
            ],
            [
              -6.56611,
              41.62486
            ],
            [
              -6.5629,
              41.62661
            ],
            [
              -6.5609,
              41.62782
            ],
            [
              -6.56015,
              41.62818
            ],
            [
              -6.55902,
              41.62881
            ],
            [
              -6.55768,
              41.62942
            ],
            [
              -6.5562,
              41.63004
            ],
            [
              -6.5553,
              41.63007
            ],
            [
              -6.55449,
              41.63025
            ],
            [
              -6.55275,
              41.63
            ],
            [
              -6.55072,
              41.63046
            ],
            [
              -6.54983,
              41.63045
            ],
            [
              -6.54305,
              41.63065
            ],
            [
              -6.54198,
              41.63054
            ],
            [
              -6.54085,
              41.63083
            ],
            [
              -6.53151,
              41.63127
            ],
            [
              -6.52625,
              41.63134
            ],
            [
              -6.5262,
              41.63134
            ],
            [
              -6.52137,
              41.63242
            ],
            [
              -6.51735,
              41.63293
            ],
            [
              -6.51284,
              41.63413
            ],
            [
              -6.5092,
              41.63426
            ],
            [
              -6.50547,
              41.63606
            ],
            [
              -6.50482,
              41.63743
            ],
            [
              -6.50439,
              41.63887
            ],
            [
              -6.50424,
              41.63963
            ],
            [
              -6.50462,
              41.64259
            ],
            [
              -6.50409,
              41.64449
            ],
            [
              -6.488,
              41.65766
            ]
          ],
          [
            [
              -6.488,
              41.65766
            ],
            [
              -6.48772,
              41.66
            ],
            [
              -6.48428,
              41.66343
            ],
            [
              -6.48215,
              41.66777
            ],
            [
              -6.47031,
              41.67289
            ],
            [
              -6.46286,
              41.67659
            ],
            [
              -6.45955,
              41.6794
            ],
            [
              -6.45863,
              41.68275
            ],
            [
              -6.45601,
              41.68368
            ],
            [
              -6.455,
              41.68698
            ],
            [
              -6.4522,
              41.68891
            ],
            [
              -6.44737,
              41.69003
            ],
            [
              -6.43936,
              41.69065
            ],
            [
              -6.43679,
              41.6899
            ],
            [
              -6.43168,
              41.69039
            ],
            [
              -6.42841,
              41.69318
            ],
            [
              -6.42071,
              41.69478
            ],
            [
              -6.41203,
              41.69658
            ],
            [
              -6.41166,
              41.69952
            ],
            [
              -6.40938,
              41.70243
            ],
            [
              -6.40473,
              41.70549
            ],
            [
              -6.40129,
              41.70766
            ],
            [
              -6.39827,
              41.70926
            ],
            [
              -6.39131,
              41.71089
            ],
            [
              -6.38511,
              41.70902
            ],
            [
              -6.38256,
              41.70681
            ],
            [
              -6.37562,
              41.705
            ],
            [
              -6.3716,
              41.7059
            ],
            [
              -6.36663,
              41.70761
            ],
            [
              -6.3537,
              41.71031
            ],
            [
              -6.34913,
              41.70907
            ],
            [
              -6.34436,
              41.71103
            ],
            [
              -6.33691,
              41.71361
            ],
            [
              -6.32473,
              41.70743
            ],
            [
              -6.31693,
              41.69642
            ],
            [
              -6.30395,
              41.6892
            ],
            [
              -6.30206,
              41.68758
            ],
            [
              -6.28438,
              41.68487
            ],
            [
              -6.28177,
              41.68318
            ],
            [
              -6.27898,
              41.68299
            ],
            [
              -6.27453,
              41.68376
            ],
            [
              -6.25805,
              41.67716
            ],
            [
              -6.24467,
              41.67657
            ],
            [
              -6.23593,
              41.67239
            ],
            [
              -6.22646,
              41.66853
            ],
            [
              -6.22059,
              41.66674
            ],
            [
              -6.19788,
              41.65842
            ],
            [
              -6.19485,
              41.65532
            ],
            [
              -6.19138,
              41.65395
            ],
            [
              -6.18856,
              41.65381
            ],
            [
              -6.18628,
              41.65423
            ],
            [
              -6.18121,
              41.6535
            ],
            [
              -6.1787,
              41.65417
            ],
            [
              -6.16555,
              41.64876
            ],
            [
              -6.15869,
              41.64602
            ],
            [
              -6.14805,
              41.64482
            ],
            [
              -6.13581,
              41.64391
            ],
            [
              -6.12782,
              41.63649
            ],
            [
              -6.12434,
              41.63008
            ],
            [
              -6.11987,
              41.62246
            ],
            [
              -6.11608,
              41.61828
            ],
            [
              -6.10686,
              41.61225
            ],
            [
              -6.10636,
              41.60852
            ],
            [
              -6.0967,
              41.60319
            ],
            [
              -6.08491,
              41.5943
            ],
            [
              -6.08288,
              41.58766
            ],
            [
              -6.07979,
              41.58381
            ],
            [
              -6.07902,
              41.58311
            ],
            [
              -6.07122,
              41.575
            ],
            [
              -6.0656,
              41.5714
            ],
            [
              -6.04826,
              41.56478
            ],
            [
              -6.03169,
              41.55392
            ],
            [
              -6.02568,
              41.55308
            ],
            [
              -6.02146,
              41.55628
            ],
            [
              -6.01884,
              41.55843
            ],
            [
              -6.01228,
              41.56413
            ],
            [
              -6.00663,
              41.56464
            ],
            [
              -5.99647,
              41.56782
            ],
            [
              -5.98958,
              41.56803
            ],
            [
              -5.9863,
              41.57007
            ],
            [
              -5.97857,
              41.56858
            ],
            [
              -5.97655,
              41.56862
            ],
            [
              -5.97119,
              41.57451
            ],
            [
              -5.97032,
              41.57606
            ],
            [
              -5.97007,
              41.57802
            ],
            [
              -5.96873,
              41.58015
            ],
            [
              -5.9608,
              41.58095
            ],
            [
              -5.95768,
              41.58032
            ],
            [
              -5.95029,
              41.58158
            ],
            [
              -5.9463,
              41.58055
            ],
            [
              -5.92728,
              41.57816
            ],
            [
              -5.91514,
              41.57007
            ],
            [
              -5.90965,
              41.56656
            ],
            [
              -5.90821,
              41.56524
            ],
            [
              -5.90351,
              41.56517
            ],
            [
              -5.89911,
              41.56385
            ],
            [
              -5.89574,
              41.56183
            ],
            [
              -5.89256,
              41.55954
            ],
            [
              -5.89244,
              41.55677
            ],
            [
              -5.8913,
              41.5544
            ],
            [
              -5.88943,
              41.55306
            ],
            [
              -5.88634,
              41.55183
            ],
            [
              -5.882,
              41.54923
            ],
            [
              -5.87014,
              41.54704
            ],
            [
              -5.86788,
              41.54557
            ],
            [
              -5.86521,
              41.54249
            ],
            [
              -5.85534,
              41.54073
            ],
            [
              -5.84752,
              41.54136
            ],
            [
              -5.83951,
              41.54518
            ],
            [
              -5.82939,
              41.54967
            ],
            [
              -5.81991,
              41.55256
            ],
            [
              -5.80866,
              41.55787
            ],
            [
              -5.80621,
              41.55831
            ],
            [
              -5.79834,
              41.55882
            ],
            [
              -5.79028,
              41.55856
            ],
            [
              -5.77377,
              41.56029
            ],
            [
              -5.77169,
              41.56026
            ],
            [
              -5.75969,
              41.55913
            ],
            [
              -5.75532,
              41.56008
            ],
            [
              -5.73972,
              41.56039
            ],
            [
              -5.73376,
              41.56054
            ],
            [
              -5.72484,
              41.56077
            ],
            [
              -5.70622,
              41.56125
            ],
            [
              -5.70217,
              41.56078
            ],
            [
              -5.69793,
              41.56104
            ],
            [
              -5.69494,
              41.56095
            ],
            [
              -5.68671,
              41.56092
            ],
            [
              -5.68502,
              41.55931
            ],
            [
              -5.66864,
              41.55932
            ],
            [
              -5.65069,
              41.55951
            ],
            [
              -5.63511,
              41.55862
            ],
            [
              -5.63386,
              41.5593
            ]
          ]
        ]
      },
      "properties": {
        "slug": "celza",
        "nombre": "H2Med/CelZa — interconector de hidrógeno Portugal-España",
        "categoria": "hidroducto",
        "descripcion": "Conducción de hidrógeno entre Celorico da Beira (Portugal) y Zamora, proyecto 9.1.2 de la lista de la Unión y una de las dos mitades del H2Med.",
        "estado_registro": "vigente",
        "verif": "confirmado",
        "geo_precision": "proyectada",
        "geo_fuente": "trazado publicado por la plataforma de transparencia PCI-PMI, el registro que el artículo 23 del Reglamento (UE) 2022/869 obliga a mantener",
        "geo_fuente__v": "confirmado",
        "geo_fuente__f": "f2",
        "fecha_alta": "2026-08-06",
        "fecha_verificacion": "2026-08-06",
        "promotor": "Enagás Infraestructuras de Hidrógeno (ES) · REN - Gasodutos, S.A. (PT)",
        "promotor__v": "confirmado",
        "promotor__f": "f2",
        "pci_codigo": "9.1.2",
        "estado_pci": "Permitting",
        "puesta_en_servicio_prevista": "2032-12-31",
        "puesta_en_servicio_prevista__v": "confirmado",
        "puesta_en_servicio_prevista__f": "f2",
        "fase": "tramitacion",
        "fase__v": "confirmado",
        "fase__f": "f2",
        "longitud_km": 271,
        "longitud_km__v": "confirmado",
        "longitud_km__f": "f2",
        "diametro_mm": 711,
        "diametro_mm__v": "confirmado",
        "diametro_mm__f": "f2",
        "capacidad_mt_anio": 0.75,
        "capacidad_mt_anio__v": "confirmado",
        "capacidad_mt_anio__f": "f2",
        "claves": [
          {
            "k": "Lo que declara la ficha técnica",
            "v": "«El proyecto consiste en desarrollar una interconexión entre Celorico da Beira (PT) y Zamora (ES) […] una conducción de unos 185 km en el tramo portugués y 86 km en España, de 28\" (711 mm) de diámetro, y una estación de compresión de 30 MW en Zamora.»",
            "verif": "confirmado",
            "fuente": "f2"
          },
          {
            "k": "El tramo español cuadra al kilómetro",
            "v": "Los 86 km que declara la ficha para España son exactamente los que mide el tramo español que ella misma dibuja. El portugués mide 166 sobre el elipsoide frente a los 185 declarados: se publica lo declarado, y la diferencia queda dicha aquí.",
            "verif": "confirmado",
            "fuente": "f2"
          },
          {
            "k": "Por qué esta geometría es fuente primaria",
            "v": "La plataforma no es divulgación: el artículo 23 del TEN-E obliga a la Comisión a mantenerla y enumera lo que debe contener, empezando por «información general actualizada, por ejemplo, información geográfica, para cada proyecto de la lista de la Unión». Es el registro, no la nota sobre el registro.",
            "verif": "confirmado",
            "fuente": "f4"
          }
        ],
        "fuentes": [
          {
            "id": "f1",
            "tipo": "primaria",
            "titulo": "Reglamento Delegado (UE) 2026/764 de la Comisión, por el que se modifica el Reglamento (UE) 2022/869 en cuanto a la lista de la Unión de proyectos de interés común y proyectos de interés mutuo (2.ª lista de la Unión)",
            "url": "https://www.boe.es/buscar/doc.php?id=DOUE-L-2026-80523",
            "fecha": "2025-12-01",
            "archivo": "fuentes/2026-08-06_doue_reglamento-2026-764-lista-pci-pmi.html"
          },
          {
            "id": "f2",
            "tipo": "primaria",
            "titulo": "Plataforma de transparencia PCI-PMI (CINEA, Comisión Europea), ficha del proyecto y su representación geográfica",
            "url": "https://ec.europa.eu/energy/infrastructure/transparency_platform/map-viewer/main.html",
            "fecha": "2026-08-06",
            "archivo": "fuentes/2026-08-06_ce_pci-transparencia-hidrogeno-espana.json"
          },
          {
            "id": "f3",
            "tipo": "primaria",
            "titulo": "Resolución de 14 de agosto de 2024, de la Secretaría de Estado de Energía, por la que se publica el Acuerdo del Consejo de Ministros de 30 de julio de 2024, que habilita a Enagás Infraestructuras de Hidrógeno, SLU para el ejercicio provisional de las funciones de desarrollo de los PCI de redes de hidrógeno (BOE-A-2024-19047)",
            "url": "https://www.boe.es/diario_boe/txt.php?id=BOE-A-2024-19047",
            "fecha": "2024-07-30",
            "archivo": "fuentes/2026-08-06_boe_habilitacion-enagas-pci-hidrogeno.html"
          },
          {
            "id": "f4",
            "tipo": "primaria",
            "titulo": "Reglamento (UE) 2022/869 del Parlamento Europeo y del Consejo, relativo a las orientaciones sobre las infraestructuras energéticas transeuropeas (TEN-E); artículo 23, «Información y publicidad»",
            "url": "https://www.boe.es/buscar/doc.php?id=DOUE-L-2022-80836",
            "fecha": "2022-05-30",
            "archivo": "fuentes/2026-08-06_doue_reglamento-2022-869-ten-e.html"
          }
        ],
        "nota": "La geometría es la que publica el registro obligatorio de la Comisión, que advierte de ella misma que «no prejuzga y puede no coincidir con el trazado final del proyecto». Por eso va como «proyectada»: no es un contorno más o menos afinado, es un trazado que el terreno todavía no puede desmentir porque el tubo no existe."
      }
    },
    {
      "type": "Feature",
      "id": "hidrogeno-red:celza-compresion-zamora",
      "geometry": {
        "type": "Point",
        "coordinates": [
          -5.63386,
          41.5593
        ]
      },
      "properties": {
        "slug": "celza-compresion-zamora",
        "nombre": "Estación de compresión de Zamora (H2Med/CelZa)",
        "categoria": "estacion_compresion",
        "descripcion": "La estación de compresión de 30 MW con la que el interconector con Portugal entra en la red española.",
        "estado_registro": "vigente",
        "verif": "confirmado",
        "geo_precision": "proyectada",
        "geo_fuente": "trazado publicado por la plataforma de transparencia PCI-PMI, el registro que el artículo 23 del Reglamento (UE) 2022/869 obliga a mantener",
        "geo_fuente__v": "confirmado",
        "geo_fuente__f": "f2",
        "fecha_alta": "2026-08-06",
        "fecha_verificacion": "2026-08-06",
        "promotor": "Enagás Infraestructuras de Hidrógeno (ES) · REN - Gasodutos, S.A. (PT)",
        "promotor__v": "confirmado",
        "promotor__f": "f2",
        "pci_codigo": "9.1.2",
        "estado_pci": "Permitting",
        "puesta_en_servicio_prevista": "2032-12-31",
        "puesta_en_servicio_prevista__v": "confirmado",
        "puesta_en_servicio_prevista__f": "f2",
        "fase": "tramitacion",
        "fase__v": "confirmado",
        "fase__f": "f2",
        "potencia_mw": 30,
        "potencia_mw__v": "confirmado",
        "potencia_mw__f": "f2",
        "claves": [
          {
            "k": "«En Zamora» es la provincia, no la ciudad",
            "v": "La ficha técnica sitúa esta estación «en Zamora». El punto que la misma fuente publica cae en el término municipal de CORESES, a unos 15 km al nordeste de la capital. Se conserva el nombre que da la fuente y se dice dónde cae su punto: contrastado contra el callejero del IGN.",
            "verif": "confirmado",
            "fuente": "f2"
          },
          {
            "k": "Por qué esta geometría es fuente primaria",
            "v": "La plataforma no es divulgación: el artículo 23 del TEN-E obliga a la Comisión a mantenerla y enumera lo que debe contener, empezando por «información general actualizada, por ejemplo, información geográfica, para cada proyecto de la lista de la Unión». Es el registro, no la nota sobre el registro.",
            "verif": "confirmado",
            "fuente": "f4"
          }
        ],
        "fuentes": [
          {
            "id": "f1",
            "tipo": "primaria",
            "titulo": "Reglamento Delegado (UE) 2026/764 de la Comisión, por el que se modifica el Reglamento (UE) 2022/869 en cuanto a la lista de la Unión de proyectos de interés común y proyectos de interés mutuo (2.ª lista de la Unión)",
            "url": "https://www.boe.es/buscar/doc.php?id=DOUE-L-2026-80523",
            "fecha": "2025-12-01",
            "archivo": "fuentes/2026-08-06_doue_reglamento-2026-764-lista-pci-pmi.html"
          },
          {
            "id": "f2",
            "tipo": "primaria",
            "titulo": "Plataforma de transparencia PCI-PMI (CINEA, Comisión Europea), ficha del proyecto y su representación geográfica",
            "url": "https://ec.europa.eu/energy/infrastructure/transparency_platform/map-viewer/main.html",
            "fecha": "2026-08-06",
            "archivo": "fuentes/2026-08-06_ce_pci-transparencia-hidrogeno-espana.json"
          },
          {
            "id": "f3",
            "tipo": "primaria",
            "titulo": "Resolución de 14 de agosto de 2024, de la Secretaría de Estado de Energía, por la que se publica el Acuerdo del Consejo de Ministros de 30 de julio de 2024, que habilita a Enagás Infraestructuras de Hidrógeno, SLU para el ejercicio provisional de las funciones de desarrollo de los PCI de redes de hidrógeno (BOE-A-2024-19047)",
            "url": "https://www.boe.es/diario_boe/txt.php?id=BOE-A-2024-19047",
            "fecha": "2024-07-30",
            "archivo": "fuentes/2026-08-06_boe_habilitacion-enagas-pci-hidrogeno.html"
          },
          {
            "id": "f4",
            "tipo": "primaria",
            "titulo": "Reglamento (UE) 2022/869 del Parlamento Europeo y del Consejo, relativo a las orientaciones sobre las infraestructuras energéticas transeuropeas (TEN-E); artículo 23, «Información y publicidad»",
            "url": "https://www.boe.es/buscar/doc.php?id=DOUE-L-2022-80836",
            "fecha": "2022-05-30",
            "archivo": "fuentes/2026-08-06_doue_reglamento-2022-869-ten-e.html"
          }
        ],
        "nota": "La geometría es la que publica el registro obligatorio de la Comisión, que advierte de ella misma que «no prejuzga y puede no coincidir con el trazado final del proyecto». Por eso va como «proyectada»: no es un contorno más o menos afinado, es un trazado que el terreno todavía no puede desmentir porque el tubo no existe."
      }
    },
    {
      "type": "Feature",
      "id": "hidrogeno-red:red-troncal-espanola",
      "geometry": {
        "type": "MultiLineString",
        "coordinates": [
          [
            [
              -6.9082,
              37.17128
            ],
            [
              -6.87132,
              37.19706
            ],
            [
              -6.71721,
              37.21267
            ],
            [
              -6.51122,
              37.23791
            ],
            [
              -6.39051,
              37.249
            ],
            [
              -6.27631,
              37.27465
            ],
            [
              -6.22075,
              37.48464
            ]
          ],
          [
            [
              -6.22038,
              37.4841
            ],
            [
              -6.20956,
              37.5407
            ],
            [
              -6.17614,
              37.66945
            ],
            [
              -6.16674,
              37.76767
            ],
            [
              -6.21982,
              37.83508
            ],
            [
              -6.21666,
              37.90777
            ],
            [
              -6.21659,
              38.02866
            ],
            [
              -6.26391,
              38.08501
            ],
            [
              -6.34766,
              38.51099
            ],
            [
              -6.36871,
              38.58479
            ],
            [
              -6.34326,
              38.68786
            ],
            [
              -6.38426,
              38.71062
            ]
          ],
          [
            [
              -6.38428,
              38.7106
            ],
            [
              -6.35483,
              38.84681
            ],
            [
              -6.29256,
              38.89362
            ],
            [
              -6.33086,
              39.03434
            ],
            [
              -6.26055,
              39.11872
            ],
            [
              -6.15081,
              39.50722
            ],
            [
              -6.15477,
              39.58238
            ],
            [
              -6.13002,
              39.75397
            ],
            [
              -6.1728,
              39.77912
            ],
            [
              -6.17901,
              40.01359
            ],
            [
              -6.09284,
              40.06382
            ],
            [
              -5.88952,
              40.32537
            ],
            [
              -5.82048,
              40.53938
            ],
            [
              -5.82588,
              40.83225
            ],
            [
              -5.72644,
              40.98643
            ],
            [
              -5.63584,
              41.55828
            ]
          ],
          [
            [
              -5.63606,
              41.55827
            ],
            [
              -5.6713,
              41.68591
            ],
            [
              -5.75966,
              41.76921
            ],
            [
              -5.73318,
              41.79534
            ],
            [
              -5.63807,
              41.94369
            ],
            [
              -5.61837,
              42.04872
            ],
            [
              -5.66195,
              42.10699
            ],
            [
              -5.62757,
              42.21964
            ],
            [
              -5.64674,
              42.38513
            ],
            [
              -5.69603,
              42.45642
            ],
            [
              -5.66527,
              42.51954
            ],
            [
              -5.71643,
              42.56138
            ],
            [
              -5.68774,
              42.60978
            ],
            [
              -5.68523,
              42.76025
            ],
            [
              -5.64626,
              42.80817
            ],
            [
              -5.72718,
              42.89476
            ],
            [
              -5.74197,
              42.99117
            ],
            [
              -5.80201,
              43.01918
            ],
            [
              -5.81967,
              43.16603
            ],
            [
              -5.85173,
              43.20347
            ],
            [
              -5.84193,
              43.25056
            ],
            [
              -5.82397,
              43.27339
            ],
            [
              -5.771,
              43.29417
            ],
            [
              -5.71545,
              43.3614
            ],
            [
              -5.71921,
              43.39636
            ],
            [
              -5.78748,
              43.46212
            ]
          ],
          [
            [
              -5.7875,
              43.46216
            ],
            [
              -5.762,
              43.47981
            ],
            [
              -5.72506,
              43.51665
            ],
            [
              -5.70036,
              43.56579
            ]
          ],
          [
            [
              -6.38056,
              38.70896
            ],
            [
              -6.19089,
              38.62319
            ],
            [
              -6.08074,
              38.70332
            ],
            [
              -5.7509,
              38.69676
            ],
            [
              -5.27833,
              38.65434
            ],
            [
              -4.99336,
              38.69421
            ],
            [
              -4.56073,
              38.98083
            ],
            [
              -4.15957,
              38.75062
            ]
          ],
          [
            [
              -5.78746,
              43.46215
            ],
            [
              -5.67086,
              43.4079
            ],
            [
              -5.59,
              43.40613
            ],
            [
              -5.43827,
              43.36239
            ],
            [
              -5.31805,
              43.38398
            ],
            [
              -5.20599,
              43.3854
            ],
            [
              -5.13095,
              43.43989
            ],
            [
              -4.93895,
              43.45104
            ],
            [
              -4.8451,
              43.41677
            ],
            [
              -4.63232,
              43.37389
            ],
            [
              -4.39118,
              43.35281
            ],
            [
              -4.24734,
              43.38943
            ],
            [
              -4.16731,
              43.38197
            ],
            [
              -4.12935,
              43.36367
            ],
            [
              -4.1199,
              43.31085
            ],
            [
              -4.02444,
              43.32525
            ],
            [
              -3.97657,
              43.37058
            ],
            [
              -3.87795,
              43.39176
            ],
            [
              -3.76246,
              43.39572
            ],
            [
              -3.52986,
              43.34794
            ],
            [
              -3.47568,
              43.32574
            ],
            [
              -3.3572,
              43.32045
            ],
            [
              -3.29134,
              43.34304
            ],
            [
              -3.2332,
              43.30751
            ],
            [
              -3.08582,
              43.34489
            ]
          ],
          [
            [
              -3.08933,
              43.34449
            ],
            [
              -3.0354,
              43.27708
            ],
            [
              -2.983,
              43.24915
            ],
            [
              -2.86377,
              43.1804
            ],
            [
              -2.80707,
              43.20037
            ],
            [
              -2.71609,
              43.19808
            ],
            [
              -2.61814,
              43.17446
            ],
            [
              -2.50868,
              43.12807
            ],
            [
              -2.44014,
              43.07958
            ],
            [
              -2.4663,
              43.06126
            ],
            [
              -2.45501,
              43.02556
            ],
            [
              -2.47646,
              42.98822
            ],
            [
              -2.58825,
              42.96152
            ],
            [
              -2.6805,
              42.91743
            ],
            [
              -2.75232,
              42.90421
            ],
            [
              -2.77454,
              42.82817
            ],
            [
              -2.8347,
              42.74224
            ],
            [
              -2.86727,
              42.70909
            ],
            [
              -2.86025,
              42.65446
            ],
            [
              -2.82839,
              42.65149
            ],
            [
              -2.83042,
              42.61573
            ],
            [
              -2.87185,
              42.58643
            ],
            [
              -2.88256,
              42.56566
            ]
          ],
          [
            [
              -2.88288,
              42.56558
            ],
            [
              -2.73139,
              42.50485
            ],
            [
              -2.62355,
              42.43013
            ],
            [
              -2.21177,
              42.35378
            ],
            [
              -1.93277,
              42.26161
            ],
            [
              -1.89822,
              42.20806
            ],
            [
              -1.76833,
              42.12902
            ],
            [
              -1.70713,
              42.04277
            ],
            [
              -1.47778,
              41.93652
            ],
            [
              -1.31397,
              41.77133
            ],
            [
              -1.01373,
              41.59854
            ],
            [
              -0.96735,
              41.57975
            ]
          ],
          [
            [
              -0.96111,
              41.58126
            ],
            [
              -0.6799,
              41.4838
            ],
            [
              -0.47206,
              41.27743
            ],
            [
              -0.05604,
              41.17126
            ],
            [
              0.23736,
              41.0492
            ],
            [
              0.53073,
              41.09516
            ],
            [
              0.66504,
              41.05724
            ]
          ],
          [
            [
              0.66516,
              41.05715
            ],
            [
              0.81066,
              41.01276
            ],
            [
              0.94998,
              41.03764
            ],
            [
              1.19068,
              41.14413
            ],
            [
              1.40356,
              41.21321
            ],
            [
              1.52683,
              41.24738
            ],
            [
              1.68119,
              41.3523
            ],
            [
              1.7984,
              41.41634
            ],
            [
              1.94448,
              41.46861
            ],
            [
              2.06263,
              41.35027
            ],
            [
              2.13049,
              41.32115
            ],
            [
              2.16205,
              41.33958
            ]
          ],
          [
            [
              0.66511,
              41.05729
            ],
            [
              0.65282,
              40.98325
            ],
            [
              0.70248,
              40.87249
            ],
            [
              0.52412,
              40.7209
            ],
            [
              0.24252,
              40.55164
            ],
            [
              0.09503,
              40.29593
            ],
            [
              0.00586,
              40.12169
            ],
            [
              -0.13917,
              39.93074
            ],
            [
              -0.1204,
              39.84085
            ],
            [
              -0.24819,
              39.71341
            ],
            [
              -0.29727,
              39.67432
            ],
            [
              -0.29352,
              39.60727
            ],
            [
              -0.40998,
              39.59114
            ],
            [
              -0.4583,
              39.53445
            ]
          ],
          [
            [
              -0.4621,
              39.53128
            ],
            [
              -0.51566,
              39.5001
            ],
            [
              -0.55924,
              39.46239
            ],
            [
              -0.52842,
              39.42042
            ],
            [
              -0.55642,
              39.33208
            ],
            [
              -0.54167,
              39.3036
            ],
            [
              -0.55882,
              39.20707
            ],
            [
              -0.5877,
              39.12901
            ],
            [
              -0.58483,
              39.01648
            ],
            [
              -0.618,
              38.96098
            ],
            [
              -0.57613,
              38.87362
            ],
            [
              -0.55787,
              38.78862
            ],
            [
              -0.68892,
              38.71277
            ],
            [
              -0.5996,
              38.65178
            ],
            [
              -0.6094,
              38.53178
            ],
            [
              -0.58385,
              38.43973
            ],
            [
              -0.69072,
              38.29907
            ],
            [
              -0.93578,
              38.13014
            ],
            [
              -0.90584,
              37.98355
            ],
            [
              -0.87024,
              37.91647
            ],
            [
              -0.88451,
              37.8168
            ],
            [
              -0.89866,
              37.72197
            ],
            [
              -0.95037,
              37.64429
            ],
            [
              -0.92813,
              37.58377
            ],
            [
              -0.95081,
              37.56507
            ]
          ],
          [
            [
              -3.27554,
              39.38597
            ],
            [
              -3.2335,
              39.36173
            ],
            [
              -3.18728,
              39.35665
            ],
            [
              -3.10799,
              39.3401
            ],
            [
              -3.0915,
              39.32308
            ],
            [
              -3.00231,
              39.31685
            ],
            [
              -2.9386,
              39.3172
            ],
            [
              -2.91517,
              39.28199
            ],
            [
              -2.89598,
              39.28747
            ],
            [
              -2.76417,
              39.24726
            ],
            [
              -2.7397,
              39.2539
            ],
            [
              -2.72383,
              39.24213
            ],
            [
              -2.66055,
              39.24389
            ],
            [
              -2.63418,
              39.23798
            ],
            [
              -2.52432,
              39.24584
            ],
            [
              -2.37698,
              39.20374
            ],
            [
              -2.32241,
              39.1783
            ],
            [
              -2.30887,
              39.18439
            ],
            [
              -2.25976,
              39.14599
            ],
            [
              -2.17246,
              39.10114
            ],
            [
              -2.11776,
              39.06621
            ],
            [
              -2.01,
              39.02337
            ],
            [
              -1.98731,
              39.0268
            ],
            [
              -1.98508,
              38.99718
            ],
            [
              -1.88235,
              38.92757
            ],
            [
              -1.76815,
              38.92045
            ],
            [
              -1.69938,
              38.88531
            ],
            [
              -1.64937,
              38.91301
            ],
            [
              -1.58645,
              38.92806
            ],
            [
              -1.43421,
              38.89687
            ],
            [
              -1.17283,
              38.88565
            ],
            [
              -1.15314,
              38.87818
            ],
            [
              -1.09662,
              38.88665
            ],
            [
              -0.96076,
              38.82573
            ],
            [
              -0.90806,
              38.81515
            ],
            [
              -0.6182,
              38.95676
            ]
          ]
        ]
      },
      "properties": {
        "slug": "red-troncal-espanola",
        "nombre": "Red troncal española de hidrógeno",
        "categoria": "hidroducto",
        "descripcion": "Los dos ejes de la red interior española, proyecto 9.1.3 de la lista de la Unión: unos 2.800 km que unen Gijón con Barcelona por el norte y con Huelva por el oeste. Es la pieza grande del corredor y la que menos se nombra.",
        "estado_registro": "vigente",
        "verif": "confirmado",
        "geo_precision": "proyectada",
        "geo_fuente": "trazado publicado por la plataforma de transparencia PCI-PMI, el registro que el artículo 23 del Reglamento (UE) 2022/869 obliga a mantener",
        "geo_fuente__v": "confirmado",
        "geo_fuente__f": "f2",
        "fecha_alta": "2026-08-06",
        "fecha_verificacion": "2026-08-06",
        "promotor": "Enagás Infraestructuras de Hidrógeno (ES)",
        "promotor__v": "confirmado",
        "promotor__f": "f2",
        "pci_codigo": "9.1.3",
        "estado_pci": "Permitting",
        "puesta_en_servicio_prevista": "2029-12-31",
        "puesta_en_servicio_prevista__v": "confirmado",
        "puesta_en_servicio_prevista__f": "f2",
        "fase": "tramitacion",
        "fase__v": "confirmado",
        "fase__f": "f2",
        "longitud_km": 2800,
        "longitud_km__v": "confirmado",
        "longitud_km__f": "f2",
        "claves": [
          {
            "k": "Los dos ejes, como los nombra la fuente",
            "v": "Eje 1: Gijón - Santander - Bilbao - Guipúzcoa - Haro - Zaragoza - Tivissa - Tarragona - Barcelona; Tivissa - Montesa, Montesa – Cartagena, Alcazar de San Juan-Montesa, de unos 1.750 km, con las estaciones de compresión de Villar de Arnedo y Tivissa. Eje 2: Gijón (Musel) - Zamora - Almendralejo - Huelva; Almendralejo - Puertollano, de unos 1.050 km, con la estación de compresión de Zamora.",
            "verif": "confirmado",
            "fuente": "f2"
          },
          {
            "k": "Cinco tramos que el reglamento deja FUERA de la lista",
            "v": "El anexo de la lista vigente enumera, entre las «inversiones que no reúnen los requisitos necesarios» y que «no se considerarán parte de la lista de la Unión», estos tramos interiores de la red troncal española: Coruña-Zamora, Huelva-Algeciras, Castilla y León (entre Zamora y Haro), Guitiriz-Zamora, y la conexión entre Castilla La Mancha y Madrid. No están dibujados aquí porque tampoco los dibuja la Comisión: se comprobó uno a uno contra la geometría publicada.",
            "verif": "confirmado",
            "fuente": "f1"
          },
          {
            "k": "La exclusión pasó de uno a cinco entre las dos listas",
            "v": "La primera lista de la Unión, hoy derogada, dejaba fuera un solo tramo español: «Sección Guitiriz — Zamora». La lista vigente deja fuera cinco. El atlas registra el cambio y no lo interpreta.",
            "verif": "confirmado",
            "fuente": "f5"
          },
          {
            "k": "Lo declarado y lo dibujado",
            "v": "La ficha técnica declara unos 2.800 km. La geometría que la misma fuente publica mide 2.634 km sobre el elipsoide. La diferencia es del 6 % y se publica la cifra declarada, no la medida.",
            "verif": "confirmado",
            "fuente": "f2"
          },
          {
            "k": "El escenario de demanda que maneja la ficha",
            "v": "«El escenario central surgido de la Call for Interest de Enagás de 2023 es coherente con un nivel de exportación de 2 Mt/año (216 GWh/día) vía BarMar y un consumo nacional estimado de aproximadamente 1 Mt/año para el período 2030-2032.» Es un escenario de demanda, no la capacidad de la red: por eso va aquí y no como campo.",
            "verif": "confirmado",
            "fuente": "f2"
          },
          {
            "k": "Por qué esta geometría es fuente primaria",
            "v": "La plataforma no es divulgación: el artículo 23 del TEN-E obliga a la Comisión a mantenerla y enumera lo que debe contener, empezando por «información general actualizada, por ejemplo, información geográfica, para cada proyecto de la lista de la Unión». Es el registro, no la nota sobre el registro.",
            "verif": "confirmado",
            "fuente": "f4"
          }
        ],
        "fuentes": [
          {
            "id": "f1",
            "tipo": "primaria",
            "titulo": "Reglamento Delegado (UE) 2026/764 de la Comisión, por el que se modifica el Reglamento (UE) 2022/869 en cuanto a la lista de la Unión de proyectos de interés común y proyectos de interés mutuo (2.ª lista de la Unión)",
            "url": "https://www.boe.es/buscar/doc.php?id=DOUE-L-2026-80523",
            "fecha": "2025-12-01",
            "archivo": "fuentes/2026-08-06_doue_reglamento-2026-764-lista-pci-pmi.html"
          },
          {
            "id": "f2",
            "tipo": "primaria",
            "titulo": "Plataforma de transparencia PCI-PMI (CINEA, Comisión Europea), ficha del proyecto y su representación geográfica",
            "url": "https://ec.europa.eu/energy/infrastructure/transparency_platform/map-viewer/main.html",
            "fecha": "2026-08-06",
            "archivo": "fuentes/2026-08-06_ce_pci-transparencia-hidrogeno-espana.json"
          },
          {
            "id": "f3",
            "tipo": "primaria",
            "titulo": "Resolución de 14 de agosto de 2024, de la Secretaría de Estado de Energía, por la que se publica el Acuerdo del Consejo de Ministros de 30 de julio de 2024, que habilita a Enagás Infraestructuras de Hidrógeno, SLU para el ejercicio provisional de las funciones de desarrollo de los PCI de redes de hidrógeno (BOE-A-2024-19047)",
            "url": "https://www.boe.es/diario_boe/txt.php?id=BOE-A-2024-19047",
            "fecha": "2024-07-30",
            "archivo": "fuentes/2026-08-06_boe_habilitacion-enagas-pci-hidrogeno.html"
          },
          {
            "id": "f4",
            "tipo": "primaria",
            "titulo": "Reglamento (UE) 2022/869 del Parlamento Europeo y del Consejo, relativo a las orientaciones sobre las infraestructuras energéticas transeuropeas (TEN-E); artículo 23, «Información y publicidad»",
            "url": "https://www.boe.es/buscar/doc.php?id=DOUE-L-2022-80836",
            "fecha": "2022-05-30",
            "archivo": "fuentes/2026-08-06_doue_reglamento-2022-869-ten-e.html"
          },
          {
            "id": "f5",
            "tipo": "primaria",
            "titulo": "Reglamento Delegado (UE) 2024/1041 de la Comisión (1.ª lista de la Unión, derogada por la 2026/764) — se conserva porque la comparación entre las dos listas es en sí misma un dato",
            "url": "https://www.boe.es/buscar/doc.php?id=DOUE-L-2024-80479",
            "fecha": "2023-11-28",
            "archivo": "fuentes/2026-08-06_doue_reglamento-2024-1041-lista-pci-derogada.html"
          }
        ],
        "nota": "La geometría es la que publica el registro obligatorio de la Comisión, que advierte de ella misma que «no prejuzga y puede no coincidir con el trazado final del proyecto». Por eso va como «proyectada»: no es un contorno más o menos afinado, es un trazado que el terreno todavía no puede desmentir porque el tubo no existe."
      }
    },
    {
      "type": "Feature",
      "id": "hidrogeno-red:troncal-compresion-zamora",
      "geometry": {
        "type": "Point",
        "coordinates": [
          -5.66711,
          41.58416
        ]
      },
      "properties": {
        "slug": "troncal-compresion-zamora",
        "nombre": "Estación de compresión de Zamora (red troncal)",
        "categoria": "estacion_compresion",
        "descripcion": "Una de las tres estaciones de compresión que la ficha técnica de la red troncal nombra por su nombre.",
        "estado_registro": "vigente",
        "verif": "parcial",
        "geo_precision": "proyectada",
        "geo_fuente": "trazado publicado por la plataforma de transparencia PCI-PMI, el registro que el artículo 23 del Reglamento (UE) 2022/869 obliga a mantener",
        "geo_fuente__v": "confirmado",
        "geo_fuente__f": "f2",
        "fecha_alta": "2026-08-06",
        "fecha_verificacion": "2026-08-06",
        "promotor": "Enagás Infraestructuras de Hidrógeno (ES)",
        "promotor__v": "confirmado",
        "promotor__f": "f2",
        "pci_codigo": "9.1.3",
        "estado_pci": "Permitting",
        "puesta_en_servicio_prevista": "2029-12-31",
        "puesta_en_servicio_prevista__v": "confirmado",
        "puesta_en_servicio_prevista__f": "f2",
        "fase": "tramitacion",
        "fase__v": "confirmado",
        "fase__f": "f2",
        "claves": [
          {
            "k": "«Zamora» es la provincia, no la ciudad",
            "v": "El punto que publica la fuente cae en el término municipal de MOLACILLOS, al nordeste de la capital zamorana, y a unos 4 km del punto de la compresora de CelZa. Contrastado contra el callejero del IGN.",
            "verif": "confirmado",
            "fuente": "f2"
          },
          {
            "k": "El nombre es de la fuente; el emparejamiento, del atlas",
            "v": "La plataforma publica estos puntos como «otros activos de hidrógeno» del proyecto 9.1.3, sin nombre propio. La descripción del mismo proyecto nombra exactamente tres estaciones de compresión —Villar de Arnedo, Tivissa y Zamora— y la plataforma dibuja exactamente tres puntos. El punto de Villar de Arnedo cae en su propio municipio, y los otros dos quedan por eliminación y geografía. Es un razonamiento del atlas, no una afirmación de la fuente: por eso el registro va como parcial.",
            "verif": "parcial",
            "fuente": "f2"
          },
          {
            "k": "Por qué esta geometría es fuente primaria",
            "v": "La plataforma no es divulgación: el artículo 23 del TEN-E obliga a la Comisión a mantenerla y enumera lo que debe contener, empezando por «información general actualizada, por ejemplo, información geográfica, para cada proyecto de la lista de la Unión». Es el registro, no la nota sobre el registro.",
            "verif": "confirmado",
            "fuente": "f4"
          }
        ],
        "fuentes": [
          {
            "id": "f1",
            "tipo": "primaria",
            "titulo": "Reglamento Delegado (UE) 2026/764 de la Comisión, por el que se modifica el Reglamento (UE) 2022/869 en cuanto a la lista de la Unión de proyectos de interés común y proyectos de interés mutuo (2.ª lista de la Unión)",
            "url": "https://www.boe.es/buscar/doc.php?id=DOUE-L-2026-80523",
            "fecha": "2025-12-01",
            "archivo": "fuentes/2026-08-06_doue_reglamento-2026-764-lista-pci-pmi.html"
          },
          {
            "id": "f2",
            "tipo": "primaria",
            "titulo": "Plataforma de transparencia PCI-PMI (CINEA, Comisión Europea), ficha del proyecto y su representación geográfica",
            "url": "https://ec.europa.eu/energy/infrastructure/transparency_platform/map-viewer/main.html",
            "fecha": "2026-08-06",
            "archivo": "fuentes/2026-08-06_ce_pci-transparencia-hidrogeno-espana.json"
          },
          {
            "id": "f3",
            "tipo": "primaria",
            "titulo": "Resolución de 14 de agosto de 2024, de la Secretaría de Estado de Energía, por la que se publica el Acuerdo del Consejo de Ministros de 30 de julio de 2024, que habilita a Enagás Infraestructuras de Hidrógeno, SLU para el ejercicio provisional de las funciones de desarrollo de los PCI de redes de hidrógeno (BOE-A-2024-19047)",
            "url": "https://www.boe.es/diario_boe/txt.php?id=BOE-A-2024-19047",
            "fecha": "2024-07-30",
            "archivo": "fuentes/2026-08-06_boe_habilitacion-enagas-pci-hidrogeno.html"
          },
          {
            "id": "f4",
            "tipo": "primaria",
            "titulo": "Reglamento (UE) 2022/869 del Parlamento Europeo y del Consejo, relativo a las orientaciones sobre las infraestructuras energéticas transeuropeas (TEN-E); artículo 23, «Información y publicidad»",
            "url": "https://www.boe.es/buscar/doc.php?id=DOUE-L-2022-80836",
            "fecha": "2022-05-30",
            "archivo": "fuentes/2026-08-06_doue_reglamento-2022-869-ten-e.html"
          },
          {
            "id": "f9",
            "tipo": "hueco",
            "titulo": "Potencia de esta estación de compresión: la descripción del proyecto la nombra pero no la dimensiona. Solo dos de las cinco del corredor llevan cifra (30 MW en Zamora, 60 MW en Barcelona), y las tres de la red troncal no."
          }
        ],
        "nota": "La geometría es la que publica el registro obligatorio de la Comisión, que advierte de ella misma que «no prejuzga y puede no coincidir con el trazado final del proyecto». Por eso va como «proyectada»: no es un contorno más o menos afinado, es un trazado que el terreno todavía no puede desmentir porque el tubo no existe."
      }
    },
    {
      "type": "Feature",
      "id": "hidrogeno-red:troncal-compresion-tivissa",
      "geometry": {
        "type": "Point",
        "coordinates": [
          0.67104,
          41.07968
        ]
      },
      "properties": {
        "slug": "troncal-compresion-tivissa",
        "nombre": "Estación de compresión de Tivissa",
        "categoria": "estacion_compresion",
        "descripcion": "Una de las tres estaciones de compresión que la ficha técnica de la red troncal nombra por su nombre.",
        "estado_registro": "vigente",
        "verif": "parcial",
        "geo_precision": "proyectada",
        "geo_fuente": "trazado publicado por la plataforma de transparencia PCI-PMI, el registro que el artículo 23 del Reglamento (UE) 2022/869 obliga a mantener",
        "geo_fuente__v": "confirmado",
        "geo_fuente__f": "f2",
        "fecha_alta": "2026-08-06",
        "fecha_verificacion": "2026-08-06",
        "promotor": "Enagás Infraestructuras de Hidrógeno (ES)",
        "promotor__v": "confirmado",
        "promotor__f": "f2",
        "pci_codigo": "9.1.3",
        "estado_pci": "Permitting",
        "puesta_en_servicio_prevista": "2029-12-31",
        "puesta_en_servicio_prevista__v": "confirmado",
        "puesta_en_servicio_prevista__f": "f2",
        "fase": "tramitacion",
        "fase__v": "confirmado",
        "fase__f": "f2",
        "claves": [
          {
            "k": "La fuente la llama «de Tivissa» y su punto cae en Móra la Nova",
            "v": "Los dos municipios son contiguos, en la Ribera d'Ebre. Se conserva el nombre que da la fuente —es el único con el que el proyecto la identifica— y se dice que el punto cae en el término de al lado. Contrastado contra el callejero del IGN.",
            "verif": "confirmado",
            "fuente": "f2"
          },
          {
            "k": "El nombre es de la fuente; el emparejamiento, del atlas",
            "v": "La plataforma publica estos puntos como «otros activos de hidrógeno» del proyecto 9.1.3, sin nombre propio. La descripción del mismo proyecto nombra exactamente tres estaciones de compresión —Villar de Arnedo, Tivissa y Zamora— y la plataforma dibuja exactamente tres puntos. El punto de Villar de Arnedo cae en su propio municipio, y los otros dos quedan por eliminación y geografía. Es un razonamiento del atlas, no una afirmación de la fuente: por eso el registro va como parcial.",
            "verif": "parcial",
            "fuente": "f2"
          },
          {
            "k": "Por qué esta geometría es fuente primaria",
            "v": "La plataforma no es divulgación: el artículo 23 del TEN-E obliga a la Comisión a mantenerla y enumera lo que debe contener, empezando por «información general actualizada, por ejemplo, información geográfica, para cada proyecto de la lista de la Unión». Es el registro, no la nota sobre el registro.",
            "verif": "confirmado",
            "fuente": "f4"
          }
        ],
        "fuentes": [
          {
            "id": "f1",
            "tipo": "primaria",
            "titulo": "Reglamento Delegado (UE) 2026/764 de la Comisión, por el que se modifica el Reglamento (UE) 2022/869 en cuanto a la lista de la Unión de proyectos de interés común y proyectos de interés mutuo (2.ª lista de la Unión)",
            "url": "https://www.boe.es/buscar/doc.php?id=DOUE-L-2026-80523",
            "fecha": "2025-12-01",
            "archivo": "fuentes/2026-08-06_doue_reglamento-2026-764-lista-pci-pmi.html"
          },
          {
            "id": "f2",
            "tipo": "primaria",
            "titulo": "Plataforma de transparencia PCI-PMI (CINEA, Comisión Europea), ficha del proyecto y su representación geográfica",
            "url": "https://ec.europa.eu/energy/infrastructure/transparency_platform/map-viewer/main.html",
            "fecha": "2026-08-06",
            "archivo": "fuentes/2026-08-06_ce_pci-transparencia-hidrogeno-espana.json"
          },
          {
            "id": "f3",
            "tipo": "primaria",
            "titulo": "Resolución de 14 de agosto de 2024, de la Secretaría de Estado de Energía, por la que se publica el Acuerdo del Consejo de Ministros de 30 de julio de 2024, que habilita a Enagás Infraestructuras de Hidrógeno, SLU para el ejercicio provisional de las funciones de desarrollo de los PCI de redes de hidrógeno (BOE-A-2024-19047)",
            "url": "https://www.boe.es/diario_boe/txt.php?id=BOE-A-2024-19047",
            "fecha": "2024-07-30",
            "archivo": "fuentes/2026-08-06_boe_habilitacion-enagas-pci-hidrogeno.html"
          },
          {
            "id": "f4",
            "tipo": "primaria",
            "titulo": "Reglamento (UE) 2022/869 del Parlamento Europeo y del Consejo, relativo a las orientaciones sobre las infraestructuras energéticas transeuropeas (TEN-E); artículo 23, «Información y publicidad»",
            "url": "https://www.boe.es/buscar/doc.php?id=DOUE-L-2022-80836",
            "fecha": "2022-05-30",
            "archivo": "fuentes/2026-08-06_doue_reglamento-2022-869-ten-e.html"
          },
          {
            "id": "f9",
            "tipo": "hueco",
            "titulo": "Potencia de esta estación de compresión: la descripción del proyecto la nombra pero no la dimensiona. Solo dos de las cinco del corredor llevan cifra (30 MW en Zamora, 60 MW en Barcelona), y las tres de la red troncal no."
          }
        ],
        "nota": "La geometría es la que publica el registro obligatorio de la Comisión, que advierte de ella misma que «no prejuzga y puede no coincidir con el trazado final del proyecto». Por eso va como «proyectada»: no es un contorno más o menos afinado, es un trazado que el terreno todavía no puede desmentir porque el tubo no existe."
      }
    },
    {
      "type": "Feature",
      "id": "hidrogeno-red:troncal-compresion-villar-de-arnedo",
      "geometry": {
        "type": "Point",
        "coordinates": [
          -2.07107,
          42.30309
        ]
      },
      "properties": {
        "slug": "troncal-compresion-villar-de-arnedo",
        "nombre": "Estación de compresión de Villar de Arnedo",
        "categoria": "estacion_compresion",
        "descripcion": "Una de las tres estaciones de compresión que la ficha técnica de la red troncal nombra por su nombre.",
        "estado_registro": "vigente",
        "verif": "parcial",
        "geo_precision": "proyectada",
        "geo_fuente": "trazado publicado por la plataforma de transparencia PCI-PMI, el registro que el artículo 23 del Reglamento (UE) 2022/869 obliga a mantener",
        "geo_fuente__v": "confirmado",
        "geo_fuente__f": "f2",
        "fecha_alta": "2026-08-06",
        "fecha_verificacion": "2026-08-06",
        "promotor": "Enagás Infraestructuras de Hidrógeno (ES)",
        "promotor__v": "confirmado",
        "promotor__f": "f2",
        "pci_codigo": "9.1.3",
        "estado_pci": "Permitting",
        "puesta_en_servicio_prevista": "2029-12-31",
        "puesta_en_servicio_prevista__v": "confirmado",
        "puesta_en_servicio_prevista__f": "f2",
        "fase": "tramitacion",
        "fase__v": "confirmado",
        "fase__f": "f2",
        "claves": [
          {
            "k": "El único nombre que cuadra con su municipio",
            "v": "El punto cae en El Villar de Arnedo (La Rioja), que es exactamente el nombre con el que la ficha técnica identifica la estación. Es el que ancla el emparejamiento de las otras dos. Contrastado contra el callejero del IGN.",
            "verif": "confirmado",
            "fuente": "f2"
          },
          {
            "k": "El nombre es de la fuente; el emparejamiento, del atlas",
            "v": "La plataforma publica estos puntos como «otros activos de hidrógeno» del proyecto 9.1.3, sin nombre propio. La descripción del mismo proyecto nombra exactamente tres estaciones de compresión —Villar de Arnedo, Tivissa y Zamora— y la plataforma dibuja exactamente tres puntos. El punto de Villar de Arnedo cae en su propio municipio, y los otros dos quedan por eliminación y geografía. Es un razonamiento del atlas, no una afirmación de la fuente: por eso el registro va como parcial.",
            "verif": "parcial",
            "fuente": "f2"
          },
          {
            "k": "Por qué esta geometría es fuente primaria",
            "v": "La plataforma no es divulgación: el artículo 23 del TEN-E obliga a la Comisión a mantenerla y enumera lo que debe contener, empezando por «información general actualizada, por ejemplo, información geográfica, para cada proyecto de la lista de la Unión». Es el registro, no la nota sobre el registro.",
            "verif": "confirmado",
            "fuente": "f4"
          }
        ],
        "fuentes": [
          {
            "id": "f1",
            "tipo": "primaria",
            "titulo": "Reglamento Delegado (UE) 2026/764 de la Comisión, por el que se modifica el Reglamento (UE) 2022/869 en cuanto a la lista de la Unión de proyectos de interés común y proyectos de interés mutuo (2.ª lista de la Unión)",
            "url": "https://www.boe.es/buscar/doc.php?id=DOUE-L-2026-80523",
            "fecha": "2025-12-01",
            "archivo": "fuentes/2026-08-06_doue_reglamento-2026-764-lista-pci-pmi.html"
          },
          {
            "id": "f2",
            "tipo": "primaria",
            "titulo": "Plataforma de transparencia PCI-PMI (CINEA, Comisión Europea), ficha del proyecto y su representación geográfica",
            "url": "https://ec.europa.eu/energy/infrastructure/transparency_platform/map-viewer/main.html",
            "fecha": "2026-08-06",
            "archivo": "fuentes/2026-08-06_ce_pci-transparencia-hidrogeno-espana.json"
          },
          {
            "id": "f3",
            "tipo": "primaria",
            "titulo": "Resolución de 14 de agosto de 2024, de la Secretaría de Estado de Energía, por la que se publica el Acuerdo del Consejo de Ministros de 30 de julio de 2024, que habilita a Enagás Infraestructuras de Hidrógeno, SLU para el ejercicio provisional de las funciones de desarrollo de los PCI de redes de hidrógeno (BOE-A-2024-19047)",
            "url": "https://www.boe.es/diario_boe/txt.php?id=BOE-A-2024-19047",
            "fecha": "2024-07-30",
            "archivo": "fuentes/2026-08-06_boe_habilitacion-enagas-pci-hidrogeno.html"
          },
          {
            "id": "f4",
            "tipo": "primaria",
            "titulo": "Reglamento (UE) 2022/869 del Parlamento Europeo y del Consejo, relativo a las orientaciones sobre las infraestructuras energéticas transeuropeas (TEN-E); artículo 23, «Información y publicidad»",
            "url": "https://www.boe.es/buscar/doc.php?id=DOUE-L-2022-80836",
            "fecha": "2022-05-30",
            "archivo": "fuentes/2026-08-06_doue_reglamento-2022-869-ten-e.html"
          },
          {
            "id": "f9",
            "tipo": "hueco",
            "titulo": "Potencia de esta estación de compresión: la descripción del proyecto la nombra pero no la dimensiona. Solo dos de las cinco del corredor llevan cifra (30 MW en Zamora, 60 MW en Barcelona), y las tres de la red troncal no."
          }
        ],
        "nota": "La geometría es la que publica el registro obligatorio de la Comisión, que advierte de ella misma que «no prejuzga y puede no coincidir con el trazado final del proyecto». Por eso va como «proyectada»: no es un contorno más o menos afinado, es un trazado que el terreno todavía no puede desmentir porque el tubo no existe."
      }
    },
    {
      "type": "Feature",
      "id": "hidrogeno-red:barmar",
      "geometry": {
        "type": "LineString",
        "coordinates": [
          [
            4.86824,
            43.41122
          ],
          [
            4.87326,
            43.40778
          ],
          [
            4.87396,
            43.4073
          ],
          [
            4.88365,
            43.40082
          ],
          [
            4.884,
            43.40059
          ],
          [
            4.88437,
            43.40036
          ],
          [
            4.88474,
            43.40013
          ],
          [
            4.88511,
            43.39992
          ],
          [
            4.8855,
            43.3997
          ],
          [
            4.88588,
            43.39949
          ],
          [
            4.88628,
            43.39929
          ],
          [
            4.88667,
            43.39909
          ],
          [
            4.88708,
            43.3989
          ],
          [
            4.88749,
            43.39872
          ],
          [
            4.8879,
            43.39854
          ],
          [
            4.88832,
            43.39836
          ],
          [
            4.88874,
            43.3982
          ],
          [
            4.88917,
            43.39803
          ],
          [
            4.8896,
            43.39788
          ],
          [
            4.89003,
            43.39773
          ],
          [
            4.89047,
            43.39759
          ],
          [
            4.89092,
            43.39745
          ],
          [
            4.89136,
            43.39732
          ],
          [
            4.89181,
            43.39719
          ],
          [
            4.89227,
            43.39708
          ],
          [
            4.89272,
            43.39696
          ],
          [
            4.89318,
            43.39686
          ],
          [
            4.89364,
            43.39676
          ],
          [
            4.89411,
            43.39667
          ],
          [
            4.89458,
            43.39658
          ],
          [
            4.89505,
            43.3965
          ],
          [
            4.9072,
            43.39456
          ],
          [
            4.90768,
            43.39448
          ],
          [
            4.90815,
            43.39439
          ],
          [
            4.90862,
            43.3943
          ],
          [
            4.90909,
            43.3942
          ],
          [
            4.90956,
            43.39409
          ],
          [
            4.91002,
            43.39398
          ],
          [
            4.91048,
            43.39386
          ],
          [
            4.91093,
            43.39373
          ],
          [
            4.91139,
            43.3936
          ],
          [
            4.91184,
            43.39346
          ],
          [
            4.91228,
            43.39331
          ],
          [
            4.91272,
            43.39316
          ],
          [
            4.91316,
            43.393
          ],
          [
            4.91359,
            43.39283
          ],
          [
            4.91402,
            43.39266
          ],
          [
            4.91444,
            43.39248
          ],
          [
            4.91486,
            43.3923
          ],
          [
            4.91527,
            43.39211
          ],
          [
            4.91568,
            43.39191
          ],
          [
            4.91608,
            43.39171
          ],
          [
            4.91648,
            43.39151
          ],
          [
            4.91687,
            43.39129
          ],
          [
            4.91726,
            43.39107
          ],
          [
            4.91764,
            43.39085
          ],
          [
            4.91801,
            43.39062
          ],
          [
            4.91838,
            43.39039
          ],
          [
            4.91874,
            43.39015
          ],
          [
            4.91909,
            43.3899
          ],
          [
            4.91944,
            43.38965
          ],
          [
            4.91978,
            43.38939
          ],
          [
            4.92011,
            43.38913
          ],
          [
            4.92044,
            43.38887
          ],
          [
            4.92075,
            43.3886
          ],
          [
            4.92107,
            43.38833
          ],
          [
            4.92137,
            43.38805
          ],
          [
            4.92167,
            43.38776
          ],
          [
            4.92196,
            43.38748
          ],
          [
            4.92224,
            43.38719
          ],
          [
            4.92251,
            43.38689
          ],
          [
            4.92277,
            43.38659
          ],
          [
            4.92303,
            43.38629
          ],
          [
            4.92328,
            43.38598
          ],
          [
            4.92352,
            43.38567
          ],
          [
            4.92375,
            43.38536
          ],
          [
            4.92397,
            43.38504
          ],
          [
            4.92419,
            43.38472
          ],
          [
            4.92439,
            43.3844
          ],
          [
            4.92459,
            43.38407
          ],
          [
            4.92478,
            43.38374
          ],
          [
            4.92496,
            43.38341
          ],
          [
            4.92513,
            43.38308
          ],
          [
            4.92529,
            43.38274
          ],
          [
            4.92544,
            43.38241
          ],
          [
            4.92558,
            43.38207
          ],
          [
            4.92572,
            43.38172
          ],
          [
            4.92584,
            43.38138
          ],
          [
            4.92595,
            43.38103
          ],
          [
            4.92606,
            43.38068
          ],
          [
            4.92616,
            43.38034
          ],
          [
            4.92624,
            43.37998
          ],
          [
            4.92632,
            43.37963
          ],
          [
            4.92639,
            43.37928
          ],
          [
            4.92644,
            43.37893
          ],
          [
            4.92649,
            43.37857
          ],
          [
            4.92653,
            43.37822
          ],
          [
            4.92656,
            43.37786
          ],
          [
            4.92658,
            43.37751
          ],
          [
            4.92659,
            43.37715
          ],
          [
            4.92659,
            43.37679
          ],
          [
            4.92658,
            43.37644
          ],
          [
            4.92656,
            43.37608
          ],
          [
            4.92653,
            43.37573
          ],
          [
            4.92649,
            43.37537
          ],
          [
            4.92034,
            43.32518
          ],
          [
            4.91736,
            43.30079
          ],
          [
            4.91715,
            43.29948
          ],
          [
            4.91697,
            43.29861
          ],
          [
            4.91663,
            43.29735
          ],
          [
            4.91602,
            43.29561
          ],
          [
            4.91566,
            43.29477
          ],
          [
            4.91514,
            43.29368
          ],
          [
            4.91412,
            43.2919
          ],
          [
            4.91332,
            43.29072
          ],
          [
            4.9122,
            43.28926
          ],
          [
            4.91116,
            43.28807
          ],
          [
            4.91012,
            43.287
          ],
          [
            4.90867,
            43.28568
          ],
          [
            4.9074,
            43.28464
          ],
          [
            4.90613,
            43.2837
          ],
          [
            4.90476,
            43.28279
          ],
          [
            4.90292,
            43.2817
          ],
          [
            4.90146,
            43.28093
          ],
          [
            4.89967,
            43.28009
          ],
          [
            4.89785,
            43.27933
          ],
          [
            4.89624,
            43.27874
          ],
          [
            4.89454,
            43.2782
          ],
          [
            4.89233,
            43.27759
          ],
          [
            4.8906,
            43.2772
          ],
          [
            4.88826,
            43.27678
          ],
          [
            4.21418,
            43.16925
          ],
          [
            4.19805,
            43.16663
          ],
          [
            4.1964,
            43.16633
          ],
          [
            4.19466,
            43.16595
          ],
          [
            4.19315,
            43.16558
          ],
          [
            4.19156,
            43.16513
          ],
          [
            4.18963,
            43.16449
          ],
          [
            4.18847,
            43.16407
          ],
          [
            4.18698,
            43.16347
          ],
          [
            4.1713,
            43.15686
          ],
          [
            4.16965,
            43.15621
          ],
          [
            4.16796,
            43.15561
          ],
          [
            4.16622,
            43.15507
          ],
          [
            4.16447,
            43.15459
          ],
          [
            4.16269,
            43.15417
          ],
          [
            4.16087,
            43.15382
          ],
          [
            4.15904,
            43.15353
          ],
          [
            4.15719,
            43.15331
          ],
          [
            4.15533,
            43.15314
          ],
          [
            4.15345,
            43.15305
          ],
          [
            4.15158,
            43.15302
          ],
          [
            4.11938,
            43.15305
          ],
          [
            4.11775,
            43.15303
          ],
          [
            4.11613,
            43.15296
          ],
          [
            4.11452,
            43.15284
          ],
          [
            4.11291,
            43.15267
          ],
          [
            4.11131,
            43.15246
          ],
          [
            4.11131,
            43.15246
          ],
          [
            3.92515,
            43.12181
          ],
          [
            3.92294,
            43.12139
          ],
          [
            3.92122,
            43.12099
          ],
          [
            3.91904,
            43.12038
          ],
          [
            3.91726,
            43.11979
          ],
          [
            3.91537,
            43.11907
          ],
          [
            3.91337,
            43.1182
          ],
          [
            3.91179,
            43.11741
          ],
          [
            3.91006,
            43.11645
          ],
          [
            3.87203,
            43.09235
          ],
          [
            3.86427,
            43.08744
          ],
          [
            3.86303,
            43.08669
          ],
          [
            3.82976,
            43.06738
          ],
          [
            3.82855,
            43.06664
          ],
          [
            3.82739,
            43.06587
          ],
          [
            3.82627,
            43.06506
          ],
          [
            3.82519,
            43.06422
          ],
          [
            3.81824,
            43.05852
          ],
          [
            3.81717,
            43.05768
          ],
          [
            3.81637,
            43.05711
          ],
          [
            3.81491,
            43.0561
          ],
          [
            3.81491,
            43.0561
          ],
          [
            3.7858,
            43.0376
          ],
          [
            3.78077,
            43.03442
          ],
          [
            3.77945,
            43.03354
          ],
          [
            3.77819,
            43.03261
          ],
          [
            3.77699,
            43.03164
          ],
          [
            3.77586,
            43.03063
          ],
          [
            3.77415,
            43.02852
          ],
          [
            3.77334,
            43.0276
          ],
          [
            3.77246,
            43.02671
          ],
          [
            3.77151,
            43.02587
          ],
          [
            3.77104,
            43.0255
          ],
          [
            3.77049,
            43.02506
          ],
          [
            3.7694,
            43.02431
          ],
          [
            3.76789,
            43.02341
          ],
          [
            3.76706,
            43.02295
          ],
          [
            3.7658,
            43.02236
          ],
          [
            3.7645,
            43.02182
          ],
          [
            3.75708,
            43.01895
          ],
          [
            3.75543,
            43.01813
          ],
          [
            3.7541,
            43.0174
          ],
          [
            3.75269,
            43.01654
          ],
          [
            3.75269,
            43.01654
          ],
          [
            3.71023,
            42.98949
          ],
          [
            3.70757,
            42.98784
          ],
          [
            3.70626,
            42.98711
          ],
          [
            3.70491,
            42.98643
          ],
          [
            3.69326,
            42.98081
          ],
          [
            3.69084,
            42.9796
          ],
          [
            3.68827,
            42.97823
          ],
          [
            3.68614,
            42.97702
          ],
          [
            3.68387,
            42.97566
          ],
          [
            3.68165,
            42.97424
          ],
          [
            3.6795,
            42.97278
          ],
          [
            3.67741,
            42.97127
          ],
          [
            3.67537,
            42.96972
          ],
          [
            3.67341,
            42.96812
          ],
          [
            3.67151,
            42.96648
          ],
          [
            3.66696,
            42.96227
          ],
          [
            3.66573,
            42.96128
          ],
          [
            3.66449,
            42.96036
          ],
          [
            3.66317,
            42.95947
          ],
          [
            3.66317,
            42.95947
          ],
          [
            3.53276,
            42.87601
          ],
          [
            3.52911,
            42.87366
          ],
          [
            3.52772,
            42.87266
          ],
          [
            3.51678,
            42.86361
          ],
          [
            3.51593,
            42.86286
          ],
          [
            3.51489,
            42.86206
          ],
          [
            3.51382,
            42.86133
          ],
          [
            3.50346,
            42.85467
          ],
          [
            3.50194,
            42.85375
          ],
          [
            3.50038,
            42.85295
          ],
          [
            3.49058,
            42.8486
          ],
          [
            3.48908,
            42.84786
          ],
          [
            3.48746,
            42.84693
          ],
          [
            3.48118,
            42.84289
          ],
          [
            3.48118,
            42.84289
          ],
          [
            3.48118,
            42.84289
          ],
          [
            3.39853,
            42.7897
          ],
          [
            3.39737,
            42.78892
          ],
          [
            3.39638,
            42.7882
          ],
          [
            3.39557,
            42.78756
          ],
          [
            3.39449,
            42.78665
          ],
          [
            3.39295,
            42.7852
          ],
          [
            3.39221,
            42.78441
          ],
          [
            3.39132,
            42.78338
          ],
          [
            3.39057,
            42.78242
          ],
          [
            3.38988,
            42.78147
          ],
          [
            3.35158,
            42.72163
          ],
          [
            3.35158,
            42.72163
          ],
          [
            3.33326,
            42.69849
          ],
          [
            3.33248,
            42.6974
          ],
          [
            3.33215,
            42.69684
          ],
          [
            3.33176,
            42.69607
          ],
          [
            3.33127,
            42.69479
          ],
          [
            3.32882,
            42.686
          ],
          [
            3.32794,
            42.6845
          ],
          [
            3.32727,
            42.68318
          ],
          [
            3.32679,
            42.68204
          ],
          [
            3.32644,
            42.68109
          ],
          [
            3.30204,
            42.60963
          ],
          [
            3.30204,
            42.60963
          ],
          [
            3.30161,
            42.60862
          ],
          [
            3.30094,
            42.60734
          ],
          [
            3.29598,
            42.59929
          ],
          [
            3.29534,
            42.59802
          ],
          [
            3.29484,
            42.59671
          ],
          [
            3.28837,
            42.57723
          ],
          [
            3.28808,
            42.57624
          ],
          [
            3.28781,
            42.57491
          ],
          [
            3.28768,
            42.57357
          ],
          [
            3.28767,
            42.57256
          ],
          [
            3.28777,
            42.57032
          ],
          [
            3.28771,
            42.56886
          ],
          [
            3.2875,
            42.5674
          ],
          [
            3.28716,
            42.56595
          ],
          [
            3.28716,
            42.56595
          ],
          [
            3.27305,
            42.52449
          ],
          [
            3.27275,
            42.52348
          ],
          [
            3.27247,
            42.52213
          ],
          [
            3.27233,
            42.52077
          ],
          [
            3.27232,
            42.51973
          ],
          [
            3.27242,
            42.51836
          ],
          [
            3.27814,
            42.48706
          ],
          [
            3.27823,
            42.48633
          ],
          [
            3.2783,
            42.48533
          ],
          [
            3.2783,
            42.48459
          ],
          [
            3.27823,
            42.4836
          ],
          [
            3.27802,
            42.48222
          ],
          [
            3.26427,
            42.41658
          ],
          [
            3.26048,
            42.3964
          ],
          [
            3.26031,
            42.39513
          ],
          [
            3.26024,
            42.39425
          ],
          [
            3.26021,
            42.39306
          ],
          [
            3.26023,
            42.3921
          ],
          [
            3.26034,
            42.39082
          ],
          [
            3.26046,
            42.38995
          ],
          [
            3.26318,
            42.37278
          ],
          [
            3.26318,
            42.37278
          ],
          [
            3.26332,
            42.37119
          ],
          [
            3.26327,
            42.3686
          ],
          [
            3.2633,
            42.36752
          ],
          [
            3.26349,
            42.3661
          ],
          [
            3.26382,
            42.36468
          ],
          [
            3.26404,
            42.36399
          ],
          [
            3.26441,
            42.36304
          ],
          [
            3.26511,
            42.36161
          ],
          [
            3.2655,
            42.36095
          ],
          [
            3.26609,
            42.36007
          ],
          [
            3.26713,
            42.35875
          ],
          [
            3.26767,
            42.35815
          ],
          [
            3.26839,
            42.35743
          ],
          [
            3.26915,
            42.35674
          ],
          [
            3.2698,
            42.35621
          ],
          [
            3.2712,
            42.35518
          ],
          [
            3.27227,
            42.35449
          ],
          [
            3.27303,
            42.35405
          ],
          [
            3.27455,
            42.35328
          ],
          [
            3.27588,
            42.3527
          ],
          [
            3.27717,
            42.35221
          ],
          [
            3.27929,
            42.35149
          ],
          [
            3.28208,
            42.3506
          ],
          [
            3.28208,
            42.3506
          ],
          [
            3.28344,
            42.3499
          ],
          [
            3.28521,
            42.34908
          ],
          [
            3.28676,
            42.34844
          ],
          [
            3.30205,
            42.34278
          ],
          [
            3.30404,
            42.34213
          ],
          [
            3.3121,
            42.33968
          ],
          [
            3.3145,
            42.33884
          ],
          [
            3.3159,
            42.33828
          ],
          [
            3.33445,
            42.3304
          ],
          [
            3.33596,
            42.32972
          ],
          [
            3.33743,
            42.32898
          ],
          [
            3.33885,
            42.3282
          ],
          [
            3.34021,
            42.32736
          ],
          [
            3.34152,
            42.32648
          ],
          [
            3.34277,
            42.32555
          ],
          [
            3.34395,
            42.32458
          ],
          [
            3.34507,
            42.32356
          ],
          [
            3.3512,
            42.3177
          ],
          [
            3.35226,
            42.31651
          ],
          [
            3.35319,
            42.31527
          ],
          [
            3.35379,
            42.3143
          ],
          [
            3.35428,
            42.31339
          ],
          [
            3.35463,
            42.31263
          ],
          [
            3.35502,
            42.3116
          ],
          [
            3.35533,
            42.31056
          ],
          [
            3.35552,
            42.30968
          ],
          [
            3.35566,
            42.3088
          ],
          [
            3.35574,
            42.30773
          ],
          [
            3.35573,
            42.30631
          ],
          [
            3.35555,
            42.30489
          ],
          [
            3.35523,
            42.30349
          ],
          [
            3.35476,
            42.30211
          ],
          [
            3.35432,
            42.30109
          ],
          [
            3.34826,
            42.28863
          ],
          [
            3.34793,
            42.28797
          ],
          [
            3.34702,
            42.2864
          ],
          [
            3.34793,
            42.28797
          ],
          [
            3.34793,
            42.28797
          ],
          [
            3.32576,
            42.2495
          ],
          [
            3.32512,
            42.24857
          ],
          [
            3.3169,
            42.2374
          ],
          [
            3.3169,
            42.2374
          ],
          [
            3.30053,
            42.21311
          ],
          [
            3.29985,
            42.21224
          ],
          [
            3.28692,
            42.19656
          ],
          [
            3.28591,
            42.19517
          ],
          [
            3.28591,
            42.19517
          ],
          [
            3.28535,
            42.19422
          ],
          [
            3.28473,
            42.19296
          ],
          [
            3.28433,
            42.19192
          ],
          [
            3.26525,
            42.1363
          ],
          [
            3.26497,
            42.13529
          ],
          [
            3.26477,
            42.13427
          ],
          [
            3.26465,
            42.13324
          ],
          [
            3.26461,
            42.13221
          ],
          [
            3.26437,
            42.00829
          ],
          [
            3.26439,
            42.01852
          ],
          [
            3.26436,
            42.00314
          ],
          [
            3.26434,
            42.00243
          ],
          [
            3.26424,
            42.00139
          ],
          [
            3.26398,
            42.0
          ],
          [
            3.25862,
            41.97759
          ],
          [
            3.25822,
            41.97621
          ],
          [
            3.25761,
            41.97473
          ],
          [
            3.25717,
            41.97388
          ],
          [
            3.2568,
            41.97324
          ],
          [
            3.24363,
            41.95283
          ],
          [
            3.24299,
            41.95192
          ],
          [
            3.24241,
            41.95118
          ],
          [
            3.24178,
            41.95046
          ],
          [
            3.24112,
            41.94978
          ],
          [
            3.24039,
            41.94909
          ],
          [
            3.23948,
            41.94832
          ],
          [
            3.23545,
            41.94522
          ],
          [
            3.23452,
            41.9444
          ],
          [
            3.23365,
            41.94354
          ],
          [
            3.23261,
            41.94233
          ],
          [
            3.2319,
            41.94138
          ],
          [
            3.2311,
            41.94009
          ],
          [
            3.23044,
            41.93875
          ],
          [
            3.23003,
            41.93772
          ],
          [
            3.22973,
            41.93674
          ],
          [
            3.22954,
            41.93596
          ],
          [
            3.22936,
            41.9349
          ],
          [
            3.22925,
            41.93347
          ],
          [
            3.22925,
            41.92795
          ],
          [
            3.22914,
            41.92679
          ],
          [
            3.22889,
            41.92546
          ],
          [
            3.22396,
            41.90855
          ],
          [
            3.22129,
            41.89554
          ],
          [
            3.22099,
            41.89425
          ],
          [
            3.22073,
            41.89337
          ],
          [
            3.22029,
            41.89213
          ],
          [
            3.2198,
            41.89096
          ],
          [
            3.21937,
            41.89006
          ],
          [
            3.21864,
            41.88873
          ],
          [
            3.21771,
            41.88727
          ],
          [
            3.20951,
            41.87577
          ],
          [
            3.20875,
            41.87459
          ],
          [
            3.20806,
            41.87338
          ],
          [
            3.20759,
            41.87244
          ],
          [
            3.20709,
            41.87132
          ],
          [
            3.19768,
            41.84826
          ],
          [
            3.19711,
            41.84704
          ],
          [
            3.19646,
            41.84584
          ],
          [
            3.19574,
            41.84467
          ],
          [
            3.19495,
            41.84352
          ],
          [
            3.19408,
            41.8424
          ],
          [
            3.19314,
            41.84132
          ],
          [
            3.19213,
            41.84027
          ],
          [
            3.19106,
            41.83926
          ],
          [
            3.18953,
            41.83797
          ],
          [
            3.18328,
            41.83302
          ],
          [
            3.18185,
            41.83173
          ],
          [
            3.18052,
            41.83038
          ],
          [
            3.1796,
            41.82933
          ],
          [
            3.17874,
            41.82824
          ],
          [
            3.17151,
            41.81823
          ],
          [
            3.17035,
            41.81683
          ],
          [
            3.16908,
            41.81549
          ],
          [
            3.1677,
            41.81421
          ],
          [
            3.15271,
            41.8011
          ],
          [
            3.15151,
            41.80016
          ],
          [
            3.15029,
            41.7993
          ],
          [
            3.14937,
            41.79869
          ],
          [
            3.14801,
            41.79787
          ],
          [
            3.13176,
            41.78913
          ],
          [
            3.08926,
            41.76769
          ],
          [
            3.08738,
            41.7668
          ],
          [
            3.08592,
            41.76619
          ],
          [
            3.08453,
            41.76567
          ],
          [
            3.08341,
            41.76529
          ],
          [
            3.08187,
            41.76482
          ],
          [
            3.04999,
            41.75618
          ],
          [
            3.04791,
            41.75551
          ],
          [
            3.04633,
            41.75491
          ],
          [
            3.04441,
            41.75408
          ],
          [
            3.04251,
            41.75315
          ],
          [
            3.04124,
            41.75244
          ],
          [
            3.04025,
            41.75185
          ],
          [
            3.00142,
            41.72764
          ],
          [
            3.0001,
            41.72678
          ],
          [
            2.99829,
            41.72544
          ],
          [
            2.99726,
            41.72459
          ],
          [
            2.99651,
            41.72392
          ],
          [
            2.98545,
            41.71305
          ],
          [
            2.98424,
            41.71195
          ],
          [
            2.98293,
            41.71093
          ],
          [
            2.98135,
            41.7099
          ],
          [
            2.98039,
            41.70935
          ],
          [
            2.97961,
            41.70894
          ],
          [
            2.978,
            41.70821
          ],
          [
            2.97631,
            41.70757
          ],
          [
            2.97544,
            41.70729
          ],
          [
            2.97421,
            41.70694
          ],
          [
            2.9723,
            41.7065
          ],
          [
            2.97045,
            41.70621
          ],
          [
            2.96952,
            41.7061
          ],
          [
            2.96822,
            41.70599
          ],
          [
            2.96622,
            41.70593
          ],
          [
            2.96433,
            41.706
          ],
          [
            2.96226,
            41.70617
          ],
          [
            2.96084,
            41.70624
          ],
          [
            2.959,
            41.70625
          ],
          [
            2.95753,
            41.70618
          ],
          [
            2.95566,
            41.70599
          ],
          [
            2.95381,
            41.70569
          ],
          [
            2.95199,
            41.70528
          ],
          [
            2.95023,
            41.70477
          ],
          [
            2.94894,
            41.70431
          ],
          [
            2.94767,
            41.70379
          ],
          [
            2.9461,
            41.70304
          ],
          [
            2.94496,
            41.70241
          ],
          [
            2.94387,
            41.70173
          ],
          [
            2.92704,
            41.69054
          ],
          [
            2.92592,
            41.68987
          ],
          [
            2.92477,
            41.68926
          ],
          [
            2.92395,
            41.68886
          ],
          [
            2.9227,
            41.68833
          ],
          [
            2.92152,
            41.6879
          ],
          [
            2.92053,
            41.68757
          ],
          [
            2.91931,
            41.68723
          ],
          [
            2.91827,
            41.68698
          ],
          [
            2.8875,
            41.68064
          ],
          [
            2.8862,
            41.68034
          ],
          [
            2.88493,
            41.67999
          ],
          [
            2.88371,
            41.67959
          ],
          [
            2.88287,
            41.67928
          ],
          [
            2.88185,
            41.67886
          ],
          [
            2.88091,
            41.67844
          ],
          [
            2.86836,
            41.67217
          ],
          [
            2.86659,
            41.67144
          ],
          [
            2.86541,
            41.67102
          ],
          [
            2.86453,
            41.67075
          ],
          [
            2.86318,
            41.67039
          ],
          [
            2.86225,
            41.67018
          ],
          [
            2.86089,
            41.66993
          ],
          [
            2.85949,
            41.66973
          ],
          [
            2.8339,
            41.66714
          ],
          [
            2.83205,
            41.6669
          ],
          [
            2.83113,
            41.66674
          ],
          [
            2.82979,
            41.66645
          ],
          [
            2.82801,
            41.66596
          ],
          [
            2.82628,
            41.66537
          ],
          [
            2.82505,
            41.66487
          ],
          [
            2.82425,
            41.6645
          ],
          [
            2.82346,
            41.66411
          ],
          [
            2.82234,
            41.6635
          ],
          [
            2.82089,
            41.66257
          ],
          [
            2.80922,
            41.65423
          ],
          [
            2.80837,
            41.65359
          ],
          [
            2.80762,
            41.65297
          ],
          [
            2.80702,
            41.65244
          ],
          [
            2.78549,
            41.63622
          ],
          [
            2.78437,
            41.63533
          ],
          [
            2.78335,
            41.63438
          ],
          [
            2.78254,
            41.63352
          ],
          [
            2.78157,
            41.63234
          ],
          [
            2.78078,
            41.63119
          ],
          [
            2.78017,
            41.63014
          ],
          [
            2.77955,
            41.62882
          ],
          [
            2.77703,
            41.62225
          ],
          [
            2.77677,
            41.62159
          ],
          [
            2.75666,
            41.56588
          ],
          [
            2.75635,
            41.56507
          ],
          [
            2.75583,
            41.56388
          ],
          [
            2.75499,
            41.56228
          ],
          [
            2.75426,
            41.56108
          ],
          [
            2.75323,
            41.55962
          ],
          [
            2.73168,
            41.53105
          ],
          [
            2.73168,
            41.53105
          ],
          [
            2.73168,
            41.53105
          ],
          [
            2.73103,
            41.53037
          ],
          [
            2.72782,
            41.52723
          ],
          [
            2.72701,
            41.52639
          ],
          [
            2.72603,
            41.52522
          ],
          [
            2.72517,
            41.524
          ],
          [
            2.72461,
            41.52305
          ],
          [
            2.72413,
            41.52208
          ],
          [
            2.72039,
            41.51339
          ],
          [
            2.71966,
            41.51205
          ],
          [
            2.71869,
            41.51062
          ],
          [
            2.71813,
            41.50993
          ],
          [
            2.71748,
            41.50919
          ],
          [
            2.70603,
            41.49693
          ],
          [
            2.70531,
            41.49607
          ],
          [
            2.70494,
            41.49559
          ],
          [
            2.70494,
            41.49559
          ],
          [
            2.70373,
            41.4941
          ],
          [
            2.70277,
            41.49304
          ],
          [
            2.70205,
            41.49232
          ],
          [
            2.70121,
            41.49154
          ],
          [
            2.70018,
            41.49065
          ],
          [
            2.69903,
            41.48975
          ],
          [
            2.69813,
            41.48911
          ],
          [
            2.69724,
            41.4885
          ],
          [
            2.69593,
            41.48769
          ],
          [
            2.62994,
            41.44978
          ],
          [
            2.62886,
            41.44919
          ],
          [
            2.62757,
            41.44853
          ],
          [
            2.62603,
            41.44783
          ],
          [
            2.62404,
            41.44702
          ],
          [
            2.4438,
            41.37982
          ],
          [
            2.44182,
            41.37913
          ],
          [
            2.44028,
            41.37867
          ],
          [
            2.43826,
            41.37816
          ],
          [
            2.36105,
            41.36048
          ],
          [
            2.35623,
            41.35938
          ],
          [
            2.3546,
            41.35907
          ],
          [
            2.32996,
            41.3555
          ],
          [
            2.32814,
            41.35529
          ],
          [
            2.32671,
            41.3552
          ],
          [
            2.32494,
            41.35518
          ],
          [
            2.30794,
            41.35568
          ],
          [
            2.30652,
            41.35569
          ],
          [
            2.30555,
            41.35565
          ],
          [
            2.30416,
            41.35555
          ],
          [
            2.29221,
            41.35443
          ],
          [
            2.2912,
            41.35438
          ],
          [
            2.28991,
            41.35436
          ],
          [
            2.28879,
            41.35439
          ],
          [
            2.27895,
            41.35504
          ],
          [
            2.27711,
            41.35511
          ],
          [
            2.27573,
            41.3551
          ],
          [
            2.27435,
            41.35502
          ],
          [
            2.27312,
            41.3549
          ],
          [
            2.27102,
            41.35463
          ],
          [
            2.26965,
            41.35451
          ],
          [
            2.26804,
            41.35445
          ],
          [
            2.26642,
            41.35447
          ],
          [
            2.22267,
            41.35689
          ],
          [
            2.21749,
            41.35714
          ],
          [
            2.21608,
            41.35713
          ],
          [
            2.21448,
            41.35705
          ],
          [
            2.21281,
            41.35688
          ],
          [
            2.21143,
            41.35667
          ],
          [
            2.20115,
            41.35453
          ],
          [
            2.19951,
            41.35409
          ],
          [
            2.19463,
            41.35255
          ],
          [
            2.19325,
            41.35205
          ],
          [
            2.19178,
            41.35142
          ],
          [
            2.19062,
            41.35085
          ],
          [
            2.18636,
            41.34854
          ],
          [
            2.18483,
            41.34783
          ],
          [
            2.18351,
            41.34731
          ],
          [
            2.18353,
            41.34728
          ],
          [
            2.16343,
            41.34085
          ]
        ]
      },
      "properties": {
        "slug": "barmar",
        "nombre": "H2Med/BarMar — interconector de hidrógeno España-Francia",
        "categoria": "hidroducto",
        "descripcion": "La conducción submarina entre Barcelona y Marsella, proyecto 9.1.4 de la lista de la Unión. Es la mitad del H2Med que da nombre a todo el corredor y la única pieza que sale del territorio español.",
        "estado_registro": "vigente",
        "verif": "confirmado",
        "geo_precision": "proyectada",
        "geo_fuente": "trazado publicado por la plataforma de transparencia PCI-PMI, el registro que el artículo 23 del Reglamento (UE) 2022/869 obliga a mantener",
        "geo_fuente__v": "confirmado",
        "geo_fuente__f": "f2",
        "fecha_alta": "2026-08-06",
        "fecha_verificacion": "2026-08-06",
        "promotor": "Enagás Infraestructuras de Hidrógeno (ES) · Teréga SA (FR) · NaTran (FR) · Open Grid Europe (DE)",
        "promotor__v": "confirmado",
        "promotor__f": "f2",
        "pci_codigo": "9.1.4",
        "estado_pci": "Permitting",
        "puesta_en_servicio_prevista": "2032-12-31",
        "puesta_en_servicio_prevista__v": "confirmado",
        "puesta_en_servicio_prevista__f": "f2",
        "fase": "tramitacion",
        "fase__v": "confirmado",
        "fase__f": "f2",
        "longitud_km": 400,
        "longitud_km__v": "confirmado",
        "longitud_km__f": "f2",
        "diametro_mm": 1050,
        "diametro_mm__v": "confirmado",
        "diametro_mm__f": "f2",
        "capacidad_mt_anio": 2,
        "capacidad_mt_anio__v": "confirmado",
        "capacidad_mt_anio__f": "f2",
        "claves": [
          {
            "k": "Lo que declara la ficha técnica",
            "v": "«Nueva estación de compresión en Barcelona con una capacidad de 60 MW; nuevo interconector submarino Barcelona-Marsella consistente en unos 400 km de conducción con 1.050 mm de diámetro. El proyecto permitirá transportar 2 Mt/año de hidrógeno.»",
            "verif": "confirmado",
            "fuente": "f2"
          },
          {
            "k": "El campo de longitud de la fuente NO se publica",
            "v": "La plataforma sirve además un campo de longitud que está en metros de Web Mercator, una proyección que a esta latitud estira las distancias un 36 %: ahí BarMar «mide» 518 km. Sobre el elipsoide mide 382, coherente con los «unos 400 km» que declara la ficha. Se publica lo declarado.",
            "verif": "confirmado",
            "fuente": "f2"
          },
          {
            "k": "Por qué esta geometría es fuente primaria",
            "v": "La plataforma no es divulgación: el artículo 23 del TEN-E obliga a la Comisión a mantenerla y enumera lo que debe contener, empezando por «información general actualizada, por ejemplo, información geográfica, para cada proyecto de la lista de la Unión». Es el registro, no la nota sobre el registro.",
            "verif": "confirmado",
            "fuente": "f4"
          }
        ],
        "fuentes": [
          {
            "id": "f1",
            "tipo": "primaria",
            "titulo": "Reglamento Delegado (UE) 2026/764 de la Comisión, por el que se modifica el Reglamento (UE) 2022/869 en cuanto a la lista de la Unión de proyectos de interés común y proyectos de interés mutuo (2.ª lista de la Unión)",
            "url": "https://www.boe.es/buscar/doc.php?id=DOUE-L-2026-80523",
            "fecha": "2025-12-01",
            "archivo": "fuentes/2026-08-06_doue_reglamento-2026-764-lista-pci-pmi.html"
          },
          {
            "id": "f2",
            "tipo": "primaria",
            "titulo": "Plataforma de transparencia PCI-PMI (CINEA, Comisión Europea), ficha del proyecto y su representación geográfica",
            "url": "https://ec.europa.eu/energy/infrastructure/transparency_platform/map-viewer/main.html",
            "fecha": "2026-08-06",
            "archivo": "fuentes/2026-08-06_ce_pci-transparencia-hidrogeno-espana.json"
          },
          {
            "id": "f3",
            "tipo": "primaria",
            "titulo": "Resolución de 14 de agosto de 2024, de la Secretaría de Estado de Energía, por la que se publica el Acuerdo del Consejo de Ministros de 30 de julio de 2024, que habilita a Enagás Infraestructuras de Hidrógeno, SLU para el ejercicio provisional de las funciones de desarrollo de los PCI de redes de hidrógeno (BOE-A-2024-19047)",
            "url": "https://www.boe.es/diario_boe/txt.php?id=BOE-A-2024-19047",
            "fecha": "2024-07-30",
            "archivo": "fuentes/2026-08-06_boe_habilitacion-enagas-pci-hidrogeno.html"
          },
          {
            "id": "f4",
            "tipo": "primaria",
            "titulo": "Reglamento (UE) 2022/869 del Parlamento Europeo y del Consejo, relativo a las orientaciones sobre las infraestructuras energéticas transeuropeas (TEN-E); artículo 23, «Información y publicidad»",
            "url": "https://www.boe.es/buscar/doc.php?id=DOUE-L-2022-80836",
            "fecha": "2022-05-30",
            "archivo": "fuentes/2026-08-06_doue_reglamento-2022-869-ten-e.html"
          }
        ],
        "nota": "La geometría es la que publica el registro obligatorio de la Comisión, que advierte de ella misma que «no prejuzga y puede no coincidir con el trazado final del proyecto». Por eso va como «proyectada»: no es un contorno más o menos afinado, es un trazado que el terreno todavía no puede desmentir porque el tubo no existe."
      }
    },
    {
      "type": "Feature",
      "id": "hidrogeno-red:barmar-compresion-barcelona",
      "geometry": {
        "type": "Point",
        "coordinates": [
          2.15553,
          41.33762
        ]
      },
      "properties": {
        "slug": "barmar-compresion-barcelona",
        "nombre": "Estación de compresión de Barcelona (H2Med/BarMar)",
        "categoria": "estacion_compresion",
        "descripcion": "La estación de 60 MW que empuja el hidrógeno español hacia Marsella.",
        "estado_registro": "vigente",
        "verif": "confirmado",
        "geo_precision": "proyectada",
        "geo_fuente": "trazado publicado por la plataforma de transparencia PCI-PMI, el registro que el artículo 23 del Reglamento (UE) 2022/869 obliga a mantener",
        "geo_fuente__v": "confirmado",
        "geo_fuente__f": "f2",
        "fecha_alta": "2026-08-06",
        "fecha_verificacion": "2026-08-06",
        "promotor": "Enagás Infraestructuras de Hidrógeno (ES) · Teréga SA (FR) · NaTran (FR) · Open Grid Europe (DE)",
        "promotor__v": "confirmado",
        "promotor__f": "f2",
        "pci_codigo": "9.1.4",
        "estado_pci": "Permitting",
        "puesta_en_servicio_prevista": "2032-12-31",
        "puesta_en_servicio_prevista__v": "confirmado",
        "puesta_en_servicio_prevista__f": "f2",
        "fase": "tramitacion",
        "fase__v": "confirmado",
        "fase__f": "f2",
        "potencia_mw": 60,
        "potencia_mw__v": "confirmado",
        "potencia_mw__f": "f2",
        "claves": [
          {
            "k": "Aquí el nombre sí cuadra",
            "v": "El punto cae en el término municipal de Barcelona, que es como la ficha técnica nombra la estación. Contrastado contra el callejero del IGN.",
            "verif": "confirmado",
            "fuente": "f2"
          },
          {
            "k": "Por qué esta geometría es fuente primaria",
            "v": "La plataforma no es divulgación: el artículo 23 del TEN-E obliga a la Comisión a mantenerla y enumera lo que debe contener, empezando por «información general actualizada, por ejemplo, información geográfica, para cada proyecto de la lista de la Unión». Es el registro, no la nota sobre el registro.",
            "verif": "confirmado",
            "fuente": "f4"
          }
        ],
        "fuentes": [
          {
            "id": "f1",
            "tipo": "primaria",
            "titulo": "Reglamento Delegado (UE) 2026/764 de la Comisión, por el que se modifica el Reglamento (UE) 2022/869 en cuanto a la lista de la Unión de proyectos de interés común y proyectos de interés mutuo (2.ª lista de la Unión)",
            "url": "https://www.boe.es/buscar/doc.php?id=DOUE-L-2026-80523",
            "fecha": "2025-12-01",
            "archivo": "fuentes/2026-08-06_doue_reglamento-2026-764-lista-pci-pmi.html"
          },
          {
            "id": "f2",
            "tipo": "primaria",
            "titulo": "Plataforma de transparencia PCI-PMI (CINEA, Comisión Europea), ficha del proyecto y su representación geográfica",
            "url": "https://ec.europa.eu/energy/infrastructure/transparency_platform/map-viewer/main.html",
            "fecha": "2026-08-06",
            "archivo": "fuentes/2026-08-06_ce_pci-transparencia-hidrogeno-espana.json"
          },
          {
            "id": "f3",
            "tipo": "primaria",
            "titulo": "Resolución de 14 de agosto de 2024, de la Secretaría de Estado de Energía, por la que se publica el Acuerdo del Consejo de Ministros de 30 de julio de 2024, que habilita a Enagás Infraestructuras de Hidrógeno, SLU para el ejercicio provisional de las funciones de desarrollo de los PCI de redes de hidrógeno (BOE-A-2024-19047)",
            "url": "https://www.boe.es/diario_boe/txt.php?id=BOE-A-2024-19047",
            "fecha": "2024-07-30",
            "archivo": "fuentes/2026-08-06_boe_habilitacion-enagas-pci-hidrogeno.html"
          },
          {
            "id": "f4",
            "tipo": "primaria",
            "titulo": "Reglamento (UE) 2022/869 del Parlamento Europeo y del Consejo, relativo a las orientaciones sobre las infraestructuras energéticas transeuropeas (TEN-E); artículo 23, «Información y publicidad»",
            "url": "https://www.boe.es/buscar/doc.php?id=DOUE-L-2022-80836",
            "fecha": "2022-05-30",
            "archivo": "fuentes/2026-08-06_doue_reglamento-2022-869-ten-e.html"
          }
        ],
        "nota": "La geometría es la que publica el registro obligatorio de la Comisión, que advierte de ella misma que «no prejuzga y puede no coincidir con el trazado final del proyecto». Por eso va como «proyectada»: no es un contorno más o menos afinado, es un trazado que el terreno todavía no puede desmentir porque el tubo no existe."
      }
    },
    {
      "type": "Feature",
      "id": "hidrogeno-red:h2-storage-north-1",
      "geometry": {
        "type": "Point",
        "coordinates": [
          -3.98894,
          43.37714
        ]
      },
      "properties": {
        "slug": "h2-storage-north-1",
        "nombre": "H2 storage North-1 — almacenamiento de hidrógeno en Cantabria",
        "categoria": "almacenamiento",
        "descripcion": "Caverna de sal para almacenamiento estacional de hidrógeno, proyecto 9.24.1 de la lista de la Unión. Es uno de los dos almacenamientos que el acuerdo del Consejo de Ministros encarga a Enagás y que el relato público del H2Med no suele mencionar.",
        "estado_registro": "vigente",
        "verif": "confirmado",
        "geo_precision": "proyectada",
        "geo_fuente": "trazado publicado por la plataforma de transparencia PCI-PMI, el registro que el artículo 23 del Reglamento (UE) 2022/869 obliga a mantener",
        "geo_fuente__v": "confirmado",
        "geo_fuente__f": "f2",
        "fecha_alta": "2026-08-06",
        "fecha_verificacion": "2026-08-06",
        "promotor": "Enagás Infraestructuras de Hidrógeno (ES)",
        "promotor__v": "confirmado",
        "promotor__f": "f2",
        "pci_codigo": "9.24.1",
        "estado_pci": "Permitting",
        "puesta_en_servicio_prevista": "2029-12-31",
        "puesta_en_servicio_prevista__v": "confirmado",
        "puesta_en_servicio_prevista__f": "f2",
        "fase": "tramitacion",
        "fase__v": "confirmado",
        "fase__f": "f2",
        "volumen_util_gwh": 272,
        "volumen_util_gwh__v": "confirmado",
        "volumen_util_gwh__f": "f2",
        "claves": [
          {
            "k": "Dos volúmenes para dos momentos",
            "v": "«Se espera un volumen útil de 272 GWh para 2030. En etapas posteriores de desarrollo el volumen útil alcanzará hasta 544 GWh.» Se publica el primero, que es el que tiene fecha cercana; confundirlos dobla la cifra. La inyección y la extracción declaradas son de 41 GWh/día en 2030 y 82 con el desarrollo completo.",
            "verif": "confirmado",
            "fuente": "f2"
          },
          {
            "k": "Dónde cae el punto",
            "v": "La ficha técnica sitúa el proyecto «en Cantabria». El punto que publica la fuente cae en el término municipal de Polanco. Contrastado contra el callejero del IGN.",
            "verif": "confirmado",
            "fuente": "f2"
          },
          {
            "k": "Lo nombra un acuerdo del Consejo de Ministros",
            "v": "El Acuerdo de 30 de julio de 2024 habilita a Enagás para cinco proyectos, y este es uno: «iv) Instalaciones de almacenamiento de hidrógeno en España: 9.24.1 “H2 storage North-1” y 9.24.2 “H2 storage North-2”.»",
            "verif": "confirmado",
            "fuente": "f3"
          },
          {
            "k": "Por qué esta geometría es fuente primaria",
            "v": "La plataforma no es divulgación: el artículo 23 del TEN-E obliga a la Comisión a mantenerla y enumera lo que debe contener, empezando por «información general actualizada, por ejemplo, información geográfica, para cada proyecto de la lista de la Unión». Es el registro, no la nota sobre el registro.",
            "verif": "confirmado",
            "fuente": "f4"
          }
        ],
        "fuentes": [
          {
            "id": "f1",
            "tipo": "primaria",
            "titulo": "Reglamento Delegado (UE) 2026/764 de la Comisión, por el que se modifica el Reglamento (UE) 2022/869 en cuanto a la lista de la Unión de proyectos de interés común y proyectos de interés mutuo (2.ª lista de la Unión)",
            "url": "https://www.boe.es/buscar/doc.php?id=DOUE-L-2026-80523",
            "fecha": "2025-12-01",
            "archivo": "fuentes/2026-08-06_doue_reglamento-2026-764-lista-pci-pmi.html"
          },
          {
            "id": "f2",
            "tipo": "primaria",
            "titulo": "Plataforma de transparencia PCI-PMI (CINEA, Comisión Europea), ficha del proyecto y su representación geográfica",
            "url": "https://ec.europa.eu/energy/infrastructure/transparency_platform/map-viewer/main.html",
            "fecha": "2026-08-06",
            "archivo": "fuentes/2026-08-06_ce_pci-transparencia-hidrogeno-espana.json"
          },
          {
            "id": "f3",
            "tipo": "primaria",
            "titulo": "Resolución de 14 de agosto de 2024, de la Secretaría de Estado de Energía, por la que se publica el Acuerdo del Consejo de Ministros de 30 de julio de 2024, que habilita a Enagás Infraestructuras de Hidrógeno, SLU para el ejercicio provisional de las funciones de desarrollo de los PCI de redes de hidrógeno (BOE-A-2024-19047)",
            "url": "https://www.boe.es/diario_boe/txt.php?id=BOE-A-2024-19047",
            "fecha": "2024-07-30",
            "archivo": "fuentes/2026-08-06_boe_habilitacion-enagas-pci-hidrogeno.html"
          },
          {
            "id": "f4",
            "tipo": "primaria",
            "titulo": "Reglamento (UE) 2022/869 del Parlamento Europeo y del Consejo, relativo a las orientaciones sobre las infraestructuras energéticas transeuropeas (TEN-E); artículo 23, «Información y publicidad»",
            "url": "https://www.boe.es/buscar/doc.php?id=DOUE-L-2022-80836",
            "fecha": "2022-05-30",
            "archivo": "fuentes/2026-08-06_doue_reglamento-2022-869-ten-e.html"
          }
        ],
        "nota": "La geometría es la que publica el registro obligatorio de la Comisión, que advierte de ella misma que «no prejuzga y puede no coincidir con el trazado final del proyecto». Por eso va como «proyectada»: no es un contorno más o menos afinado, es un trazado que el terreno todavía no puede desmentir porque el tubo no existe."
      }
    },
    {
      "type": "Feature",
      "id": "hidrogeno-red:h2-storage-north-2",
      "geometry": {
        "type": "Point",
        "coordinates": [
          -3.00492,
          42.97907
        ]
      },
      "properties": {
        "slug": "h2-storage-north-2",
        "nombre": "H2 storage North-2 — almacenamiento de hidrógeno en la cuenca vasco-cantábrica",
        "categoria": "almacenamiento",
        "descripcion": "El segundo almacenamiento subterráneo del sistema español, proyecto 9.24.2 de la lista de la Unión. Es el único de los cinco que la plataforma no da por «en tramitación», sino «en consideración».",
        "estado_registro": "vigente",
        "verif": "confirmado",
        "geo_precision": "proyectada",
        "geo_fuente": "trazado publicado por la plataforma de transparencia PCI-PMI, el registro que el artículo 23 del Reglamento (UE) 2022/869 obliga a mantener",
        "geo_fuente__v": "confirmado",
        "geo_fuente__f": "f2",
        "fecha_alta": "2026-08-06",
        "fecha_verificacion": "2026-08-06",
        "promotor": "Enagás Infraestructuras de Hidrógeno (ES)",
        "promotor__v": "confirmado",
        "promotor__f": "f2",
        "pci_codigo": "9.24.2",
        "estado_pci": "Under consideration",
        "puesta_en_servicio_prevista": "2031-12-31",
        "puesta_en_servicio_prevista__v": "confirmado",
        "puesta_en_servicio_prevista__f": "f2",
        "fase": "tramitacion",
        "fase__v": "parcial",
        "fase__f": "f2",
        "volumen_util_gwh": 164,
        "volumen_util_gwh__v": "confirmado",
        "volumen_util_gwh__f": "f2",
        "claves": [
          {
            "k": "«Under consideration» no es ninguno de los cinco valores de fase",
            "v": "La plataforma da este proyecto como «en consideración», un estado anterior al de los otros cuatro, que están «en permisos». El vocabulario del atlas no tiene ese peldaño, así que `fase` se queda en «tramitación» —el menos equivocado— marcada como parcial, y la palabra literal de la fuente se conserva en `estado_pci`. No se finge una precisión que el vocabulario no tiene.",
            "verif": "confirmado",
            "fuente": "f2"
          },
          {
            "k": "Un punto para tres provincias",
            "v": "«El proyecto consiste en el desarrollo de una caverna de sal para almacenamiento estacional de H2 en la cuenca vasco-cantábrica, incluyendo las siguientes provincias: Burgos, Guipúzcoa y Álava.» La fuente describe una cuenca y publica un solo punto, que cae en el término municipal de Amurrio (Álava). El punto sitúa el proyecto; no delimita la caverna.",
            "verif": "confirmado",
            "fuente": "f2"
          },
          {
            "k": "Dos volúmenes para dos momentos",
            "v": "«Se espera un volumen útil de 164 GWh para 2032. En una etapa posterior de desarrollo se espera que alcance hasta 656 GWh.» Se publica el primero. La inyección y la extracción declaradas son de 20,5 GWh/día en 2032 y 82 con el desarrollo completo.",
            "verif": "confirmado",
            "fuente": "f2"
          },
          {
            "k": "Por qué esta geometría es fuente primaria",
            "v": "La plataforma no es divulgación: el artículo 23 del TEN-E obliga a la Comisión a mantenerla y enumera lo que debe contener, empezando por «información general actualizada, por ejemplo, información geográfica, para cada proyecto de la lista de la Unión». Es el registro, no la nota sobre el registro.",
            "verif": "confirmado",
            "fuente": "f4"
          }
        ],
        "fuentes": [
          {
            "id": "f1",
            "tipo": "primaria",
            "titulo": "Reglamento Delegado (UE) 2026/764 de la Comisión, por el que se modifica el Reglamento (UE) 2022/869 en cuanto a la lista de la Unión de proyectos de interés común y proyectos de interés mutuo (2.ª lista de la Unión)",
            "url": "https://www.boe.es/buscar/doc.php?id=DOUE-L-2026-80523",
            "fecha": "2025-12-01",
            "archivo": "fuentes/2026-08-06_doue_reglamento-2026-764-lista-pci-pmi.html"
          },
          {
            "id": "f2",
            "tipo": "primaria",
            "titulo": "Plataforma de transparencia PCI-PMI (CINEA, Comisión Europea), ficha del proyecto y su representación geográfica",
            "url": "https://ec.europa.eu/energy/infrastructure/transparency_platform/map-viewer/main.html",
            "fecha": "2026-08-06",
            "archivo": "fuentes/2026-08-06_ce_pci-transparencia-hidrogeno-espana.json"
          },
          {
            "id": "f3",
            "tipo": "primaria",
            "titulo": "Resolución de 14 de agosto de 2024, de la Secretaría de Estado de Energía, por la que se publica el Acuerdo del Consejo de Ministros de 30 de julio de 2024, que habilita a Enagás Infraestructuras de Hidrógeno, SLU para el ejercicio provisional de las funciones de desarrollo de los PCI de redes de hidrógeno (BOE-A-2024-19047)",
            "url": "https://www.boe.es/diario_boe/txt.php?id=BOE-A-2024-19047",
            "fecha": "2024-07-30",
            "archivo": "fuentes/2026-08-06_boe_habilitacion-enagas-pci-hidrogeno.html"
          },
          {
            "id": "f4",
            "tipo": "primaria",
            "titulo": "Reglamento (UE) 2022/869 del Parlamento Europeo y del Consejo, relativo a las orientaciones sobre las infraestructuras energéticas transeuropeas (TEN-E); artículo 23, «Información y publicidad»",
            "url": "https://www.boe.es/buscar/doc.php?id=DOUE-L-2022-80836",
            "fecha": "2022-05-30",
            "archivo": "fuentes/2026-08-06_doue_reglamento-2022-869-ten-e.html"
          }
        ],
        "nota": "La geometría es la que publica el registro obligatorio de la Comisión, que advierte de ella misma que «no prejuzga y puede no coincidir con el trazado final del proyecto». Por eso va como «proyectada»: no es un contorno más o menos afinado, es un trazado que el terreno todavía no puede desmentir porque el tubo no existe."
      }
    }
  ]
}
