{
  "type": "FeatureCollection",
  "atlas": {
    "capa": "minerales-derechos",
    "schema_version": "1.12.0",
    "verificado_a": "2026-08-06"
  },
  "features": [
    {
      "type": "Feature",
      "id": "minerales-derechos:adelaida-7766",
      "geometry": {
        "type": "Polygon",
        "coordinates": [
          [
            [
              -6.11179,
              39.08467
            ],
            [
              -6.08899,
              39.08155
            ],
            [
              -6.08819,
              39.0851
            ],
            [
              -6.11099,
              39.08822
            ],
            [
              -6.11119,
              39.08733
            ],
            [
              -6.11179,
              39.08467
            ]
          ]
        ]
      },
      "properties": {
        "slug": "adelaida-7766",
        "nombre": "ADELAIDA",
        "categoria": "vigente",
        "descripcion": "Concesion Directa de Explotacion a nombre de IBERIAN RESOURCES SPAIN, S.L., en situación «Otorgado».",
        "estado_registro": "vigente",
        "verif": "confirmado",
        "geo_precision": "exacta",
        "geo_fuente": "perímetro del derecho minero, del shapefile del Catastro Minero (ETRS89, que a 5 decimales es WGS84)",
        "geo_fuente__v": "confirmado",
        "geo_fuente__f": "f1",
        "fecha_alta": "2026-08-06",
        "fecha_verificacion": "2026-08-06",
        "titular": "IBERIAN RESOURCES SPAIN, S.L.",
        "titular__v": "confirmado",
        "titular__f": "f1",
        "tipo_derecho": "Concesion Directa de Explotacion",
        "situacion": "Otorgado",
        "situacion__v": "confirmado",
        "situacion__f": "f1",
        "n_registro": "7766",
        "sustancia_principal": "Wolframio",
        "sustancias": [
          "Wolframio"
        ],
        "superficie_declarada": "80.24 H",
        "provincia": "Badajoz y Cáceres",
        "fuentes": [
          {
            "id": "f1",
            "tipo": "primaria",
            "titulo": "Catastro Minero — derechos mineros de la provincia de Badajoz (shapefile, ETRS89)",
            "url": "https://geoportal.minetur.gob.es/CatastroMinero/api/reportDerechosMineros?idProv=06&geometria&extension=SHP",
            "fecha": "2026-08-06",
            "archivo": "fuentes/2026-08-06_miteco_catastro-minero-badajoz.zip"
          }
        ],
        "nota": "El perímetro es el del DERECHO, exacto sobre sí mismo: es un envolvente administrativo de cuadrículas mineras, no el contorno de una instalación. Saber dónde está el derecho no es saber dónde está la mina. La geometría viene del shapefile del catastro y NO de su exportación en CSV, que trunca la lista de vértices a 424 caracteres y pierde esquinas sin avisar. OJO CON «superficie_declarada»: se publica tal cual la da el catastro y NO concuerda con el perímetro dibujado. Medido sobre los 106 derechos, cada unidad vale unos 0,30 km² cuando el código es «C» y unos 0,22 km² cuando es «H» —que la interfaz del catastro rotula «hectáreas», y una hectárea es 0,01 km²—. El atlas no elige cuál de los dos datos vale: publica el perímetro, que es el que su propia cartografía dibuja, y deja el campo dicho con su desacuerdo."
      }
    },
    {
      "type": "Feature",
      "id": "minerales-derechos:agua-blanca-272",
      "geometry": {
        "type": "Polygon",
        "coordinates": [
          [
            [
              -6.22912,
              37.97653
            ],
            [
              -6.23468,
              37.97653
            ],
            [
              -6.23468,
              37.95986
            ],
            [
              -6.22912,
              37.95986
            ],
            [
              -6.22912,
              37.95431
            ],
            [
              -6.20134,
              37.95431
            ],
            [
              -6.20134,
              37.94319
            ],
            [
              -6.16801,
              37.94319
            ],
            [
              -6.16801,
              37.95431
            ],
            [
              -6.15134,
              37.95431
            ],
            [
              -6.15134,
              37.97653
            ],
            [
              -6.18468,
              37.97653
            ],
            [
              -6.18468,
              37.99319
            ],
            [
              -6.22912,
              37.99319
            ],
            [
              -6.22912,
              37.97653
            ]
          ]
        ]
      },
      "properties": {
        "slug": "agua-blanca-272",
        "nombre": "AGUA BLANCA",
        "categoria": "vigente",
        "descripcion": "Reserva Definitiva a nombre de RIO NARCEA RECURSOS, S.A., en situación «Declarada».",
        "estado_registro": "vigente",
        "verif": "confirmado",
        "geo_precision": "exacta",
        "geo_fuente": "perímetro del derecho minero, del shapefile del Catastro Minero (ETRS89, que a 5 decimales es WGS84)",
        "geo_fuente__v": "confirmado",
        "geo_fuente__f": "f1",
        "fecha_alta": "2026-08-06",
        "fecha_verificacion": "2026-08-06",
        "titular": "RIO NARCEA RECURSOS, S.A.",
        "titular__v": "confirmado",
        "titular__f": "f1",
        "tipo_derecho": "Reserva Definitiva",
        "situacion": "Declarada",
        "situacion__v": "confirmado",
        "situacion__f": "f1",
        "n_registro": "272",
        "sustancia_principal": "Algunos recursos de la seccion C)",
        "sustancias": [
          "Algunos recursos de la seccion C)",
          "Cobalto"
        ],
        "superficie_declarada": "95.0 C",
        "provincia": "Badajoz",
        "fuentes": [
          {
            "id": "f1",
            "tipo": "primaria",
            "titulo": "Catastro Minero — derechos mineros de la provincia de Badajoz (shapefile, ETRS89)",
            "url": "https://geoportal.minetur.gob.es/CatastroMinero/api/reportDerechosMineros?idProv=06&geometria&extension=SHP",
            "fecha": "2026-08-06",
            "archivo": "fuentes/2026-08-06_miteco_catastro-minero-badajoz.zip"
          }
        ],
        "nota": "El perímetro es el del DERECHO, exacto sobre sí mismo: es un envolvente administrativo de cuadrículas mineras, no el contorno de una instalación. Saber dónde está el derecho no es saber dónde está la mina. La geometría viene del shapefile del catastro y NO de su exportación en CSV, que trunca la lista de vértices a 424 caracteres y pierde esquinas sin avisar. OJO CON «superficie_declarada»: se publica tal cual la da el catastro y NO concuerda con el perímetro dibujado. Medido sobre los 106 derechos, cada unidad vale unos 0,30 km² cuando el código es «C» y unos 0,22 km² cuando es «H» —que la interfaz del catastro rotula «hectáreas», y una hectárea es 0,01 km²—. El atlas no elige cuál de los dos datos vale: publica el perímetro, que es el que su propia cartografía dibuja, y deja el campo dicho con su desacuerdo."
      }
    },
    {
      "type": "Feature",
      "id": "minerales-derechos:alicia-7955",
      "geometry": {
        "type": "Polygon",
        "coordinates": [
          [
            [
              -6.13467,
              37.53763
            ],
            [
              -6.16801,
              37.53763
            ],
            [
              -6.16801,
              37.5043
            ],
            [
              -6.13467,
              37.5043
            ],
            [
              -6.13467,
              37.51541
            ],
            [
              -6.11801,
              37.51541
            ],
            [
              -6.11801,
              37.53207
            ],
            [
              -6.1069,
              37.53207
            ],
            [
              -6.1069,
              37.52652
            ],
            [
              -6.09579,
              37.52652
            ],
            [
              -6.09579,
              37.51541
            ],
            [
              -6.04023,
              37.51541
            ],
            [
              -6.04023,
              37.49319
            ],
            [
              -6.02912,
              37.49319
            ],
            [
              -6.02912,
              37.47652
            ],
            [
              -6.04023,
              37.47652
            ],
            [
              -6.04023,
              37.46541
            ],
            [
              -5.98467,
              37.46541
            ],
            [
              -5.98467,
              37.53763
            ],
            [
              -6.04579,
              37.53763
            ],
            [
              -6.04579,
              37.53207
            ],
            [
              -6.0569,
              37.53207
            ],
            [
              -6.0569,
              37.53763
            ],
            [
              -6.06801,
              37.53763
            ],
            [
              -6.06801,
              37.55985
            ],
            [
              -6.13467,
              37.55985
            ],
            [
              -6.13467,
              37.53763
            ]
          ]
        ]
      },
      "properties": {
        "slug": "alicia-7955",
        "nombre": "ALICIA",
        "categoria": "en_tramite",
        "descripcion": "Permiso de Investigacion a nombre de COBRE LAS CRUCES, S.A., en situación «Tramite/otorgamiento».",
        "estado_registro": "vigente",
        "verif": "confirmado",
        "geo_precision": "exacta",
        "geo_fuente": "perímetro del derecho minero, del shapefile del Catastro Minero (ETRS89, que a 5 decimales es WGS84)",
        "geo_fuente__v": "confirmado",
        "geo_fuente__f": "f1",
        "fecha_alta": "2026-08-06",
        "fecha_verificacion": "2026-08-06",
        "titular": "COBRE LAS CRUCES, S.A.",
        "titular__v": "confirmado",
        "titular__f": "f1",
        "tipo_derecho": "Permiso de Investigacion",
        "situacion": "Tramite/otorgamiento",
        "situacion__v": "confirmado",
        "situacion__f": "f1",
        "n_registro": "7955",
        "sustancia_principal": "Todos de seccion C)",
        "sustancias": [
          "Todos de seccion C)"
        ],
        "superficie_declarada": "264.0 C",
        "provincia": "Sevilla",
        "fuentes": [
          {
            "id": "f1",
            "tipo": "primaria",
            "titulo": "Catastro Minero — derechos mineros de la provincia de Sevilla (shapefile, ETRS89)",
            "url": "https://geoportal.minetur.gob.es/CatastroMinero/api/reportDerechosMineros?idProv=41&geometria&extension=SHP",
            "fecha": "2026-08-06",
            "archivo": "fuentes/2026-08-06_miteco_catastro-minero-sevilla.zip"
          }
        ],
        "nota": "El perímetro es el del DERECHO, exacto sobre sí mismo: es un envolvente administrativo de cuadrículas mineras, no el contorno de una instalación. Saber dónde está el derecho no es saber dónde está la mina. La geometría viene del shapefile del catastro y NO de su exportación en CSV, que trunca la lista de vértices a 424 caracteres y pierde esquinas sin avisar. OJO CON «superficie_declarada»: se publica tal cual la da el catastro y NO concuerda con el perímetro dibujado. Medido sobre los 106 derechos, cada unidad vale unos 0,30 km² cuando el código es «C» y unos 0,22 km² cuando es «H» —que la interfaz del catastro rotula «hectáreas», y una hectárea es 0,01 km²—. El atlas no elige cuál de los dos datos vale: publica el perímetro, que es el que su propia cartografía dibuja, y deja el campo dicho con su desacuerdo."
      }
    },
    {
      "type": "Feature",
      "id": "minerales-derechos:ampliacion-a-martinete-12954",
      "geometry": {
        "type": "Polygon",
        "coordinates": [
          [
            [
              -4.08333,
              38.95556
            ],
            [
              -4.07778,
              38.95556
            ],
            [
              -4.07778,
              38.96111
            ],
            [
              -4.07222,
              38.96111
            ],
            [
              -4.07222,
              38.97222
            ],
            [
              -4.08333,
              38.97222
            ],
            [
              -4.08333,
              38.97222
            ],
            [
              -4.08333,
              38.95556
            ]
          ]
        ]
      },
      "properties": {
        "slug": "ampliacion-a-martinete-12954",
        "nombre": "AMPLIACION A MARTINETE",
        "categoria": "vigente",
        "descripcion": "Permiso de Investigacion a nombre de TOLSA, S.A., en situación «Otorgado».",
        "estado_registro": "vigente",
        "verif": "confirmado",
        "geo_precision": "exacta",
        "geo_fuente": "perímetro del derecho minero, del shapefile del Catastro Minero (ETRS89, que a 5 decimales es WGS84)",
        "geo_fuente__v": "confirmado",
        "geo_fuente__f": "f1",
        "fecha_alta": "2026-08-06",
        "fecha_verificacion": "2026-08-06",
        "titular": "TOLSA, S.A.",
        "titular__v": "confirmado",
        "titular__f": "f1",
        "tipo_derecho": "Permiso de Investigacion",
        "situacion": "Otorgado",
        "situacion__v": "confirmado",
        "situacion__f": "f1",
        "n_registro": "12954",
        "sustancia_principal": "Attapulgita",
        "sustancias": [
          "Attapulgita",
          "Paligorskita",
          "Sepiolita"
        ],
        "superficie_declarada": "5.0 C",
        "provincia": "Ciudad Real",
        "fuentes": [
          {
            "id": "f1",
            "tipo": "primaria",
            "titulo": "Catastro Minero — derechos mineros de la provincia de Ciudad Real (shapefile, ETRS89)",
            "url": "https://geoportal.minetur.gob.es/CatastroMinero/api/reportDerechosMineros?idProv=13&geometria&extension=SHP",
            "fecha": "2026-08-06",
            "archivo": "fuentes/2026-08-06_miteco_catastro-minero-ciudad-real.zip"
          }
        ],
        "nota": "El perímetro es el del DERECHO, exacto sobre sí mismo: es un envolvente administrativo de cuadrículas mineras, no el contorno de una instalación. Saber dónde está el derecho no es saber dónde está la mina. La geometría viene del shapefile del catastro y NO de su exportación en CSV, que trunca la lista de vértices a 424 caracteres y pierde esquinas sin avisar. OJO CON «superficie_declarada»: se publica tal cual la da el catastro y NO concuerda con el perímetro dibujado. Medido sobre los 106 derechos, cada unidad vale unos 0,30 km² cuando el código es «C» y unos 0,22 km² cuando es «H» —que la interfaz del catastro rotula «hectáreas», y una hectárea es 0,01 km²—. El atlas no elige cuál de los dos datos vale: publica el perímetro, que es el que su propia cartografía dibuja, y deja el campo dicho con su desacuerdo."
      }
    },
    {
      "type": "Feature",
      "id": "minerales-derechos:ana-7954",
      "geometry": {
        "type": "Polygon",
        "coordinates": [
          [
            [
              -6.27912,
              37.59874
            ],
            [
              -6.31801,
              37.59874
            ],
            [
              -6.31801,
              37.57096
            ],
            [
              -6.28468,
              37.57096
            ],
            [
              -6.28468,
              37.58208
            ],
            [
              -6.21801,
              37.58208
            ],
            [
              -6.21801,
              37.54874
            ],
            [
              -6.24579,
              37.54874
            ],
            [
              -6.24579,
              37.56541
            ],
            [
              -6.26246,
              37.56541
            ],
            [
              -6.26246,
              37.54874
            ],
            [
              -6.27357,
              37.54874
            ],
            [
              -6.27357,
              37.56541
            ],
            [
              -6.28468,
              37.56541
            ],
            [
              -6.28468,
              37.53763
            ],
            [
              -6.13467,
              37.53763
            ],
            [
              -6.13467,
              37.59874
            ],
            [
              -6.21801,
              37.59874
            ],
            [
              -6.21801,
              37.61541
            ],
            [
              -6.27912,
              37.61541
            ],
            [
              -6.27912,
              37.59874
            ]
          ]
        ]
      },
      "properties": {
        "slug": "ana-7954",
        "nombre": "ANA",
        "categoria": "en_tramite",
        "descripcion": "Permiso de Investigacion a nombre de COBRE LAS CRUCES, S.A., en situación «Tramite/otorgamiento».",
        "estado_registro": "vigente",
        "verif": "confirmado",
        "geo_precision": "exacta",
        "geo_fuente": "perímetro del derecho minero, del shapefile del Catastro Minero (ETRS89, que a 5 decimales es WGS84)",
        "geo_fuente__v": "confirmado",
        "geo_fuente__f": "f1",
        "fecha_alta": "2026-08-06",
        "fecha_verificacion": "2026-08-06",
        "titular": "COBRE LAS CRUCES, S.A.",
        "titular__v": "confirmado",
        "titular__f": "f1",
        "tipo_derecho": "Permiso de Investigacion",
        "situacion": "Tramite/otorgamiento",
        "situacion__v": "confirmado",
        "situacion__f": "f1",
        "n_registro": "7954",
        "sustancia_principal": "Todos de seccion C)",
        "sustancias": [
          "Todos de seccion C)"
        ],
        "superficie_declarada": "300.0 C",
        "provincia": "Sevilla",
        "fuentes": [
          {
            "id": "f1",
            "tipo": "primaria",
            "titulo": "Catastro Minero — derechos mineros de la provincia de Sevilla (shapefile, ETRS89)",
            "url": "https://geoportal.minetur.gob.es/CatastroMinero/api/reportDerechosMineros?idProv=41&geometria&extension=SHP",
            "fecha": "2026-08-06",
            "archivo": "fuentes/2026-08-06_miteco_catastro-minero-sevilla.zip"
          }
        ],
        "nota": "El perímetro es el del DERECHO, exacto sobre sí mismo: es un envolvente administrativo de cuadrículas mineras, no el contorno de una instalación. Saber dónde está el derecho no es saber dónde está la mina. La geometría viene del shapefile del catastro y NO de su exportación en CSV, que trunca la lista de vértices a 424 caracteres y pierde esquinas sin avisar. OJO CON «superficie_declarada»: se publica tal cual la da el catastro y NO concuerda con el perímetro dibujado. Medido sobre los 106 derechos, cada unidad vale unos 0,30 km² cuando el código es «C» y unos 0,22 km² cuando es «H» —que la interfaz del catastro rotula «hectáreas», y una hectárea es 0,01 km²—. El atlas no elige cuál de los dos datos vale: publica el perímetro, que es el que su propia cartografía dibuja, y deja el campo dicho con su desacuerdo."
      }
    },
    {
      "type": "Feature",
      "id": "minerales-derechos:belinchon-fraccion-1a-2868",
      "geometry": {
        "type": "Polygon",
        "coordinates": [
          [
            [
              -3.13463,
              40.04325
            ],
            [
              -3.10129,
              40.04325
            ],
            [
              -3.10129,
              40.10437
            ],
            [
              -3.13463,
              40.10437
            ],
            [
              -3.13463,
              40.04325
            ]
          ]
        ]
      },
      "properties": {
        "slug": "belinchon-fraccion-1a-2868",
        "nombre": "BELINCHON, FRACCION 1ª",
        "categoria": "extinguido",
        "descripcion": "Concesion de Explotacion  Derivada a nombre de TOLSA, S.A., en situación «Caducado».",
        "estado_registro": "vigente",
        "verif": "confirmado",
        "geo_precision": "exacta",
        "geo_fuente": "perímetro del derecho minero, del shapefile del Catastro Minero (ETRS89, que a 5 decimales es WGS84)",
        "geo_fuente__v": "confirmado",
        "geo_fuente__f": "f1",
        "fecha_alta": "2026-08-06",
        "fecha_verificacion": "2026-08-06",
        "titular": "TOLSA, S.A.",
        "titular__v": "confirmado",
        "titular__f": "f1",
        "tipo_derecho": "Concesion de Explotacion  Derivada",
        "situacion": "Caducado",
        "situacion__v": "confirmado",
        "situacion__f": "f1",
        "n_registro": "2868",
        "sustancia_principal": "Glauberita",
        "sustancias": [
          "Glauberita"
        ],
        "superficie_declarada": "66.0 C",
        "provincia": "Madrid",
        "fuentes": [
          {
            "id": "f1",
            "tipo": "primaria",
            "titulo": "Catastro Minero — derechos mineros de la provincia de Madrid (shapefile, ETRS89)",
            "url": "https://geoportal.minetur.gob.es/CatastroMinero/api/reportDerechosMineros?idProv=28&geometria&extension=SHP",
            "fecha": "2026-08-06",
            "archivo": "fuentes/2026-08-06_miteco_catastro-minero-madrid.zip"
          }
        ],
        "nota": "El perímetro es el del DERECHO, exacto sobre sí mismo: es un envolvente administrativo de cuadrículas mineras, no el contorno de una instalación. Saber dónde está el derecho no es saber dónde está la mina. La geometría viene del shapefile del catastro y NO de su exportación en CSV, que trunca la lista de vértices a 424 caracteres y pierde esquinas sin avisar. OJO CON «superficie_declarada»: se publica tal cual la da el catastro y NO concuerda con el perímetro dibujado. Medido sobre los 106 derechos, cada unidad vale unos 0,30 km² cuando el código es «C» y unos 0,22 km² cuando es «H» —que la interfaz del catastro rotula «hectáreas», y una hectárea es 0,01 km²—. El atlas no elige cuál de los dos datos vale: publica el perímetro, que es el que su propia cartografía dibuja, y deja el campo dicho con su desacuerdo."
      }
    },
    {
      "type": "Feature",
      "id": "minerales-derechos:bienvale-1980",
      "geometry": {
        "type": "Polygon",
        "coordinates": [
          [
            [
              -3.61492,
              40.37798
            ],
            [
              -3.60464,
              40.37354
            ],
            [
              -3.60075,
              40.37882
            ],
            [
              -3.60575,
              40.38104
            ],
            [
              -3.60686,
              40.37965
            ],
            [
              -3.60908,
              40.38048
            ],
            [
              -3.61214,
              40.38187
            ],
            [
              -3.61492,
              40.37798
            ]
          ]
        ]
      },
      "properties": {
        "slug": "bienvale-1980",
        "nombre": "BIENVALE",
        "categoria": "extinguido",
        "descripcion": "Concesion de Explotacion  Derivada a nombre de TOLSA, S.A., en situación «Caducado».",
        "estado_registro": "vigente",
        "verif": "confirmado",
        "geo_precision": "exacta",
        "geo_fuente": "perímetro del derecho minero, del shapefile del Catastro Minero (ETRS89, que a 5 decimales es WGS84)",
        "geo_fuente__v": "confirmado",
        "geo_fuente__f": "f1",
        "fecha_alta": "2026-08-06",
        "fecha_verificacion": "2026-08-06",
        "titular": "TOLSA, S.A.",
        "titular__v": "confirmado",
        "titular__f": "f1",
        "tipo_derecho": "Concesion de Explotacion  Derivada",
        "situacion": "Caducado",
        "situacion__v": "confirmado",
        "situacion__f": "f1",
        "n_registro": "1980",
        "sustancia_principal": "Sepiolita",
        "sustancias": [
          "Sepiolita"
        ],
        "superficie_declarada": "2.0 H",
        "provincia": "Madrid",
        "fuentes": [
          {
            "id": "f1",
            "tipo": "primaria",
            "titulo": "Catastro Minero — derechos mineros de la provincia de Madrid (shapefile, ETRS89)",
            "url": "https://geoportal.minetur.gob.es/CatastroMinero/api/reportDerechosMineros?idProv=28&geometria&extension=SHP",
            "fecha": "2026-08-06",
            "archivo": "fuentes/2026-08-06_miteco_catastro-minero-madrid.zip"
          }
        ],
        "nota": "El perímetro es el del DERECHO, exacto sobre sí mismo: es un envolvente administrativo de cuadrículas mineras, no el contorno de una instalación. Saber dónde está el derecho no es saber dónde está la mina. La geometría viene del shapefile del catastro y NO de su exportación en CSV, que trunca la lista de vértices a 424 caracteres y pierde esquinas sin avisar. OJO CON «superficie_declarada»: se publica tal cual la da el catastro y NO concuerda con el perímetro dibujado. Medido sobre los 106 derechos, cada unidad vale unos 0,30 km² cuando el código es «C» y unos 0,22 km² cuando es «H» —que la interfaz del catastro rotula «hectáreas», y una hectárea es 0,01 km²—. El atlas no elige cuál de los dos datos vale: publica el perímetro, que es el que su propia cartografía dibuja, y deja el campo dicho con su desacuerdo."
      }
    },
    {
      "type": "Feature",
      "id": "minerales-derechos:capanegra-2864",
      "geometry": {
        "type": "Polygon",
        "coordinates": [
          [
            [
              -3.52908,
              40.34326
            ],
            [
              -3.52908,
              40.33771
            ],
            [
              -3.49019,
              40.33771
            ],
            [
              -3.49019,
              40.34326
            ],
            [
              -3.49575,
              40.34326
            ],
            [
              -3.49575,
              40.34882
            ],
            [
              -3.5013,
              40.34882
            ],
            [
              -3.5013,
              40.35993
            ],
            [
              -3.50686,
              40.35993
            ],
            [
              -3.50686,
              40.37104
            ],
            [
              -3.52353,
              40.37104
            ],
            [
              -3.52352,
              40.34326
            ],
            [
              -3.52908,
              40.34326
            ]
          ]
        ]
      },
      "properties": {
        "slug": "capanegra-2864",
        "nombre": "CAPANEGRA",
        "categoria": "extinguido",
        "descripcion": "Concesion de Explotacion  Derivada a nombre de TOLSA, S.A., en situación «Cancelado».",
        "estado_registro": "vigente",
        "verif": "confirmado",
        "geo_precision": "exacta",
        "geo_fuente": "perímetro del derecho minero, del shapefile del Catastro Minero (ETRS89, que a 5 decimales es WGS84)",
        "geo_fuente__v": "confirmado",
        "geo_fuente__f": "f1",
        "fecha_alta": "2026-08-06",
        "fecha_verificacion": "2026-08-06",
        "titular": "TOLSA, S.A.",
        "titular__v": "confirmado",
        "titular__f": "f1",
        "tipo_derecho": "Concesion de Explotacion  Derivada",
        "situacion": "Cancelado",
        "situacion__v": "confirmado",
        "situacion__f": "f1",
        "n_registro": "2864",
        "sustancia_principal": "Sepiolita",
        "sustancias": [
          "Sepiolita"
        ],
        "superficie_declarada": "26.0 H",
        "provincia": "Madrid",
        "fuentes": [
          {
            "id": "f1",
            "tipo": "primaria",
            "titulo": "Catastro Minero — derechos mineros de la provincia de Madrid (shapefile, ETRS89)",
            "url": "https://geoportal.minetur.gob.es/CatastroMinero/api/reportDerechosMineros?idProv=28&geometria&extension=SHP",
            "fecha": "2026-08-06",
            "archivo": "fuentes/2026-08-06_miteco_catastro-minero-madrid.zip"
          }
        ],
        "nota": "El perímetro es el del DERECHO, exacto sobre sí mismo: es un envolvente administrativo de cuadrículas mineras, no el contorno de una instalación. Saber dónde está el derecho no es saber dónde está la mina. La geometría viene del shapefile del catastro y NO de su exportación en CSV, que trunca la lista de vértices a 424 caracteres y pierde esquinas sin avisar. OJO CON «superficie_declarada»: se publica tal cual la da el catastro y NO concuerda con el perímetro dibujado. Medido sobre los 106 derechos, cada unidad vale unos 0,30 km² cuando el código es «C» y unos 0,22 km² cuando es «H» —que la interfaz del catastro rotula «hectáreas», y una hectárea es 0,01 km²—. El atlas no elige cuál de los dos datos vale: publica el perímetro, que es el que su propia cartografía dibuja, y deja el campo dicho con su desacuerdo."
      }
    },
    {
      "type": "Feature",
      "id": "minerales-derechos:capanegra-2864-b",
      "geometry": {
        "type": "Polygon",
        "coordinates": [
          [
            [
              -3.5013,
              40.34882
            ],
            [
              -3.5013,
              40.37104
            ],
            [
              -3.52353,
              40.37104
            ],
            [
              -3.52352,
              40.34326
            ],
            [
              -3.52908,
              40.34326
            ],
            [
              -3.52908,
              40.33771
            ],
            [
              -3.49019,
              40.33771
            ],
            [
              -3.49019,
              40.34882
            ],
            [
              -3.5013,
              40.34882
            ]
          ]
        ]
      },
      "properties": {
        "slug": "capanegra-2864-b",
        "nombre": "CAPANEGRA",
        "categoria": "extinguido",
        "descripcion": "Permiso de Investigacion a nombre de TOLSA, S.A., en situación «Caducado».",
        "estado_registro": "vigente",
        "verif": "confirmado",
        "geo_precision": "exacta",
        "geo_fuente": "perímetro del derecho minero, del shapefile del Catastro Minero (ETRS89, que a 5 decimales es WGS84)",
        "geo_fuente__v": "confirmado",
        "geo_fuente__f": "f1",
        "fecha_alta": "2026-08-06",
        "fecha_verificacion": "2026-08-06",
        "titular": "TOLSA, S.A.",
        "titular__v": "confirmado",
        "titular__f": "f1",
        "tipo_derecho": "Permiso de Investigacion",
        "situacion": "Caducado",
        "situacion__v": "confirmado",
        "situacion__f": "f1",
        "n_registro": "2864",
        "superficie_declarada": "29.0 H",
        "provincia": "Madrid",
        "fuentes": [
          {
            "id": "f1",
            "tipo": "primaria",
            "titulo": "Catastro Minero — derechos mineros de la provincia de Madrid (shapefile, ETRS89)",
            "url": "https://geoportal.minetur.gob.es/CatastroMinero/api/reportDerechosMineros?idProv=28&geometria&extension=SHP",
            "fecha": "2026-08-06",
            "archivo": "fuentes/2026-08-06_miteco_catastro-minero-madrid.zip"
          }
        ],
        "nota": "El perímetro es el del DERECHO, exacto sobre sí mismo: es un envolvente administrativo de cuadrículas mineras, no el contorno de una instalación. Saber dónde está el derecho no es saber dónde está la mina. La geometría viene del shapefile del catastro y NO de su exportación en CSV, que trunca la lista de vértices a 424 caracteres y pierde esquinas sin avisar. OJO CON «superficie_declarada»: se publica tal cual la da el catastro y NO concuerda con el perímetro dibujado. Medido sobre los 106 derechos, cada unidad vale unos 0,30 km² cuando el código es «C» y unos 0,22 km² cuando es «H» —que la interfaz del catastro rotula «hectáreas», y una hectárea es 0,01 km²—. El atlas no elige cuál de los dos datos vale: publica el perímetro, que es el que su propia cartografía dibuja, y deja el campo dicho con su desacuerdo."
      }
    },
    {
      "type": "Feature",
      "id": "minerales-derechos:capicua-6230",
      "geometry": {
        "type": "Polygon",
        "coordinates": [
          [
            [
              -6.00936,
              36.84687
            ],
            [
              -6.00888,
              36.84768
            ],
            [
              -6.00685,
              36.84692
            ],
            [
              -6.00543,
              36.84937
            ],
            [
              -6.0166,
              36.85356
            ],
            [
              -6.01755,
              36.85192
            ],
            [
              -6.01857,
              36.85231
            ],
            [
              -6.01951,
              36.85067
            ],
            [
              -6.0185,
              36.85029
            ],
            [
              -6.01992,
              36.84784
            ],
            [
              -6.02195,
              36.84861
            ],
            [
              -6.02337,
              36.84616
            ],
            [
              -6.02236,
              36.84577
            ],
            [
              -6.0233,
              36.84414
            ],
            [
              -6.02229,
              36.84376
            ],
            [
              -6.02181,
              36.84458
            ],
            [
              -6.0208,
              36.8442
            ],
            [
              -6.02032,
              36.84501
            ],
            [
              -6.01829,
              36.84425
            ],
            [
              -6.01877,
              36.84344
            ],
            [
              -6.01572,
              36.84229
            ],
            [
              -6.01667,
              36.84066
            ],
            [
              -6.01565,
              36.84028
            ],
            [
              -6.01139,
              36.84763
            ],
            [
              -6.00936,
              36.84687
            ]
          ]
        ]
      },
      "properties": {
        "slug": "capicua-6230",
        "nombre": "CAPICUA",
        "categoria": "en_tramite",
        "descripcion": "Concesion de Explotacion  Derivada a nombre de TOLSA, S.A. (ABSORBE A AUXILIAR DE MINERIA, INDUST, en situación «Tramite/autorizacion».",
        "estado_registro": "vigente",
        "verif": "confirmado",
        "geo_precision": "exacta",
        "geo_fuente": "perímetro del derecho minero, del shapefile del Catastro Minero (ETRS89, que a 5 decimales es WGS84)",
        "geo_fuente__v": "confirmado",
        "geo_fuente__f": "f1",
        "fecha_alta": "2026-08-06",
        "fecha_verificacion": "2026-08-06",
        "titular": "TOLSA, S.A. (ABSORBE A AUXILIAR DE MINERIA, INDUST",
        "titular__v": "confirmado",
        "titular__f": "f1",
        "tipo_derecho": "Concesion de Explotacion  Derivada",
        "situacion": "Tramite/autorizacion",
        "situacion__v": "confirmado",
        "situacion__f": "f1",
        "n_registro": "6230",
        "sustancia_principal": "Todos de seccion C)",
        "sustancias": [
          "Todos de seccion C)"
        ],
        "superficie_declarada": "101.0 H",
        "provincia": "Sevilla",
        "fuentes": [
          {
            "id": "f1",
            "tipo": "primaria",
            "titulo": "Catastro Minero — derechos mineros de la provincia de Sevilla (shapefile, ETRS89)",
            "url": "https://geoportal.minetur.gob.es/CatastroMinero/api/reportDerechosMineros?idProv=41&geometria&extension=SHP",
            "fecha": "2026-08-06",
            "archivo": "fuentes/2026-08-06_miteco_catastro-minero-sevilla.zip"
          }
        ],
        "nota": "El perímetro es el del DERECHO, exacto sobre sí mismo: es un envolvente administrativo de cuadrículas mineras, no el contorno de una instalación. Saber dónde está el derecho no es saber dónde está la mina. La geometría viene del shapefile del catastro y NO de su exportación en CSV, que trunca la lista de vértices a 424 caracteres y pierde esquinas sin avisar. OJO CON «superficie_declarada»: se publica tal cual la da el catastro y NO concuerda con el perímetro dibujado. Medido sobre los 106 derechos, cada unidad vale unos 0,30 km² cuando el código es «C» y unos 0,22 km² cuando es «H» —que la interfaz del catastro rotula «hectáreas», y una hectárea es 0,01 km²—. El atlas no elige cuál de los dos datos vale: publica el perímetro, que es el que su propia cartografía dibuja, y deja el campo dicho con su desacuerdo."
      }
    },
    {
      "type": "Feature",
      "id": "minerales-derechos:carbonero-29934",
      "geometry": {
        "type": "Polygon",
        "coordinates": [
          [
            [
              -3.78209,
              37.05562
            ],
            [
              -3.77653,
              37.05562
            ],
            [
              -3.77653,
              37.06541
            ],
            [
              -3.78209,
              37.06541
            ],
            [
              -3.78209,
              37.05562
            ]
          ]
        ]
      },
      "properties": {
        "slug": "carbonero-29934",
        "nombre": "CARBONERO",
        "categoria": "vigente",
        "descripcion": "Concesion Directa de Explotacion a nombre de SOLVAY MINERALES, S.A. (KALI- CHEMIE IBERIA, S.A.), en situación «Otorgado».",
        "estado_registro": "vigente",
        "verif": "confirmado",
        "geo_precision": "exacta",
        "geo_fuente": "perímetro del derecho minero, del shapefile del Catastro Minero (ETRS89, que a 5 decimales es WGS84)",
        "geo_fuente__v": "confirmado",
        "geo_fuente__f": "f1",
        "fecha_alta": "2026-08-06",
        "fecha_verificacion": "2026-08-06",
        "titular": "SOLVAY MINERALES, S.A. (KALI- CHEMIE IBERIA, S.A.)",
        "titular__v": "confirmado",
        "titular__f": "f1",
        "tipo_derecho": "Concesion Directa de Explotacion",
        "situacion": "Otorgado",
        "situacion__v": "confirmado",
        "situacion__f": "f1",
        "n_registro": "29934",
        "sustancia_principal": "Estroncio",
        "sustancias": [
          "Estroncio",
          "celestina",
          "Yeso"
        ],
        "superficie_declarada": "1.0 C",
        "provincia": "Granada",
        "fuentes": [
          {
            "id": "f1",
            "tipo": "primaria",
            "titulo": "Catastro Minero — derechos mineros de la provincia de Granada (shapefile, ETRS89)",
            "url": "https://geoportal.minetur.gob.es/CatastroMinero/api/reportDerechosMineros?idProv=18&geometria&extension=SHP",
            "fecha": "2026-08-06",
            "archivo": "fuentes/2026-08-06_miteco_catastro-minero-granada.zip"
          }
        ],
        "nota": "El perímetro es el del DERECHO, exacto sobre sí mismo: es un envolvente administrativo de cuadrículas mineras, no el contorno de una instalación. Saber dónde está el derecho no es saber dónde está la mina. La geometría viene del shapefile del catastro y NO de su exportación en CSV, que trunca la lista de vértices a 424 caracteres y pierde esquinas sin avisar. OJO CON «superficie_declarada»: se publica tal cual la da el catastro y NO concuerda con el perímetro dibujado. Medido sobre los 106 derechos, cada unidad vale unos 0,30 km² cuando el código es «C» y unos 0,22 km² cuando es «H» —que la interfaz del catastro rotula «hectáreas», y una hectárea es 0,01 km²—. El atlas no elige cuál de los dos datos vale: publica el perímetro, que es el que su propia cartografía dibuja, y deja el campo dicho con su desacuerdo."
      }
    },
    {
      "type": "Feature",
      "id": "minerales-derechos:carbonero-2-29934",
      "geometry": {
        "type": "Polygon",
        "coordinates": [
          [
            [
              -3.81542,
              37.04318
            ],
            [
              -3.7932,
              37.04318
            ],
            [
              -3.7932,
              37.05007
            ],
            [
              -3.78209,
              37.05007
            ],
            [
              -3.78209,
              37.05562
            ],
            [
              -3.81542,
              37.05562
            ],
            [
              -3.81542,
              37.04318
            ]
          ]
        ]
      },
      "properties": {
        "slug": "carbonero-2-29934",
        "nombre": "CARBONERO 2",
        "categoria": "vigente",
        "descripcion": "Concesion de Explotacion  Derivada a nombre de SOLVAY MINERALES, S.A. (KALI- CHEMIE IBERIA, S.A.), en situación «Otorgado».",
        "estado_registro": "vigente",
        "verif": "confirmado",
        "geo_precision": "exacta",
        "geo_fuente": "perímetro del derecho minero, del shapefile del Catastro Minero (ETRS89, que a 5 decimales es WGS84)",
        "geo_fuente__v": "confirmado",
        "geo_fuente__f": "f1",
        "fecha_alta": "2026-08-06",
        "fecha_verificacion": "2026-08-06",
        "titular": "SOLVAY MINERALES, S.A. (KALI- CHEMIE IBERIA, S.A.)",
        "titular__v": "confirmado",
        "titular__f": "f1",
        "tipo_derecho": "Concesion de Explotacion  Derivada",
        "situacion": "Otorgado",
        "situacion__v": "confirmado",
        "situacion__f": "f1",
        "n_registro": "29934",
        "sustancia_principal": "Estroncio",
        "sustancias": [
          "Estroncio",
          "celestina",
          "Yeso"
        ],
        "superficie_declarada": "10.0 C",
        "provincia": "Granada",
        "fuentes": [
          {
            "id": "f1",
            "tipo": "primaria",
            "titulo": "Catastro Minero — derechos mineros de la provincia de Granada (shapefile, ETRS89)",
            "url": "https://geoportal.minetur.gob.es/CatastroMinero/api/reportDerechosMineros?idProv=18&geometria&extension=SHP",
            "fecha": "2026-08-06",
            "archivo": "fuentes/2026-08-06_miteco_catastro-minero-granada.zip"
          }
        ],
        "nota": "El perímetro es el del DERECHO, exacto sobre sí mismo: es un envolvente administrativo de cuadrículas mineras, no el contorno de una instalación. Saber dónde está el derecho no es saber dónde está la mina. La geometría viene del shapefile del catastro y NO de su exportación en CSV, que trunca la lista de vértices a 424 caracteres y pierde esquinas sin avisar. OJO CON «superficie_declarada»: se publica tal cual la da el catastro y NO concuerda con el perímetro dibujado. Medido sobre los 106 derechos, cada unidad vale unos 0,30 km² cuando el código es «C» y unos 0,22 km² cuando es «H» —que la interfaz del catastro rotula «hectáreas», y una hectárea es 0,01 km²—. El atlas no elige cuál de los dos datos vale: publica el perímetro, que es el que su propia cartografía dibuja, y deja el campo dicho con su desacuerdo."
      }
    },
    {
      "type": "Feature",
      "id": "minerales-derechos:carlota-1568",
      "geometry": {
        "type": "Polygon",
        "coordinates": [
          [
            [
              -3.59779,
              40.38889
            ],
            [
              -3.59781,
              40.37987
            ],
            [
              -3.59191,
              40.37986
            ],
            [
              -3.59196,
              40.38888
            ],
            [
              -3.59779,
              40.38889
            ]
          ]
        ]
      },
      "properties": {
        "slug": "carlota-1568",
        "nombre": "CARLOTA",
        "categoria": "vigente",
        "descripcion": "Concesion de Explotacion  Derivada a nombre de TOLSA, S.A., en situación «Otorgado».",
        "estado_registro": "vigente",
        "verif": "confirmado",
        "geo_precision": "exacta",
        "geo_fuente": "perímetro del derecho minero, del shapefile del Catastro Minero (ETRS89, que a 5 decimales es WGS84)",
        "geo_fuente__v": "confirmado",
        "geo_fuente__f": "f1",
        "fecha_alta": "2026-08-06",
        "fecha_verificacion": "2026-08-06",
        "titular": "TOLSA, S.A.",
        "titular__v": "confirmado",
        "titular__f": "f1",
        "tipo_derecho": "Concesion de Explotacion  Derivada",
        "situacion": "Otorgado",
        "situacion__v": "confirmado",
        "situacion__f": "f1",
        "n_registro": "1568",
        "sustancia_principal": "Sepiolita",
        "sustancias": [
          "Sepiolita"
        ],
        "superficie_declarada": "2.0 H",
        "provincia": "Madrid",
        "fuentes": [
          {
            "id": "f1",
            "tipo": "primaria",
            "titulo": "Catastro Minero — derechos mineros de la provincia de Madrid (shapefile, ETRS89)",
            "url": "https://geoportal.minetur.gob.es/CatastroMinero/api/reportDerechosMineros?idProv=28&geometria&extension=SHP",
            "fecha": "2026-08-06",
            "archivo": "fuentes/2026-08-06_miteco_catastro-minero-madrid.zip"
          }
        ],
        "nota": "El perímetro es el del DERECHO, exacto sobre sí mismo: es un envolvente administrativo de cuadrículas mineras, no el contorno de una instalación. Saber dónde está el derecho no es saber dónde está la mina. La geometría viene del shapefile del catastro y NO de su exportación en CSV, que trunca la lista de vértices a 424 caracteres y pierde esquinas sin avisar. OJO CON «superficie_declarada»: se publica tal cual la da el catastro y NO concuerda con el perímetro dibujado. Medido sobre los 106 derechos, cada unidad vale unos 0,30 km² cuando el código es «C» y unos 0,22 km² cuando es «H» —que la interfaz del catastro rotula «hectáreas», y una hectárea es 0,01 km²—. El atlas no elige cuál de los dos datos vale: publica el perímetro, que es el que su propia cartografía dibuja, y deja el campo dicho con su desacuerdo."
      }
    },
    {
      "type": "Feature",
      "id": "minerales-derechos:castellana-2186",
      "geometry": {
        "type": "Polygon",
        "coordinates": [
          [
            [
              -3.62285,
              40.48332
            ],
            [
              -3.62289,
              40.44726
            ],
            [
              -3.60991,
              40.44725
            ],
            [
              -3.60989,
              40.45897
            ],
            [
              -3.59573,
              40.45896
            ],
            [
              -3.59575,
              40.44453
            ],
            [
              -3.60519,
              40.44454
            ],
            [
              -3.6052,
              40.43282
            ],
            [
              -3.59576,
              40.43281
            ],
            [
              -3.59576,
              40.43371
            ],
            [
              -3.58042,
              40.4337
            ],
            [
              -3.58035,
              40.48329
            ],
            [
              -3.62285,
              40.48332
            ]
          ]
        ]
      },
      "properties": {
        "slug": "castellana-2186",
        "nombre": "CASTELLANA",
        "categoria": "vigente",
        "descripcion": "Concesion de Explotacion  Derivada a nombre de TOLSA, S.A., en situación «Otorgado».",
        "estado_registro": "vigente",
        "verif": "confirmado",
        "geo_precision": "exacta",
        "geo_fuente": "perímetro del derecho minero, del shapefile del Catastro Minero (ETRS89, que a 5 decimales es WGS84)",
        "geo_fuente__v": "confirmado",
        "geo_fuente__f": "f1",
        "fecha_alta": "2026-08-06",
        "fecha_verificacion": "2026-08-06",
        "titular": "TOLSA, S.A.",
        "titular__v": "confirmado",
        "titular__f": "f1",
        "tipo_derecho": "Concesion de Explotacion  Derivada",
        "situacion": "Otorgado",
        "situacion__v": "confirmado",
        "situacion__f": "f1",
        "n_registro": "2186",
        "sustancia_principal": "Sepiolita",
        "sustancias": [
          "Sepiolita"
        ],
        "superficie_declarada": "55.0 H",
        "provincia": "Madrid",
        "fuentes": [
          {
            "id": "f1",
            "tipo": "primaria",
            "titulo": "Catastro Minero — derechos mineros de la provincia de Madrid (shapefile, ETRS89)",
            "url": "https://geoportal.minetur.gob.es/CatastroMinero/api/reportDerechosMineros?idProv=28&geometria&extension=SHP",
            "fecha": "2026-08-06",
            "archivo": "fuentes/2026-08-06_miteco_catastro-minero-madrid.zip"
          }
        ],
        "nota": "El perímetro es el del DERECHO, exacto sobre sí mismo: es un envolvente administrativo de cuadrículas mineras, no el contorno de una instalación. Saber dónde está el derecho no es saber dónde está la mina. La geometría viene del shapefile del catastro y NO de su exportación en CSV, que trunca la lista de vértices a 424 caracteres y pierde esquinas sin avisar. OJO CON «superficie_declarada»: se publica tal cual la da el catastro y NO concuerda con el perímetro dibujado. Medido sobre los 106 derechos, cada unidad vale unos 0,30 km² cuando el código es «C» y unos 0,22 km² cuando es «H» —que la interfaz del catastro rotula «hectáreas», y una hectárea es 0,01 km²—. El atlas no elige cuál de los dos datos vale: publica el perímetro, que es el que su propia cartografía dibuja, y deja el campo dicho con su desacuerdo."
      }
    },
    {
      "type": "Feature",
      "id": "minerales-derechos:demasia-a-capicua-1-6230",
      "geometry": {
        "type": "Polygon",
        "coordinates": [
          [
            [
              -6.01992,
              36.84784
            ],
            [
              -6.0185,
              36.85029
            ],
            [
              -6.01951,
              36.85067
            ],
            [
              -6.01857,
              36.85231
            ],
            [
              -6.01876,
              36.8523
            ],
            [
              -6.01876,
              36.85221
            ],
            [
              -6.01988,
              36.85221
            ],
            [
              -6.01988,
              36.8486
            ],
            [
              -6.02195,
              36.84861
            ],
            [
              -6.01992,
              36.84784
            ]
          ]
        ]
      },
      "properties": {
        "slug": "demasia-a-capicua-1-6230",
        "nombre": "DEMASIA A CAPICUA 1",
        "categoria": "en_tramite",
        "descripcion": "Concesion Directa de Explotacion a nombre de TOLSA, S.A. (ABSORBE A AUXILIAR DE MINERIA, INDUST, en situación «Tramite/autorizacion».",
        "estado_registro": "vigente",
        "verif": "confirmado",
        "geo_precision": "exacta",
        "geo_fuente": "perímetro del derecho minero, del shapefile del Catastro Minero (ETRS89, que a 5 decimales es WGS84)",
        "geo_fuente__v": "confirmado",
        "geo_fuente__f": "f1",
        "fecha_alta": "2026-08-06",
        "fecha_verificacion": "2026-08-06",
        "titular": "TOLSA, S.A. (ABSORBE A AUXILIAR DE MINERIA, INDUST",
        "titular__v": "confirmado",
        "titular__f": "f1",
        "tipo_derecho": "Concesion Directa de Explotacion",
        "situacion": "Tramite/autorizacion",
        "situacion__v": "confirmado",
        "situacion__f": "f1",
        "n_registro": "6230",
        "sustancia_principal": "Todos de seccion C)",
        "sustancias": [
          "Todos de seccion C)"
        ],
        "superficie_declarada": "4.0 H",
        "provincia": "Sevilla",
        "fuentes": [
          {
            "id": "f1",
            "tipo": "primaria",
            "titulo": "Catastro Minero — derechos mineros de la provincia de Sevilla (shapefile, ETRS89)",
            "url": "https://geoportal.minetur.gob.es/CatastroMinero/api/reportDerechosMineros?idProv=41&geometria&extension=SHP",
            "fecha": "2026-08-06",
            "archivo": "fuentes/2026-08-06_miteco_catastro-minero-sevilla.zip"
          }
        ],
        "nota": "El perímetro es el del DERECHO, exacto sobre sí mismo: es un envolvente administrativo de cuadrículas mineras, no el contorno de una instalación. Saber dónde está el derecho no es saber dónde está la mina. La geometría viene del shapefile del catastro y NO de su exportación en CSV, que trunca la lista de vértices a 424 caracteres y pierde esquinas sin avisar. OJO CON «superficie_declarada»: se publica tal cual la da el catastro y NO concuerda con el perímetro dibujado. Medido sobre los 106 derechos, cada unidad vale unos 0,30 km² cuando el código es «C» y unos 0,22 km² cuando es «H» —que la interfaz del catastro rotula «hectáreas», y una hectárea es 0,01 km²—. El atlas no elige cuál de los dos datos vale: publica el perímetro, que es el que su propia cartografía dibuja, y deja el campo dicho con su desacuerdo."
      }
    },
    {
      "type": "Feature",
      "id": "minerales-derechos:demasia-a-capicua-2-6230",
      "geometry": {
        "type": "Polygon",
        "coordinates": [
          [
            [
              -6.02438,
              36.84855
            ],
            [
              -6.02438,
              36.84786
            ],
            [
              -6.02388,
              36.84781
            ],
            [
              -6.02469,
              36.84244
            ],
            [
              -6.02802,
              36.84276
            ],
            [
              -6.02842,
              36.84007
            ],
            [
              -6.02731,
              36.83997
            ],
            [
              -6.02758,
              36.83818
            ],
            [
              -6.02646,
              36.83807
            ],
            [
              -6.0266,
              36.83718
            ],
            [
              -6.02598,
              36.83712
            ],
            [
              -6.02568,
              36.83719
            ],
            [
              -6.02722,
              36.84152
            ],
            [
              -6.02291,
              36.84251
            ],
            [
              -6.02322,
              36.84338
            ],
            [
              -6.01999,
              36.84412
            ],
            [
              -6.01937,
              36.84239
            ],
            [
              -6.01829,
              36.84264
            ],
            [
              -6.01706,
              36.83918
            ],
            [
              -6.01921,
              36.83868
            ],
            [
              -6.0189,
              36.83782
            ],
            [
              -6.01783,
              36.83806
            ],
            [
              -6.01809,
              36.83816
            ],
            [
              -6.01761,
              36.83897
            ],
            [
              -6.0166,
              36.8386
            ],
            [
              -6.01565,
              36.84023
            ],
            [
              -6.01667,
              36.84061
            ],
            [
              -6.01572,
              36.84224
            ],
            [
              -6.01877,
              36.84338
            ],
            [
              -6.01829,
              36.8442
            ],
            [
              -6.02032,
              36.84496
            ],
            [
              -6.0208,
              36.84414
            ],
            [
              -6.02181,
              36.84452
            ],
            [
              -6.02229,
              36.84371
            ],
            [
              -6.0233,
              36.84409
            ],
            [
              -6.02235,
              36.84572
            ],
            [
              -6.02337,
              36.8461
            ],
            [
              -6.02195,
              36.84855
            ],
            [
              -6.02438,
              36.84855
            ],
            [
              -6.02438,
              36.84855
            ]
          ]
        ]
      },
      "properties": {
        "slug": "demasia-a-capicua-2-6230",
        "nombre": "DEMASIA A CAPICUA 2",
        "categoria": "en_tramite",
        "descripcion": "Concesion de Explotacion  Derivada a nombre de TOLSA, S.A. (ABSORBE A AUXILIAR DE MINERIA, INDUST, en situación «Tramite/autorizacion».",
        "estado_registro": "vigente",
        "verif": "confirmado",
        "geo_precision": "exacta",
        "geo_fuente": "perímetro del derecho minero, del shapefile del Catastro Minero (ETRS89, que a 5 decimales es WGS84)",
        "geo_fuente__v": "confirmado",
        "geo_fuente__f": "f1",
        "fecha_alta": "2026-08-06",
        "fecha_verificacion": "2026-08-06",
        "titular": "TOLSA, S.A. (ABSORBE A AUXILIAR DE MINERIA, INDUST",
        "titular__v": "confirmado",
        "titular__f": "f1",
        "tipo_derecho": "Concesion de Explotacion  Derivada",
        "situacion": "Tramite/autorizacion",
        "situacion__v": "confirmado",
        "situacion__f": "f1",
        "n_registro": "6230",
        "sustancia_principal": "Todos de seccion C)",
        "sustancias": [
          "Todos de seccion C)"
        ],
        "superficie_declarada": "28.0 H",
        "provincia": "Sevilla",
        "fuentes": [
          {
            "id": "f1",
            "tipo": "primaria",
            "titulo": "Catastro Minero — derechos mineros de la provincia de Sevilla (shapefile, ETRS89)",
            "url": "https://geoportal.minetur.gob.es/CatastroMinero/api/reportDerechosMineros?idProv=41&geometria&extension=SHP",
            "fecha": "2026-08-06",
            "archivo": "fuentes/2026-08-06_miteco_catastro-minero-sevilla.zip"
          }
        ],
        "nota": "El perímetro es el del DERECHO, exacto sobre sí mismo: es un envolvente administrativo de cuadrículas mineras, no el contorno de una instalación. Saber dónde está el derecho no es saber dónde está la mina. La geometría viene del shapefile del catastro y NO de su exportación en CSV, que trunca la lista de vértices a 424 caracteres y pierde esquinas sin avisar. OJO CON «superficie_declarada»: se publica tal cual la da el catastro y NO concuerda con el perímetro dibujado. Medido sobre los 106 derechos, cada unidad vale unos 0,30 km² cuando el código es «C» y unos 0,22 km² cuando es «H» —que la interfaz del catastro rotula «hectáreas», y una hectárea es 0,01 km²—. El atlas no elige cuál de los dos datos vale: publica el perímetro, que es el que su propia cartografía dibuja, y deja el campo dicho con su desacuerdo."
      }
    },
    {
      "type": "Feature",
      "id": "minerales-derechos:demasia-a-carabana-857-3106",
      "geometry": {
        "type": "Polygon",
        "coordinates": [
          [
            [
              -3.26241,
              40.24326
            ],
            [
              -3.26241,
              40.25993
            ],
            [
              -3.28463,
              40.25993
            ],
            [
              -3.28463,
              40.24326
            ],
            [
              -3.26241,
              40.24326
            ]
          ],
          [
            [
              -3.28235,
              40.25818
            ],
            [
              -3.26469,
              40.25818
            ],
            [
              -3.26469,
              40.24646
            ],
            [
              -3.28235,
              40.24646
            ],
            [
              -3.28235,
              40.25818
            ]
          ]
        ]
      },
      "properties": {
        "slug": "demasia-a-carabana-857-3106",
        "nombre": "DEMASIA A CARABAÑA 857",
        "categoria": "extinguido",
        "descripcion": "Concesion Directa de Explotacion a nombre de CAL DE CASTILLA S.A., TOLSA, S.A., en situación «Cancelado».",
        "estado_registro": "vigente",
        "verif": "confirmado",
        "geo_precision": "exacta",
        "geo_fuente": "perímetro del derecho minero, del shapefile del Catastro Minero (ETRS89, que a 5 decimales es WGS84)",
        "geo_fuente__v": "confirmado",
        "geo_fuente__f": "f1",
        "fecha_alta": "2026-08-06",
        "fecha_verificacion": "2026-08-06",
        "titular": "CAL DE CASTILLA S.A., TOLSA, S.A.",
        "titular__v": "confirmado",
        "titular__f": "f1",
        "tipo_derecho": "Concesion Directa de Explotacion",
        "situacion": "Cancelado",
        "situacion__v": "confirmado",
        "situacion__f": "f1",
        "n_registro": "3106",
        "superficie_declarada": "6.0 H",
        "provincia": "Madrid",
        "fuentes": [
          {
            "id": "f1",
            "tipo": "primaria",
            "titulo": "Catastro Minero — derechos mineros de la provincia de Madrid (shapefile, ETRS89)",
            "url": "https://geoportal.minetur.gob.es/CatastroMinero/api/reportDerechosMineros?idProv=28&geometria&extension=SHP",
            "fecha": "2026-08-06",
            "archivo": "fuentes/2026-08-06_miteco_catastro-minero-madrid.zip"
          }
        ],
        "nota": "El perímetro es el del DERECHO, exacto sobre sí mismo: es un envolvente administrativo de cuadrículas mineras, no el contorno de una instalación. Saber dónde está el derecho no es saber dónde está la mina. La geometría viene del shapefile del catastro y NO de su exportación en CSV, que trunca la lista de vértices a 424 caracteres y pierde esquinas sin avisar. OJO CON «superficie_declarada»: se publica tal cual la da el catastro y NO concuerda con el perímetro dibujado. Medido sobre los 106 derechos, cada unidad vale unos 0,30 km² cuando el código es «C» y unos 0,22 km² cuando es «H» —que la interfaz del catastro rotula «hectáreas», y una hectárea es 0,01 km²—. El atlas no elige cuál de los dos datos vale: publica el perímetro, que es el que su propia cartografía dibuja, y deja el campo dicho con su desacuerdo."
      }
    },
    {
      "type": "Feature",
      "id": "minerales-derechos:demasia-a-firmeza-9696",
      "geometry": {
        "type": "Polygon",
        "coordinates": [
          [
            [
              -6.54722,
              37.7247
            ],
            [
              -6.54714,
              37.72467
            ],
            [
              -6.54407,
              37.72542
            ],
            [
              -6.54616,
              37.7263
            ],
            [
              -6.54722,
              37.7247
            ]
          ]
        ]
      },
      "properties": {
        "slug": "demasia-a-firmeza-9696",
        "nombre": "DEMASIA A FIRMEZA",
        "categoria": "vigente",
        "descripcion": "Concesion Directa de Explotacion a nombre de ATLANTIC COPPER, S.A. (ANTES ATLANTIC COPPER HOLDI, PEÑA COPPER MINES LIMITED, en situación «Otorgado».",
        "estado_registro": "vigente",
        "verif": "confirmado",
        "geo_precision": "exacta",
        "geo_fuente": "perímetro del derecho minero, del shapefile del Catastro Minero (ETRS89, que a 5 decimales es WGS84)",
        "geo_fuente__v": "confirmado",
        "geo_fuente__f": "f1",
        "fecha_alta": "2026-08-06",
        "fecha_verificacion": "2026-08-06",
        "titular": "ATLANTIC COPPER, S.A. (ANTES ATLANTIC COPPER HOLDI, PEÑA COPPER MINES LIMITED",
        "titular__v": "confirmado",
        "titular__f": "f1",
        "tipo_derecho": "Concesion Directa de Explotacion",
        "situacion": "Otorgado",
        "situacion__v": "confirmado",
        "situacion__f": "f1",
        "n_registro": "9696",
        "sustancia_principal": "Hierro",
        "sustancias": [
          "Hierro"
        ],
        "superficie_declarada": "2.18 H",
        "provincia": "Huelva",
        "fuentes": [
          {
            "id": "f1",
            "tipo": "primaria",
            "titulo": "Catastro Minero — derechos mineros de la provincia de Huelva (shapefile, ETRS89)",
            "url": "https://geoportal.minetur.gob.es/CatastroMinero/api/reportDerechosMineros?idProv=21&geometria&extension=SHP",
            "fecha": "2026-08-06",
            "archivo": "fuentes/2026-08-06_miteco_catastro-minero-huelva.zip"
          }
        ],
        "nota": "El perímetro es el del DERECHO, exacto sobre sí mismo: es un envolvente administrativo de cuadrículas mineras, no el contorno de una instalación. Saber dónde está el derecho no es saber dónde está la mina. La geometría viene del shapefile del catastro y NO de su exportación en CSV, que trunca la lista de vértices a 424 caracteres y pierde esquinas sin avisar. OJO CON «superficie_declarada»: se publica tal cual la da el catastro y NO concuerda con el perímetro dibujado. Medido sobre los 106 derechos, cada unidad vale unos 0,30 km² cuando el código es «C» y unos 0,22 km² cuando es «H» —que la interfaz del catastro rotula «hectáreas», y una hectárea es 0,01 km²—. El atlas no elige cuál de los dos datos vale: publica el perímetro, que es el que su propia cartografía dibuja, y deja el campo dicho con su desacuerdo."
      }
    },
    {
      "type": "Feature",
      "id": "minerales-derechos:demasia-a-lealtad-9697",
      "geometry": {
        "type": "Polygon",
        "coordinates": [
          [
            [
              -6.55396,
              37.71608
            ],
            [
              -6.55612,
              37.71561
            ],
            [
              -6.55386,
              37.71581
            ],
            [
              -6.55395,
              37.71607
            ],
            [
              -6.55396,
              37.71608
            ]
          ]
        ]
      },
      "properties": {
        "slug": "demasia-a-lealtad-9697",
        "nombre": "DEMASIA A LEALTAD",
        "categoria": "vigente",
        "descripcion": "Concesion Directa de Explotacion a nombre de ATLANTIC COPPER, S.A. (ANTES ATLANTIC COPPER HOLDI, COMPAÑIA NACIONAL DE PIRITAS, S.A., en situación «Otorgado».",
        "estado_registro": "vigente",
        "verif": "confirmado",
        "geo_precision": "exacta",
        "geo_fuente": "perímetro del derecho minero, del shapefile del Catastro Minero (ETRS89, que a 5 decimales es WGS84)",
        "geo_fuente__v": "confirmado",
        "geo_fuente__f": "f1",
        "fecha_alta": "2026-08-06",
        "fecha_verificacion": "2026-08-06",
        "titular": "ATLANTIC COPPER, S.A. (ANTES ATLANTIC COPPER HOLDI, COMPAÑIA NACIONAL DE PIRITAS, S.A.",
        "titular__v": "confirmado",
        "titular__f": "f1",
        "tipo_derecho": "Concesion Directa de Explotacion",
        "situacion": "Otorgado",
        "situacion__v": "confirmado",
        "situacion__f": "f1",
        "n_registro": "9697",
        "sustancia_principal": "Hierro",
        "sustancias": [
          "Hierro"
        ],
        "superficie_declarada": "0.29 H",
        "provincia": "Huelva",
        "fuentes": [
          {
            "id": "f1",
            "tipo": "primaria",
            "titulo": "Catastro Minero — derechos mineros de la provincia de Huelva (shapefile, ETRS89)",
            "url": "https://geoportal.minetur.gob.es/CatastroMinero/api/reportDerechosMineros?idProv=21&geometria&extension=SHP",
            "fecha": "2026-08-06",
            "archivo": "fuentes/2026-08-06_miteco_catastro-minero-huelva.zip"
          }
        ],
        "nota": "El perímetro es el del DERECHO, exacto sobre sí mismo: es un envolvente administrativo de cuadrículas mineras, no el contorno de una instalación. Saber dónde está el derecho no es saber dónde está la mina. La geometría viene del shapefile del catastro y NO de su exportación en CSV, que trunca la lista de vértices a 424 caracteres y pierde esquinas sin avisar. OJO CON «superficie_declarada»: se publica tal cual la da el catastro y NO concuerda con el perímetro dibujado. Medido sobre los 106 derechos, cada unidad vale unos 0,30 km² cuando el código es «C» y unos 0,22 km² cuando es «H» —que la interfaz del catastro rotula «hectáreas», y una hectárea es 0,01 km²—. El atlas no elige cuál de los dos datos vale: publica el perímetro, que es el que su propia cartografía dibuja, y deja el campo dicho con su desacuerdo."
      }
    },
    {
      "type": "Feature",
      "id": "minerales-derechos:demasia-a-los-ermitanos-12746",
      "geometry": {
        "type": "Polygon",
        "coordinates": [
          [
            [
              -6.57187,
              37.73108
            ],
            [
              -6.57152,
              37.73026
            ],
            [
              -6.57036,
              37.73145
            ],
            [
              -6.57187,
              37.73108
            ]
          ]
        ]
      },
      "properties": {
        "slug": "demasia-a-los-ermitanos-12746",
        "nombre": "DEMASIA A LOS ERMITAÑOS",
        "categoria": "vigente",
        "descripcion": "Concesion Directa de Explotacion a nombre de ATLANTIC COPPER, S.A. (ANTES ATLANTIC COPPER HOLDI, en situación «Otorgado».",
        "estado_registro": "vigente",
        "verif": "confirmado",
        "geo_precision": "exacta",
        "geo_fuente": "perímetro del derecho minero, del shapefile del Catastro Minero (ETRS89, que a 5 decimales es WGS84)",
        "geo_fuente__v": "confirmado",
        "geo_fuente__f": "f1",
        "fecha_alta": "2026-08-06",
        "fecha_verificacion": "2026-08-06",
        "titular": "ATLANTIC COPPER, S.A. (ANTES ATLANTIC COPPER HOLDI",
        "titular__v": "confirmado",
        "titular__f": "f1",
        "tipo_derecho": "Concesion Directa de Explotacion",
        "situacion": "Otorgado",
        "situacion__v": "confirmado",
        "situacion__f": "f1",
        "n_registro": "12746",
        "sustancia_principal": "Cobre",
        "sustancias": [
          "Cobre"
        ],
        "superficie_declarada": "0.66 H",
        "provincia": "Huelva",
        "fuentes": [
          {
            "id": "f1",
            "tipo": "primaria",
            "titulo": "Catastro Minero — derechos mineros de la provincia de Huelva (shapefile, ETRS89)",
            "url": "https://geoportal.minetur.gob.es/CatastroMinero/api/reportDerechosMineros?idProv=21&geometria&extension=SHP",
            "fecha": "2026-08-06",
            "archivo": "fuentes/2026-08-06_miteco_catastro-minero-huelva.zip"
          }
        ],
        "nota": "El perímetro es el del DERECHO, exacto sobre sí mismo: es un envolvente administrativo de cuadrículas mineras, no el contorno de una instalación. Saber dónde está el derecho no es saber dónde está la mina. La geometría viene del shapefile del catastro y NO de su exportación en CSV, que trunca la lista de vértices a 424 caracteres y pierde esquinas sin avisar. OJO CON «superficie_declarada»: se publica tal cual la da el catastro y NO concuerda con el perímetro dibujado. Medido sobre los 106 derechos, cada unidad vale unos 0,30 km² cuando el código es «C» y unos 0,22 km² cuando es «H» —que la interfaz del catastro rotula «hectáreas», y una hectárea es 0,01 km²—. El atlas no elige cuál de los dos datos vale: publica el perímetro, que es el que su propia cartografía dibuja, y deja el campo dicho con su desacuerdo."
      }
    },
    {
      "type": "Feature",
      "id": "minerales-derechos:demasia-a-victoria-2048-3110",
      "geometry": {
        "type": "Polygon",
        "coordinates": [
          [
            [
              -3.56242,
              40.35993
            ],
            [
              -3.56242,
              40.36454
            ],
            [
              -3.59317,
              40.36454
            ],
            [
              -3.59317,
              40.36548
            ],
            [
              -3.59575,
              40.36548
            ],
            [
              -3.59575,
              40.35993
            ],
            [
              -3.56242,
              40.35993
            ]
          ]
        ]
      },
      "properties": {
        "slug": "demasia-a-victoria-2048-3110",
        "nombre": "DEMASIA A VICTORIA 2048",
        "categoria": "extinguido",
        "descripcion": "Concesion Directa de Explotacion a nombre de TOLSA, S.A., en situación «Cancelado».",
        "estado_registro": "vigente",
        "verif": "confirmado",
        "geo_precision": "exacta",
        "geo_fuente": "perímetro del derecho minero, del shapefile del Catastro Minero (ETRS89, que a 5 decimales es WGS84)",
        "geo_fuente__v": "confirmado",
        "geo_fuente__f": "f1",
        "fecha_alta": "2026-08-06",
        "fecha_verificacion": "2026-08-06",
        "titular": "TOLSA, S.A.",
        "titular__v": "confirmado",
        "titular__f": "f1",
        "tipo_derecho": "Concesion Directa de Explotacion",
        "situacion": "Cancelado",
        "situacion__v": "confirmado",
        "situacion__f": "f1",
        "n_registro": "3110",
        "sustancia_principal": "Sepiolita",
        "sustancias": [
          "Sepiolita"
        ],
        "superficie_declarada": "6.0 H",
        "provincia": "Madrid",
        "fuentes": [
          {
            "id": "f1",
            "tipo": "primaria",
            "titulo": "Catastro Minero — derechos mineros de la provincia de Madrid (shapefile, ETRS89)",
            "url": "https://geoportal.minetur.gob.es/CatastroMinero/api/reportDerechosMineros?idProv=28&geometria&extension=SHP",
            "fecha": "2026-08-06",
            "archivo": "fuentes/2026-08-06_miteco_catastro-minero-madrid.zip"
          }
        ],
        "nota": "El perímetro es el del DERECHO, exacto sobre sí mismo: es un envolvente administrativo de cuadrículas mineras, no el contorno de una instalación. Saber dónde está el derecho no es saber dónde está la mina. La geometría viene del shapefile del catastro y NO de su exportación en CSV, que trunca la lista de vértices a 424 caracteres y pierde esquinas sin avisar. OJO CON «superficie_declarada»: se publica tal cual la da el catastro y NO concuerda con el perímetro dibujado. Medido sobre los 106 derechos, cada unidad vale unos 0,30 km² cuando el código es «C» y unos 0,22 km² cuando es «H» —que la interfaz del catastro rotula «hectáreas», y una hectárea es 0,01 km²—. El atlas no elige cuál de los dos datos vale: publica el perímetro, que es el que su propia cartografía dibuja, y deja el campo dicho con su desacuerdo."
      }
    },
    {
      "type": "Feature",
      "id": "minerales-derechos:don-pepe-2949",
      "geometry": {
        "type": "Polygon",
        "coordinates": [
          [
            [
              -3.16241,
              40.0877
            ],
            [
              -3.15685,
              40.0877
            ],
            [
              -3.15685,
              40.07103
            ],
            [
              -3.14574,
              40.07103
            ],
            [
              -3.14574,
              40.06548
            ],
            [
              -3.14018,
              40.06548
            ],
            [
              -3.14018,
              40.09881
            ],
            [
              -3.16241,
              40.09881
            ],
            [
              -3.16241,
              40.0877
            ]
          ]
        ]
      },
      "properties": {
        "slug": "don-pepe-2949",
        "nombre": "DON PEPE",
        "categoria": "en_tramite",
        "descripcion": "Concesion de Explotacion  Derivada a nombre de TOLSA, S.A., en situación «Tramite/otorgamiento».",
        "estado_registro": "vigente",
        "verif": "confirmado",
        "geo_precision": "exacta",
        "geo_fuente": "perímetro del derecho minero, del shapefile del Catastro Minero (ETRS89, que a 5 decimales es WGS84)",
        "geo_fuente__v": "confirmado",
        "geo_fuente__f": "f1",
        "fecha_alta": "2026-08-06",
        "fecha_verificacion": "2026-08-06",
        "titular": "TOLSA, S.A.",
        "titular__v": "confirmado",
        "titular__f": "f1",
        "tipo_derecho": "Concesion de Explotacion  Derivada",
        "situacion": "Tramite/otorgamiento",
        "situacion__v": "confirmado",
        "situacion__f": "f1",
        "n_registro": "2949",
        "superficie_declarada": "18.0 H",
        "provincia": "Madrid",
        "fuentes": [
          {
            "id": "f1",
            "tipo": "primaria",
            "titulo": "Catastro Minero — derechos mineros de la provincia de Madrid (shapefile, ETRS89)",
            "url": "https://geoportal.minetur.gob.es/CatastroMinero/api/reportDerechosMineros?idProv=28&geometria&extension=SHP",
            "fecha": "2026-08-06",
            "archivo": "fuentes/2026-08-06_miteco_catastro-minero-madrid.zip"
          }
        ],
        "nota": "El perímetro es el del DERECHO, exacto sobre sí mismo: es un envolvente administrativo de cuadrículas mineras, no el contorno de una instalación. Saber dónde está el derecho no es saber dónde está la mina. La geometría viene del shapefile del catastro y NO de su exportación en CSV, que trunca la lista de vértices a 424 caracteres y pierde esquinas sin avisar. OJO CON «superficie_declarada»: se publica tal cual la da el catastro y NO concuerda con el perímetro dibujado. Medido sobre los 106 derechos, cada unidad vale unos 0,30 km² cuando el código es «C» y unos 0,22 km² cuando es «H» —que la interfaz del catastro rotula «hectáreas», y una hectárea es 0,01 km²—. El atlas no elige cuál de los dos datos vale: publica el perímetro, que es el que su propia cartografía dibuja, y deja el campo dicho con su desacuerdo."
      }
    },
    {
      "type": "Feature",
      "id": "minerales-derechos:don-pepe-2949-b",
      "geometry": {
        "type": "Polygon",
        "coordinates": [
          [
            [
              -3.16241,
              40.09881
            ],
            [
              -3.16241,
              40.09326
            ],
            [
              -3.16241,
              40.0877
            ],
            [
              -3.15685,
              40.0877
            ],
            [
              -3.15685,
              40.07103
            ],
            [
              -3.14574,
              40.07103
            ],
            [
              -3.14574,
              40.06548
            ],
            [
              -3.14018,
              40.06548
            ],
            [
              -3.14018,
              40.09881
            ],
            [
              -3.16241,
              40.09881
            ]
          ]
        ]
      },
      "properties": {
        "slug": "don-pepe-2949-b",
        "nombre": "DON PEPE",
        "categoria": "vigente",
        "descripcion": "Permiso de Investigacion a nombre de TOLSA, S.A., en situación «Otorgado».",
        "estado_registro": "vigente",
        "verif": "confirmado",
        "geo_precision": "exacta",
        "geo_fuente": "perímetro del derecho minero, del shapefile del Catastro Minero (ETRS89, que a 5 decimales es WGS84)",
        "geo_fuente__v": "confirmado",
        "geo_fuente__f": "f1",
        "fecha_alta": "2026-08-06",
        "fecha_verificacion": "2026-08-06",
        "titular": "TOLSA, S.A.",
        "titular__v": "confirmado",
        "titular__f": "f1",
        "tipo_derecho": "Permiso de Investigacion",
        "situacion": "Otorgado",
        "situacion__v": "confirmado",
        "situacion__f": "f1",
        "n_registro": "2949",
        "superficie_declarada": "18.0 H",
        "provincia": "Madrid",
        "fuentes": [
          {
            "id": "f1",
            "tipo": "primaria",
            "titulo": "Catastro Minero — derechos mineros de la provincia de Madrid (shapefile, ETRS89)",
            "url": "https://geoportal.minetur.gob.es/CatastroMinero/api/reportDerechosMineros?idProv=28&geometria&extension=SHP",
            "fecha": "2026-08-06",
            "archivo": "fuentes/2026-08-06_miteco_catastro-minero-madrid.zip"
          }
        ],
        "nota": "El perímetro es el del DERECHO, exacto sobre sí mismo: es un envolvente administrativo de cuadrículas mineras, no el contorno de una instalación. Saber dónde está el derecho no es saber dónde está la mina. La geometría viene del shapefile del catastro y NO de su exportación en CSV, que trunca la lista de vértices a 424 caracteres y pierde esquinas sin avisar. OJO CON «superficie_declarada»: se publica tal cual la da el catastro y NO concuerda con el perímetro dibujado. Medido sobre los 106 derechos, cada unidad vale unos 0,30 km² cuando el código es «C» y unos 0,22 km² cuando es «H» —que la interfaz del catastro rotula «hectáreas», y una hectárea es 0,01 km²—. El atlas no elige cuál de los dos datos vale: publica el perímetro, que es el que su propia cartografía dibuja, y deja el campo dicho con su desacuerdo."
      }
    },
    {
      "type": "Feature",
      "id": "minerales-derechos:el-regueron-2953",
      "geometry": {
        "type": "Polygon",
        "coordinates": [
          [
            [
              -3.55131,
              40.50993
            ],
            [
              -3.55131,
              40.53215
            ],
            [
              -3.56797,
              40.53215
            ],
            [
              -3.56797,
              40.50993
            ],
            [
              -3.55131,
              40.50993
            ]
          ]
        ]
      },
      "properties": {
        "slug": "el-regueron-2953",
        "nombre": "EL REGUERON",
        "categoria": "extinguido",
        "descripcion": "Permiso de Investigacion a nombre de TOLSA, S.A., en situación «Caducado».",
        "estado_registro": "vigente",
        "verif": "confirmado",
        "geo_precision": "exacta",
        "geo_fuente": "perímetro del derecho minero, del shapefile del Catastro Minero (ETRS89, que a 5 decimales es WGS84)",
        "geo_fuente__v": "confirmado",
        "geo_fuente__f": "f1",
        "fecha_alta": "2026-08-06",
        "fecha_verificacion": "2026-08-06",
        "titular": "TOLSA, S.A.",
        "titular__v": "confirmado",
        "titular__f": "f1",
        "tipo_derecho": "Permiso de Investigacion",
        "situacion": "Caducado",
        "situacion__v": "confirmado",
        "situacion__f": "f1",
        "n_registro": "2953",
        "superficie_declarada": "12.0 H",
        "provincia": "Madrid",
        "fuentes": [
          {
            "id": "f1",
            "tipo": "primaria",
            "titulo": "Catastro Minero — derechos mineros de la provincia de Madrid (shapefile, ETRS89)",
            "url": "https://geoportal.minetur.gob.es/CatastroMinero/api/reportDerechosMineros?idProv=28&geometria&extension=SHP",
            "fecha": "2026-08-06",
            "archivo": "fuentes/2026-08-06_miteco_catastro-minero-madrid.zip"
          }
        ],
        "nota": "El perímetro es el del DERECHO, exacto sobre sí mismo: es un envolvente administrativo de cuadrículas mineras, no el contorno de una instalación. Saber dónde está el derecho no es saber dónde está la mina. La geometría viene del shapefile del catastro y NO de su exportación en CSV, que trunca la lista de vértices a 424 caracteres y pierde esquinas sin avisar. OJO CON «superficie_declarada»: se publica tal cual la da el catastro y NO concuerda con el perímetro dibujado. Medido sobre los 106 derechos, cada unidad vale unos 0,30 km² cuando el código es «C» y unos 0,22 km² cuando es «H» —que la interfaz del catastro rotula «hectáreas», y una hectárea es 0,01 km²—. El atlas no elige cuál de los dos datos vale: publica el perímetro, que es el que su propia cartografía dibuja, y deja el campo dicho con su desacuerdo."
      }
    },
    {
      "type": "Feature",
      "id": "minerales-derechos:el-regueron-2953-b",
      "geometry": {
        "type": "Polygon",
        "coordinates": [
          [
            [
              -3.56797,
              40.50993
            ],
            [
              -3.55131,
              40.50993
            ],
            [
              -3.55131,
              40.53215
            ],
            [
              -3.56797,
              40.53215
            ],
            [
              -3.56797,
              40.50993
            ]
          ]
        ]
      },
      "properties": {
        "slug": "el-regueron-2953-b",
        "nombre": "EL REGUERON",
        "categoria": "extinguido",
        "descripcion": "Concesion de Explotacion  Derivada a nombre de TOLSA, S.A., en situación «Cancelado».",
        "estado_registro": "vigente",
        "verif": "confirmado",
        "geo_precision": "exacta",
        "geo_fuente": "perímetro del derecho minero, del shapefile del Catastro Minero (ETRS89, que a 5 decimales es WGS84)",
        "geo_fuente__v": "confirmado",
        "geo_fuente__f": "f1",
        "fecha_alta": "2026-08-06",
        "fecha_verificacion": "2026-08-06",
        "titular": "TOLSA, S.A.",
        "titular__v": "confirmado",
        "titular__f": "f1",
        "tipo_derecho": "Concesion de Explotacion  Derivada",
        "situacion": "Cancelado",
        "situacion__v": "confirmado",
        "situacion__f": "f1",
        "n_registro": "2953",
        "superficie_declarada": "12.0 H",
        "provincia": "Madrid",
        "fuentes": [
          {
            "id": "f1",
            "tipo": "primaria",
            "titulo": "Catastro Minero — derechos mineros de la provincia de Madrid (shapefile, ETRS89)",
            "url": "https://geoportal.minetur.gob.es/CatastroMinero/api/reportDerechosMineros?idProv=28&geometria&extension=SHP",
            "fecha": "2026-08-06",
            "archivo": "fuentes/2026-08-06_miteco_catastro-minero-madrid.zip"
          }
        ],
        "nota": "El perímetro es el del DERECHO, exacto sobre sí mismo: es un envolvente administrativo de cuadrículas mineras, no el contorno de una instalación. Saber dónde está el derecho no es saber dónde está la mina. La geometría viene del shapefile del catastro y NO de su exportación en CSV, que trunca la lista de vértices a 424 caracteres y pierde esquinas sin avisar. OJO CON «superficie_declarada»: se publica tal cual la da el catastro y NO concuerda con el perímetro dibujado. Medido sobre los 106 derechos, cada unidad vale unos 0,30 km² cuando el código es «C» y unos 0,22 km² cuando es «H» —que la interfaz del catastro rotula «hectáreas», y una hectárea es 0,01 km²—. El atlas no elige cuál de los dos datos vale: publica el perímetro, que es el que su propia cartografía dibuja, y deja el campo dicho con su desacuerdo."
      }
    },
    {
      "type": "Feature",
      "id": "minerales-derechos:encina-12766",
      "geometry": {
        "type": "Polygon",
        "coordinates": [
          [
            [
              -6.99024,
              38.46542
            ],
            [
              -7.00136,
              38.46542
            ],
            [
              -7.00136,
              38.48764
            ],
            [
              -7.00691,
              38.48764
            ],
            [
              -7.00691,
              38.49876
            ],
            [
              -7.01802,
              38.49876
            ],
            [
              -7.01802,
              38.44876
            ],
            [
              -7.00136,
              38.44876
            ],
            [
              -7.00136,
              38.43209
            ],
            [
              -6.95136,
              38.43209
            ],
            [
              -6.95136,
              38.41542
            ],
            [
              -6.91802,
              38.41542
            ],
            [
              -6.91802,
              38.39876
            ],
            [
              -6.90136,
              38.39876
            ],
            [
              -6.90136,
              38.38209
            ],
            [
              -6.88469,
              38.38209
            ],
            [
              -6.88469,
              38.37098
            ],
            [
              -6.84024,
              38.37098
            ],
            [
              -6.84024,
              38.39876
            ],
            [
              -6.85135,
              38.39876
            ],
            [
              -6.85135,
              38.43209
            ],
            [
              -6.93469,
              38.43209
            ],
            [
              -6.93469,
              38.4432
            ],
            [
              -6.96802,
              38.4432
            ],
            [
              -6.96802,
              38.44876
            ],
            [
              -6.99024,
              38.44876
            ],
            [
              -6.99024,
              38.46542
            ]
          ]
        ]
      },
      "properties": {
        "slug": "encina-12766",
        "nombre": "ENCINA",
        "categoria": "vigente",
        "descripcion": "Permiso de Investigacion a nombre de RIO NARCEA RECURSOS, S.A., en situación «Otorgado».",
        "estado_registro": "vigente",
        "verif": "confirmado",
        "geo_precision": "exacta",
        "geo_fuente": "perímetro del derecho minero, del shapefile del Catastro Minero (ETRS89, que a 5 decimales es WGS84)",
        "geo_fuente__v": "confirmado",
        "geo_fuente__f": "f1",
        "fecha_alta": "2026-08-06",
        "fecha_verificacion": "2026-08-06",
        "titular": "RIO NARCEA RECURSOS, S.A.",
        "titular__v": "confirmado",
        "titular__f": "f1",
        "tipo_derecho": "Permiso de Investigacion",
        "situacion": "Otorgado",
        "situacion__v": "confirmado",
        "situacion__f": "f1",
        "n_registro": "12766",
        "sustancia_principal": "Todos de seccion C)",
        "sustancias": [
          "Todos de seccion C)"
        ],
        "superficie_declarada": "5984.52 H",
        "provincia": "Badajoz",
        "fuentes": [
          {
            "id": "f1",
            "tipo": "primaria",
            "titulo": "Catastro Minero — derechos mineros de la provincia de Badajoz (shapefile, ETRS89)",
            "url": "https://geoportal.minetur.gob.es/CatastroMinero/api/reportDerechosMineros?idProv=06&geometria&extension=SHP",
            "fecha": "2026-08-06",
            "archivo": "fuentes/2026-08-06_miteco_catastro-minero-badajoz.zip"
          }
        ],
        "nota": "El perímetro es el del DERECHO, exacto sobre sí mismo: es un envolvente administrativo de cuadrículas mineras, no el contorno de una instalación. Saber dónde está el derecho no es saber dónde está la mina. La geometría viene del shapefile del catastro y NO de su exportación en CSV, que trunca la lista de vértices a 424 caracteres y pierde esquinas sin avisar. OJO CON «superficie_declarada»: se publica tal cual la da el catastro y NO concuerda con el perímetro dibujado. Medido sobre los 106 derechos, cada unidad vale unos 0,30 km² cuando el código es «C» y unos 0,22 km² cuando es «H» —que la interfaz del catastro rotula «hectáreas», y una hectárea es 0,01 km²—. El atlas no elige cuál de los dos datos vale: publica el perímetro, que es el que su propia cartografía dibuja, y deja el campo dicho con su desacuerdo."
      }
    },
    {
      "type": "Feature",
      "id": "minerales-derechos:enebro-12765",
      "geometry": {
        "type": "Polygon",
        "coordinates": [
          [
            [
              -6.80135,
              38.27653
            ],
            [
              -6.78469,
              38.27653
            ],
            [
              -6.78469,
              38.25987
            ],
            [
              -6.80135,
              38.25987
            ],
            [
              -6.80135,
              38.25431
            ],
            [
              -6.66802,
              38.25431
            ],
            [
              -6.66802,
              38.29876
            ],
            [
              -6.6958,
              38.29876
            ],
            [
              -6.6958,
              38.31542
            ],
            [
              -6.80135,
              38.31542
            ],
            [
              -6.80135,
              38.27653
            ]
          ]
        ]
      },
      "properties": {
        "slug": "enebro-12765",
        "nombre": "ENEBRO",
        "categoria": "vigente",
        "descripcion": "Permiso de Investigacion a nombre de RIO NARCEA RECURSOS, S.A., en situación «Otorgado».",
        "estado_registro": "vigente",
        "verif": "confirmado",
        "geo_precision": "exacta",
        "geo_fuente": "perímetro del derecho minero, del shapefile del Catastro Minero (ETRS89, que a 5 decimales es WGS84)",
        "geo_fuente__v": "confirmado",
        "geo_fuente__f": "f1",
        "fecha_alta": "2026-08-06",
        "fecha_verificacion": "2026-08-06",
        "titular": "RIO NARCEA RECURSOS, S.A.",
        "titular__v": "confirmado",
        "titular__f": "f1",
        "tipo_derecho": "Permiso de Investigacion",
        "situacion": "Otorgado",
        "situacion__v": "confirmado",
        "situacion__f": "f1",
        "n_registro": "12765",
        "sustancia_principal": "Todos de seccion C)",
        "sustancias": [
          "Todos de seccion C)"
        ],
        "superficie_declarada": "7194.74 H",
        "provincia": "Badajoz",
        "fuentes": [
          {
            "id": "f1",
            "tipo": "primaria",
            "titulo": "Catastro Minero — derechos mineros de la provincia de Badajoz (shapefile, ETRS89)",
            "url": "https://geoportal.minetur.gob.es/CatastroMinero/api/reportDerechosMineros?idProv=06&geometria&extension=SHP",
            "fecha": "2026-08-06",
            "archivo": "fuentes/2026-08-06_miteco_catastro-minero-badajoz.zip"
          }
        ],
        "nota": "El perímetro es el del DERECHO, exacto sobre sí mismo: es un envolvente administrativo de cuadrículas mineras, no el contorno de una instalación. Saber dónde está el derecho no es saber dónde está la mina. La geometría viene del shapefile del catastro y NO de su exportación en CSV, que trunca la lista de vértices a 424 caracteres y pierde esquinas sin avisar. OJO CON «superficie_declarada»: se publica tal cual la da el catastro y NO concuerda con el perímetro dibujado. Medido sobre los 106 derechos, cada unidad vale unos 0,30 km² cuando el código es «C» y unos 0,22 km² cuando es «H» —que la interfaz del catastro rotula «hectáreas», y una hectárea es 0,01 km²—. El atlas no elige cuál de los dos datos vale: publica el perímetro, que es el que su propia cartografía dibuja, y deja el campo dicho con su desacuerdo."
      }
    },
    {
      "type": "Feature",
      "id": "minerales-derechos:faralaes-7945",
      "geometry": {
        "type": "Polygon",
        "coordinates": [
          [
            [
              -6.11801,
              37.51541
            ],
            [
              -6.09579,
              37.51541
            ],
            [
              -6.09579,
              37.52652
            ],
            [
              -6.1069,
              37.52652
            ],
            [
              -6.1069,
              37.53207
            ],
            [
              -6.11801,
              37.53207
            ],
            [
              -6.11801,
              37.51541
            ]
          ]
        ]
      },
      "properties": {
        "slug": "faralaes-7945",
        "nombre": "FARALAES",
        "categoria": "en_tramite",
        "descripcion": "Permiso de Investigacion a nombre de COBRE LAS CRUCES, S.A., en situación «Tramite/otorgamiento».",
        "estado_registro": "vigente",
        "verif": "confirmado",
        "geo_precision": "exacta",
        "geo_fuente": "perímetro del derecho minero, del shapefile del Catastro Minero (ETRS89, que a 5 decimales es WGS84)",
        "geo_fuente__v": "confirmado",
        "geo_fuente__f": "f1",
        "fecha_alta": "2026-08-06",
        "fecha_verificacion": "2026-08-06",
        "titular": "COBRE LAS CRUCES, S.A.",
        "titular__v": "confirmado",
        "titular__f": "f1",
        "tipo_derecho": "Permiso de Investigacion",
        "situacion": "Tramite/otorgamiento",
        "situacion__v": "confirmado",
        "situacion__f": "f1",
        "n_registro": "7945",
        "sustancia_principal": "Todos de seccion C)",
        "sustancias": [
          "Todos de seccion C)"
        ],
        "superficie_declarada": "10.0 C",
        "provincia": "Sevilla",
        "fuentes": [
          {
            "id": "f1",
            "tipo": "primaria",
            "titulo": "Catastro Minero — derechos mineros de la provincia de Sevilla (shapefile, ETRS89)",
            "url": "https://geoportal.minetur.gob.es/CatastroMinero/api/reportDerechosMineros?idProv=41&geometria&extension=SHP",
            "fecha": "2026-08-06",
            "archivo": "fuentes/2026-08-06_miteco_catastro-minero-sevilla.zip"
          }
        ],
        "nota": "El perímetro es el del DERECHO, exacto sobre sí mismo: es un envolvente administrativo de cuadrículas mineras, no el contorno de una instalación. Saber dónde está el derecho no es saber dónde está la mina. La geometría viene del shapefile del catastro y NO de su exportación en CSV, que trunca la lista de vértices a 424 caracteres y pierde esquinas sin avisar. OJO CON «superficie_declarada»: se publica tal cual la da el catastro y NO concuerda con el perímetro dibujado. Medido sobre los 106 derechos, cada unidad vale unos 0,30 km² cuando el código es «C» y unos 0,22 km² cuando es «H» —que la interfaz del catastro rotula «hectáreas», y una hectárea es 0,01 km²—. El atlas no elige cuál de los dos datos vale: publica el perímetro, que es el que su propia cartografía dibuja, y deja el campo dicho con su desacuerdo."
      }
    },
    {
      "type": "Feature",
      "id": "minerales-derechos:galicia-1410",
      "geometry": {
        "type": "Polygon",
        "coordinates": [
          [
            [
              -3.60603,
              40.38993
            ],
            [
              -3.60603,
              40.38437
            ],
            [
              -3.60242,
              40.38437
            ],
            [
              -3.60242,
              40.38715
            ],
            [
              -3.59769,
              40.38715
            ],
            [
              -3.59769,
              40.38882
            ],
            [
              -3.59547,
              40.38882
            ],
            [
              -3.59547,
              40.38965
            ],
            [
              -3.60603,
              40.38993
            ]
          ]
        ]
      },
      "properties": {
        "slug": "galicia-1410",
        "nombre": "GALICIA",
        "categoria": "vigente",
        "descripcion": "Concesion de Explotacion  Derivada a nombre de TOLSA, S.A., en situación «Otorgado».",
        "estado_registro": "vigente",
        "verif": "confirmado",
        "geo_precision": "exacta",
        "geo_fuente": "perímetro del derecho minero, del shapefile del Catastro Minero (ETRS89, que a 5 decimales es WGS84)",
        "geo_fuente__v": "confirmado",
        "geo_fuente__f": "f1",
        "fecha_alta": "2026-08-06",
        "fecha_verificacion": "2026-08-06",
        "titular": "TOLSA, S.A.",
        "titular__v": "confirmado",
        "titular__f": "f1",
        "tipo_derecho": "Concesion de Explotacion  Derivada",
        "situacion": "Otorgado",
        "situacion__v": "confirmado",
        "situacion__f": "f1",
        "n_registro": "1410",
        "sustancia_principal": "Sepiolita",
        "sustancias": [
          "Sepiolita"
        ],
        "superficie_declarada": "2.0 H",
        "provincia": "Madrid",
        "fuentes": [
          {
            "id": "f1",
            "tipo": "primaria",
            "titulo": "Catastro Minero — derechos mineros de la provincia de Madrid (shapefile, ETRS89)",
            "url": "https://geoportal.minetur.gob.es/CatastroMinero/api/reportDerechosMineros?idProv=28&geometria&extension=SHP",
            "fecha": "2026-08-06",
            "archivo": "fuentes/2026-08-06_miteco_catastro-minero-madrid.zip"
          }
        ],
        "nota": "El perímetro es el del DERECHO, exacto sobre sí mismo: es un envolvente administrativo de cuadrículas mineras, no el contorno de una instalación. Saber dónde está el derecho no es saber dónde está la mina. La geometría viene del shapefile del catastro y NO de su exportación en CSV, que trunca la lista de vértices a 424 caracteres y pierde esquinas sin avisar. OJO CON «superficie_declarada»: se publica tal cual la da el catastro y NO concuerda con el perímetro dibujado. Medido sobre los 106 derechos, cada unidad vale unos 0,30 km² cuando el código es «C» y unos 0,22 km² cuando es «H» —que la interfaz del catastro rotula «hectáreas», y una hectárea es 0,01 km²—. El atlas no elige cuál de los dos datos vale: publica el perímetro, que es el que su propia cartografía dibuja, y deja el campo dicho con su desacuerdo."
      }
    },
    {
      "type": "Feature",
      "id": "minerales-derechos:galicia-cuarta-1839",
      "geometry": {
        "type": "Polygon",
        "coordinates": [
          [
            [
              -3.60075,
              40.37409
            ],
            [
              -3.60436,
              40.36937
            ],
            [
              -3.59742,
              40.36604
            ],
            [
              -3.59381,
              40.37076
            ],
            [
              -3.59547,
              40.37159
            ],
            [
              -3.60075,
              40.37409
            ]
          ]
        ]
      },
      "properties": {
        "slug": "galicia-cuarta-1839",
        "nombre": "GALICIA CUARTA",
        "categoria": "vigente",
        "descripcion": "Concesion de Explotacion  Derivada a nombre de TOLSA, S.A., en situación «Otorgado».",
        "estado_registro": "vigente",
        "verif": "confirmado",
        "geo_precision": "exacta",
        "geo_fuente": "perímetro del derecho minero, del shapefile del Catastro Minero (ETRS89, que a 5 decimales es WGS84)",
        "geo_fuente__v": "confirmado",
        "geo_fuente__f": "f1",
        "fecha_alta": "2026-08-06",
        "fecha_verificacion": "2026-08-06",
        "titular": "TOLSA, S.A.",
        "titular__v": "confirmado",
        "titular__f": "f1",
        "tipo_derecho": "Concesion de Explotacion  Derivada",
        "situacion": "Otorgado",
        "situacion__v": "confirmado",
        "situacion__f": "f1",
        "n_registro": "1839",
        "sustancia_principal": "Sepiolita",
        "sustancias": [
          "Sepiolita"
        ],
        "superficie_declarada": "2.0 H",
        "provincia": "Madrid",
        "fuentes": [
          {
            "id": "f1",
            "tipo": "primaria",
            "titulo": "Catastro Minero — derechos mineros de la provincia de Madrid (shapefile, ETRS89)",
            "url": "https://geoportal.minetur.gob.es/CatastroMinero/api/reportDerechosMineros?idProv=28&geometria&extension=SHP",
            "fecha": "2026-08-06",
            "archivo": "fuentes/2026-08-06_miteco_catastro-minero-madrid.zip"
          }
        ],
        "nota": "El perímetro es el del DERECHO, exacto sobre sí mismo: es un envolvente administrativo de cuadrículas mineras, no el contorno de una instalación. Saber dónde está el derecho no es saber dónde está la mina. La geometría viene del shapefile del catastro y NO de su exportación en CSV, que trunca la lista de vértices a 424 caracteres y pierde esquinas sin avisar. OJO CON «superficie_declarada»: se publica tal cual la da el catastro y NO concuerda con el perímetro dibujado. Medido sobre los 106 derechos, cada unidad vale unos 0,30 km² cuando el código es «C» y unos 0,22 km² cuando es «H» —que la interfaz del catastro rotula «hectáreas», y una hectárea es 0,01 km²—. El atlas no elige cuál de los dos datos vale: publica el perímetro, que es el que su propia cartografía dibuja, y deja el campo dicho con su desacuerdo."
      }
    },
    {
      "type": "Feature",
      "id": "minerales-derechos:galicia-segunda-1587",
      "geometry": {
        "type": "Polygon",
        "coordinates": [
          [
            [
              -3.63936,
              40.38215
            ],
            [
              -3.6402,
              40.38159
            ],
            [
              -3.63714,
              40.37882
            ],
            [
              -3.63436,
              40.38076
            ],
            [
              -3.6352,
              40.38132
            ],
            [
              -3.63686,
              40.3827
            ],
            [
              -3.63853,
              40.38159
            ],
            [
              -3.63936,
              40.38215
            ]
          ]
        ]
      },
      "properties": {
        "slug": "galicia-segunda-1587",
        "nombre": "GALICIA SEGUNDA",
        "categoria": "extinguido",
        "descripcion": "Concesion de Explotacion  Derivada a nombre de TOLSA, S.A., en situación «Caducado».",
        "estado_registro": "vigente",
        "verif": "confirmado",
        "geo_precision": "exacta",
        "geo_fuente": "perímetro del derecho minero, del shapefile del Catastro Minero (ETRS89, que a 5 decimales es WGS84)",
        "geo_fuente__v": "confirmado",
        "geo_fuente__f": "f1",
        "fecha_alta": "2026-08-06",
        "fecha_verificacion": "2026-08-06",
        "titular": "TOLSA, S.A.",
        "titular__v": "confirmado",
        "titular__f": "f1",
        "tipo_derecho": "Concesion de Explotacion  Derivada",
        "situacion": "Caducado",
        "situacion__v": "confirmado",
        "situacion__f": "f1",
        "n_registro": "1587",
        "sustancia_principal": "Sepiolita",
        "sustancias": [
          "Sepiolita"
        ],
        "superficie_declarada": "1.0 H",
        "provincia": "Madrid",
        "fuentes": [
          {
            "id": "f1",
            "tipo": "primaria",
            "titulo": "Catastro Minero — derechos mineros de la provincia de Madrid (shapefile, ETRS89)",
            "url": "https://geoportal.minetur.gob.es/CatastroMinero/api/reportDerechosMineros?idProv=28&geometria&extension=SHP",
            "fecha": "2026-08-06",
            "archivo": "fuentes/2026-08-06_miteco_catastro-minero-madrid.zip"
          }
        ],
        "nota": "El perímetro es el del DERECHO, exacto sobre sí mismo: es un envolvente administrativo de cuadrículas mineras, no el contorno de una instalación. Saber dónde está el derecho no es saber dónde está la mina. La geometría viene del shapefile del catastro y NO de su exportación en CSV, que trunca la lista de vértices a 424 caracteres y pierde esquinas sin avisar. OJO CON «superficie_declarada»: se publica tal cual la da el catastro y NO concuerda con el perímetro dibujado. Medido sobre los 106 derechos, cada unidad vale unos 0,30 km² cuando el código es «C» y unos 0,22 km² cuando es «H» —que la interfaz del catastro rotula «hectáreas», y una hectárea es 0,01 km²—. El atlas no elige cuál de los dos datos vale: publica el perímetro, que es el que su propia cartografía dibuja, y deja el campo dicho con su desacuerdo."
      }
    },
    {
      "type": "Feature",
      "id": "minerales-derechos:galicia-tercera-1722",
      "geometry": {
        "type": "Polygon",
        "coordinates": [
          [
            [
              -3.60964,
              40.38632
            ],
            [
              -3.60603,
              40.38632
            ],
            [
              -3.60603,
              40.38993
            ],
            [
              -3.60964,
              40.38993
            ],
            [
              -3.60964,
              40.38632
            ]
          ]
        ]
      },
      "properties": {
        "slug": "galicia-tercera-1722",
        "nombre": "GALICIA TERCERA",
        "categoria": "extinguido",
        "descripcion": "Concesion de Explotacion  Derivada a nombre de TOLSA, S.A., en situación «Caducado».",
        "estado_registro": "vigente",
        "verif": "confirmado",
        "geo_precision": "exacta",
        "geo_fuente": "perímetro del derecho minero, del shapefile del Catastro Minero (ETRS89, que a 5 decimales es WGS84)",
        "geo_fuente__v": "confirmado",
        "geo_fuente__f": "f1",
        "fecha_alta": "2026-08-06",
        "fecha_verificacion": "2026-08-06",
        "titular": "TOLSA, S.A.",
        "titular__v": "confirmado",
        "titular__f": "f1",
        "tipo_derecho": "Concesion de Explotacion  Derivada",
        "situacion": "Caducado",
        "situacion__v": "confirmado",
        "situacion__f": "f1",
        "n_registro": "1722",
        "sustancia_principal": "Sepiolita",
        "sustancias": [
          "Sepiolita"
        ],
        "superficie_declarada": "1.0 H",
        "provincia": "Madrid",
        "fuentes": [
          {
            "id": "f1",
            "tipo": "primaria",
            "titulo": "Catastro Minero — derechos mineros de la provincia de Madrid (shapefile, ETRS89)",
            "url": "https://geoportal.minetur.gob.es/CatastroMinero/api/reportDerechosMineros?idProv=28&geometria&extension=SHP",
            "fecha": "2026-08-06",
            "archivo": "fuentes/2026-08-06_miteco_catastro-minero-madrid.zip"
          }
        ],
        "nota": "El perímetro es el del DERECHO, exacto sobre sí mismo: es un envolvente administrativo de cuadrículas mineras, no el contorno de una instalación. Saber dónde está el derecho no es saber dónde está la mina. La geometría viene del shapefile del catastro y NO de su exportación en CSV, que trunca la lista de vértices a 424 caracteres y pierde esquinas sin avisar. OJO CON «superficie_declarada»: se publica tal cual la da el catastro y NO concuerda con el perímetro dibujado. Medido sobre los 106 derechos, cada unidad vale unos 0,30 km² cuando el código es «C» y unos 0,22 km² cuando es «H» —que la interfaz del catastro rotula «hectáreas», y una hectárea es 0,01 km²—. El atlas no elige cuál de los dos datos vale: publica el perímetro, que es el que su propia cartografía dibuja, y deja el campo dicho con su desacuerdo."
      }
    },
    {
      "type": "Feature",
      "id": "minerales-derechos:gemas-5245",
      "geometry": {
        "type": "Polygon",
        "coordinates": [
          [
            [
              -7.52369,
              42.05438
            ],
            [
              -7.51258,
              42.05438
            ],
            [
              -7.51258,
              42.04327
            ],
            [
              -7.50702,
              42.04327
            ],
            [
              -7.50702,
              42.02105
            ],
            [
              -7.49591,
              42.02105
            ],
            [
              -7.49591,
              42.00994
            ],
            [
              -7.4848,
              42.00994
            ],
            [
              -7.4848,
              41.99882
            ],
            [
              -7.47369,
              41.99882
            ],
            [
              -7.47369,
              42.02105
            ],
            [
              -7.47924,
              42.02105
            ],
            [
              -7.47924,
              42.03771
            ],
            [
              -7.4848,
              42.03771
            ],
            [
              -7.4848,
              42.04327
            ],
            [
              -7.49036,
              42.04327
            ],
            [
              -7.49036,
              42.05438
            ],
            [
              -7.50147,
              42.05438
            ],
            [
              -7.50147,
              42.06549
            ],
            [
              -7.50702,
              42.06549
            ],
            [
              -7.50702,
              42.07105
            ],
            [
              -7.52369,
              42.07105
            ],
            [
              -7.52369,
              42.05438
            ]
          ]
        ]
      },
      "properties": {
        "slug": "gemas-5245",
        "nombre": "GEMAS",
        "categoria": "vigente",
        "descripcion": "Permiso de Investigacion a nombre de QUANTUM MINERIA, S.L., en situación «Otorgado».",
        "estado_registro": "vigente",
        "verif": "confirmado",
        "geo_precision": "exacta",
        "geo_fuente": "perímetro del derecho minero, del shapefile del Catastro Minero (ETRS89, que a 5 decimales es WGS84)",
        "geo_fuente__v": "confirmado",
        "geo_fuente__f": "f1",
        "fecha_alta": "2026-08-06",
        "fecha_verificacion": "2026-08-06",
        "titular": "QUANTUM MINERIA, S.L.",
        "titular__v": "confirmado",
        "titular__f": "f1",
        "tipo_derecho": "Permiso de Investigacion",
        "situacion": "Otorgado",
        "situacion__v": "confirmado",
        "situacion__f": "f1",
        "n_registro": "5245",
        "sustancia_principal": "Estaño",
        "sustancias": [
          "Estaño",
          "Oro",
          "Tantalo",
          "Wolframio"
        ],
        "superficie_declarada": "50.0 C",
        "provincia": "Ourense",
        "fuentes": [
          {
            "id": "f1",
            "tipo": "primaria",
            "titulo": "Catastro Minero — derechos mineros de la provincia de Ourense (shapefile, ETRS89)",
            "url": "https://geoportal.minetur.gob.es/CatastroMinero/api/reportDerechosMineros?idProv=32&geometria&extension=SHP",
            "fecha": "2026-08-06",
            "archivo": "fuentes/2026-08-06_miteco_catastro-minero-ourense.zip"
          }
        ],
        "nota": "El perímetro es el del DERECHO, exacto sobre sí mismo: es un envolvente administrativo de cuadrículas mineras, no el contorno de una instalación. Saber dónde está el derecho no es saber dónde está la mina. La geometría viene del shapefile del catastro y NO de su exportación en CSV, que trunca la lista de vértices a 424 caracteres y pierde esquinas sin avisar. OJO CON «superficie_declarada»: se publica tal cual la da el catastro y NO concuerda con el perímetro dibujado. Medido sobre los 106 derechos, cada unidad vale unos 0,30 km² cuando el código es «C» y unos 0,22 km² cuando es «H» —que la interfaz del catastro rotula «hectáreas», y una hectárea es 0,01 km²—. El atlas no elige cuál de los dos datos vale: publica el perímetro, que es el que su propia cartografía dibuja, y deja el campo dicho con su desacuerdo."
      }
    },
    {
      "type": "Feature",
      "id": "minerales-derechos:getafe-i-fraccion-i-2930",
      "geometry": {
        "type": "Polygon",
        "coordinates": [
          [
            [
              -3.61242,
              40.20437
            ],
            [
              -3.61242,
              40.21548
            ],
            [
              -3.61797,
              40.21548
            ],
            [
              -3.61798,
              40.23215
            ],
            [
              -3.62353,
              40.23215
            ],
            [
              -3.62353,
              40.20993
            ],
            [
              -3.61797,
              40.20992
            ],
            [
              -3.61797,
              40.19882
            ],
            [
              -3.60686,
              40.19882
            ],
            [
              -3.60686,
              40.20437
            ],
            [
              -3.61242,
              40.20437
            ]
          ]
        ]
      },
      "properties": {
        "slug": "getafe-i-fraccion-i-2930",
        "nombre": "GETAFE I  FRACCION I",
        "categoria": "extinguido",
        "descripcion": "Concesion de Explotacion  Derivada a nombre de TOLSA, S.A., en situación «Caducado».",
        "estado_registro": "vigente",
        "verif": "confirmado",
        "geo_precision": "exacta",
        "geo_fuente": "perímetro del derecho minero, del shapefile del Catastro Minero (ETRS89, que a 5 decimales es WGS84)",
        "geo_fuente__v": "confirmado",
        "geo_fuente__f": "f1",
        "fecha_alta": "2026-08-06",
        "fecha_verificacion": "2026-08-06",
        "titular": "TOLSA, S.A.",
        "titular__v": "confirmado",
        "titular__f": "f1",
        "tipo_derecho": "Concesion de Explotacion  Derivada",
        "situacion": "Caducado",
        "situacion__v": "confirmado",
        "situacion__f": "f1",
        "n_registro": "2930",
        "sustancia_principal": "Yeso",
        "sustancias": [
          "Yeso"
        ],
        "superficie_declarada": "8.0 H",
        "provincia": "Madrid",
        "fuentes": [
          {
            "id": "f1",
            "tipo": "primaria",
            "titulo": "Catastro Minero — derechos mineros de la provincia de Madrid (shapefile, ETRS89)",
            "url": "https://geoportal.minetur.gob.es/CatastroMinero/api/reportDerechosMineros?idProv=28&geometria&extension=SHP",
            "fecha": "2026-08-06",
            "archivo": "fuentes/2026-08-06_miteco_catastro-minero-madrid.zip"
          }
        ],
        "nota": "El perímetro es el del DERECHO, exacto sobre sí mismo: es un envolvente administrativo de cuadrículas mineras, no el contorno de una instalación. Saber dónde está el derecho no es saber dónde está la mina. La geometría viene del shapefile del catastro y NO de su exportación en CSV, que trunca la lista de vértices a 424 caracteres y pierde esquinas sin avisar. OJO CON «superficie_declarada»: se publica tal cual la da el catastro y NO concuerda con el perímetro dibujado. Medido sobre los 106 derechos, cada unidad vale unos 0,30 km² cuando el código es «C» y unos 0,22 km² cuando es «H» —que la interfaz del catastro rotula «hectáreas», y una hectárea es 0,01 km²—. El atlas no elige cuál de los dos datos vale: publica el perímetro, que es el que su propia cartografía dibuja, y deja el campo dicho con su desacuerdo."
      }
    },
    {
      "type": "Feature",
      "id": "minerales-derechos:getafe-i-fraccion-2a-2930",
      "geometry": {
        "type": "Polygon",
        "coordinates": [
          [
            [
              -3.56797,
              40.25437
            ],
            [
              -3.57908,
              40.25437
            ],
            [
              -3.57908,
              40.2377
            ],
            [
              -3.56797,
              40.2377
            ],
            [
              -3.56797,
              40.25437
            ]
          ]
        ]
      },
      "properties": {
        "slug": "getafe-i-fraccion-2a-2930",
        "nombre": "GETAFE I FRACCION 2ª",
        "categoria": "extinguido",
        "descripcion": "Concesion de Explotacion  Derivada a nombre de TOLSA, S.A., en situación «Cancelado».",
        "estado_registro": "vigente",
        "verif": "confirmado",
        "geo_precision": "exacta",
        "geo_fuente": "perímetro del derecho minero, del shapefile del Catastro Minero (ETRS89, que a 5 decimales es WGS84)",
        "geo_fuente__v": "confirmado",
        "geo_fuente__f": "f1",
        "fecha_alta": "2026-08-06",
        "fecha_verificacion": "2026-08-06",
        "titular": "TOLSA, S.A.",
        "titular__v": "confirmado",
        "titular__f": "f1",
        "tipo_derecho": "Concesion de Explotacion  Derivada",
        "situacion": "Cancelado",
        "situacion__v": "confirmado",
        "situacion__f": "f1",
        "n_registro": "2930",
        "sustancia_principal": "Yeso",
        "sustancias": [
          "Yeso"
        ],
        "superficie_declarada": "6.0 H",
        "provincia": "Madrid",
        "fuentes": [
          {
            "id": "f1",
            "tipo": "primaria",
            "titulo": "Catastro Minero — derechos mineros de la provincia de Madrid (shapefile, ETRS89)",
            "url": "https://geoportal.minetur.gob.es/CatastroMinero/api/reportDerechosMineros?idProv=28&geometria&extension=SHP",
            "fecha": "2026-08-06",
            "archivo": "fuentes/2026-08-06_miteco_catastro-minero-madrid.zip"
          }
        ],
        "nota": "El perímetro es el del DERECHO, exacto sobre sí mismo: es un envolvente administrativo de cuadrículas mineras, no el contorno de una instalación. Saber dónde está el derecho no es saber dónde está la mina. La geometría viene del shapefile del catastro y NO de su exportación en CSV, que trunca la lista de vértices a 424 caracteres y pierde esquinas sin avisar. OJO CON «superficie_declarada»: se publica tal cual la da el catastro y NO concuerda con el perímetro dibujado. Medido sobre los 106 derechos, cada unidad vale unos 0,30 km² cuando el código es «C» y unos 0,22 km² cuando es «H» —que la interfaz del catastro rotula «hectáreas», y una hectárea es 0,01 km²—. El atlas no elige cuál de los dos datos vale: publica el perímetro, que es el que su propia cartografía dibuja, y deja el campo dicho con su desacuerdo."
      }
    },
    {
      "type": "Feature",
      "id": "minerales-derechos:getafe-ii-2931",
      "geometry": {
        "type": "MultiPolygon",
        "coordinates": [
          [
            [
              [
                -3.61797,
                40.33215
              ],
              [
                -3.59575,
                40.33215
              ],
              [
                -3.59575,
                40.33771
              ],
              [
                -3.61242,
                40.33771
              ],
              [
                -3.61242,
                40.34326
              ],
              [
                -3.61797,
                40.34326
              ],
              [
                -3.61797,
                40.33215
              ]
            ]
          ],
          [
            [
              [
                -3.65131,
                40.34882
              ],
              [
                -3.62464,
                40.34882
              ],
              [
                -3.62353,
                40.34882
              ],
              [
                -3.62353,
                40.35993
              ],
              [
                -3.65131,
                40.35993
              ],
              [
                -3.65131,
                40.34882
              ]
            ]
          ]
        ]
      },
      "properties": {
        "slug": "getafe-ii-2931",
        "nombre": "GETAFE II",
        "categoria": "extinguido",
        "descripcion": "Permiso de Investigacion a nombre de TOLSA, S.A., en situación «Caducado».",
        "estado_registro": "vigente",
        "verif": "confirmado",
        "geo_precision": "exacta",
        "geo_fuente": "perímetro del derecho minero, del shapefile del Catastro Minero (ETRS89, que a 5 decimales es WGS84)",
        "geo_fuente__v": "confirmado",
        "geo_fuente__f": "f1",
        "fecha_alta": "2026-08-06",
        "fecha_verificacion": "2026-08-06",
        "titular": "TOLSA, S.A.",
        "titular__v": "confirmado",
        "titular__f": "f1",
        "tipo_derecho": "Permiso de Investigacion",
        "situacion": "Caducado",
        "situacion__v": "confirmado",
        "situacion__f": "f1",
        "n_registro": "2931",
        "superficie_declarada": "27.0 H",
        "provincia": "Madrid",
        "fuentes": [
          {
            "id": "f1",
            "tipo": "primaria",
            "titulo": "Catastro Minero — derechos mineros de la provincia de Madrid (shapefile, ETRS89)",
            "url": "https://geoportal.minetur.gob.es/CatastroMinero/api/reportDerechosMineros?idProv=28&geometria&extension=SHP",
            "fecha": "2026-08-06",
            "archivo": "fuentes/2026-08-06_miteco_catastro-minero-madrid.zip"
          }
        ],
        "nota": "El perímetro es el del DERECHO, exacto sobre sí mismo: es un envolvente administrativo de cuadrículas mineras, no el contorno de una instalación. Saber dónde está el derecho no es saber dónde está la mina. La geometría viene del shapefile del catastro y NO de su exportación en CSV, que trunca la lista de vértices a 424 caracteres y pierde esquinas sin avisar. OJO CON «superficie_declarada»: se publica tal cual la da el catastro y NO concuerda con el perímetro dibujado. Medido sobre los 106 derechos, cada unidad vale unos 0,30 km² cuando el código es «C» y unos 0,22 km² cuando es «H» —que la interfaz del catastro rotula «hectáreas», y una hectárea es 0,01 km²—. El atlas no elige cuál de los dos datos vale: publica el perímetro, que es el que su propia cartografía dibuja, y deja el campo dicho con su desacuerdo."
      }
    },
    {
      "type": "Feature",
      "id": "minerales-derechos:getafe-ii-2931-b",
      "geometry": {
        "type": "Polygon",
        "coordinates": [
          [
            [
              -3.65131,
              40.36548
            ],
            [
              -3.65131,
              40.35993
            ],
            [
              -3.62353,
              40.35993
            ],
            [
              -3.62353,
              40.34882
            ],
            [
              -3.61797,
              40.34882
            ],
            [
              -3.61797,
              40.34326
            ],
            [
              -3.61242,
              40.34326
            ],
            [
              -3.61242,
              40.33771
            ],
            [
              -3.59575,
              40.33771
            ],
            [
              -3.59575,
              40.36548
            ],
            [
              -3.65131,
              40.36548
            ]
          ]
        ]
      },
      "properties": {
        "slug": "getafe-ii-2931-b",
        "nombre": "GETAFE II",
        "categoria": "extinguido",
        "descripcion": "Concesion de Explotacion  Derivada a nombre de TOLSA, S.A., en situación «Cancelado».",
        "estado_registro": "vigente",
        "verif": "confirmado",
        "geo_precision": "exacta",
        "geo_fuente": "perímetro del derecho minero, del shapefile del Catastro Minero (ETRS89, que a 5 decimales es WGS84)",
        "geo_fuente__v": "confirmado",
        "geo_fuente__f": "f1",
        "fecha_alta": "2026-08-06",
        "fecha_verificacion": "2026-08-06",
        "titular": "TOLSA, S.A.",
        "titular__v": "confirmado",
        "titular__f": "f1",
        "tipo_derecho": "Concesion de Explotacion  Derivada",
        "situacion": "Cancelado",
        "situacion__v": "confirmado",
        "situacion__f": "f1",
        "n_registro": "2931",
        "superficie_declarada": "27.0 H",
        "provincia": "Madrid",
        "fuentes": [
          {
            "id": "f1",
            "tipo": "primaria",
            "titulo": "Catastro Minero — derechos mineros de la provincia de Madrid (shapefile, ETRS89)",
            "url": "https://geoportal.minetur.gob.es/CatastroMinero/api/reportDerechosMineros?idProv=28&geometria&extension=SHP",
            "fecha": "2026-08-06",
            "archivo": "fuentes/2026-08-06_miteco_catastro-minero-madrid.zip"
          }
        ],
        "nota": "El perímetro es el del DERECHO, exacto sobre sí mismo: es un envolvente administrativo de cuadrículas mineras, no el contorno de una instalación. Saber dónde está el derecho no es saber dónde está la mina. La geometría viene del shapefile del catastro y NO de su exportación en CSV, que trunca la lista de vértices a 424 caracteres y pierde esquinas sin avisar. OJO CON «superficie_declarada»: se publica tal cual la da el catastro y NO concuerda con el perímetro dibujado. Medido sobre los 106 derechos, cada unidad vale unos 0,30 km² cuando el código es «C» y unos 0,22 km² cuando es «H» —que la interfaz del catastro rotula «hectáreas», y una hectárea es 0,01 km²—. El atlas no elige cuál de los dos datos vale: publica el perímetro, que es el que su propia cartografía dibuja, y deja el campo dicho con su desacuerdo."
      }
    },
    {
      "type": "Feature",
      "id": "minerales-derechos:getafe-iii-frac-1a-2932",
      "geometry": {
        "type": "Polygon",
        "coordinates": [
          [
            [
              -3.59575,
              40.31548
            ],
            [
              -3.57353,
              40.31548
            ],
            [
              -3.57353,
              40.32104
            ],
            [
              -3.56797,
              40.32104
            ],
            [
              -3.56797,
              40.33215
            ],
            [
              -3.57908,
              40.33215
            ],
            [
              -3.57908,
              40.32659
            ],
            [
              -3.59575,
              40.32659
            ],
            [
              -3.59575,
              40.31548
            ]
          ]
        ]
      },
      "properties": {
        "slug": "getafe-iii-frac-1a-2932",
        "nombre": "GETAFE III-FRAC 1ª",
        "categoria": "extinguido",
        "descripcion": "Permiso de Investigacion a nombre de TOLSA, S.A., en situación «Caducado».",
        "estado_registro": "vigente",
        "verif": "confirmado",
        "geo_precision": "exacta",
        "geo_fuente": "perímetro del derecho minero, del shapefile del Catastro Minero (ETRS89, que a 5 decimales es WGS84)",
        "geo_fuente__v": "confirmado",
        "geo_fuente__f": "f1",
        "fecha_alta": "2026-08-06",
        "fecha_verificacion": "2026-08-06",
        "titular": "TOLSA, S.A.",
        "titular__v": "confirmado",
        "titular__f": "f1",
        "tipo_derecho": "Permiso de Investigacion",
        "situacion": "Caducado",
        "situacion__v": "confirmado",
        "situacion__f": "f1",
        "n_registro": "2932",
        "sustancia_principal": "Sepiolita",
        "sustancias": [
          "Sepiolita"
        ],
        "superficie_declarada": "0.0 H",
        "provincia": "Madrid",
        "fuentes": [
          {
            "id": "f1",
            "tipo": "primaria",
            "titulo": "Catastro Minero — derechos mineros de la provincia de Madrid (shapefile, ETRS89)",
            "url": "https://geoportal.minetur.gob.es/CatastroMinero/api/reportDerechosMineros?idProv=28&geometria&extension=SHP",
            "fecha": "2026-08-06",
            "archivo": "fuentes/2026-08-06_miteco_catastro-minero-madrid.zip"
          }
        ],
        "nota": "El perímetro es el del DERECHO, exacto sobre sí mismo: es un envolvente administrativo de cuadrículas mineras, no el contorno de una instalación. Saber dónde está el derecho no es saber dónde está la mina. La geometría viene del shapefile del catastro y NO de su exportación en CSV, que trunca la lista de vértices a 424 caracteres y pierde esquinas sin avisar. OJO CON «superficie_declarada»: se publica tal cual la da el catastro y NO concuerda con el perímetro dibujado. Medido sobre los 106 derechos, cada unidad vale unos 0,30 km² cuando el código es «C» y unos 0,22 km² cuando es «H» —que la interfaz del catastro rotula «hectáreas», y una hectárea es 0,01 km²—. El atlas no elige cuál de los dos datos vale: publica el perímetro, que es el que su propia cartografía dibuja, y deja el campo dicho con su desacuerdo."
      }
    },
    {
      "type": "Feature",
      "id": "minerales-derechos:getafe-iii-fraccion-2a-2932",
      "geometry": {
        "type": "Polygon",
        "coordinates": [
          [
            [
              -3.54575,
              40.32104
            ],
            [
              -3.56242,
              40.32104
            ],
            [
              -3.56242,
              40.31548
            ],
            [
              -3.53464,
              40.31548
            ],
            [
              -3.53464,
              40.30993
            ],
            [
              -3.52908,
              40.30993
            ],
            [
              -3.52908,
              40.32659
            ],
            [
              -3.54575,
              40.32659
            ],
            [
              -3.54575,
              40.32104
            ]
          ]
        ]
      },
      "properties": {
        "slug": "getafe-iii-fraccion-2a-2932",
        "nombre": "GETAFE III-FRACCION 2ª",
        "categoria": "extinguido",
        "descripcion": "Permiso de Investigacion a nombre de TOLSA, S.A., en situación «Cancelado».",
        "estado_registro": "vigente",
        "verif": "confirmado",
        "geo_precision": "exacta",
        "geo_fuente": "perímetro del derecho minero, del shapefile del Catastro Minero (ETRS89, que a 5 decimales es WGS84)",
        "geo_fuente__v": "confirmado",
        "geo_fuente__f": "f1",
        "fecha_alta": "2026-08-06",
        "fecha_verificacion": "2026-08-06",
        "titular": "TOLSA, S.A.",
        "titular__v": "confirmado",
        "titular__f": "f1",
        "tipo_derecho": "Permiso de Investigacion",
        "situacion": "Cancelado",
        "situacion__v": "confirmado",
        "situacion__f": "f1",
        "n_registro": "2932",
        "sustancia_principal": "Sepiolita",
        "sustancias": [
          "Sepiolita"
        ],
        "superficie_declarada": "10.0 H",
        "provincia": "Madrid",
        "fuentes": [
          {
            "id": "f1",
            "tipo": "primaria",
            "titulo": "Catastro Minero — derechos mineros de la provincia de Madrid (shapefile, ETRS89)",
            "url": "https://geoportal.minetur.gob.es/CatastroMinero/api/reportDerechosMineros?idProv=28&geometria&extension=SHP",
            "fecha": "2026-08-06",
            "archivo": "fuentes/2026-08-06_miteco_catastro-minero-madrid.zip"
          }
        ],
        "nota": "El perímetro es el del DERECHO, exacto sobre sí mismo: es un envolvente administrativo de cuadrículas mineras, no el contorno de una instalación. Saber dónde está el derecho no es saber dónde está la mina. La geometría viene del shapefile del catastro y NO de su exportación en CSV, que trunca la lista de vértices a 424 caracteres y pierde esquinas sin avisar. OJO CON «superficie_declarada»: se publica tal cual la da el catastro y NO concuerda con el perímetro dibujado. Medido sobre los 106 derechos, cada unidad vale unos 0,30 km² cuando el código es «C» y unos 0,22 km² cuando es «H» —que la interfaz del catastro rotula «hectáreas», y una hectárea es 0,01 km²—. El atlas no elige cuál de los dos datos vale: publica el perímetro, que es el que su propia cartografía dibuja, y deja el campo dicho con su desacuerdo."
      }
    },
    {
      "type": "Feature",
      "id": "minerales-derechos:guadarrama-ii-fraccion-2a-2739",
      "geometry": {
        "type": "Polygon",
        "coordinates": [
          [
            [
              -3.7765,
              40.23348
            ],
            [
              -3.7765,
              40.22237
            ],
            [
              -3.77095,
              40.22237
            ],
            [
              -3.77095,
              40.23348
            ],
            [
              -3.7765,
              40.23348
            ]
          ]
        ]
      },
      "properties": {
        "slug": "guadarrama-ii-fraccion-2a-2739",
        "nombre": "GUADARRAMA II FRACCION 2ª",
        "categoria": "extinguido",
        "descripcion": "Permiso de Investigacion a nombre de TOLSA, S.A., en situación «Caducado».",
        "estado_registro": "vigente",
        "verif": "confirmado",
        "geo_precision": "exacta",
        "geo_fuente": "perímetro del derecho minero, del shapefile del Catastro Minero (ETRS89, que a 5 decimales es WGS84)",
        "geo_fuente__v": "confirmado",
        "geo_fuente__f": "f1",
        "fecha_alta": "2026-08-06",
        "fecha_verificacion": "2026-08-06",
        "titular": "TOLSA, S.A.",
        "titular__v": "confirmado",
        "titular__f": "f1",
        "tipo_derecho": "Permiso de Investigacion",
        "situacion": "Caducado",
        "situacion__v": "confirmado",
        "situacion__f": "f1",
        "n_registro": "2739",
        "superficie_declarada": "2.0 H",
        "provincia": "Madrid",
        "fuentes": [
          {
            "id": "f1",
            "tipo": "primaria",
            "titulo": "Catastro Minero — derechos mineros de la provincia de Madrid (shapefile, ETRS89)",
            "url": "https://geoportal.minetur.gob.es/CatastroMinero/api/reportDerechosMineros?idProv=28&geometria&extension=SHP",
            "fecha": "2026-08-06",
            "archivo": "fuentes/2026-08-06_miteco_catastro-minero-madrid.zip"
          }
        ],
        "nota": "El perímetro es el del DERECHO, exacto sobre sí mismo: es un envolvente administrativo de cuadrículas mineras, no el contorno de una instalación. Saber dónde está el derecho no es saber dónde está la mina. La geometría viene del shapefile del catastro y NO de su exportación en CSV, que trunca la lista de vértices a 424 caracteres y pierde esquinas sin avisar. OJO CON «superficie_declarada»: se publica tal cual la da el catastro y NO concuerda con el perímetro dibujado. Medido sobre los 106 derechos, cada unidad vale unos 0,30 km² cuando el código es «C» y unos 0,22 km² cuando es «H» —que la interfaz del catastro rotula «hectáreas», y una hectárea es 0,01 km²—. El atlas no elige cuál de los dos datos vale: publica el perímetro, que es el que su propia cartografía dibuja, y deja el campo dicho con su desacuerdo."
      }
    },
    {
      "type": "Feature",
      "id": "minerales-derechos:guadarrama-ii-fraccion-i-2739",
      "geometry": {
        "type": "Polygon",
        "coordinates": [
          [
            [
              -3.78214,
              40.2452
            ],
            [
              -3.77103,
              40.2452
            ],
            [
              -3.77103,
              40.26742
            ],
            [
              -3.78214,
              40.26742
            ],
            [
              -3.78214,
              40.2452
            ]
          ]
        ]
      },
      "properties": {
        "slug": "guadarrama-ii-fraccion-i-2739",
        "nombre": "GUADARRAMA II-FRACCION I",
        "categoria": "extinguido",
        "descripcion": "Concesion de Explotacion  Derivada a nombre de TOLSA, S.A., en situación «Caducado».",
        "estado_registro": "vigente",
        "verif": "confirmado",
        "geo_precision": "exacta",
        "geo_fuente": "perímetro del derecho minero, del shapefile del Catastro Minero (ETRS89, que a 5 decimales es WGS84)",
        "geo_fuente__v": "confirmado",
        "geo_fuente__f": "f1",
        "fecha_alta": "2026-08-06",
        "fecha_verificacion": "2026-08-06",
        "titular": "TOLSA, S.A.",
        "titular__v": "confirmado",
        "titular__f": "f1",
        "tipo_derecho": "Concesion de Explotacion  Derivada",
        "situacion": "Caducado",
        "situacion__v": "confirmado",
        "situacion__f": "f1",
        "n_registro": "2739",
        "sustancia_principal": "Sepiolita",
        "sustancias": [
          "Sepiolita"
        ],
        "superficie_declarada": "8.0 H",
        "provincia": "Madrid",
        "fuentes": [
          {
            "id": "f1",
            "tipo": "primaria",
            "titulo": "Catastro Minero — derechos mineros de la provincia de Madrid (shapefile, ETRS89)",
            "url": "https://geoportal.minetur.gob.es/CatastroMinero/api/reportDerechosMineros?idProv=28&geometria&extension=SHP",
            "fecha": "2026-08-06",
            "archivo": "fuentes/2026-08-06_miteco_catastro-minero-madrid.zip"
          }
        ],
        "nota": "El perímetro es el del DERECHO, exacto sobre sí mismo: es un envolvente administrativo de cuadrículas mineras, no el contorno de una instalación. Saber dónde está el derecho no es saber dónde está la mina. La geometría viene del shapefile del catastro y NO de su exportación en CSV, que trunca la lista de vértices a 424 caracteres y pierde esquinas sin avisar. OJO CON «superficie_declarada»: se publica tal cual la da el catastro y NO concuerda con el perímetro dibujado. Medido sobre los 106 derechos, cada unidad vale unos 0,30 km² cuando el código es «C» y unos 0,22 km² cuando es «H» —que la interfaz del catastro rotula «hectáreas», y una hectárea es 0,01 km²—. El atlas no elige cuál de los dos datos vale: publica el perímetro, que es el que su propia cartografía dibuja, y deja el campo dicho con su desacuerdo."
      }
    },
    {
      "type": "Feature",
      "id": "minerales-derechos:la-arboleda-2673",
      "geometry": {
        "type": "Polygon",
        "coordinates": [
          [
            [
              -3.6377,
              40.39465
            ],
            [
              -3.61547,
              40.39465
            ],
            [
              -3.61547,
              40.41132
            ],
            [
              -3.6377,
              40.41132
            ],
            [
              -3.6377,
              40.39465
            ]
          ]
        ]
      },
      "properties": {
        "slug": "la-arboleda-2673",
        "nombre": "LA ARBOLEDA",
        "categoria": "extinguido",
        "descripcion": "Concesion de Explotacion  Derivada a nombre de TOLSA, S.A., en situación «Caducado».",
        "estado_registro": "vigente",
        "verif": "confirmado",
        "geo_precision": "exacta",
        "geo_fuente": "perímetro del derecho minero, del shapefile del Catastro Minero (ETRS89, que a 5 decimales es WGS84)",
        "geo_fuente__v": "confirmado",
        "geo_fuente__f": "f1",
        "fecha_alta": "2026-08-06",
        "fecha_verificacion": "2026-08-06",
        "titular": "TOLSA, S.A.",
        "titular__v": "confirmado",
        "titular__f": "f1",
        "tipo_derecho": "Concesion de Explotacion  Derivada",
        "situacion": "Caducado",
        "situacion__v": "confirmado",
        "situacion__f": "f1",
        "n_registro": "2673",
        "sustancia_principal": "Sepiolita",
        "sustancias": [
          "Sepiolita"
        ],
        "superficie_declarada": "12.0 H",
        "provincia": "Madrid",
        "fuentes": [
          {
            "id": "f1",
            "tipo": "primaria",
            "titulo": "Catastro Minero — derechos mineros de la provincia de Madrid (shapefile, ETRS89)",
            "url": "https://geoportal.minetur.gob.es/CatastroMinero/api/reportDerechosMineros?idProv=28&geometria&extension=SHP",
            "fecha": "2026-08-06",
            "archivo": "fuentes/2026-08-06_miteco_catastro-minero-madrid.zip"
          }
        ],
        "nota": "El perímetro es el del DERECHO, exacto sobre sí mismo: es un envolvente administrativo de cuadrículas mineras, no el contorno de una instalación. Saber dónde está el derecho no es saber dónde está la mina. La geometría viene del shapefile del catastro y NO de su exportación en CSV, que trunca la lista de vértices a 424 caracteres y pierde esquinas sin avisar. OJO CON «superficie_declarada»: se publica tal cual la da el catastro y NO concuerda con el perímetro dibujado. Medido sobre los 106 derechos, cada unidad vale unos 0,30 km² cuando el código es «C» y unos 0,22 km² cuando es «H» —que la interfaz del catastro rotula «hectáreas», y una hectárea es 0,01 km²—. El atlas no elige cuál de los dos datos vale: publica el perímetro, que es el que su propia cartografía dibuja, y deja el campo dicho con su desacuerdo."
      }
    },
    {
      "type": "Feature",
      "id": "minerales-derechos:la-fidelidad-12742",
      "geometry": {
        "type": "Polygon",
        "coordinates": [
          [
            [
              -6.57453,
              37.73182
            ],
            [
              -6.57669,
              37.73127
            ],
            [
              -6.576,
              37.72956
            ],
            [
              -6.57384,
              37.73011
            ],
            [
              -6.57401,
              37.73054
            ],
            [
              -6.57453,
              37.73182
            ]
          ]
        ]
      },
      "properties": {
        "slug": "la-fidelidad-12742",
        "nombre": "LA FIDELIDAD",
        "categoria": "vigente",
        "descripcion": "Concesion Directa de Explotacion a nombre de ATLANTIC COPPER, S.A. (ANTES ATLANTIC COPPER HOLDI, en situación «Otorgado».",
        "estado_registro": "vigente",
        "verif": "confirmado",
        "geo_precision": "exacta",
        "geo_fuente": "perímetro del derecho minero, del shapefile del Catastro Minero (ETRS89, que a 5 decimales es WGS84)",
        "geo_fuente__v": "confirmado",
        "geo_fuente__f": "f1",
        "fecha_alta": "2026-08-06",
        "fecha_verificacion": "2026-08-06",
        "titular": "ATLANTIC COPPER, S.A. (ANTES ATLANTIC COPPER HOLDI",
        "titular__v": "confirmado",
        "titular__f": "f1",
        "tipo_derecho": "Concesion Directa de Explotacion",
        "situacion": "Otorgado",
        "situacion__v": "confirmado",
        "situacion__f": "f1",
        "n_registro": "12742",
        "sustancia_principal": "Cobre",
        "sustancias": [
          "Cobre"
        ],
        "superficie_declarada": "4.0 H",
        "provincia": "Huelva",
        "fuentes": [
          {
            "id": "f1",
            "tipo": "primaria",
            "titulo": "Catastro Minero — derechos mineros de la provincia de Huelva (shapefile, ETRS89)",
            "url": "https://geoportal.minetur.gob.es/CatastroMinero/api/reportDerechosMineros?idProv=21&geometria&extension=SHP",
            "fecha": "2026-08-06",
            "archivo": "fuentes/2026-08-06_miteco_catastro-minero-huelva.zip"
          }
        ],
        "nota": "El perímetro es el del DERECHO, exacto sobre sí mismo: es un envolvente administrativo de cuadrículas mineras, no el contorno de una instalación. Saber dónde está el derecho no es saber dónde está la mina. La geometría viene del shapefile del catastro y NO de su exportación en CSV, que trunca la lista de vértices a 424 caracteres y pierde esquinas sin avisar. OJO CON «superficie_declarada»: se publica tal cual la da el catastro y NO concuerda con el perímetro dibujado. Medido sobre los 106 derechos, cada unidad vale unos 0,30 km² cuando el código es «C» y unos 0,22 km² cuando es «H» —que la interfaz del catastro rotula «hectáreas», y una hectárea es 0,01 km²—. El atlas no elige cuál de los dos datos vale: publica el perímetro, que es el que su propia cartografía dibuja, y deja el campo dicho con su desacuerdo."
      }
    },
    {
      "type": "Feature",
      "id": "minerales-derechos:la-monaguera-la-monaguera-ii-la-remonta-207",
      "geometry": {
        "type": "MultiPolygon",
        "coordinates": [
          [
            [
              [
                -6.62913,
                38.15431
              ],
              [
                -6.62357,
                38.15431
              ],
              [
                -6.62357,
                38.13764
              ],
              [
                -6.60135,
                38.13764
              ],
              [
                -6.60135,
                38.12653
              ],
              [
                -6.58468,
                38.12653
              ],
              [
                -6.58468,
                38.13209
              ],
              [
                -6.57913,
                38.13209
              ],
              [
                -6.57913,
                38.13764
              ],
              [
                -6.55135,
                38.13764
              ],
              [
                -6.55135,
                38.11542
              ],
              [
                -6.53468,
                38.11542
              ],
              [
                -6.53468,
                38.09875
              ],
              [
                -6.51801,
                38.09875
              ],
              [
                -6.51801,
                38.08764
              ],
              [
                -6.48468,
                38.08764
              ],
              [
                -6.48468,
                38.07653
              ],
              [
                -6.46801,
                38.07653
              ],
              [
                -6.46801,
                38.04875
              ],
              [
                -6.43468,
                38.04875
              ],
              [
                -6.43468,
                38.03208
              ],
              [
                -6.41801,
                38.03208
              ],
              [
                -6.41801,
                37.94319
              ],
              [
                -6.39579,
                37.94319
              ],
              [
                -6.39579,
                37.91542
              ],
              [
                -6.36246,
                37.91542
              ],
              [
                -6.36246,
                37.94319
              ],
              [
                -6.22912,
                37.94319
              ],
              [
                -6.22912,
                37.90986
              ],
              [
                -6.11245,
                37.90986
              ],
              [
                -6.11245,
                37.95986
              ],
              [
                -6.13467,
                37.95986
              ],
              [
                -6.13467,
                38.00986
              ],
              [
                -6.22912,
                38.00986
              ],
              [
                -6.22912,
                37.99319
              ],
              [
                -6.18468,
                37.99319
              ],
              [
                -6.18468,
                37.97653
              ],
              [
                -6.15134,
                37.97653
              ],
              [
                -6.15134,
                37.95431
              ],
              [
                -6.16801,
                37.95431
              ],
              [
                -6.16801,
                37.94319
              ],
              [
                -6.20134,
                37.94319
              ],
              [
                -6.20134,
                37.95431
              ],
              [
                -6.22912,
                37.95431
              ],
              [
                -6.22912,
                37.95986
              ],
              [
                -6.23468,
                37.95986
              ],
              [
                -6.23468,
                37.97653
              ],
              [
                -6.36246,
                37.97653
              ],
              [
                -6.36246,
                37.99875
              ],
              [
                -6.32913,
                37.99875
              ],
              [
                -6.32913,
                38.0432
              ],
              [
                -6.39024,
                38.0432
              ],
              [
                -6.39024,
                38.06542
              ],
              [
                -6.37913,
                38.06542
              ],
              [
                -6.37913,
                38.10431
              ],
              [
                -6.24023,
                38.10431
              ],
              [
                -6.24023,
                38.13764
              ],
              [
                -6.19579,
                38.13764
              ],
              [
                -6.19579,
                38.10431
              ],
              [
                -6.17912,
                38.10431
              ],
              [
                -6.17912,
                38.14875
              ],
              [
                -6.22912,
                38.14875
              ],
              [
                -6.22912,
                38.15431
              ],
              [
                -6.3569,
                38.15431
              ],
              [
                -6.3569,
                38.14875
              ],
              [
                -6.43468,
                38.14875
              ],
              [
                -6.43468,
                38.11542
              ],
              [
                -6.5069,
                38.11542
              ],
              [
                -6.5069,
                38.12653
              ],
              [
                -6.52357,
                38.12653
              ],
              [
                -6.52357,
                38.14875
              ],
              [
                -6.53468,
                38.14875
              ],
              [
                -6.53468,
                38.16542
              ],
              [
                -6.56802,
                38.16542
              ],
              [
                -6.56802,
                38.19875
              ],
              [
                -6.62913,
                38.19875
              ],
              [
                -6.62913,
                38.15431
              ]
            ]
          ],
          [
            [
              [
                -6.86247,
                38.25431
              ],
              [
                -6.84024,
                38.25431
              ],
              [
                -6.84024,
                38.19876
              ],
              [
                -6.80691,
                38.19876
              ],
              [
                -6.80691,
                38.33764
              ],
              [
                -6.71802,
                38.33764
              ],
              [
                -6.71802,
                38.38209
              ],
              [
                -6.82357,
                38.38209
              ],
              [
                -6.82357,
                38.37098
              ],
              [
                -6.86246,
                38.37098
              ],
              [
                -6.86247,
                38.25431
              ]
            ]
          ],
          [
            [
              [
                -6.97358,
                37.89875
              ],
              [
                -6.90135,
                37.89875
              ],
              [
                -6.90135,
                37.87097
              ],
              [
                -6.8458,
                37.87097
              ],
              [
                -6.8458,
                37.95431
              ],
              [
                -6.97358,
                37.95431
              ],
              [
                -6.97358,
                37.89875
              ]
            ]
          ]
        ]
      },
      "properties": {
        "slug": "la-monaguera-la-monaguera-ii-la-remonta-207",
        "nombre": "LA MONAGUERA-LA MONAGUERA II-LA REMONTA",
        "categoria": "vigente",
        "descripcion": "Reserva Provisional a nombre de RIO NARCEA RECURSOS, S.A., en situación «Declarada».",
        "estado_registro": "vigente",
        "verif": "confirmado",
        "geo_precision": "exacta",
        "geo_fuente": "perímetro del derecho minero, del shapefile del Catastro Minero (ETRS89, que a 5 decimales es WGS84)",
        "geo_fuente__v": "confirmado",
        "geo_fuente__f": "f1",
        "fecha_alta": "2026-08-06",
        "fecha_verificacion": "2026-08-06",
        "titular": "RIO NARCEA RECURSOS, S.A.",
        "titular__v": "confirmado",
        "titular__f": "f1",
        "tipo_derecho": "Reserva Provisional",
        "situacion": "Declarada",
        "situacion__v": "confirmado",
        "situacion__f": "f1",
        "n_registro": "207",
        "sustancia_principal": "Cobre",
        "sustancias": [
          "Cobre",
          "Hierro",
          "Oro",
          "Plata"
        ],
        "superficie_declarada": "2101.0 C",
        "provincia": "Badajoz",
        "fuentes": [
          {
            "id": "f1",
            "tipo": "primaria",
            "titulo": "Catastro Minero — derechos mineros de la provincia de Badajoz (shapefile, ETRS89)",
            "url": "https://geoportal.minetur.gob.es/CatastroMinero/api/reportDerechosMineros?idProv=06&geometria&extension=SHP",
            "fecha": "2026-08-06",
            "archivo": "fuentes/2026-08-06_miteco_catastro-minero-badajoz.zip"
          }
        ],
        "nota": "El perímetro es el del DERECHO, exacto sobre sí mismo: es un envolvente administrativo de cuadrículas mineras, no el contorno de una instalación. Saber dónde está el derecho no es saber dónde está la mina. La geometría viene del shapefile del catastro y NO de su exportación en CSV, que trunca la lista de vértices a 424 caracteres y pierde esquinas sin avisar. OJO CON «superficie_declarada»: se publica tal cual la da el catastro y NO concuerda con el perímetro dibujado. Medido sobre los 106 derechos, cada unidad vale unos 0,30 km² cuando el código es «C» y unos 0,22 km² cuando es «H» —que la interfaz del catastro rotula «hectáreas», y una hectárea es 0,01 km²—. El atlas no elige cuál de los dos datos vale: publica el perímetro, que es el que su propia cartografía dibuja, y deja el campo dicho con su desacuerdo."
      }
    },
    {
      "type": "Feature",
      "id": "minerales-derechos:la-monaguera-la-monaguera-ii-la-remonta-272",
      "geometry": {
        "type": "MultiPolygon",
        "coordinates": [
          [
            [
              [
                -6.86247,
                38.25431
              ],
              [
                -6.84024,
                38.25431
              ],
              [
                -6.84024,
                38.19876
              ],
              [
                -6.80691,
                38.19876
              ],
              [
                -6.80691,
                38.33764
              ],
              [
                -6.71802,
                38.33764
              ],
              [
                -6.71802,
                38.38209
              ],
              [
                -6.82357,
                38.38209
              ],
              [
                -6.82357,
                38.37098
              ],
              [
                -6.86246,
                38.37098
              ],
              [
                -6.86247,
                38.25431
              ]
            ]
          ],
          [
            [
              [
                -6.62913,
                38.15431
              ],
              [
                -6.62357,
                38.15431
              ],
              [
                -6.62357,
                38.13764
              ],
              [
                -6.60135,
                38.13764
              ],
              [
                -6.60135,
                38.12653
              ],
              [
                -6.58468,
                38.12653
              ],
              [
                -6.58468,
                38.13209
              ],
              [
                -6.57913,
                38.13209
              ],
              [
                -6.57913,
                38.13764
              ],
              [
                -6.55135,
                38.13764
              ],
              [
                -6.55135,
                38.11542
              ],
              [
                -6.53468,
                38.11542
              ],
              [
                -6.53468,
                38.09875
              ],
              [
                -6.51801,
                38.09875
              ],
              [
                -6.51801,
                38.08764
              ],
              [
                -6.48468,
                38.08764
              ],
              [
                -6.48468,
                38.07653
              ],
              [
                -6.46801,
                38.07653
              ],
              [
                -6.46801,
                38.04875
              ],
              [
                -6.43468,
                38.04875
              ],
              [
                -6.43468,
                38.03208
              ],
              [
                -6.41801,
                38.03208
              ],
              [
                -6.41801,
                37.94319
              ],
              [
                -6.39579,
                37.94319
              ],
              [
                -6.39579,
                37.91542
              ],
              [
                -6.36246,
                37.91542
              ],
              [
                -6.36246,
                37.94319
              ],
              [
                -6.22912,
                37.94319
              ],
              [
                -6.22912,
                37.90986
              ],
              [
                -6.11245,
                37.90986
              ],
              [
                -6.11245,
                37.95986
              ],
              [
                -6.13467,
                37.95986
              ],
              [
                -6.13467,
                38.00986
              ],
              [
                -6.22912,
                38.00986
              ],
              [
                -6.22912,
                37.99319
              ],
              [
                -6.18468,
                37.99319
              ],
              [
                -6.18468,
                37.97653
              ],
              [
                -6.15134,
                37.97653
              ],
              [
                -6.15134,
                37.95431
              ],
              [
                -6.16801,
                37.95431
              ],
              [
                -6.16801,
                37.94319
              ],
              [
                -6.20134,
                37.94319
              ],
              [
                -6.20134,
                37.95431
              ],
              [
                -6.22912,
                37.95431
              ],
              [
                -6.22912,
                37.95986
              ],
              [
                -6.23468,
                37.95986
              ],
              [
                -6.23468,
                37.97653
              ],
              [
                -6.36246,
                37.97653
              ],
              [
                -6.36246,
                37.99875
              ],
              [
                -6.32913,
                37.99875
              ],
              [
                -6.32913,
                38.0432
              ],
              [
                -6.39024,
                38.0432
              ],
              [
                -6.39024,
                38.06542
              ],
              [
                -6.37913,
                38.06542
              ],
              [
                -6.37913,
                38.10431
              ],
              [
                -6.24023,
                38.10431
              ],
              [
                -6.24023,
                38.13764
              ],
              [
                -6.19579,
                38.13764
              ],
              [
                -6.19579,
                38.10431
              ],
              [
                -6.17912,
                38.10431
              ],
              [
                -6.17912,
                38.14875
              ],
              [
                -6.22912,
                38.14875
              ],
              [
                -6.22912,
                38.15431
              ],
              [
                -6.3569,
                38.15431
              ],
              [
                -6.3569,
                38.14875
              ],
              [
                -6.43468,
                38.14875
              ],
              [
                -6.43468,
                38.11542
              ],
              [
                -6.5069,
                38.11542
              ],
              [
                -6.5069,
                38.12653
              ],
              [
                -6.52357,
                38.12653
              ],
              [
                -6.52357,
                38.14875
              ],
              [
                -6.53468,
                38.14875
              ],
              [
                -6.53468,
                38.16542
              ],
              [
                -6.56802,
                38.16542
              ],
              [
                -6.56802,
                38.19875
              ],
              [
                -6.62913,
                38.19875
              ],
              [
                -6.62913,
                38.15431
              ]
            ]
          ],
          [
            [
              [
                -6.97358,
                37.89875
              ],
              [
                -6.90135,
                37.89875
              ],
              [
                -6.90135,
                37.87097
              ],
              [
                -6.8458,
                37.87097
              ],
              [
                -6.8458,
                37.95431
              ],
              [
                -6.97358,
                37.95431
              ],
              [
                -6.97358,
                37.89875
              ]
            ]
          ]
        ]
      },
      "properties": {
        "slug": "la-monaguera-la-monaguera-ii-la-remonta-272",
        "nombre": "LA MONAGUERA-LA MONAGUERA II-LA REMONTA",
        "categoria": "vigente",
        "descripcion": "Reserva Provisional a nombre de RIO NARCEA RECURSOS, S.A., en situación «Declarada».",
        "estado_registro": "vigente",
        "verif": "confirmado",
        "geo_precision": "exacta",
        "geo_fuente": "perímetro del derecho minero, del shapefile del Catastro Minero (ETRS89, que a 5 decimales es WGS84)",
        "geo_fuente__v": "confirmado",
        "geo_fuente__f": "f1",
        "fecha_alta": "2026-08-06",
        "fecha_verificacion": "2026-08-06",
        "titular": "RIO NARCEA RECURSOS, S.A.",
        "titular__v": "confirmado",
        "titular__f": "f1",
        "tipo_derecho": "Reserva Provisional",
        "situacion": "Declarada",
        "situacion__v": "confirmado",
        "situacion__f": "f1",
        "n_registro": "272",
        "sustancia_principal": "Bismuto",
        "sustancias": [
          "Bismuto",
          "Cobalto",
          "Cromo",
          "Estaño",
          "Fosfatos",
          "Molibdeno",
          "Niquel",
          "Plomo",
          "Wolframio"
        ],
        "superficie_declarada": "2101.0 C",
        "provincia": "Badajoz y Huelva",
        "fuentes": [
          {
            "id": "f1",
            "tipo": "primaria",
            "titulo": "Catastro Minero — derechos mineros de la provincia de Badajoz (shapefile, ETRS89)",
            "url": "https://geoportal.minetur.gob.es/CatastroMinero/api/reportDerechosMineros?idProv=06&geometria&extension=SHP",
            "fecha": "2026-08-06",
            "archivo": "fuentes/2026-08-06_miteco_catastro-minero-badajoz.zip"
          }
        ],
        "nota": "El perímetro es el del DERECHO, exacto sobre sí mismo: es un envolvente administrativo de cuadrículas mineras, no el contorno de una instalación. Saber dónde está el derecho no es saber dónde está la mina. La geometría viene del shapefile del catastro y NO de su exportación en CSV, que trunca la lista de vértices a 424 caracteres y pierde esquinas sin avisar. OJO CON «superficie_declarada»: se publica tal cual la da el catastro y NO concuerda con el perímetro dibujado. Medido sobre los 106 derechos, cada unidad vale unos 0,30 km² cuando el código es «C» y unos 0,22 km² cuando es «H» —que la interfaz del catastro rotula «hectáreas», y una hectárea es 0,01 km²—. El atlas no elige cuál de los dos datos vale: publica el perímetro, que es el que su propia cartografía dibuja, y deja el campo dicho con su desacuerdo."
      }
    },
    {
      "type": "Feature",
      "id": "minerales-derechos:la-monaguera-la-monaguera-ii-la-remonta-380",
      "geometry": {
        "type": "MultiPolygon",
        "coordinates": [
          [
            [
              [
                -6.62913,
                38.15431
              ],
              [
                -6.62357,
                38.15431
              ],
              [
                -6.62357,
                38.13764
              ],
              [
                -6.60135,
                38.13764
              ],
              [
                -6.60135,
                38.12653
              ],
              [
                -6.58468,
                38.12653
              ],
              [
                -6.58468,
                38.13209
              ],
              [
                -6.57913,
                38.13209
              ],
              [
                -6.57913,
                38.13764
              ],
              [
                -6.55135,
                38.13764
              ],
              [
                -6.55135,
                38.11542
              ],
              [
                -6.53468,
                38.11542
              ],
              [
                -6.53468,
                38.09875
              ],
              [
                -6.51801,
                38.09875
              ],
              [
                -6.51801,
                38.08764
              ],
              [
                -6.48468,
                38.08764
              ],
              [
                -6.48468,
                38.07653
              ],
              [
                -6.46801,
                38.07653
              ],
              [
                -6.46801,
                38.04875
              ],
              [
                -6.43468,
                38.04875
              ],
              [
                -6.43468,
                38.03208
              ],
              [
                -6.41801,
                38.03208
              ],
              [
                -6.41801,
                37.94319
              ],
              [
                -6.39579,
                37.94319
              ],
              [
                -6.39579,
                37.91542
              ],
              [
                -6.36246,
                37.91542
              ],
              [
                -6.36246,
                37.94319
              ],
              [
                -6.22912,
                37.94319
              ],
              [
                -6.22912,
                37.90986
              ],
              [
                -6.11245,
                37.90986
              ],
              [
                -6.11245,
                37.95986
              ],
              [
                -6.13467,
                37.95986
              ],
              [
                -6.13467,
                38.00986
              ],
              [
                -6.22912,
                38.00986
              ],
              [
                -6.22912,
                37.99319
              ],
              [
                -6.18468,
                37.99319
              ],
              [
                -6.18468,
                37.97653
              ],
              [
                -6.15134,
                37.97653
              ],
              [
                -6.15134,
                37.95431
              ],
              [
                -6.16801,
                37.95431
              ],
              [
                -6.16801,
                37.94319
              ],
              [
                -6.20134,
                37.94319
              ],
              [
                -6.20134,
                37.95431
              ],
              [
                -6.22912,
                37.95431
              ],
              [
                -6.22912,
                37.95986
              ],
              [
                -6.23468,
                37.95986
              ],
              [
                -6.23468,
                37.97653
              ],
              [
                -6.36246,
                37.97653
              ],
              [
                -6.36246,
                37.99875
              ],
              [
                -6.32913,
                37.99875
              ],
              [
                -6.32913,
                38.0432
              ],
              [
                -6.39024,
                38.0432
              ],
              [
                -6.39024,
                38.06542
              ],
              [
                -6.37913,
                38.06542
              ],
              [
                -6.37913,
                38.10431
              ],
              [
                -6.24023,
                38.10431
              ],
              [
                -6.24023,
                38.13764
              ],
              [
                -6.19579,
                38.13764
              ],
              [
                -6.19579,
                38.10431
              ],
              [
                -6.17912,
                38.10431
              ],
              [
                -6.17912,
                38.14875
              ],
              [
                -6.22912,
                38.14875
              ],
              [
                -6.22912,
                38.15431
              ],
              [
                -6.3569,
                38.15431
              ],
              [
                -6.3569,
                38.14875
              ],
              [
                -6.43468,
                38.14875
              ],
              [
                -6.43468,
                38.11542
              ],
              [
                -6.5069,
                38.11542
              ],
              [
                -6.5069,
                38.12653
              ],
              [
                -6.52357,
                38.12653
              ],
              [
                -6.52357,
                38.14875
              ],
              [
                -6.53468,
                38.14875
              ],
              [
                -6.53468,
                38.16542
              ],
              [
                -6.56802,
                38.16542
              ],
              [
                -6.56802,
                38.19875
              ],
              [
                -6.62913,
                38.19875
              ],
              [
                -6.62913,
                38.15431
              ]
            ]
          ],
          [
            [
              [
                -6.97358,
                37.89875
              ],
              [
                -6.90135,
                37.89875
              ],
              [
                -6.90135,
                37.87097
              ],
              [
                -6.8458,
                37.87097
              ],
              [
                -6.8458,
                37.95431
              ],
              [
                -6.97358,
                37.95431
              ],
              [
                -6.97358,
                37.89875
              ]
            ]
          ],
          [
            [
              [
                -6.86247,
                38.25431
              ],
              [
                -6.84024,
                38.25431
              ],
              [
                -6.84024,
                38.19876
              ],
              [
                -6.80691,
                38.19876
              ],
              [
                -6.80691,
                38.33764
              ],
              [
                -6.71802,
                38.33764
              ],
              [
                -6.71802,
                38.38209
              ],
              [
                -6.82357,
                38.38209
              ],
              [
                -6.82357,
                38.37098
              ],
              [
                -6.86246,
                38.37098
              ],
              [
                -6.86247,
                38.25431
              ]
            ]
          ]
        ]
      },
      "properties": {
        "slug": "la-monaguera-la-monaguera-ii-la-remonta-380",
        "nombre": "LA MONAGUERA-LA MONAGUERA II-LA REMONTA",
        "categoria": "vigente",
        "descripcion": "Reserva Provisional a nombre de RIO NARCEA RECURSOS, S.A., en situación «Declarada».",
        "estado_registro": "vigente",
        "verif": "confirmado",
        "geo_precision": "exacta",
        "geo_fuente": "perímetro del derecho minero, del shapefile del Catastro Minero (ETRS89, que a 5 decimales es WGS84)",
        "geo_fuente__v": "confirmado",
        "geo_fuente__f": "f1",
        "fecha_alta": "2026-08-06",
        "fecha_verificacion": "2026-08-06",
        "titular": "RIO NARCEA RECURSOS, S.A.",
        "titular__v": "confirmado",
        "titular__f": "f1",
        "tipo_derecho": "Reserva Provisional",
        "situacion": "Declarada",
        "situacion__v": "confirmado",
        "situacion__f": "f1",
        "n_registro": "380",
        "sustancia_principal": "Iridio",
        "sustancias": [
          "Iridio",
          "Osmio",
          "Paladio",
          "Platino (y su grupo)",
          "Rodio"
        ],
        "superficie_declarada": "2101.0 C",
        "provincia": "Badajoz",
        "fuentes": [
          {
            "id": "f1",
            "tipo": "primaria",
            "titulo": "Catastro Minero — derechos mineros de la provincia de Badajoz (shapefile, ETRS89)",
            "url": "https://geoportal.minetur.gob.es/CatastroMinero/api/reportDerechosMineros?idProv=06&geometria&extension=SHP",
            "fecha": "2026-08-06",
            "archivo": "fuentes/2026-08-06_miteco_catastro-minero-badajoz.zip"
          }
        ],
        "nota": "El perímetro es el del DERECHO, exacto sobre sí mismo: es un envolvente administrativo de cuadrículas mineras, no el contorno de una instalación. Saber dónde está el derecho no es saber dónde está la mina. La geometría viene del shapefile del catastro y NO de su exportación en CSV, que trunca la lista de vértices a 424 caracteres y pierde esquinas sin avisar. OJO CON «superficie_declarada»: se publica tal cual la da el catastro y NO concuerda con el perímetro dibujado. Medido sobre los 106 derechos, cada unidad vale unos 0,30 km² cuando el código es «C» y unos 0,22 km² cuando es «H» —que la interfaz del catastro rotula «hectáreas», y una hectárea es 0,01 km²—. El atlas no elige cuál de los dos datos vale: publica el perímetro, que es el que su propia cartografía dibuja, y deja el campo dicho con su desacuerdo."
      }
    },
    {
      "type": "Feature",
      "id": "minerales-derechos:la-parrilla-7768",
      "geometry": {
        "type": "Polygon",
        "coordinates": [
          [
            [
              -6.09197,
              39.08227
            ],
            [
              -6.09217,
              39.08138
            ],
            [
              -6.09331,
              39.08154
            ],
            [
              -6.09371,
              39.07976
            ],
            [
              -6.09485,
              39.07992
            ],
            [
              -6.09585,
              39.07548
            ],
            [
              -6.07306,
              39.07235
            ],
            [
              -6.07106,
              39.08124
            ],
            [
              -6.08815,
              39.08358
            ],
            [
              -6.08855,
              39.0818
            ],
            [
              -6.09197,
              39.08227
            ]
          ]
        ]
      },
      "properties": {
        "slug": "la-parrilla-7768",
        "nombre": "LA PARRILLA",
        "categoria": "vigente",
        "descripcion": "Concesion Directa de Explotacion a nombre de IBERIAN RESOURCES SPAIN, S.L., en situación «Otorgado».",
        "estado_registro": "vigente",
        "verif": "confirmado",
        "geo_precision": "exacta",
        "geo_fuente": "perímetro del derecho minero, del shapefile del Catastro Minero (ETRS89, que a 5 decimales es WGS84)",
        "geo_fuente__v": "confirmado",
        "geo_fuente__f": "f1",
        "fecha_alta": "2026-08-06",
        "fecha_verificacion": "2026-08-06",
        "titular": "IBERIAN RESOURCES SPAIN, S.L.",
        "titular__v": "confirmado",
        "titular__f": "f1",
        "tipo_derecho": "Concesion Directa de Explotacion",
        "situacion": "Otorgado",
        "situacion__v": "confirmado",
        "situacion__f": "f1",
        "n_registro": "7768",
        "sustancia_principal": "Estaño",
        "sustancias": [
          "Estaño"
        ],
        "superficie_declarada": "186.53 H",
        "provincia": "Badajoz y Cáceres",
        "fuentes": [
          {
            "id": "f1",
            "tipo": "primaria",
            "titulo": "Catastro Minero — derechos mineros de la provincia de Badajoz (shapefile, ETRS89)",
            "url": "https://geoportal.minetur.gob.es/CatastroMinero/api/reportDerechosMineros?idProv=06&geometria&extension=SHP",
            "fecha": "2026-08-06",
            "archivo": "fuentes/2026-08-06_miteco_catastro-minero-badajoz.zip"
          }
        ],
        "nota": "El perímetro es el del DERECHO, exacto sobre sí mismo: es un envolvente administrativo de cuadrículas mineras, no el contorno de una instalación. Saber dónde está el derecho no es saber dónde está la mina. La geometría viene del shapefile del catastro y NO de su exportación en CSV, que trunca la lista de vértices a 424 caracteres y pierde esquinas sin avisar. OJO CON «superficie_declarada»: se publica tal cual la da el catastro y NO concuerda con el perímetro dibujado. Medido sobre los 106 derechos, cada unidad vale unos 0,30 km² cuando el código es «C» y unos 0,22 km² cuando es «H» —que la interfaz del catastro rotula «hectáreas», y una hectárea es 0,01 km²—. El atlas no elige cuál de los dos datos vale: publica el perímetro, que es el que su propia cartografía dibuja, y deja el campo dicho con su desacuerdo."
      }
    },
    {
      "type": "Feature",
      "id": "minerales-derechos:la-pequenaja-2610",
      "geometry": {
        "type": "Polygon",
        "coordinates": [
          [
            [
              -3.54825,
              40.38243
            ],
            [
              -3.56131,
              40.38243
            ],
            [
              -3.56131,
              40.37882
            ],
            [
              -3.54242,
              40.37882
            ],
            [
              -3.54242,
              40.37437
            ],
            [
              -3.52603,
              40.37437
            ],
            [
              -3.52603,
              40.37632
            ],
            [
              -3.53297,
              40.37632
            ],
            [
              -3.53297,
              40.38437
            ],
            [
              -3.54825,
              40.38437
            ],
            [
              -3.54825,
              40.38243
            ]
          ]
        ]
      },
      "properties": {
        "slug": "la-pequenaja-2610",
        "nombre": "LA PEQUEÑAJA",
        "categoria": "vigente",
        "descripcion": "Concesion de Explotacion  Derivada a nombre de TOLSA, S.A., en situación «Otorgado».",
        "estado_registro": "vigente",
        "verif": "confirmado",
        "geo_precision": "exacta",
        "geo_fuente": "perímetro del derecho minero, del shapefile del Catastro Minero (ETRS89, que a 5 decimales es WGS84)",
        "geo_fuente__v": "confirmado",
        "geo_fuente__f": "f1",
        "fecha_alta": "2026-08-06",
        "fecha_verificacion": "2026-08-06",
        "titular": "TOLSA, S.A.",
        "titular__v": "confirmado",
        "titular__f": "f1",
        "tipo_derecho": "Concesion de Explotacion  Derivada",
        "situacion": "Otorgado",
        "situacion__v": "confirmado",
        "situacion__f": "f1",
        "n_registro": "2610",
        "sustancia_principal": "Sepiolita",
        "sustancias": [
          "Sepiolita"
        ],
        "superficie_declarada": "7.0 H",
        "provincia": "Madrid",
        "fuentes": [
          {
            "id": "f1",
            "tipo": "primaria",
            "titulo": "Catastro Minero — derechos mineros de la provincia de Madrid (shapefile, ETRS89)",
            "url": "https://geoportal.minetur.gob.es/CatastroMinero/api/reportDerechosMineros?idProv=28&geometria&extension=SHP",
            "fecha": "2026-08-06",
            "archivo": "fuentes/2026-08-06_miteco_catastro-minero-madrid.zip"
          }
        ],
        "nota": "El perímetro es el del DERECHO, exacto sobre sí mismo: es un envolvente administrativo de cuadrículas mineras, no el contorno de una instalación. Saber dónde está el derecho no es saber dónde está la mina. La geometría viene del shapefile del catastro y NO de su exportación en CSV, que trunca la lista de vértices a 424 caracteres y pierde esquinas sin avisar. OJO CON «superficie_declarada»: se publica tal cual la da el catastro y NO concuerda con el perímetro dibujado. Medido sobre los 106 derechos, cada unidad vale unos 0,30 km² cuando el código es «C» y unos 0,22 km² cuando es «H» —que la interfaz del catastro rotula «hectáreas», y una hectárea es 0,01 km²—. El atlas no elige cuál de los dos datos vale: publica el perímetro, que es el que su propia cartografía dibuja, y deja el campo dicho con su desacuerdo."
      }
    },
    {
      "type": "Feature",
      "id": "minerales-derechos:las-cruces-7532",
      "geometry": {
        "type": "Polygon",
        "coordinates": [
          [
            [
              -6.13467,
              37.48207
            ],
            [
              -6.05134,
              37.48207
            ],
            [
              -6.05134,
              37.48763
            ],
            [
              -6.04023,
              37.48763
            ],
            [
              -6.04023,
              37.51541
            ],
            [
              -6.13467,
              37.51541
            ],
            [
              -6.13467,
              37.48207
            ]
          ]
        ]
      },
      "properties": {
        "slug": "las-cruces-7532",
        "nombre": "LAS CRUCES",
        "categoria": "vigente",
        "descripcion": "Concesion de Explotacion  Derivada a nombre de COBRE LAS CRUCES, S.A., en situación «Otorgado».",
        "estado_registro": "vigente",
        "verif": "confirmado",
        "geo_precision": "exacta",
        "geo_fuente": "perímetro del derecho minero, del shapefile del Catastro Minero (ETRS89, que a 5 decimales es WGS84)",
        "geo_fuente__v": "confirmado",
        "geo_fuente__f": "f1",
        "fecha_alta": "2026-08-06",
        "fecha_verificacion": "2026-08-06",
        "titular": "COBRE LAS CRUCES, S.A.",
        "titular__v": "confirmado",
        "titular__f": "f1",
        "tipo_derecho": "Concesion de Explotacion  Derivada",
        "situacion": "Otorgado",
        "situacion__v": "confirmado",
        "situacion__f": "f1",
        "n_registro": "7532",
        "sustancia_principal": "Cobre",
        "sustancias": [
          "Cobre"
        ],
        "superficie_declarada": "100.0 C",
        "provincia": "Sevilla",
        "fuentes": [
          {
            "id": "f1",
            "tipo": "primaria",
            "titulo": "Catastro Minero — derechos mineros de la provincia de Sevilla (shapefile, ETRS89)",
            "url": "https://geoportal.minetur.gob.es/CatastroMinero/api/reportDerechosMineros?idProv=41&geometria&extension=SHP",
            "fecha": "2026-08-06",
            "archivo": "fuentes/2026-08-06_miteco_catastro-minero-sevilla.zip"
          }
        ],
        "nota": "El perímetro es el del DERECHO, exacto sobre sí mismo: es un envolvente administrativo de cuadrículas mineras, no el contorno de una instalación. Saber dónde está el derecho no es saber dónde está la mina. La geometría viene del shapefile del catastro y NO de su exportación en CSV, que trunca la lista de vértices a 424 caracteres y pierde esquinas sin avisar. OJO CON «superficie_declarada»: se publica tal cual la da el catastro y NO concuerda con el perímetro dibujado. Medido sobre los 106 derechos, cada unidad vale unos 0,30 km² cuando el código es «C» y unos 0,22 km² cuando es «H» —que la interfaz del catastro rotula «hectáreas», y una hectárea es 0,01 km²—. El atlas no elige cuál de los dos datos vale: publica el perímetro, que es el que su propia cartografía dibuja, y deja el campo dicho con su desacuerdo."
      }
    },
    {
      "type": "Feature",
      "id": "minerales-derechos:lealtad-4690",
      "geometry": {
        "type": "Polygon",
        "coordinates": [
          [
            [
              -6.55462,
              37.72078
            ],
            [
              -6.55427,
              37.71992
            ],
            [
              -6.55644,
              37.71937
            ],
            [
              -6.55713,
              37.72109
            ],
            [
              -6.55821,
              37.72082
            ],
            [
              -6.55855,
              37.72168
            ],
            [
              -6.56179,
              37.72085
            ],
            [
              -6.55938,
              37.71485
            ],
            [
              -6.54641,
              37.71813
            ],
            [
              -6.54813,
              37.72242
            ],
            [
              -6.55138,
              37.7216
            ],
            [
              -6.55462,
              37.72078
            ]
          ]
        ]
      },
      "properties": {
        "slug": "lealtad-4690",
        "nombre": "LEALTAD",
        "categoria": "vigente",
        "descripcion": "Concesion Directa de Explotacion a nombre de ATLANTIC COPPER, S.A. (ANTES ATLANTIC COPPER HOLDI, COMPAÑIA NACIONAL DE PIRITAS, S.A., MINAS DE RIO TINTO, S.A., en situación «Otorgado».",
        "estado_registro": "vigente",
        "verif": "confirmado",
        "geo_precision": "exacta",
        "geo_fuente": "perímetro del derecho minero, del shapefile del Catastro Minero (ETRS89, que a 5 decimales es WGS84)",
        "geo_fuente__v": "confirmado",
        "geo_fuente__f": "f1",
        "fecha_alta": "2026-08-06",
        "fecha_verificacion": "2026-08-06",
        "titular": "ATLANTIC COPPER, S.A. (ANTES ATLANTIC COPPER HOLDI, COMPAÑIA NACIONAL DE PIRITAS, S.A., MINAS DE RIO TINTO, S.A.",
        "titular__v": "confirmado",
        "titular__f": "f1",
        "tipo_derecho": "Concesion Directa de Explotacion",
        "situacion": "Otorgado",
        "situacion__v": "confirmado",
        "situacion__f": "f1",
        "n_registro": "4690",
        "sustancia_principal": "Cobre",
        "sustancias": [
          "Cobre"
        ],
        "superficie_declarada": "66.0 H",
        "provincia": "Huelva",
        "fuentes": [
          {
            "id": "f1",
            "tipo": "primaria",
            "titulo": "Catastro Minero — derechos mineros de la provincia de Huelva (shapefile, ETRS89)",
            "url": "https://geoportal.minetur.gob.es/CatastroMinero/api/reportDerechosMineros?idProv=21&geometria&extension=SHP",
            "fecha": "2026-08-06",
            "archivo": "fuentes/2026-08-06_miteco_catastro-minero-huelva.zip"
          }
        ],
        "nota": "El perímetro es el del DERECHO, exacto sobre sí mismo: es un envolvente administrativo de cuadrículas mineras, no el contorno de una instalación. Saber dónde está el derecho no es saber dónde está la mina. La geometría viene del shapefile del catastro y NO de su exportación en CSV, que trunca la lista de vértices a 424 caracteres y pierde esquinas sin avisar. OJO CON «superficie_declarada»: se publica tal cual la da el catastro y NO concuerda con el perímetro dibujado. Medido sobre los 106 derechos, cada unidad vale unos 0,30 km² cuando el código es «C» y unos 0,22 km² cuando es «H» —que la interfaz del catastro rotula «hectáreas», y una hectárea es 0,01 km²—. El atlas no elige cuál de los dos datos vale: publica el perímetro, que es el que su propia cartografía dibuja, y deja el campo dicho con su desacuerdo."
      }
    },
    {
      "type": "Feature",
      "id": "minerales-derechos:leontina-5091",
      "geometry": {
        "type": "Polygon",
        "coordinates": [
          [
            [
              -6.55028,
              37.72395
            ],
            [
              -6.54976,
              37.72475
            ],
            [
              -6.54875,
              37.72434
            ],
            [
              -6.54823,
              37.72514
            ],
            [
              -6.54721,
              37.72472
            ],
            [
              -6.54616,
              37.7263
            ],
            [
              -6.54808,
              37.7271
            ],
            [
              -6.54817,
              37.72698
            ],
            [
              -6.54925,
              37.72743
            ],
            [
              -6.55128,
              37.72437
            ],
            [
              -6.55028,
              37.72395
            ]
          ]
        ]
      },
      "properties": {
        "slug": "leontina-5091",
        "nombre": "LEONTINA",
        "categoria": "vigente",
        "descripcion": "Concesion Directa de Explotacion a nombre de ATLANTIC COPPER, S.A. (ANTES ATLANTIC COPPER HOLDI, COMPAÑIA NACIONAL DE PIRITAS, S.A., en situación «Otorgado».",
        "estado_registro": "vigente",
        "verif": "confirmado",
        "geo_precision": "exacta",
        "geo_fuente": "perímetro del derecho minero, del shapefile del Catastro Minero (ETRS89, que a 5 decimales es WGS84)",
        "geo_fuente__v": "confirmado",
        "geo_fuente__f": "f1",
        "fecha_alta": "2026-08-06",
        "fecha_verificacion": "2026-08-06",
        "titular": "ATLANTIC COPPER, S.A. (ANTES ATLANTIC COPPER HOLDI, COMPAÑIA NACIONAL DE PIRITAS, S.A.",
        "titular__v": "confirmado",
        "titular__f": "f1",
        "tipo_derecho": "Concesion Directa de Explotacion",
        "situacion": "Otorgado",
        "situacion__v": "confirmado",
        "situacion__f": "f1",
        "n_registro": "5091",
        "sustancia_principal": "Cobre",
        "sustancias": [
          "Cobre"
        ],
        "superficie_declarada": "9.0 H",
        "provincia": "Huelva",
        "fuentes": [
          {
            "id": "f1",
            "tipo": "primaria",
            "titulo": "Catastro Minero — derechos mineros de la provincia de Huelva (shapefile, ETRS89)",
            "url": "https://geoportal.minetur.gob.es/CatastroMinero/api/reportDerechosMineros?idProv=21&geometria&extension=SHP",
            "fecha": "2026-08-06",
            "archivo": "fuentes/2026-08-06_miteco_catastro-minero-huelva.zip"
          }
        ],
        "nota": "El perímetro es el del DERECHO, exacto sobre sí mismo: es un envolvente administrativo de cuadrículas mineras, no el contorno de una instalación. Saber dónde está el derecho no es saber dónde está la mina. La geometría viene del shapefile del catastro y NO de su exportación en CSV, que trunca la lista de vértices a 424 caracteres y pierde esquinas sin avisar. OJO CON «superficie_declarada»: se publica tal cual la da el catastro y NO concuerda con el perímetro dibujado. Medido sobre los 106 derechos, cada unidad vale unos 0,30 km² cuando el código es «C» y unos 0,22 km² cuando es «H» —que la interfaz del catastro rotula «hectáreas», y una hectárea es 0,01 km²—. El atlas no elige cuál de los dos datos vale: publica el perímetro, que es el que su propia cartografía dibuja, y deja el campo dicho con su desacuerdo."
      }
    },
    {
      "type": "Feature",
      "id": "minerales-derechos:louise-12953",
      "geometry": {
        "type": "Polygon",
        "coordinates": [
          [
            [
              -4.15001,
              39.03889
            ],
            [
              -4.13333,
              39.03889
            ],
            [
              -4.13333,
              39.04445
            ],
            [
              -4.12223,
              39.04445
            ],
            [
              -4.12223,
              39.05556
            ],
            [
              -4.14444,
              39.05556
            ],
            [
              -4.14445,
              39.06111
            ],
            [
              -4.15001,
              39.06111
            ],
            [
              -4.15001,
              39.03889
            ]
          ]
        ]
      },
      "properties": {
        "slug": "louise-12953",
        "nombre": "LOUISE",
        "categoria": "en_tramite",
        "descripcion": "Permiso de Investigacion a nombre de TOLSA, S.A., en situación «Tramite/otorgamiento».",
        "estado_registro": "vigente",
        "verif": "confirmado",
        "geo_precision": "exacta",
        "geo_fuente": "perímetro del derecho minero, del shapefile del Catastro Minero (ETRS89, que a 5 decimales es WGS84)",
        "geo_fuente__v": "confirmado",
        "geo_fuente__f": "f1",
        "fecha_alta": "2026-08-06",
        "fecha_verificacion": "2026-08-06",
        "titular": "TOLSA, S.A.",
        "titular__v": "confirmado",
        "titular__f": "f1",
        "tipo_derecho": "Permiso de Investigacion",
        "situacion": "Tramite/otorgamiento",
        "situacion__v": "confirmado",
        "situacion__f": "f1",
        "n_registro": "12953",
        "sustancia_principal": "Attapulgita",
        "sustancias": [
          "Attapulgita",
          "Paligorskita",
          "Sepiolita"
        ],
        "superficie_declarada": "14.0 C",
        "provincia": "Ciudad Real",
        "fuentes": [
          {
            "id": "f1",
            "tipo": "primaria",
            "titulo": "Catastro Minero — derechos mineros de la provincia de Ciudad Real (shapefile, ETRS89)",
            "url": "https://geoportal.minetur.gob.es/CatastroMinero/api/reportDerechosMineros?idProv=13&geometria&extension=SHP",
            "fecha": "2026-08-06",
            "archivo": "fuentes/2026-08-06_miteco_catastro-minero-ciudad-real.zip"
          }
        ],
        "nota": "El perímetro es el del DERECHO, exacto sobre sí mismo: es un envolvente administrativo de cuadrículas mineras, no el contorno de una instalación. Saber dónde está el derecho no es saber dónde está la mina. La geometría viene del shapefile del catastro y NO de su exportación en CSV, que trunca la lista de vértices a 424 caracteres y pierde esquinas sin avisar. OJO CON «superficie_declarada»: se publica tal cual la da el catastro y NO concuerda con el perímetro dibujado. Medido sobre los 106 derechos, cada unidad vale unos 0,30 km² cuando el código es «C» y unos 0,22 km² cuando es «H» —que la interfaz del catastro rotula «hectáreas», y una hectárea es 0,01 km²—. El atlas no elige cuál de los dos datos vale: publica el perímetro, que es el que su propia cartografía dibuja, y deja el campo dicho con su desacuerdo."
      }
    },
    {
      "type": "Feature",
      "id": "minerales-derechos:maria-del-carmen-1305",
      "geometry": {
        "type": "Polygon",
        "coordinates": [
          [
            [
              -3.60686,
              40.37965
            ],
            [
              -3.60519,
              40.38187
            ],
            [
              -3.61019,
              40.38409
            ],
            [
              -3.61214,
              40.38187
            ],
            [
              -3.60908,
              40.38048
            ],
            [
              -3.60686,
              40.37965
            ]
          ]
        ]
      },
      "properties": {
        "slug": "maria-del-carmen-1305",
        "nombre": "MARIA DEL CARMEN",
        "categoria": "extinguido",
        "descripcion": "Concesion de Explotacion  Derivada a nombre de TOLSA, S.A., en situación «Caducado».",
        "estado_registro": "vigente",
        "verif": "confirmado",
        "geo_precision": "exacta",
        "geo_fuente": "perímetro del derecho minero, del shapefile del Catastro Minero (ETRS89, que a 5 decimales es WGS84)",
        "geo_fuente__v": "confirmado",
        "geo_fuente__f": "f1",
        "fecha_alta": "2026-08-06",
        "fecha_verificacion": "2026-08-06",
        "titular": "TOLSA, S.A.",
        "titular__v": "confirmado",
        "titular__f": "f1",
        "tipo_derecho": "Concesion de Explotacion  Derivada",
        "situacion": "Caducado",
        "situacion__v": "confirmado",
        "situacion__f": "f1",
        "n_registro": "1305",
        "sustancia_principal": "Magnesita",
        "sustancias": [
          "Magnesita"
        ],
        "superficie_declarada": "1.0 H",
        "provincia": "Madrid",
        "fuentes": [
          {
            "id": "f1",
            "tipo": "primaria",
            "titulo": "Catastro Minero — derechos mineros de la provincia de Madrid (shapefile, ETRS89)",
            "url": "https://geoportal.minetur.gob.es/CatastroMinero/api/reportDerechosMineros?idProv=28&geometria&extension=SHP",
            "fecha": "2026-08-06",
            "archivo": "fuentes/2026-08-06_miteco_catastro-minero-madrid.zip"
          }
        ],
        "nota": "El perímetro es el del DERECHO, exacto sobre sí mismo: es un envolvente administrativo de cuadrículas mineras, no el contorno de una instalación. Saber dónde está el derecho no es saber dónde está la mina. La geometría viene del shapefile del catastro y NO de su exportación en CSV, que trunca la lista de vértices a 424 caracteres y pierde esquinas sin avisar. OJO CON «superficie_declarada»: se publica tal cual la da el catastro y NO concuerda con el perímetro dibujado. Medido sobre los 106 derechos, cada unidad vale unos 0,30 km² cuando el código es «C» y unos 0,22 km² cuando es «H» —que la interfaz del catastro rotula «hectáreas», y una hectárea es 0,01 km²—. El atlas no elige cuál de los dos datos vale: publica el perímetro, que es el que su propia cartografía dibuja, y deja el campo dicho con su desacuerdo."
      }
    },
    {
      "type": "Feature",
      "id": "minerales-derechos:martinete-12952",
      "geometry": {
        "type": "Polygon",
        "coordinates": [
          [
            [
              -4.12222,
              38.97778
            ],
            [
              -4.12222,
              38.97222
            ],
            [
              -4.12778,
              38.97222
            ],
            [
              -4.12778,
              38.96111
            ],
            [
              -4.12222,
              38.96111
            ],
            [
              -4.12222,
              38.95556
            ],
            [
              -4.08333,
              38.95556
            ],
            [
              -4.08333,
              38.97222
            ],
            [
              -4.08889,
              38.97222
            ],
            [
              -4.08889,
              38.97778
            ],
            [
              -4.12222,
              38.97778
            ]
          ]
        ]
      },
      "properties": {
        "slug": "martinete-12952",
        "nombre": "MARTINETE",
        "categoria": "vigente",
        "descripcion": "Permiso de Investigacion a nombre de TOLSA, S.A., en situación «Otorgado».",
        "estado_registro": "vigente",
        "verif": "confirmado",
        "geo_precision": "exacta",
        "geo_fuente": "perímetro del derecho minero, del shapefile del Catastro Minero (ETRS89, que a 5 decimales es WGS84)",
        "geo_fuente__v": "confirmado",
        "geo_fuente__f": "f1",
        "fecha_alta": "2026-08-06",
        "fecha_verificacion": "2026-08-06",
        "titular": "TOLSA, S.A.",
        "titular__v": "confirmado",
        "titular__f": "f1",
        "tipo_derecho": "Permiso de Investigacion",
        "situacion": "Otorgado",
        "situacion__v": "confirmado",
        "situacion__f": "f1",
        "n_registro": "12952",
        "sustancia_principal": "Attapulgita",
        "sustancias": [
          "Attapulgita",
          "Paligorskita",
          "Sepiolita"
        ],
        "superficie_declarada": "29.0 C",
        "provincia": "Ciudad Real",
        "fuentes": [
          {
            "id": "f1",
            "tipo": "primaria",
            "titulo": "Catastro Minero — derechos mineros de la provincia de Ciudad Real (shapefile, ETRS89)",
            "url": "https://geoportal.minetur.gob.es/CatastroMinero/api/reportDerechosMineros?idProv=13&geometria&extension=SHP",
            "fecha": "2026-08-06",
            "archivo": "fuentes/2026-08-06_miteco_catastro-minero-ciudad-real.zip"
          }
        ],
        "nota": "El perímetro es el del DERECHO, exacto sobre sí mismo: es un envolvente administrativo de cuadrículas mineras, no el contorno de una instalación. Saber dónde está el derecho no es saber dónde está la mina. La geometría viene del shapefile del catastro y NO de su exportación en CSV, que trunca la lista de vértices a 424 caracteres y pierde esquinas sin avisar. OJO CON «superficie_declarada»: se publica tal cual la da el catastro y NO concuerda con el perímetro dibujado. Medido sobre los 106 derechos, cada unidad vale unos 0,30 km² cuando el código es «C» y unos 0,22 km² cuando es «H» —que la interfaz del catastro rotula «hectáreas», y una hectárea es 0,01 km²—. El atlas no elige cuál de los dos datos vale: publica el perímetro, que es el que su propia cartografía dibuja, y deja el campo dicho con su desacuerdo."
      }
    },
    {
      "type": "Feature",
      "id": "minerales-derechos:mary-carmen-11030",
      "geometry": {
        "type": "Polygon",
        "coordinates": [
          [
            [
              -6.07242,
              39.07529
            ],
            [
              -6.07264,
              39.07429
            ],
            [
              -6.07037,
              39.07398
            ],
            [
              -6.06936,
              39.07842
            ],
            [
              -6.07164,
              39.07873
            ],
            [
              -6.07242,
              39.07529
            ],
            [
              -6.07242,
              39.07529
            ]
          ]
        ]
      },
      "properties": {
        "slug": "mary-carmen-11030",
        "nombre": "MARY CARMEN",
        "categoria": "extinguido",
        "descripcion": "Concesion Directa de Explotacion a nombre de IBERIAN RESOURCES SPAIN, S.L., en situación «Caducado».",
        "estado_registro": "vigente",
        "verif": "confirmado",
        "geo_precision": "exacta",
        "geo_fuente": "perímetro del derecho minero, del shapefile del Catastro Minero (ETRS89, que a 5 decimales es WGS84)",
        "geo_fuente__v": "confirmado",
        "geo_fuente__f": "f1",
        "fecha_alta": "2026-08-06",
        "fecha_verificacion": "2026-08-06",
        "titular": "IBERIAN RESOURCES SPAIN, S.L.",
        "titular__v": "confirmado",
        "titular__f": "f1",
        "tipo_derecho": "Concesion Directa de Explotacion",
        "situacion": "Caducado",
        "situacion__v": "confirmado",
        "situacion__f": "f1",
        "n_registro": "11030",
        "sustancia_principal": "Estaño",
        "sustancias": [
          "Estaño"
        ],
        "superficie_declarada": "10.03 H",
        "provincia": "Badajoz",
        "fuentes": [
          {
            "id": "f1",
            "tipo": "primaria",
            "titulo": "Catastro Minero — derechos mineros de la provincia de Badajoz (shapefile, ETRS89)",
            "url": "https://geoportal.minetur.gob.es/CatastroMinero/api/reportDerechosMineros?idProv=06&geometria&extension=SHP",
            "fecha": "2026-08-06",
            "archivo": "fuentes/2026-08-06_miteco_catastro-minero-badajoz.zip"
          }
        ],
        "nota": "El perímetro es el del DERECHO, exacto sobre sí mismo: es un envolvente administrativo de cuadrículas mineras, no el contorno de una instalación. Saber dónde está el derecho no es saber dónde está la mina. La geometría viene del shapefile del catastro y NO de su exportación en CSV, que trunca la lista de vértices a 424 caracteres y pierde esquinas sin avisar. OJO CON «superficie_declarada»: se publica tal cual la da el catastro y NO concuerda con el perímetro dibujado. Medido sobre los 106 derechos, cada unidad vale unos 0,30 km² cuando el código es «C» y unos 0,22 km² cuando es «H» —que la interfaz del catastro rotula «hectáreas», y una hectárea es 0,01 km²—. El atlas no elige cuál de los dos datos vale: publica el perímetro, que es el que su propia cartografía dibuja, y deja el campo dicho con su desacuerdo."
      }
    },
    {
      "type": "Feature",
      "id": "minerales-derechos:matamulas-12919",
      "geometry": {
        "type": "Polygon",
        "coordinates": [
          [
            [
              -3.30129,
              38.63766
            ],
            [
              -3.30129,
              38.63211
            ],
            [
              -3.30684,
              38.63211
            ],
            [
              -3.30684,
              38.62655
            ],
            [
              -3.3124,
              38.62655
            ],
            [
              -3.3124,
              38.62655
            ],
            [
              -3.3124,
              38.60989
            ],
            [
              -3.29573,
              38.60989
            ],
            [
              -3.29573,
              38.60433
            ],
            [
              -3.27351,
              38.60433
            ],
            [
              -3.27351,
              38.59878
            ],
            [
              -3.26795,
              38.59878
            ],
            [
              -3.26795,
              38.60989
            ],
            [
              -3.29018,
              38.60989
            ],
            [
              -3.29018,
              38.61544
            ],
            [
              -3.30684,
              38.61544
            ],
            [
              -3.30684,
              38.621
            ],
            [
              -3.30129,
              38.621
            ],
            [
              -3.30129,
              38.62655
            ],
            [
              -3.25684,
              38.62655
            ],
            [
              -3.25684,
              38.63211
            ],
            [
              -3.2624,
              38.63211
            ],
            [
              -3.2624,
              38.63766
            ],
            [
              -3.27351,
              38.63766
            ],
            [
              -3.27351,
              38.63211
            ],
            [
              -3.27906,
              38.63211
            ],
            [
              -3.27906,
              38.63766
            ],
            [
              -3.30129,
              38.63766
            ]
          ]
        ]
      },
      "properties": {
        "slug": "matamulas-12919",
        "nombre": "MATAMULAS",
        "categoria": "extinguido",
        "descripcion": "Permiso de Investigacion a nombre de QUANTUM MINERIA, S.L., en situación «Caducado».",
        "estado_registro": "vigente",
        "verif": "confirmado",
        "geo_precision": "exacta",
        "geo_fuente": "perímetro del derecho minero, del shapefile del Catastro Minero (ETRS89, que a 5 decimales es WGS84)",
        "geo_fuente__v": "confirmado",
        "geo_fuente__f": "f1",
        "fecha_alta": "2026-08-06",
        "fecha_verificacion": "2026-08-06",
        "titular": "QUANTUM MINERIA, S.L.",
        "titular__v": "confirmado",
        "titular__f": "f1",
        "tipo_derecho": "Permiso de Investigacion",
        "situacion": "Caducado",
        "situacion__v": "confirmado",
        "situacion__f": "f1",
        "n_registro": "12919",
        "sustancia_principal": "Todos de seccion C)",
        "sustancias": [
          "Todos de seccion C)"
        ],
        "superficie_declarada": "28.0 C",
        "provincia": "Ciudad Real",
        "fuentes": [
          {
            "id": "f1",
            "tipo": "primaria",
            "titulo": "Catastro Minero — derechos mineros de la provincia de Ciudad Real (shapefile, ETRS89)",
            "url": "https://geoportal.minetur.gob.es/CatastroMinero/api/reportDerechosMineros?idProv=13&geometria&extension=SHP",
            "fecha": "2026-08-06",
            "archivo": "fuentes/2026-08-06_miteco_catastro-minero-ciudad-real.zip"
          }
        ],
        "nota": "El perímetro es el del DERECHO, exacto sobre sí mismo: es un envolvente administrativo de cuadrículas mineras, no el contorno de una instalación. Saber dónde está el derecho no es saber dónde está la mina. La geometría viene del shapefile del catastro y NO de su exportación en CSV, que trunca la lista de vértices a 424 caracteres y pierde esquinas sin avisar. OJO CON «superficie_declarada»: se publica tal cual la da el catastro y NO concuerda con el perímetro dibujado. Medido sobre los 106 derechos, cada unidad vale unos 0,30 km² cuando el código es «C» y unos 0,22 km² cuando es «H» —que la interfaz del catastro rotula «hectáreas», y una hectárea es 0,01 km²—. El atlas no elige cuál de los dos datos vale: publica el perímetro, que es el que su propia cartografía dibuja, y deja el campo dicho con su desacuerdo."
      }
    },
    {
      "type": "Feature",
      "id": "minerales-derechos:minor-parla-2618",
      "geometry": {
        "type": "Polygon",
        "coordinates": [
          [
            [
              -3.76103,
              40.25437
            ],
            [
              -3.76103,
              40.24437
            ],
            [
              -3.74714,
              40.24437
            ],
            [
              -3.74464,
              40.24437
            ],
            [
              -3.74464,
              40.25437
            ],
            [
              -3.76103,
              40.25437
            ]
          ]
        ]
      },
      "properties": {
        "slug": "minor-parla-2618",
        "nombre": "MINOR PARLA",
        "categoria": "extinguido",
        "descripcion": "Concesion de Explotacion  Derivada a nombre de TOLSA, S.A., en situación «Caducado».",
        "estado_registro": "vigente",
        "verif": "confirmado",
        "geo_precision": "exacta",
        "geo_fuente": "perímetro del derecho minero, del shapefile del Catastro Minero (ETRS89, que a 5 decimales es WGS84)",
        "geo_fuente__v": "confirmado",
        "geo_fuente__f": "f1",
        "fecha_alta": "2026-08-06",
        "fecha_verificacion": "2026-08-06",
        "titular": "TOLSA, S.A.",
        "titular__v": "confirmado",
        "titular__f": "f1",
        "tipo_derecho": "Concesion de Explotacion  Derivada",
        "situacion": "Caducado",
        "situacion__v": "confirmado",
        "situacion__f": "f1",
        "n_registro": "2618",
        "sustancia_principal": "Sepiolita",
        "sustancias": [
          "Sepiolita"
        ],
        "superficie_declarada": "6.0 H",
        "provincia": "Madrid",
        "fuentes": [
          {
            "id": "f1",
            "tipo": "primaria",
            "titulo": "Catastro Minero — derechos mineros de la provincia de Madrid (shapefile, ETRS89)",
            "url": "https://geoportal.minetur.gob.es/CatastroMinero/api/reportDerechosMineros?idProv=28&geometria&extension=SHP",
            "fecha": "2026-08-06",
            "archivo": "fuentes/2026-08-06_miteco_catastro-minero-madrid.zip"
          }
        ],
        "nota": "El perímetro es el del DERECHO, exacto sobre sí mismo: es un envolvente administrativo de cuadrículas mineras, no el contorno de una instalación. Saber dónde está el derecho no es saber dónde está la mina. La geometría viene del shapefile del catastro y NO de su exportación en CSV, que trunca la lista de vértices a 424 caracteres y pierde esquinas sin avisar. OJO CON «superficie_declarada»: se publica tal cual la da el catastro y NO concuerda con el perímetro dibujado. Medido sobre los 106 derechos, cada unidad vale unos 0,30 km² cuando el código es «C» y unos 0,22 km² cuando es «H» —que la interfaz del catastro rotula «hectáreas», y una hectárea es 0,01 km²—. El atlas no elige cuál de los dos datos vale: publica el perímetro, que es el que su propia cartografía dibuja, y deja el campo dicho con su desacuerdo."
      }
    },
    {
      "type": "Feature",
      "id": "minerales-derechos:minor-torrejon-de-velasco-ii-2620",
      "geometry": {
        "type": "Polygon",
        "coordinates": [
          [
            [
              -3.72198,
              40.16533
            ],
            [
              -3.72198,
              40.16262
            ],
            [
              -3.73373,
              40.16262
            ],
            [
              -3.73372,
              40.14909
            ],
            [
              -3.7396,
              40.14909
            ],
            [
              -3.73959,
              40.14458
            ],
            [
              -3.74547,
              40.14458
            ],
            [
              -3.74545,
              40.12654
            ],
            [
              -3.74663,
              40.12654
            ],
            [
              -3.74662,
              40.12564
            ],
            [
              -3.73252,
              40.12565
            ],
            [
              -3.71608,
              40.12565
            ],
            [
              -3.71609,
              40.13557
            ],
            [
              -3.7161,
              40.16533
            ],
            [
              -3.72198,
              40.16533
            ]
          ]
        ]
      },
      "properties": {
        "slug": "minor-torrejon-de-velasco-ii-2620",
        "nombre": "MINOR TORREJON DE VELASCO II",
        "categoria": "vigente",
        "descripcion": "Concesion de Explotacion  Derivada a nombre de TOLSA, S.A., en situación «Otorgado».",
        "estado_registro": "vigente",
        "verif": "confirmado",
        "geo_precision": "exacta",
        "geo_fuente": "perímetro del derecho minero, del shapefile del Catastro Minero (ETRS89, que a 5 decimales es WGS84)",
        "geo_fuente__v": "confirmado",
        "geo_fuente__f": "f1",
        "fecha_alta": "2026-08-06",
        "fecha_verificacion": "2026-08-06",
        "titular": "TOLSA, S.A.",
        "titular__v": "confirmado",
        "titular__f": "f1",
        "tipo_derecho": "Concesion de Explotacion  Derivada",
        "situacion": "Otorgado",
        "situacion__v": "confirmado",
        "situacion__f": "f1",
        "n_registro": "2620",
        "sustancia_principal": "Bentonita",
        "sustancias": [
          "Bentonita"
        ],
        "superficie_declarada": "30.0 H",
        "provincia": "Madrid",
        "fuentes": [
          {
            "id": "f1",
            "tipo": "primaria",
            "titulo": "Catastro Minero — derechos mineros de la provincia de Madrid (shapefile, ETRS89)",
            "url": "https://geoportal.minetur.gob.es/CatastroMinero/api/reportDerechosMineros?idProv=28&geometria&extension=SHP",
            "fecha": "2026-08-06",
            "archivo": "fuentes/2026-08-06_miteco_catastro-minero-madrid.zip"
          }
        ],
        "nota": "El perímetro es el del DERECHO, exacto sobre sí mismo: es un envolvente administrativo de cuadrículas mineras, no el contorno de una instalación. Saber dónde está el derecho no es saber dónde está la mina. La geometría viene del shapefile del catastro y NO de su exportación en CSV, que trunca la lista de vértices a 424 caracteres y pierde esquinas sin avisar. OJO CON «superficie_declarada»: se publica tal cual la da el catastro y NO concuerda con el perímetro dibujado. Medido sobre los 106 derechos, cada unidad vale unos 0,30 km² cuando el código es «C» y unos 0,22 km² cuando es «H» —que la interfaz del catastro rotula «hectáreas», y una hectárea es 0,01 km²—. El atlas no elige cuál de los dos datos vale: publica el perímetro, que es el que su propia cartografía dibuja, y deja el campo dicho con su desacuerdo."
      }
    },
    {
      "type": "Feature",
      "id": "minerales-derechos:minor-torrejon-de-velasco-ii-2620-b",
      "geometry": {
        "type": "Polygon",
        "coordinates": [
          [
            [
              -3.72198,
              40.16533
            ],
            [
              -3.72198,
              40.16262
            ],
            [
              -3.73373,
              40.16262
            ],
            [
              -3.73372,
              40.14909
            ],
            [
              -3.7396,
              40.14909
            ],
            [
              -3.73959,
              40.14458
            ],
            [
              -3.74547,
              40.14458
            ],
            [
              -3.74545,
              40.12654
            ],
            [
              -3.74663,
              40.12654
            ],
            [
              -3.74662,
              40.12564
            ],
            [
              -3.71609,
              40.12565
            ],
            [
              -3.7161,
              40.16533
            ],
            [
              -3.72198,
              40.16533
            ]
          ]
        ]
      },
      "properties": {
        "slug": "minor-torrejon-de-velasco-ii-2620-b",
        "nombre": "MINOR TORREJON DE VELASCO-II",
        "categoria": "vigente",
        "descripcion": "Concesion de Explotacion  Derivada a nombre de TOLSA, S.A., en situación «Otorgado».",
        "estado_registro": "vigente",
        "verif": "confirmado",
        "geo_precision": "exacta",
        "geo_fuente": "perímetro del derecho minero, del shapefile del Catastro Minero (ETRS89, que a 5 decimales es WGS84)",
        "geo_fuente__v": "confirmado",
        "geo_fuente__f": "f1",
        "fecha_alta": "2026-08-06",
        "fecha_verificacion": "2026-08-06",
        "titular": "TOLSA, S.A.",
        "titular__v": "confirmado",
        "titular__f": "f1",
        "tipo_derecho": "Concesion de Explotacion  Derivada",
        "situacion": "Otorgado",
        "situacion__v": "confirmado",
        "situacion__f": "f1",
        "n_registro": "2620",
        "sustancia_principal": "Bentonita",
        "sustancias": [
          "Bentonita",
          "Sepiolita"
        ],
        "superficie_declarada": "866.0 H",
        "provincia": "Madrid",
        "fuentes": [
          {
            "id": "f1",
            "tipo": "primaria",
            "titulo": "Catastro Minero — derechos mineros de la provincia de Madrid (shapefile, ETRS89)",
            "url": "https://geoportal.minetur.gob.es/CatastroMinero/api/reportDerechosMineros?idProv=28&geometria&extension=SHP",
            "fecha": "2026-08-06",
            "archivo": "fuentes/2026-08-06_miteco_catastro-minero-madrid.zip"
          }
        ],
        "nota": "El perímetro es el del DERECHO, exacto sobre sí mismo: es un envolvente administrativo de cuadrículas mineras, no el contorno de una instalación. Saber dónde está el derecho no es saber dónde está la mina. La geometría viene del shapefile del catastro y NO de su exportación en CSV, que trunca la lista de vértices a 424 caracteres y pierde esquinas sin avisar. OJO CON «superficie_declarada»: se publica tal cual la da el catastro y NO concuerda con el perímetro dibujado. Medido sobre los 106 derechos, cada unidad vale unos 0,30 km² cuando el código es «C» y unos 0,22 km² cuando es «H» —que la interfaz del catastro rotula «hectáreas», y una hectárea es 0,01 km²—. El atlas no elige cuál de los dos datos vale: publica el perímetro, que es el que su propia cartografía dibuja, y deja el campo dicho con su desacuerdo."
      }
    },
    {
      "type": "Feature",
      "id": "minerales-derechos:minor-valdemoro-2616",
      "geometry": {
        "type": "Polygon",
        "coordinates": [
          [
            [
              -3.71019,
              40.17603
            ],
            [
              -3.71603,
              40.17603
            ],
            [
              -3.71603,
              40.17159
            ],
            [
              -3.72186,
              40.17159
            ],
            [
              -3.72186,
              40.1652
            ],
            [
              -3.71603,
              40.1652
            ],
            [
              -3.71603,
              40.16798
            ],
            [
              -3.68214,
              40.16798
            ],
            [
              -3.68214,
              40.18325
            ],
            [
              -3.7102,
              40.18325
            ],
            [
              -3.71019,
              40.17603
            ]
          ]
        ]
      },
      "properties": {
        "slug": "minor-valdemoro-2616",
        "nombre": "MINOR VALDEMORO",
        "categoria": "vigente",
        "descripcion": "Concesion de Explotacion  Derivada a nombre de TOLSA, S.A., en situación «Otorgado».",
        "estado_registro": "vigente",
        "verif": "confirmado",
        "geo_precision": "exacta",
        "geo_fuente": "perímetro del derecho minero, del shapefile del Catastro Minero (ETRS89, que a 5 decimales es WGS84)",
        "geo_fuente__v": "confirmado",
        "geo_fuente__f": "f1",
        "fecha_alta": "2026-08-06",
        "fecha_verificacion": "2026-08-06",
        "titular": "TOLSA, S.A.",
        "titular__v": "confirmado",
        "titular__f": "f1",
        "tipo_derecho": "Concesion de Explotacion  Derivada",
        "situacion": "Otorgado",
        "situacion__v": "confirmado",
        "situacion__f": "f1",
        "n_registro": "2616",
        "sustancia_principal": "Sepiolita",
        "sustancias": [
          "Sepiolita"
        ],
        "superficie_declarada": "17.0 H",
        "provincia": "Madrid",
        "fuentes": [
          {
            "id": "f1",
            "tipo": "primaria",
            "titulo": "Catastro Minero — derechos mineros de la provincia de Madrid (shapefile, ETRS89)",
            "url": "https://geoportal.minetur.gob.es/CatastroMinero/api/reportDerechosMineros?idProv=28&geometria&extension=SHP",
            "fecha": "2026-08-06",
            "archivo": "fuentes/2026-08-06_miteco_catastro-minero-madrid.zip"
          }
        ],
        "nota": "El perímetro es el del DERECHO, exacto sobre sí mismo: es un envolvente administrativo de cuadrículas mineras, no el contorno de una instalación. Saber dónde está el derecho no es saber dónde está la mina. La geometría viene del shapefile del catastro y NO de su exportación en CSV, que trunca la lista de vértices a 424 caracteres y pierde esquinas sin avisar. OJO CON «superficie_declarada»: se publica tal cual la da el catastro y NO concuerda con el perímetro dibujado. Medido sobre los 106 derechos, cada unidad vale unos 0,30 km² cuando el código es «C» y unos 0,22 km² cuando es «H» —que la interfaz del catastro rotula «hectáreas», y una hectárea es 0,01 km²—. El atlas no elige cuál de los dos datos vale: publica el perímetro, que es el que su propia cartografía dibuja, y deja el campo dicho con su desacuerdo."
      }
    },
    {
      "type": "Feature",
      "id": "minerales-derechos:mulas-12924",
      "geometry": {
        "type": "Polygon",
        "coordinates": [
          [
            [
              -3.25129,
              38.64878
            ],
            [
              -3.24573,
              38.64878
            ],
            [
              -3.24573,
              38.64322
            ],
            [
              -3.24017,
              38.64322
            ],
            [
              -3.24017,
              38.63767
            ],
            [
              -3.22906,
              38.63767
            ],
            [
              -3.22906,
              38.64322
            ],
            [
              -3.19573,
              38.64322
            ],
            [
              -3.19573,
              38.65433
            ],
            [
              -3.20128,
              38.65433
            ],
            [
              -3.20128,
              38.65989
            ],
            [
              -3.20684,
              38.65989
            ],
            [
              -3.20684,
              38.66544
            ],
            [
              -3.22906,
              38.66544
            ],
            [
              -3.22906,
              38.65989
            ],
            [
              -3.25129,
              38.65989
            ],
            [
              -3.25129,
              38.64878
            ]
          ]
        ]
      },
      "properties": {
        "slug": "mulas-12924",
        "nombre": "MULAS",
        "categoria": "extinguido",
        "descripcion": "Permiso de Investigacion a nombre de QUANTUM MINERIA, S.L., en situación «Caducado».",
        "estado_registro": "vigente",
        "verif": "confirmado",
        "geo_precision": "exacta",
        "geo_fuente": "perímetro del derecho minero, del shapefile del Catastro Minero (ETRS89, que a 5 decimales es WGS84)",
        "geo_fuente__v": "confirmado",
        "geo_fuente__f": "f1",
        "fecha_alta": "2026-08-06",
        "fecha_verificacion": "2026-08-06",
        "titular": "QUANTUM MINERIA, S.L.",
        "titular__v": "confirmado",
        "titular__f": "f1",
        "tipo_derecho": "Permiso de Investigacion",
        "situacion": "Caducado",
        "situacion__v": "confirmado",
        "situacion__f": "f1",
        "n_registro": "12924",
        "sustancia_principal": "Todos de seccion C)",
        "sustancias": [
          "Todos de seccion C)"
        ],
        "superficie_declarada": "34.0 C",
        "provincia": "Ciudad Real",
        "fuentes": [
          {
            "id": "f1",
            "tipo": "primaria",
            "titulo": "Catastro Minero — derechos mineros de la provincia de Ciudad Real (shapefile, ETRS89)",
            "url": "https://geoportal.minetur.gob.es/CatastroMinero/api/reportDerechosMineros?idProv=13&geometria&extension=SHP",
            "fecha": "2026-08-06",
            "archivo": "fuentes/2026-08-06_miteco_catastro-minero-ciudad-real.zip"
          }
        ],
        "nota": "El perímetro es el del DERECHO, exacto sobre sí mismo: es un envolvente administrativo de cuadrículas mineras, no el contorno de una instalación. Saber dónde está el derecho no es saber dónde está la mina. La geometría viene del shapefile del catastro y NO de su exportación en CSV, que trunca la lista de vértices a 424 caracteres y pierde esquinas sin avisar. OJO CON «superficie_declarada»: se publica tal cual la da el catastro y NO concuerda con el perímetro dibujado. Medido sobre los 106 derechos, cada unidad vale unos 0,30 km² cuando el código es «C» y unos 0,22 km² cuando es «H» —que la interfaz del catastro rotula «hectáreas», y una hectárea es 0,01 km²—. El atlas no elige cuál de los dos datos vale: publica el perímetro, que es el que su propia cartografía dibuja, y deja el campo dicho con su desacuerdo."
      }
    },
    {
      "type": "Feature",
      "id": "minerales-derechos:nebrixil-ix-6896",
      "geometry": {
        "type": "Polygon",
        "coordinates": [
          [
            [
              -6.08573,
              36.92563
            ],
            [
              -6.07675,
              36.92564
            ],
            [
              -6.07676,
              36.93285
            ],
            [
              -6.08574,
              36.93284
            ],
            [
              -6.08573,
              36.92563
            ]
          ]
        ]
      },
      "properties": {
        "slug": "nebrixil-ix-6896",
        "nombre": "NEBRIXIL IX",
        "categoria": "vigente",
        "descripcion": "Concesion de Explotacion  Derivada a nombre de ANTONIO ORTEGA DORANTES, TOLSA, S.A. (ABSORBE A AUXILIAR DE MINERIA, INDUST, en situación «Otorgado».",
        "estado_registro": "vigente",
        "verif": "confirmado",
        "geo_precision": "exacta",
        "geo_fuente": "perímetro del derecho minero, del shapefile del Catastro Minero (ETRS89, que a 5 decimales es WGS84)",
        "geo_fuente__v": "confirmado",
        "geo_fuente__f": "f1",
        "fecha_alta": "2026-08-06",
        "fecha_verificacion": "2026-08-06",
        "titular": "ANTONIO ORTEGA DORANTES, TOLSA, S.A. (ABSORBE A AUXILIAR DE MINERIA, INDUST",
        "titular__v": "confirmado",
        "titular__f": "f1",
        "tipo_derecho": "Concesion de Explotacion  Derivada",
        "situacion": "Otorgado",
        "situacion__v": "confirmado",
        "situacion__f": "f1",
        "n_registro": "6896",
        "sustancia_principal": "Todos de seccion C)",
        "sustancias": [
          "Todos de seccion C)"
        ],
        "superficie_declarada": "8.0 H",
        "provincia": "Sevilla",
        "fuentes": [
          {
            "id": "f1",
            "tipo": "primaria",
            "titulo": "Catastro Minero — derechos mineros de la provincia de Sevilla (shapefile, ETRS89)",
            "url": "https://geoportal.minetur.gob.es/CatastroMinero/api/reportDerechosMineros?idProv=41&geometria&extension=SHP",
            "fecha": "2026-08-06",
            "archivo": "fuentes/2026-08-06_miteco_catastro-minero-sevilla.zip"
          }
        ],
        "nota": "El perímetro es el del DERECHO, exacto sobre sí mismo: es un envolvente administrativo de cuadrículas mineras, no el contorno de una instalación. Saber dónde está el derecho no es saber dónde está la mina. La geometría viene del shapefile del catastro y NO de su exportación en CSV, que trunca la lista de vértices a 424 caracteres y pierde esquinas sin avisar. OJO CON «superficie_declarada»: se publica tal cual la da el catastro y NO concuerda con el perímetro dibujado. Medido sobre los 106 derechos, cada unidad vale unos 0,30 km² cuando el código es «C» y unos 0,22 km² cuando es «H» —que la interfaz del catastro rotula «hectáreas», y una hectárea es 0,01 km²—. El atlas no elige cuál de los dos datos vale: publica el perímetro, que es el que su propia cartografía dibuja, y deja el campo dicho con su desacuerdo."
      }
    },
    {
      "type": "Feature",
      "id": "minerales-derechos:nebrixil-vii-6799",
      "geometry": {
        "type": "Polygon",
        "coordinates": [
          [
            [
              -6.04006,
              36.85618
            ],
            [
              -6.04466,
              36.85876
            ],
            [
              -6.04722,
              36.85581
            ],
            [
              -6.04263,
              36.85323
            ],
            [
              -6.04136,
              36.85469
            ],
            [
              -6.04006,
              36.85618
            ]
          ]
        ]
      },
      "properties": {
        "slug": "nebrixil-vii-6799",
        "nombre": "NEBRIXIL VII",
        "categoria": "vigente",
        "descripcion": "Concesion de Explotacion  Derivada a nombre de ANTONIO ORTEGA DORANTES, TOLSA, S.A. (ABSORBE A AUXILIAR DE MINERIA, INDUST, en situación «Otorgado».",
        "estado_registro": "vigente",
        "verif": "confirmado",
        "geo_precision": "exacta",
        "geo_fuente": "perímetro del derecho minero, del shapefile del Catastro Minero (ETRS89, que a 5 decimales es WGS84)",
        "geo_fuente__v": "confirmado",
        "geo_fuente__f": "f1",
        "fecha_alta": "2026-08-06",
        "fecha_verificacion": "2026-08-06",
        "titular": "ANTONIO ORTEGA DORANTES, TOLSA, S.A. (ABSORBE A AUXILIAR DE MINERIA, INDUST",
        "titular__v": "confirmado",
        "titular__f": "f1",
        "tipo_derecho": "Concesion de Explotacion  Derivada",
        "situacion": "Otorgado",
        "situacion__v": "confirmado",
        "situacion__f": "f1",
        "n_registro": "6799",
        "sustancia_principal": "Todos de seccion C)",
        "sustancias": [
          "Todos de seccion C)"
        ],
        "superficie_declarada": "6.0 H",
        "provincia": "Sevilla",
        "fuentes": [
          {
            "id": "f1",
            "tipo": "primaria",
            "titulo": "Catastro Minero — derechos mineros de la provincia de Sevilla (shapefile, ETRS89)",
            "url": "https://geoportal.minetur.gob.es/CatastroMinero/api/reportDerechosMineros?idProv=41&geometria&extension=SHP",
            "fecha": "2026-08-06",
            "archivo": "fuentes/2026-08-06_miteco_catastro-minero-sevilla.zip"
          }
        ],
        "nota": "El perímetro es el del DERECHO, exacto sobre sí mismo: es un envolvente administrativo de cuadrículas mineras, no el contorno de una instalación. Saber dónde está el derecho no es saber dónde está la mina. La geometría viene del shapefile del catastro y NO de su exportación en CSV, que trunca la lista de vértices a 424 caracteres y pierde esquinas sin avisar. OJO CON «superficie_declarada»: se publica tal cual la da el catastro y NO concuerda con el perímetro dibujado. Medido sobre los 106 derechos, cada unidad vale unos 0,30 km² cuando el código es «C» y unos 0,22 km² cuando es «H» —que la interfaz del catastro rotula «hectáreas», y una hectárea es 0,01 km²—. El atlas no elige cuál de los dos datos vale: publica el perímetro, que es el que su propia cartografía dibuja, y deja el campo dicho con su desacuerdo."
      }
    },
    {
      "type": "Feature",
      "id": "minerales-derechos:nebrixil-viii-6811",
      "geometry": {
        "type": "Polygon",
        "coordinates": [
          [
            [
              -6.05817,
              36.93807
            ],
            [
              -6.05724,
              36.93547
            ],
            [
              -6.05509,
              36.93597
            ],
            [
              -6.05664,
              36.9403
            ],
            [
              -6.05987,
              36.93956
            ],
            [
              -6.05925,
              36.93782
            ],
            [
              -6.05817,
              36.93807
            ]
          ]
        ]
      },
      "properties": {
        "slug": "nebrixil-viii-6811",
        "nombre": "NEBRIXIL VIII",
        "categoria": "vigente",
        "descripcion": "Concesion de Explotacion  Derivada a nombre de ANTONIO ORTEGA DORANTES, TOLSA, S.A. (ABSORBE A AUXILIAR DE MINERIA, INDUST, en situación «Otorgado».",
        "estado_registro": "vigente",
        "verif": "confirmado",
        "geo_precision": "exacta",
        "geo_fuente": "perímetro del derecho minero, del shapefile del Catastro Minero (ETRS89, que a 5 decimales es WGS84)",
        "geo_fuente__v": "confirmado",
        "geo_fuente__f": "f1",
        "fecha_alta": "2026-08-06",
        "fecha_verificacion": "2026-08-06",
        "titular": "ANTONIO ORTEGA DORANTES, TOLSA, S.A. (ABSORBE A AUXILIAR DE MINERIA, INDUST",
        "titular__v": "confirmado",
        "titular__f": "f1",
        "tipo_derecho": "Concesion de Explotacion  Derivada",
        "situacion": "Otorgado",
        "situacion__v": "confirmado",
        "situacion__f": "f1",
        "n_registro": "6811",
        "sustancia_principal": "Todos de seccion C)",
        "sustancias": [
          "Todos de seccion C)"
        ],
        "superficie_declarada": "3.0 H",
        "provincia": "Sevilla",
        "fuentes": [
          {
            "id": "f1",
            "tipo": "primaria",
            "titulo": "Catastro Minero — derechos mineros de la provincia de Sevilla (shapefile, ETRS89)",
            "url": "https://geoportal.minetur.gob.es/CatastroMinero/api/reportDerechosMineros?idProv=41&geometria&extension=SHP",
            "fecha": "2026-08-06",
            "archivo": "fuentes/2026-08-06_miteco_catastro-minero-sevilla.zip"
          }
        ],
        "nota": "El perímetro es el del DERECHO, exacto sobre sí mismo: es un envolvente administrativo de cuadrículas mineras, no el contorno de una instalación. Saber dónde está el derecho no es saber dónde está la mina. La geometría viene del shapefile del catastro y NO de su exportación en CSV, que trunca la lista de vértices a 424 caracteres y pierde esquinas sin avisar. OJO CON «superficie_declarada»: se publica tal cual la da el catastro y NO concuerda con el perímetro dibujado. Medido sobre los 106 derechos, cada unidad vale unos 0,30 km² cuando el código es «C» y unos 0,22 km² cuando es «H» —que la interfaz del catastro rotula «hectáreas», y una hectárea es 0,01 km²—. El atlas no elige cuál de los dos datos vale: publica el perímetro, que es el que su propia cartografía dibuja, y deja el campo dicho con su desacuerdo."
      }
    },
    {
      "type": "Feature",
      "id": "minerales-derechos:nebrixil-xi-7039",
      "geometry": {
        "type": "Polygon",
        "coordinates": [
          [
            [
              -6.09548,
              36.94354
            ],
            [
              -6.09547,
              36.93994
            ],
            [
              -6.09098,
              36.93995
            ],
            [
              -6.09099,
              36.94355
            ],
            [
              -6.09323,
              36.94355
            ],
            [
              -6.09548,
              36.94354
            ]
          ]
        ]
      },
      "properties": {
        "slug": "nebrixil-xi-7039",
        "nombre": "NEBRIXIL XI",
        "categoria": "vigente",
        "descripcion": "Concesion de Explotacion  Derivada a nombre de ANTONIO ORTEGA DORANTES, TOLSA, S.A. (ABSORBE A AUXILIAR DE MINERIA, INDUST, en situación «Otorgado».",
        "estado_registro": "vigente",
        "verif": "confirmado",
        "geo_precision": "exacta",
        "geo_fuente": "perímetro del derecho minero, del shapefile del Catastro Minero (ETRS89, que a 5 decimales es WGS84)",
        "geo_fuente__v": "confirmado",
        "geo_fuente__f": "f1",
        "fecha_alta": "2026-08-06",
        "fecha_verificacion": "2026-08-06",
        "titular": "ANTONIO ORTEGA DORANTES, TOLSA, S.A. (ABSORBE A AUXILIAR DE MINERIA, INDUST",
        "titular__v": "confirmado",
        "titular__f": "f1",
        "tipo_derecho": "Concesion de Explotacion  Derivada",
        "situacion": "Otorgado",
        "situacion__v": "confirmado",
        "situacion__f": "f1",
        "n_registro": "7039",
        "sustancia_principal": "Todos de seccion C)",
        "sustancias": [
          "Todos de seccion C)"
        ],
        "superficie_declarada": "16.0 H",
        "provincia": "Sevilla",
        "fuentes": [
          {
            "id": "f1",
            "tipo": "primaria",
            "titulo": "Catastro Minero — derechos mineros de la provincia de Sevilla (shapefile, ETRS89)",
            "url": "https://geoportal.minetur.gob.es/CatastroMinero/api/reportDerechosMineros?idProv=41&geometria&extension=SHP",
            "fecha": "2026-08-06",
            "archivo": "fuentes/2026-08-06_miteco_catastro-minero-sevilla.zip"
          }
        ],
        "nota": "El perímetro es el del DERECHO, exacto sobre sí mismo: es un envolvente administrativo de cuadrículas mineras, no el contorno de una instalación. Saber dónde está el derecho no es saber dónde está la mina. La geometría viene del shapefile del catastro y NO de su exportación en CSV, que trunca la lista de vértices a 424 caracteres y pierde esquinas sin avisar. OJO CON «superficie_declarada»: se publica tal cual la da el catastro y NO concuerda con el perímetro dibujado. Medido sobre los 106 derechos, cada unidad vale unos 0,30 km² cuando el código es «C» y unos 0,22 km² cuando es «H» —que la interfaz del catastro rotula «hectáreas», y una hectárea es 0,01 km²—. El atlas no elige cuál de los dos datos vale: publica el perímetro, que es el que su propia cartografía dibuja, y deja el campo dicho con su desacuerdo."
      }
    },
    {
      "type": "Feature",
      "id": "minerales-derechos:neodimio-12957",
      "geometry": {
        "type": "Polygon",
        "coordinates": [
          [
            [
              -3.45556,
              38.65
            ],
            [
              -3.45556,
              38.64444
            ],
            [
              -3.41111,
              38.64444
            ],
            [
              -3.41111,
              38.66111
            ],
            [
              -3.42222,
              38.66111
            ],
            [
              -3.42222,
              38.67222
            ],
            [
              -3.41111,
              38.67222
            ],
            [
              -3.41111,
              38.7
            ],
            [
              -3.43333,
              38.7
            ],
            [
              -3.43333,
              38.70556
            ],
            [
              -3.47778,
              38.70556
            ],
            [
              -3.47778,
              38.69444
            ],
            [
              -3.51667,
              38.69444
            ],
            [
              -3.51667,
              38.70556
            ],
            [
              -3.55556,
              38.70556
            ],
            [
              -3.55556,
              38.67778
            ],
            [
              -3.52778,
              38.67778
            ],
            [
              -3.52778,
              38.64444
            ],
            [
              -3.51111,
              38.64444
            ],
            [
              -3.51111,
              38.62222
            ],
            [
              -3.45556,
              38.62222
            ],
            [
              -3.45556,
              38.63333
            ],
            [
              -3.47778,
              38.63333
            ],
            [
              -3.47778,
              38.65
            ],
            [
              -3.45556,
              38.65
            ]
          ]
        ]
      },
      "properties": {
        "slug": "neodimio-12957",
        "nombre": "NEODIMIO",
        "categoria": "en_tramite",
        "descripcion": "Permiso de Investigacion a nombre de QUANTUM MINERIA, S.L., en situación «Tramite/otorgamiento».",
        "estado_registro": "vigente",
        "verif": "confirmado",
        "geo_precision": "exacta",
        "geo_fuente": "perímetro del derecho minero, del shapefile del Catastro Minero (ETRS89, que a 5 decimales es WGS84)",
        "geo_fuente__v": "confirmado",
        "geo_fuente__f": "f1",
        "fecha_alta": "2026-08-06",
        "fecha_verificacion": "2026-08-06",
        "titular": "QUANTUM MINERIA, S.L.",
        "titular__v": "confirmado",
        "titular__f": "f1",
        "tipo_derecho": "Permiso de Investigacion",
        "situacion": "Tramite/otorgamiento",
        "situacion__v": "confirmado",
        "situacion__f": "f1",
        "n_registro": "12957",
        "sustancia_principal": "Tierras raras",
        "sustancias": [
          "Tierras raras"
        ],
        "superficie_declarada": "262.0 C",
        "provincia": "Ciudad Real",
        "fuentes": [
          {
            "id": "f1",
            "tipo": "primaria",
            "titulo": "Catastro Minero — derechos mineros de la provincia de Ciudad Real (shapefile, ETRS89)",
            "url": "https://geoportal.minetur.gob.es/CatastroMinero/api/reportDerechosMineros?idProv=13&geometria&extension=SHP",
            "fecha": "2026-08-06",
            "archivo": "fuentes/2026-08-06_miteco_catastro-minero-ciudad-real.zip"
          }
        ],
        "nota": "El perímetro es el del DERECHO, exacto sobre sí mismo: es un envolvente administrativo de cuadrículas mineras, no el contorno de una instalación. Saber dónde está el derecho no es saber dónde está la mina. La geometría viene del shapefile del catastro y NO de su exportación en CSV, que trunca la lista de vértices a 424 caracteres y pierde esquinas sin avisar. OJO CON «superficie_declarada»: se publica tal cual la da el catastro y NO concuerda con el perímetro dibujado. Medido sobre los 106 derechos, cada unidad vale unos 0,30 km² cuando el código es «C» y unos 0,22 km² cuando es «H» —que la interfaz del catastro rotula «hectáreas», y una hectárea es 0,01 km²—. El atlas no elige cuál de los dos datos vale: publica el perímetro, que es el que su propia cartografía dibuja, y deja el campo dicho con su desacuerdo."
      }
    },
    {
      "type": "Feature",
      "id": "minerales-derechos:paloma-3297",
      "geometry": {
        "type": "Polygon",
        "coordinates": [
          [
            [
              -3.52353,
              40.5266
            ],
            [
              -3.54575,
              40.5266
            ],
            [
              -3.54575,
              40.50993
            ],
            [
              -3.54019,
              40.50993
            ],
            [
              -3.54019,
              40.51549
            ],
            [
              -3.52353,
              40.51549
            ],
            [
              -3.52353,
              40.5266
            ]
          ]
        ]
      },
      "properties": {
        "slug": "paloma-3297",
        "nombre": "PALOMA",
        "categoria": "en_tramite",
        "descripcion": "Permiso de Investigacion a nombre de TOLSA, S.A., en situación «Tramite/otorgamiento».",
        "estado_registro": "vigente",
        "verif": "confirmado",
        "geo_precision": "exacta",
        "geo_fuente": "perímetro del derecho minero, del shapefile del Catastro Minero (ETRS89, que a 5 decimales es WGS84)",
        "geo_fuente__v": "confirmado",
        "geo_fuente__f": "f1",
        "fecha_alta": "2026-08-06",
        "fecha_verificacion": "2026-08-06",
        "titular": "TOLSA, S.A.",
        "titular__v": "confirmado",
        "titular__f": "f1",
        "tipo_derecho": "Permiso de Investigacion",
        "situacion": "Tramite/otorgamiento",
        "situacion__v": "confirmado",
        "situacion__f": "f1",
        "n_registro": "3297",
        "superficie_declarada": "9.0 H",
        "provincia": "Madrid",
        "fuentes": [
          {
            "id": "f1",
            "tipo": "primaria",
            "titulo": "Catastro Minero — derechos mineros de la provincia de Madrid (shapefile, ETRS89)",
            "url": "https://geoportal.minetur.gob.es/CatastroMinero/api/reportDerechosMineros?idProv=28&geometria&extension=SHP",
            "fecha": "2026-08-06",
            "archivo": "fuentes/2026-08-06_miteco_catastro-minero-madrid.zip"
          }
        ],
        "nota": "El perímetro es el del DERECHO, exacto sobre sí mismo: es un envolvente administrativo de cuadrículas mineras, no el contorno de una instalación. Saber dónde está el derecho no es saber dónde está la mina. La geometría viene del shapefile del catastro y NO de su exportación en CSV, que trunca la lista de vértices a 424 caracteres y pierde esquinas sin avisar. OJO CON «superficie_declarada»: se publica tal cual la da el catastro y NO concuerda con el perímetro dibujado. Medido sobre los 106 derechos, cada unidad vale unos 0,30 km² cuando el código es «C» y unos 0,22 km² cuando es «H» —que la interfaz del catastro rotula «hectáreas», y una hectárea es 0,01 km²—. El atlas no elige cuál de los dos datos vale: publica el perímetro, que es el que su propia cartografía dibuja, y deja el campo dicho con su desacuerdo."
      }
    },
    {
      "type": "Feature",
      "id": "minerales-derechos:patricia-7946",
      "geometry": {
        "type": "Polygon",
        "coordinates": [
          [
            [
              -6.28468,
              37.57652
            ],
            [
              -6.27912,
              37.57652
            ],
            [
              -6.27912,
              37.56541
            ],
            [
              -6.27357,
              37.56541
            ],
            [
              -6.27357,
              37.5543
            ],
            [
              -6.26246,
              37.5543
            ],
            [
              -6.26246,
              37.56541
            ],
            [
              -6.24579,
              37.56541
            ],
            [
              -6.24579,
              37.5543
            ],
            [
              -6.21801,
              37.5543
            ],
            [
              -6.21801,
              37.58763
            ],
            [
              -6.28468,
              37.58763
            ],
            [
              -6.28468,
              37.57652
            ]
          ]
        ]
      },
      "properties": {
        "slug": "patricia-7946",
        "nombre": "PATRICIA",
        "categoria": "en_tramite",
        "descripcion": "Permiso de Investigacion a nombre de COBRE LAS CRUCES, S.A., en situación «Tramite/otorgamiento».",
        "estado_registro": "vigente",
        "verif": "confirmado",
        "geo_precision": "exacta",
        "geo_fuente": "perímetro del derecho minero, del shapefile del Catastro Minero (ETRS89, que a 5 decimales es WGS84)",
        "geo_fuente__v": "confirmado",
        "geo_fuente__f": "f1",
        "fecha_alta": "2026-08-06",
        "fecha_verificacion": "2026-08-06",
        "titular": "COBRE LAS CRUCES, S.A.",
        "titular__v": "confirmado",
        "titular__f": "f1",
        "tipo_derecho": "Permiso de Investigacion",
        "situacion": "Tramite/otorgamiento",
        "situacion__v": "confirmado",
        "situacion__f": "f1",
        "n_registro": "7946",
        "sustancia_principal": "Todos de seccion C)",
        "sustancias": [
          "Todos de seccion C)"
        ],
        "superficie_declarada": "60.0 C",
        "provincia": "Sevilla",
        "fuentes": [
          {
            "id": "f1",
            "tipo": "primaria",
            "titulo": "Catastro Minero — derechos mineros de la provincia de Sevilla (shapefile, ETRS89)",
            "url": "https://geoportal.minetur.gob.es/CatastroMinero/api/reportDerechosMineros?idProv=41&geometria&extension=SHP",
            "fecha": "2026-08-06",
            "archivo": "fuentes/2026-08-06_miteco_catastro-minero-sevilla.zip"
          }
        ],
        "nota": "El perímetro es el del DERECHO, exacto sobre sí mismo: es un envolvente administrativo de cuadrículas mineras, no el contorno de una instalación. Saber dónde está el derecho no es saber dónde está la mina. La geometría viene del shapefile del catastro y NO de su exportación en CSV, que trunca la lista de vértices a 424 caracteres y pierde esquinas sin avisar. OJO CON «superficie_declarada»: se publica tal cual la da el catastro y NO concuerda con el perímetro dibujado. Medido sobre los 106 derechos, cada unidad vale unos 0,30 km² cuando el código es «C» y unos 0,22 km² cuando es «H» —que la interfaz del catastro rotula «hectáreas», y una hectárea es 0,01 km²—. El atlas no elige cuál de los dos datos vale: publica el perímetro, que es el que su propia cartografía dibuja, y deja el campo dicho con su desacuerdo."
      }
    },
    {
      "type": "Feature",
      "id": "minerales-derechos:pequeno-buda-7777",
      "geometry": {
        "type": "Polygon",
        "coordinates": [
          [
            [
              -5.38466,
              37.70986
            ],
            [
              -5.38466,
              37.78208
            ],
            [
              -5.42355,
              37.78208
            ],
            [
              -5.42355,
              37.77652
            ],
            [
              -5.42911,
              37.77652
            ],
            [
              -5.42911,
              37.77097
            ],
            [
              -5.43466,
              37.77097
            ],
            [
              -5.43466,
              37.76541
            ],
            [
              -5.47355,
              37.76541
            ],
            [
              -5.47355,
              37.75986
            ],
            [
              -5.50688,
              37.75986
            ],
            [
              -5.50688,
              37.70986
            ],
            [
              -5.38466,
              37.70986
            ]
          ]
        ]
      },
      "properties": {
        "slug": "pequeno-buda-7777",
        "nombre": "PEQUEÑO BUDA",
        "categoria": "extinguido",
        "descripcion": "Permiso de Investigacion a nombre de ATALAYA OSSA MORENA, S.L., RIO NARCEA RECURSOS, S.A.U, en situación «Caducado».",
        "estado_registro": "vigente",
        "verif": "confirmado",
        "geo_precision": "exacta",
        "geo_fuente": "perímetro del derecho minero, del shapefile del Catastro Minero (ETRS89, que a 5 decimales es WGS84)",
        "geo_fuente__v": "confirmado",
        "geo_fuente__f": "f1",
        "fecha_alta": "2026-08-06",
        "fecha_verificacion": "2026-08-06",
        "titular": "ATALAYA OSSA MORENA, S.L., RIO NARCEA RECURSOS, S.A.U",
        "titular__v": "confirmado",
        "titular__f": "f1",
        "tipo_derecho": "Permiso de Investigacion",
        "situacion": "Caducado",
        "situacion__v": "confirmado",
        "situacion__f": "f1",
        "n_registro": "7777",
        "sustancia_principal": "Antimonio",
        "sustancias": [
          "Antimonio",
          "Arsenico",
          "Bismuto",
          "Cobalto",
          "Cobre",
          "Estaño",
          "Mercurio",
          "Molibdeno",
          "Niquel",
          "Oro",
          "Paladio",
          "Plata",
          "Platino (y su grupo)",
          "Plomo",
          "Teluro",
          "Tantalo",
          "Wolframio",
          "Zinc"
        ],
        "superficie_declarada": "238.0 C",
        "provincia": "Sevilla",
        "fuentes": [
          {
            "id": "f1",
            "tipo": "primaria",
            "titulo": "Catastro Minero — derechos mineros de la provincia de Sevilla (shapefile, ETRS89)",
            "url": "https://geoportal.minetur.gob.es/CatastroMinero/api/reportDerechosMineros?idProv=41&geometria&extension=SHP",
            "fecha": "2026-08-06",
            "archivo": "fuentes/2026-08-06_miteco_catastro-minero-sevilla.zip"
          }
        ],
        "nota": "El perímetro es el del DERECHO, exacto sobre sí mismo: es un envolvente administrativo de cuadrículas mineras, no el contorno de una instalación. Saber dónde está el derecho no es saber dónde está la mina. La geometría viene del shapefile del catastro y NO de su exportación en CSV, que trunca la lista de vértices a 424 caracteres y pierde esquinas sin avisar. OJO CON «superficie_declarada»: se publica tal cual la da el catastro y NO concuerda con el perímetro dibujado. Medido sobre los 106 derechos, cada unidad vale unos 0,30 km² cuando el código es «C» y unos 0,22 km² cuando es «H» —que la interfaz del catastro rotula «hectáreas», y una hectárea es 0,01 km²—. El atlas no elige cuál de los dos datos vale: publica el perímetro, que es el que su propia cartografía dibuja, y deja el campo dicho con su desacuerdo."
      }
    },
    {
      "type": "Feature",
      "id": "minerales-derechos:primera-demasia-a-la-lealtad-4765",
      "geometry": {
        "type": "Polygon",
        "coordinates": [
          [
            [
              -6.54795,
              37.7241
            ],
            [
              -6.54766,
              37.72338
            ],
            [
              -6.54757,
              37.7234
            ],
            [
              -6.5479,
              37.72423
            ],
            [
              -6.54971,
              37.72377
            ],
            [
              -6.54992,
              37.72431
            ],
            [
              -6.55047,
              37.72346
            ],
            [
              -6.54795,
              37.7241
            ]
          ]
        ]
      },
      "properties": {
        "slug": "primera-demasia-a-la-lealtad-4765",
        "nombre": "PRIMERA DEMASIA A LA LEALTAD",
        "categoria": "vigente",
        "descripcion": "Concesion Directa de Explotacion a nombre de ATLANTIC COPPER, S.A. (ANTES ATLANTIC COPPER HOLDI, COMPAÑIA NACIONAL DE PIRITAS, S.A., en situación «Otorgado».",
        "estado_registro": "vigente",
        "verif": "confirmado",
        "geo_precision": "exacta",
        "geo_fuente": "perímetro del derecho minero, del shapefile del Catastro Minero (ETRS89, que a 5 decimales es WGS84)",
        "geo_fuente__v": "confirmado",
        "geo_fuente__f": "f1",
        "fecha_alta": "2026-08-06",
        "fecha_verificacion": "2026-08-06",
        "titular": "ATLANTIC COPPER, S.A. (ANTES ATLANTIC COPPER HOLDI, COMPAÑIA NACIONAL DE PIRITAS, S.A.",
        "titular__v": "confirmado",
        "titular__f": "f1",
        "tipo_derecho": "Concesion Directa de Explotacion",
        "situacion": "Otorgado",
        "situacion__v": "confirmado",
        "situacion__f": "f1",
        "n_registro": "4765",
        "sustancia_principal": "Pirita",
        "sustancias": [
          "Pirita"
        ],
        "superficie_declarada": "0.69 H",
        "provincia": "Huelva",
        "fuentes": [
          {
            "id": "f1",
            "tipo": "primaria",
            "titulo": "Catastro Minero — derechos mineros de la provincia de Huelva (shapefile, ETRS89)",
            "url": "https://geoportal.minetur.gob.es/CatastroMinero/api/reportDerechosMineros?idProv=21&geometria&extension=SHP",
            "fecha": "2026-08-06",
            "archivo": "fuentes/2026-08-06_miteco_catastro-minero-huelva.zip"
          }
        ],
        "nota": "El perímetro es el del DERECHO, exacto sobre sí mismo: es un envolvente administrativo de cuadrículas mineras, no el contorno de una instalación. Saber dónde está el derecho no es saber dónde está la mina. La geometría viene del shapefile del catastro y NO de su exportación en CSV, que trunca la lista de vértices a 424 caracteres y pierde esquinas sin avisar. OJO CON «superficie_declarada»: se publica tal cual la da el catastro y NO concuerda con el perímetro dibujado. Medido sobre los 106 derechos, cada unidad vale unos 0,30 km² cuando el código es «C» y unos 0,22 km² cuando es «H» —que la interfaz del catastro rotula «hectáreas», y una hectárea es 0,01 km²—. El atlas no elige cuál de los dos datos vale: publica el perímetro, que es el que su propia cartografía dibuja, y deja el campo dicho con su desacuerdo."
      }
    },
    {
      "type": "Feature",
      "id": "minerales-derechos:purullena-30885",
      "geometry": {
        "type": "Polygon",
        "coordinates": [
          [
            [
              -3.14444,
              37.48333
            ],
            [
              -3.15,
              37.48333
            ],
            [
              -3.15,
              37.46667
            ],
            [
              -3.13333,
              37.46667
            ],
            [
              -3.13333,
              37.47222
            ],
            [
              -3.12778,
              37.47222
            ],
            [
              -3.12778,
              37.48889
            ],
            [
              -3.14444,
              37.48889
            ],
            [
              -3.14444,
              37.48333
            ]
          ]
        ]
      },
      "properties": {
        "slug": "purullena-30885",
        "nombre": "PURULLENA",
        "categoria": "en_tramite",
        "descripcion": "Permiso de Investigacion a nombre de TOLSA, S.A. (Absorbe a Auxiliar de Mineria, Industria y Construccion, S.A. (AMICSA)), en situación «Tramite/otorgamiento».",
        "estado_registro": "vigente",
        "verif": "confirmado",
        "geo_precision": "exacta",
        "geo_fuente": "perímetro del derecho minero, del shapefile del Catastro Minero (ETRS89, que a 5 decimales es WGS84)",
        "geo_fuente__v": "confirmado",
        "geo_fuente__f": "f1",
        "fecha_alta": "2026-08-06",
        "fecha_verificacion": "2026-08-06",
        "titular": "TOLSA, S.A. (Absorbe a Auxiliar de Mineria, Industria y Construccion, S.A. (AMICSA))",
        "titular__v": "confirmado",
        "titular__f": "f1",
        "tipo_derecho": "Permiso de Investigacion",
        "situacion": "Tramite/otorgamiento",
        "situacion__v": "confirmado",
        "situacion__f": "f1",
        "n_registro": "30885",
        "sustancia_principal": "Bentonita",
        "sustancias": [
          "Bentonita"
        ],
        "superficie_declarada": "14.0 C",
        "provincia": "Granada",
        "fuentes": [
          {
            "id": "f1",
            "tipo": "primaria",
            "titulo": "Catastro Minero — derechos mineros de la provincia de Granada (shapefile, ETRS89)",
            "url": "https://geoportal.minetur.gob.es/CatastroMinero/api/reportDerechosMineros?idProv=18&geometria&extension=SHP",
            "fecha": "2026-08-06",
            "archivo": "fuentes/2026-08-06_miteco_catastro-minero-granada.zip"
          }
        ],
        "nota": "El perímetro es el del DERECHO, exacto sobre sí mismo: es un envolvente administrativo de cuadrículas mineras, no el contorno de una instalación. Saber dónde está el derecho no es saber dónde está la mina. La geometría viene del shapefile del catastro y NO de su exportación en CSV, que trunca la lista de vértices a 424 caracteres y pierde esquinas sin avisar. OJO CON «superficie_declarada»: se publica tal cual la da el catastro y NO concuerda con el perímetro dibujado. Medido sobre los 106 derechos, cada unidad vale unos 0,30 km² cuando el código es «C» y unos 0,22 km² cuando es «H» —que la interfaz del catastro rotula «hectáreas», y una hectárea es 0,01 km²—. El atlas no elige cuál de los dos datos vale: publica el perímetro, que es el que su propia cartografía dibuja, y deja el campo dicho con su desacuerdo."
      }
    },
    {
      "type": "Feature",
      "id": "minerales-derechos:rafa-6087",
      "geometry": {
        "type": "Polygon",
        "coordinates": [
          [
            [
              -6.01988,
              36.84859
            ],
            [
              -6.01988,
              36.8522
            ],
            [
              -6.01876,
              36.85219
            ],
            [
              -6.01876,
              36.8531
            ],
            [
              -6.02324,
              36.8531
            ],
            [
              -6.02324,
              36.8522
            ],
            [
              -6.02436,
              36.85219
            ],
            [
              -6.02436,
              36.8486
            ],
            [
              -6.01988,
              36.84859
            ]
          ]
        ]
      },
      "properties": {
        "slug": "rafa-6087",
        "nombre": "RAFA",
        "categoria": "en_tramite",
        "descripcion": "Concesion Directa de Explotacion a nombre de TOLSA, S.A. (ABSORBE A AUXILIAR DE MINERIA, INDUST, en situación «Tramite/autorizacion».",
        "estado_registro": "vigente",
        "verif": "confirmado",
        "geo_precision": "exacta",
        "geo_fuente": "perímetro del derecho minero, del shapefile del Catastro Minero (ETRS89, que a 5 decimales es WGS84)",
        "geo_fuente__v": "confirmado",
        "geo_fuente__f": "f1",
        "fecha_alta": "2026-08-06",
        "fecha_verificacion": "2026-08-06",
        "titular": "TOLSA, S.A. (ABSORBE A AUXILIAR DE MINERIA, INDUST",
        "titular__v": "confirmado",
        "titular__f": "f1",
        "tipo_derecho": "Concesion Directa de Explotacion",
        "situacion": "Tramite/autorizacion",
        "situacion__v": "confirmado",
        "situacion__f": "f1",
        "n_registro": "6087",
        "sustancia_principal": "Todos de seccion C)",
        "sustancias": [
          "Todos de seccion C)"
        ],
        "superficie_declarada": "20.0 H",
        "provincia": "Sevilla",
        "fuentes": [
          {
            "id": "f1",
            "tipo": "primaria",
            "titulo": "Catastro Minero — derechos mineros de la provincia de Sevilla (shapefile, ETRS89)",
            "url": "https://geoportal.minetur.gob.es/CatastroMinero/api/reportDerechosMineros?idProv=41&geometria&extension=SHP",
            "fecha": "2026-08-06",
            "archivo": "fuentes/2026-08-06_miteco_catastro-minero-sevilla.zip"
          }
        ],
        "nota": "El perímetro es el del DERECHO, exacto sobre sí mismo: es un envolvente administrativo de cuadrículas mineras, no el contorno de una instalación. Saber dónde está el derecho no es saber dónde está la mina. La geometría viene del shapefile del catastro y NO de su exportación en CSV, que trunca la lista de vértices a 424 caracteres y pierde esquinas sin avisar. OJO CON «superficie_declarada»: se publica tal cual la da el catastro y NO concuerda con el perímetro dibujado. Medido sobre los 106 derechos, cada unidad vale unos 0,30 km² cuando el código es «C» y unos 0,22 km² cuando es «H» —que la interfaz del catastro rotula «hectáreas», y una hectárea es 0,01 km²—. El atlas no elige cuál de los dos datos vale: publica el perímetro, que es el que su propia cartografía dibuja, y deja el campo dicho con su desacuerdo."
      }
    },
    {
      "type": "Feature",
      "id": "minerales-derechos:rematamulas-12920",
      "geometry": {
        "type": "Polygon",
        "coordinates": [
          [
            [
              -3.34573,
              38.60433
            ],
            [
              -3.3124,
              38.60433
            ],
            [
              -3.3124,
              38.59877
            ],
            [
              -3.30129,
              38.59877
            ],
            [
              -3.30129,
              38.59322
            ],
            [
              -3.28462,
              38.59322
            ],
            [
              -3.28462,
              38.58766
            ],
            [
              -3.26795,
              38.58766
            ],
            [
              -3.26795,
              38.59322
            ],
            [
              -3.25684,
              38.59322
            ],
            [
              -3.25684,
              38.58766
            ],
            [
              -3.22906,
              38.58766
            ],
            [
              -3.22906,
              38.59322
            ],
            [
              -3.21795,
              38.59322
            ],
            [
              -3.21795,
              38.59878
            ],
            [
              -3.19573,
              38.59878
            ],
            [
              -3.19573,
              38.60433
            ],
            [
              -3.19017,
              38.60433
            ],
            [
              -3.19017,
              38.60989
            ],
            [
              -3.24017,
              38.60989
            ],
            [
              -3.24017,
              38.63211
            ],
            [
              -3.23462,
              38.63211
            ],
            [
              -3.23462,
              38.63766
            ],
            [
              -3.24017,
              38.63766
            ],
            [
              -3.24017,
              38.64322
            ],
            [
              -3.24573,
              38.64322
            ],
            [
              -3.24573,
              38.64878
            ],
            [
              -3.26795,
              38.64878
            ],
            [
              -3.26795,
              38.64322
            ],
            [
              -3.27351,
              38.64322
            ],
            [
              -3.27351,
              38.63766
            ],
            [
              -3.2624,
              38.63766
            ],
            [
              -3.2624,
              38.63211
            ],
            [
              -3.25684,
              38.63211
            ],
            [
              -3.25684,
              38.62655
            ],
            [
              -3.24573,
              38.62655
            ],
            [
              -3.24573,
              38.60989
            ],
            [
              -3.26795,
              38.60989
            ],
            [
              -3.26795,
              38.59878
            ],
            [
              -3.27351,
              38.59878
            ],
            [
              -3.27351,
              38.60433
            ],
            [
              -3.29573,
              38.60433
            ],
            [
              -3.29573,
              38.60989
            ],
            [
              -3.3124,
              38.60989
            ],
            [
              -3.3124,
              38.62655
            ],
            [
              -3.30684,
              38.62655
            ],
            [
              -3.30684,
              38.63211
            ],
            [
              -3.30129,
              38.63211
            ],
            [
              -3.30129,
              38.63766
            ],
            [
              -3.34573,
              38.63766
            ],
            [
              -3.34573,
              38.60433
            ]
          ]
        ]
      },
      "properties": {
        "slug": "rematamulas-12920",
        "nombre": "REMATAMULAS",
        "categoria": "extinguido",
        "descripcion": "Permiso de Investigacion a nombre de QUANTUM MINERIA, S.L., en situación «Caducado».",
        "estado_registro": "vigente",
        "verif": "confirmado",
        "geo_precision": "exacta",
        "geo_fuente": "perímetro del derecho minero, del shapefile del Catastro Minero (ETRS89, que a 5 decimales es WGS84)",
        "geo_fuente__v": "confirmado",
        "geo_fuente__f": "f1",
        "fecha_alta": "2026-08-06",
        "fecha_verificacion": "2026-08-06",
        "titular": "QUANTUM MINERIA, S.L.",
        "titular__v": "confirmado",
        "titular__f": "f1",
        "tipo_derecho": "Permiso de Investigacion",
        "situacion": "Caducado",
        "situacion__v": "confirmado",
        "situacion__f": "f1",
        "n_registro": "12920",
        "sustancia_principal": "Todos de seccion C)",
        "sustancias": [
          "Todos de seccion C)"
        ],
        "superficie_declarada": "120.0 C",
        "provincia": "Ciudad Real",
        "fuentes": [
          {
            "id": "f1",
            "tipo": "primaria",
            "titulo": "Catastro Minero — derechos mineros de la provincia de Ciudad Real (shapefile, ETRS89)",
            "url": "https://geoportal.minetur.gob.es/CatastroMinero/api/reportDerechosMineros?idProv=13&geometria&extension=SHP",
            "fecha": "2026-08-06",
            "archivo": "fuentes/2026-08-06_miteco_catastro-minero-ciudad-real.zip"
          }
        ],
        "nota": "El perímetro es el del DERECHO, exacto sobre sí mismo: es un envolvente administrativo de cuadrículas mineras, no el contorno de una instalación. Saber dónde está el derecho no es saber dónde está la mina. La geometría viene del shapefile del catastro y NO de su exportación en CSV, que trunca la lista de vértices a 424 caracteres y pierde esquinas sin avisar. OJO CON «superficie_declarada»: se publica tal cual la da el catastro y NO concuerda con el perímetro dibujado. Medido sobre los 106 derechos, cada unidad vale unos 0,30 km² cuando el código es «C» y unos 0,22 km² cuando es «H» —que la interfaz del catastro rotula «hectáreas», y una hectárea es 0,01 km²—. El atlas no elige cuál de los dos datos vale: publica el perímetro, que es el que su propia cartografía dibuja, y deja el campo dicho con su desacuerdo."
      }
    },
    {
      "type": "Feature",
      "id": "minerales-derechos:rematamulas-2-12935",
      "geometry": {
        "type": "Polygon",
        "coordinates": [
          [
            [
              -3.39018,
              38.65433
            ],
            [
              -3.39018,
              38.65989
            ],
            [
              -3.40129,
              38.65989
            ],
            [
              -3.40129,
              38.66544
            ],
            [
              -3.4124,
              38.66544
            ],
            [
              -3.4124,
              38.671
            ],
            [
              -3.42351,
              38.671
            ],
            [
              -3.42351,
              38.65989
            ],
            [
              -3.4124,
              38.65989
            ],
            [
              -3.4124,
              38.64322
            ],
            [
              -3.42351,
              38.64322
            ],
            [
              -3.42351,
              38.63211
            ],
            [
              -3.3624,
              38.63211
            ],
            [
              -3.3624,
              38.62655
            ],
            [
              -3.35129,
              38.62655
            ],
            [
              -3.35129,
              38.61544
            ],
            [
              -3.35129,
              38.61544
            ],
            [
              -3.34573,
              38.61544
            ],
            [
              -3.34573,
              38.64322
            ],
            [
              -3.35129,
              38.64322
            ],
            [
              -3.35129,
              38.64878
            ],
            [
              -3.3624,
              38.64878
            ],
            [
              -3.3624,
              38.65433
            ],
            [
              -3.39018,
              38.65433
            ]
          ]
        ]
      },
      "properties": {
        "slug": "rematamulas-2-12935",
        "nombre": "REMATAMULAS-2",
        "categoria": "extinguido",
        "descripcion": "Permiso de Investigacion a nombre de QUANTUM MINERIA, S.L., en situación «Caducado».",
        "estado_registro": "vigente",
        "verif": "confirmado",
        "geo_precision": "exacta",
        "geo_fuente": "perímetro del derecho minero, del shapefile del Catastro Minero (ETRS89, que a 5 decimales es WGS84)",
        "geo_fuente__v": "confirmado",
        "geo_fuente__f": "f1",
        "fecha_alta": "2026-08-06",
        "fecha_verificacion": "2026-08-06",
        "titular": "QUANTUM MINERIA, S.L.",
        "titular__v": "confirmado",
        "titular__f": "f1",
        "tipo_derecho": "Permiso de Investigacion",
        "situacion": "Caducado",
        "situacion__v": "confirmado",
        "situacion__f": "f1",
        "n_registro": "12935",
        "sustancia_principal": "Tierras raras",
        "sustancias": [
          "Tierras raras"
        ],
        "superficie_declarada": "63.0 C",
        "provincia": "Ciudad Real",
        "fuentes": [
          {
            "id": "f1",
            "tipo": "primaria",
            "titulo": "Catastro Minero — derechos mineros de la provincia de Ciudad Real (shapefile, ETRS89)",
            "url": "https://geoportal.minetur.gob.es/CatastroMinero/api/reportDerechosMineros?idProv=13&geometria&extension=SHP",
            "fecha": "2026-08-06",
            "archivo": "fuentes/2026-08-06_miteco_catastro-minero-ciudad-real.zip"
          }
        ],
        "nota": "El perímetro es el del DERECHO, exacto sobre sí mismo: es un envolvente administrativo de cuadrículas mineras, no el contorno de una instalación. Saber dónde está el derecho no es saber dónde está la mina. La geometría viene del shapefile del catastro y NO de su exportación en CSV, que trunca la lista de vértices a 424 caracteres y pierde esquinas sin avisar. OJO CON «superficie_declarada»: se publica tal cual la da el catastro y NO concuerda con el perímetro dibujado. Medido sobre los 106 derechos, cada unidad vale unos 0,30 km² cuando el código es «C» y unos 0,22 km² cuando es «H» —que la interfaz del catastro rotula «hectáreas», y una hectárea es 0,01 km²—. El atlas no elige cuál de los dos datos vale: publica el perímetro, que es el que su propia cartografía dibuja, y deja el campo dicho con su desacuerdo."
      }
    },
    {
      "type": "Feature",
      "id": "minerales-derechos:repasada-1972",
      "geometry": {
        "type": "Polygon",
        "coordinates": [
          [
            [
              -3.58464,
              40.37687
            ],
            [
              -3.58464,
              40.36798
            ],
            [
              -3.57269,
              40.36798
            ],
            [
              -3.57269,
              40.37687
            ],
            [
              -3.58464,
              40.37687
            ]
          ]
        ]
      },
      "properties": {
        "slug": "repasada-1972",
        "nombre": "REPASADA",
        "categoria": "vigente",
        "descripcion": "Concesion de Explotacion  Derivada a nombre de TOLSA, S.A., en situación «Otorgado».",
        "estado_registro": "vigente",
        "verif": "confirmado",
        "geo_precision": "exacta",
        "geo_fuente": "perímetro del derecho minero, del shapefile del Catastro Minero (ETRS89, que a 5 decimales es WGS84)",
        "geo_fuente__v": "confirmado",
        "geo_fuente__f": "f1",
        "fecha_alta": "2026-08-06",
        "fecha_verificacion": "2026-08-06",
        "titular": "TOLSA, S.A.",
        "titular__v": "confirmado",
        "titular__f": "f1",
        "tipo_derecho": "Concesion de Explotacion  Derivada",
        "situacion": "Otorgado",
        "situacion__v": "confirmado",
        "situacion__f": "f1",
        "n_registro": "1972",
        "sustancia_principal": "Sepiolita",
        "sustancias": [
          "Sepiolita"
        ],
        "superficie_declarada": "4.0 H",
        "provincia": "Madrid",
        "fuentes": [
          {
            "id": "f1",
            "tipo": "primaria",
            "titulo": "Catastro Minero — derechos mineros de la provincia de Madrid (shapefile, ETRS89)",
            "url": "https://geoportal.minetur.gob.es/CatastroMinero/api/reportDerechosMineros?idProv=28&geometria&extension=SHP",
            "fecha": "2026-08-06",
            "archivo": "fuentes/2026-08-06_miteco_catastro-minero-madrid.zip"
          }
        ],
        "nota": "El perímetro es el del DERECHO, exacto sobre sí mismo: es un envolvente administrativo de cuadrículas mineras, no el contorno de una instalación. Saber dónde está el derecho no es saber dónde está la mina. La geometría viene del shapefile del catastro y NO de su exportación en CSV, que trunca la lista de vértices a 424 caracteres y pierde esquinas sin avisar. OJO CON «superficie_declarada»: se publica tal cual la da el catastro y NO concuerda con el perímetro dibujado. Medido sobre los 106 derechos, cada unidad vale unos 0,30 km² cuando el código es «C» y unos 0,22 km² cuando es «H» —que la interfaz del catastro rotula «hectáreas», y una hectárea es 0,01 km²—. El atlas no elige cuál de los dos datos vale: publica el perímetro, que es el que su propia cartografía dibuja, y deja el campo dicho con su desacuerdo."
      }
    },
    {
      "type": "Feature",
      "id": "minerales-derechos:repescada-2591",
      "geometry": {
        "type": "Polygon",
        "coordinates": [
          [
            [
              -3.53881,
              40.48882
            ],
            [
              -3.53297,
              40.48882
            ],
            [
              -3.53297,
              40.47521
            ],
            [
              -3.52714,
              40.47521
            ],
            [
              -3.52714,
              40.44826
            ],
            [
              -3.51547,
              40.44854
            ],
            [
              -3.51519,
              40.51577
            ],
            [
              -3.53881,
              40.51577
            ],
            [
              -3.53881,
              40.48882
            ]
          ]
        ]
      },
      "properties": {
        "slug": "repescada-2591",
        "nombre": "REPESCADA",
        "categoria": "vigente",
        "descripcion": "Concesion de Explotacion  Derivada a nombre de TOLSA, S.A., en situación «Otorgado».",
        "estado_registro": "vigente",
        "verif": "confirmado",
        "geo_precision": "exacta",
        "geo_fuente": "perímetro del derecho minero, del shapefile del Catastro Minero (ETRS89, que a 5 decimales es WGS84)",
        "geo_fuente__v": "confirmado",
        "geo_fuente__f": "f1",
        "fecha_alta": "2026-08-06",
        "fecha_verificacion": "2026-08-06",
        "titular": "TOLSA, S.A.",
        "titular__v": "confirmado",
        "titular__f": "f1",
        "tipo_derecho": "Concesion de Explotacion  Derivada",
        "situacion": "Otorgado",
        "situacion__v": "confirmado",
        "situacion__f": "f1",
        "n_registro": "2591",
        "sustancia_principal": "Sepiolita",
        "sustancias": [
          "Sepiolita"
        ],
        "superficie_declarada": "39.0 H",
        "provincia": "Madrid",
        "fuentes": [
          {
            "id": "f1",
            "tipo": "primaria",
            "titulo": "Catastro Minero — derechos mineros de la provincia de Madrid (shapefile, ETRS89)",
            "url": "https://geoportal.minetur.gob.es/CatastroMinero/api/reportDerechosMineros?idProv=28&geometria&extension=SHP",
            "fecha": "2026-08-06",
            "archivo": "fuentes/2026-08-06_miteco_catastro-minero-madrid.zip"
          }
        ],
        "nota": "El perímetro es el del DERECHO, exacto sobre sí mismo: es un envolvente administrativo de cuadrículas mineras, no el contorno de una instalación. Saber dónde está el derecho no es saber dónde está la mina. La geometría viene del shapefile del catastro y NO de su exportación en CSV, que trunca la lista de vértices a 424 caracteres y pierde esquinas sin avisar. OJO CON «superficie_declarada»: se publica tal cual la da el catastro y NO concuerda con el perímetro dibujado. Medido sobre los 106 derechos, cada unidad vale unos 0,30 km² cuando el código es «C» y unos 0,22 km² cuando es «H» —que la interfaz del catastro rotula «hectáreas», y una hectárea es 0,01 km²—. El atlas no elige cuál de los dos datos vale: publica el perímetro, que es el que su propia cartografía dibuja, y deja el campo dicho con su desacuerdo."
      }
    },
    {
      "type": "Feature",
      "id": "minerales-derechos:rodada-1995",
      "geometry": {
        "type": "Polygon",
        "coordinates": [
          [
            [
              -3.61769,
              40.38437
            ],
            [
              -3.60603,
              40.38437
            ],
            [
              -3.60603,
              40.38632
            ],
            [
              -3.61769,
              40.38632
            ],
            [
              -3.61769,
              40.38437
            ]
          ]
        ]
      },
      "properties": {
        "slug": "rodada-1995",
        "nombre": "RODADA",
        "categoria": "extinguido",
        "descripcion": "Concesion de Explotacion  Derivada a nombre de TOLSA, S.A., en situación «Caducado».",
        "estado_registro": "vigente",
        "verif": "confirmado",
        "geo_precision": "exacta",
        "geo_fuente": "perímetro del derecho minero, del shapefile del Catastro Minero (ETRS89, que a 5 decimales es WGS84)",
        "geo_fuente__v": "confirmado",
        "geo_fuente__f": "f1",
        "fecha_alta": "2026-08-06",
        "fecha_verificacion": "2026-08-06",
        "titular": "TOLSA, S.A.",
        "titular__v": "confirmado",
        "titular__f": "f1",
        "tipo_derecho": "Concesion de Explotacion  Derivada",
        "situacion": "Caducado",
        "situacion__v": "confirmado",
        "situacion__f": "f1",
        "n_registro": "1995",
        "sustancia_principal": "Sepiolita",
        "sustancias": [
          "Sepiolita"
        ],
        "superficie_declarada": "1.0 H",
        "provincia": "Madrid",
        "fuentes": [
          {
            "id": "f1",
            "tipo": "primaria",
            "titulo": "Catastro Minero — derechos mineros de la provincia de Madrid (shapefile, ETRS89)",
            "url": "https://geoportal.minetur.gob.es/CatastroMinero/api/reportDerechosMineros?idProv=28&geometria&extension=SHP",
            "fecha": "2026-08-06",
            "archivo": "fuentes/2026-08-06_miteco_catastro-minero-madrid.zip"
          }
        ],
        "nota": "El perímetro es el del DERECHO, exacto sobre sí mismo: es un envolvente administrativo de cuadrículas mineras, no el contorno de una instalación. Saber dónde está el derecho no es saber dónde está la mina. La geometría viene del shapefile del catastro y NO de su exportación en CSV, que trunca la lista de vértices a 424 caracteres y pierde esquinas sin avisar. OJO CON «superficie_declarada»: se publica tal cual la da el catastro y NO concuerda con el perímetro dibujado. Medido sobre los 106 derechos, cada unidad vale unos 0,30 km² cuando el código es «C» y unos 0,22 km² cuando es «H» —que la interfaz del catastro rotula «hectáreas», y una hectárea es 0,01 km²—. El atlas no elige cuál de los dos datos vale: publica el perímetro, que es el que su propia cartografía dibuja, y deja el campo dicho con su desacuerdo."
      }
    },
    {
      "type": "Feature",
      "id": "minerales-derechos:salome-7846",
      "geometry": {
        "type": "Polygon",
        "coordinates": [
          [
            [
              -6.21245,
              37.49319
            ],
            [
              -6.16801,
              37.49319
            ],
            [
              -6.16801,
              37.53207
            ],
            [
              -6.21245,
              37.53207
            ],
            [
              -6.21245,
              37.49319
            ]
          ]
        ]
      },
      "properties": {
        "slug": "salome-7846",
        "nombre": "SALOME",
        "categoria": "en_tramite",
        "descripcion": "Permiso de Investigacion a nombre de COBRE LAS CRUCES, S.A., en situación «Tramite/otorgamiento».",
        "estado_registro": "vigente",
        "verif": "confirmado",
        "geo_precision": "exacta",
        "geo_fuente": "perímetro del derecho minero, del shapefile del Catastro Minero (ETRS89, que a 5 decimales es WGS84)",
        "geo_fuente__v": "confirmado",
        "geo_fuente__f": "f1",
        "fecha_alta": "2026-08-06",
        "fecha_verificacion": "2026-08-06",
        "titular": "COBRE LAS CRUCES, S.A.",
        "titular__v": "confirmado",
        "titular__f": "f1",
        "tipo_derecho": "Permiso de Investigacion",
        "situacion": "Tramite/otorgamiento",
        "situacion__v": "confirmado",
        "situacion__f": "f1",
        "n_registro": "7846",
        "sustancia_principal": "Todos de seccion C)",
        "sustancias": [
          "Todos de seccion C)"
        ],
        "superficie_declarada": "56.0 C",
        "provincia": "Sevilla",
        "fuentes": [
          {
            "id": "f1",
            "tipo": "primaria",
            "titulo": "Catastro Minero — derechos mineros de la provincia de Sevilla (shapefile, ETRS89)",
            "url": "https://geoportal.minetur.gob.es/CatastroMinero/api/reportDerechosMineros?idProv=41&geometria&extension=SHP",
            "fecha": "2026-08-06",
            "archivo": "fuentes/2026-08-06_miteco_catastro-minero-sevilla.zip"
          }
        ],
        "nota": "El perímetro es el del DERECHO, exacto sobre sí mismo: es un envolvente administrativo de cuadrículas mineras, no el contorno de una instalación. Saber dónde está el derecho no es saber dónde está la mina. La geometría viene del shapefile del catastro y NO de su exportación en CSV, que trunca la lista de vértices a 424 caracteres y pierde esquinas sin avisar. OJO CON «superficie_declarada»: se publica tal cual la da el catastro y NO concuerda con el perímetro dibujado. Medido sobre los 106 derechos, cada unidad vale unos 0,30 km² cuando el código es «C» y unos 0,22 km² cuando es «H» —que la interfaz del catastro rotula «hectáreas», y una hectárea es 0,01 km²—. El atlas no elige cuál de los dos datos vale: publica el perímetro, que es el que su propia cartografía dibuja, y deja el campo dicho con su desacuerdo."
      }
    },
    {
      "type": "Feature",
      "id": "minerales-derechos:san-bartolome-12557",
      "geometry": {
        "type": "Polygon",
        "coordinates": [
          [
            [
              -6.54197,
              37.71783
            ],
            [
              -6.53403,
              37.71782
            ],
            [
              -6.53402,
              37.71963
            ],
            [
              -6.5431,
              37.71964
            ],
            [
              -6.54311,
              37.71603
            ],
            [
              -6.54197,
              37.71603
            ],
            [
              -6.54197,
              37.71783
            ]
          ]
        ]
      },
      "properties": {
        "slug": "san-bartolome-12557",
        "nombre": "SAN BARTOLOME",
        "categoria": "vigente",
        "descripcion": "Concesion Directa de Explotacion a nombre de ATLANTIC COPPER, S.A. (ANTES ATLANTIC COPPER HOLDI, COMPAÑIA NACIONAL DE PIRITAS, S.A., en situación «Otorgado».",
        "estado_registro": "vigente",
        "verif": "confirmado",
        "geo_precision": "exacta",
        "geo_fuente": "perímetro del derecho minero, del shapefile del Catastro Minero (ETRS89, que a 5 decimales es WGS84)",
        "geo_fuente__v": "confirmado",
        "geo_fuente__f": "f1",
        "fecha_alta": "2026-08-06",
        "fecha_verificacion": "2026-08-06",
        "titular": "ATLANTIC COPPER, S.A. (ANTES ATLANTIC COPPER HOLDI, COMPAÑIA NACIONAL DE PIRITAS, S.A.",
        "titular__v": "confirmado",
        "titular__f": "f1",
        "tipo_derecho": "Concesion Directa de Explotacion",
        "situacion": "Otorgado",
        "situacion__v": "confirmado",
        "situacion__f": "f1",
        "n_registro": "12557",
        "sustancia_principal": "Hierro",
        "sustancias": [
          "Hierro"
        ],
        "superficie_declarada": "18.0 H",
        "provincia": "Huelva",
        "fuentes": [
          {
            "id": "f1",
            "tipo": "primaria",
            "titulo": "Catastro Minero — derechos mineros de la provincia de Huelva (shapefile, ETRS89)",
            "url": "https://geoportal.minetur.gob.es/CatastroMinero/api/reportDerechosMineros?idProv=21&geometria&extension=SHP",
            "fecha": "2026-08-06",
            "archivo": "fuentes/2026-08-06_miteco_catastro-minero-huelva.zip"
          }
        ],
        "nota": "El perímetro es el del DERECHO, exacto sobre sí mismo: es un envolvente administrativo de cuadrículas mineras, no el contorno de una instalación. Saber dónde está el derecho no es saber dónde está la mina. La geometría viene del shapefile del catastro y NO de su exportación en CSV, que trunca la lista de vértices a 424 caracteres y pierde esquinas sin avisar. OJO CON «superficie_declarada»: se publica tal cual la da el catastro y NO concuerda con el perímetro dibujado. Medido sobre los 106 derechos, cada unidad vale unos 0,30 km² cuando el código es «C» y unos 0,22 km² cuando es «H» —que la interfaz del catastro rotula «hectáreas», y una hectárea es 0,01 km²—. El atlas no elige cuál de los dos datos vale: publica el perímetro, que es el que su propia cartografía dibuja, y deja el campo dicho con su desacuerdo."
      }
    },
    {
      "type": "Feature",
      "id": "minerales-derechos:san-francisco-2340",
      "geometry": {
        "type": "Polygon",
        "coordinates": [
          [
            [
              -3.75723,
              40.1536
            ],
            [
              -3.76898,
              40.1536
            ],
            [
              -3.76895,
              40.13105
            ],
            [
              -3.7807,
              40.13104
            ],
            [
              -3.78068,
              40.11752
            ],
            [
              -3.76659,
              40.11753
            ],
            [
              -3.7666,
              40.12655
            ],
            [
              -3.74545,
              40.12656
            ],
            [
              -3.74547,
              40.14459
            ],
            [
              -3.73959,
              40.1446
            ],
            [
              -3.7396,
              40.1491
            ],
            [
              -3.73372,
              40.14911
            ],
            [
              -3.73373,
              40.16263
            ],
            [
              -3.72198,
              40.16264
            ],
            [
              -3.72198,
              40.17165
            ],
            [
              -3.71611,
              40.17165
            ],
            [
              -3.71611,
              40.17616
            ],
            [
              -3.71023,
              40.17616
            ],
            [
              -3.71024,
              40.1987
            ],
            [
              -3.68672,
              40.19871
            ],
            [
              -3.68672,
              40.22576
            ],
            [
              -3.72201,
              40.22575
            ],
            [
              -3.72201,
              40.21673
            ],
            [
              -3.73377,
              40.21673
            ],
            [
              -3.73376,
              40.20771
            ],
            [
              -3.74552,
              40.20771
            ],
            [
              -3.7455,
              40.18066
            ],
            [
              -3.75138,
              40.18066
            ],
            [
              -3.75137,
              40.17164
            ],
            [
              -3.75724,
              40.17163
            ],
            [
              -3.75724,
              40.16172
            ],
            [
              -3.75723,
              40.1536
            ]
          ]
        ]
      },
      "properties": {
        "slug": "san-francisco-2340",
        "nombre": "SAN FRANCISCO",
        "categoria": "vigente",
        "descripcion": "Concesion Directa de Explotacion a nombre de TOLSA, S.A., en situación «Otorgado».",
        "estado_registro": "vigente",
        "verif": "confirmado",
        "geo_precision": "exacta",
        "geo_fuente": "perímetro del derecho minero, del shapefile del Catastro Minero (ETRS89, que a 5 decimales es WGS84)",
        "geo_fuente__v": "confirmado",
        "geo_fuente__f": "f1",
        "fecha_alta": "2026-08-06",
        "fecha_verificacion": "2026-08-06",
        "titular": "TOLSA, S.A.",
        "titular__v": "confirmado",
        "titular__f": "f1",
        "tipo_derecho": "Concesion Directa de Explotacion",
        "situacion": "Otorgado",
        "situacion__v": "confirmado",
        "situacion__f": "f1",
        "n_registro": "2340",
        "sustancia_principal": "Sepiolita",
        "sustancias": [
          "Sepiolita"
        ],
        "superficie_declarada": "3470.0 H",
        "provincia": "Madrid",
        "fuentes": [
          {
            "id": "f1",
            "tipo": "primaria",
            "titulo": "Catastro Minero — derechos mineros de la provincia de Madrid (shapefile, ETRS89)",
            "url": "https://geoportal.minetur.gob.es/CatastroMinero/api/reportDerechosMineros?idProv=28&geometria&extension=SHP",
            "fecha": "2026-08-06",
            "archivo": "fuentes/2026-08-06_miteco_catastro-minero-madrid.zip"
          }
        ],
        "nota": "El perímetro es el del DERECHO, exacto sobre sí mismo: es un envolvente administrativo de cuadrículas mineras, no el contorno de una instalación. Saber dónde está el derecho no es saber dónde está la mina. La geometría viene del shapefile del catastro y NO de su exportación en CSV, que trunca la lista de vértices a 424 caracteres y pierde esquinas sin avisar. OJO CON «superficie_declarada»: se publica tal cual la da el catastro y NO concuerda con el perímetro dibujado. Medido sobre los 106 derechos, cada unidad vale unos 0,30 km² cuando el código es «C» y unos 0,22 km² cuando es «H» —que la interfaz del catastro rotula «hectáreas», y una hectárea es 0,01 km²—. El atlas no elige cuál de los dos datos vale: publica el perímetro, que es el que su propia cartografía dibuja, y deja el campo dicho con su desacuerdo."
      }
    },
    {
      "type": "Feature",
      "id": "minerales-derechos:san-francisco-2340-b",
      "geometry": {
        "type": "Polygon",
        "coordinates": [
          [
            [
              -3.72214,
              40.22576
            ],
            [
              -3.72214,
              40.21687
            ],
            [
              -3.73381,
              40.21687
            ],
            [
              -3.73381,
              40.2077
            ],
            [
              -3.74547,
              40.2077
            ],
            [
              -3.74547,
              40.18076
            ],
            [
              -3.75131,
              40.18076
            ],
            [
              -3.75131,
              40.17159
            ],
            [
              -3.75714,
              40.17159
            ],
            [
              -3.75714,
              40.16159
            ],
            [
              -3.75714,
              40.15353
            ],
            [
              -3.76909,
              40.15353
            ],
            [
              -3.76909,
              40.13103
            ],
            [
              -3.78075,
              40.13103
            ],
            [
              -3.78075,
              40.11742
            ],
            [
              -3.76659,
              40.11742
            ],
            [
              -3.76659,
              40.12659
            ],
            [
              -3.74547,
              40.12659
            ],
            [
              -3.74547,
              40.14464
            ],
            [
              -3.73964,
              40.14464
            ],
            [
              -3.73964,
              40.14909
            ],
            [
              -3.73381,
              40.14909
            ],
            [
              -3.73381,
              40.1627
            ],
            [
              -3.72186,
              40.1627
            ],
            [
              -3.72186,
              40.17159
            ],
            [
              -3.71603,
              40.17159
            ],
            [
              -3.71603,
              40.17603
            ],
            [
              -3.71019,
              40.17603
            ],
            [
              -3.7102,
              40.19881
            ],
            [
              -3.68658,
              40.19881
            ],
            [
              -3.68658,
              40.22576
            ],
            [
              -3.72214,
              40.22576
            ]
          ]
        ]
      },
      "properties": {
        "slug": "san-francisco-2340-b",
        "nombre": "SAN FRANCISCO",
        "categoria": "vigente",
        "descripcion": "Concesion de Explotacion  Derivada a nombre de TOLSA, S.A., en situación «Otorgado».",
        "estado_registro": "vigente",
        "verif": "confirmado",
        "geo_precision": "exacta",
        "geo_fuente": "perímetro del derecho minero, del shapefile del Catastro Minero (ETRS89, que a 5 decimales es WGS84)",
        "geo_fuente__v": "confirmado",
        "geo_fuente__f": "f1",
        "fecha_alta": "2026-08-06",
        "fecha_verificacion": "2026-08-06",
        "titular": "TOLSA, S.A.",
        "titular__v": "confirmado",
        "titular__f": "f1",
        "tipo_derecho": "Concesion de Explotacion  Derivada",
        "situacion": "Otorgado",
        "situacion__v": "confirmado",
        "situacion__f": "f1",
        "n_registro": "2340",
        "sustancia_principal": "Bentonita",
        "sustancias": [
          "Bentonita"
        ],
        "superficie_declarada": "3485.0 H",
        "provincia": "Madrid",
        "fuentes": [
          {
            "id": "f1",
            "tipo": "primaria",
            "titulo": "Catastro Minero — derechos mineros de la provincia de Madrid (shapefile, ETRS89)",
            "url": "https://geoportal.minetur.gob.es/CatastroMinero/api/reportDerechosMineros?idProv=28&geometria&extension=SHP",
            "fecha": "2026-08-06",
            "archivo": "fuentes/2026-08-06_miteco_catastro-minero-madrid.zip"
          }
        ],
        "nota": "El perímetro es el del DERECHO, exacto sobre sí mismo: es un envolvente administrativo de cuadrículas mineras, no el contorno de una instalación. Saber dónde está el derecho no es saber dónde está la mina. La geometría viene del shapefile del catastro y NO de su exportación en CSV, que trunca la lista de vértices a 424 caracteres y pierde esquinas sin avisar. OJO CON «superficie_declarada»: se publica tal cual la da el catastro y NO concuerda con el perímetro dibujado. Medido sobre los 106 derechos, cada unidad vale unos 0,30 km² cuando el código es «C» y unos 0,22 km² cuando es «H» —que la interfaz del catastro rotula «hectáreas», y una hectárea es 0,01 km²—. El atlas no elige cuál de los dos datos vale: publica el perímetro, que es el que su propia cartografía dibuja, y deja el campo dicho con su desacuerdo."
      }
    },
    {
      "type": "Feature",
      "id": "minerales-derechos:san-miguel-1313",
      "geometry": {
        "type": "Polygon",
        "coordinates": [
          [
            [
              -3.60242,
              40.38437
            ],
            [
              -3.60841,
              40.38439
            ],
            [
              -3.60841,
              40.38348
            ],
            [
              -3.60606,
              40.38348
            ],
            [
              -3.60606,
              40.38258
            ],
            [
              -3.60488,
              40.38258
            ],
            [
              -3.60488,
              40.38078
            ],
            [
              -3.60252,
              40.38077
            ],
            [
              -3.60252,
              40.37987
            ],
            [
              -3.59769,
              40.37993
            ],
            [
              -3.59769,
              40.38715
            ],
            [
              -3.60242,
              40.38715
            ],
            [
              -3.60242,
              40.38437
            ]
          ]
        ]
      },
      "properties": {
        "slug": "san-miguel-1313",
        "nombre": "SAN MIGUEL",
        "categoria": "vigente",
        "descripcion": "Concesion de Explotacion  Derivada a nombre de TOLSA, S.A., en situación «Otorgado».",
        "estado_registro": "vigente",
        "verif": "confirmado",
        "geo_precision": "exacta",
        "geo_fuente": "perímetro del derecho minero, del shapefile del Catastro Minero (ETRS89, que a 5 decimales es WGS84)",
        "geo_fuente__v": "confirmado",
        "geo_fuente__f": "f1",
        "fecha_alta": "2026-08-06",
        "fecha_verificacion": "2026-08-06",
        "titular": "TOLSA, S.A.",
        "titular__v": "confirmado",
        "titular__f": "f1",
        "tipo_derecho": "Concesion de Explotacion  Derivada",
        "situacion": "Otorgado",
        "situacion__v": "confirmado",
        "situacion__f": "f1",
        "n_registro": "1313",
        "sustancia_principal": "Sepiolita",
        "sustancias": [
          "Sepiolita"
        ],
        "superficie_declarada": "2.0 H",
        "provincia": "Madrid",
        "fuentes": [
          {
            "id": "f1",
            "tipo": "primaria",
            "titulo": "Catastro Minero — derechos mineros de la provincia de Madrid (shapefile, ETRS89)",
            "url": "https://geoportal.minetur.gob.es/CatastroMinero/api/reportDerechosMineros?idProv=28&geometria&extension=SHP",
            "fecha": "2026-08-06",
            "archivo": "fuentes/2026-08-06_miteco_catastro-minero-madrid.zip"
          }
        ],
        "nota": "El perímetro es el del DERECHO, exacto sobre sí mismo: es un envolvente administrativo de cuadrículas mineras, no el contorno de una instalación. Saber dónde está el derecho no es saber dónde está la mina. La geometría viene del shapefile del catastro y NO de su exportación en CSV, que trunca la lista de vértices a 424 caracteres y pierde esquinas sin avisar. OJO CON «superficie_declarada»: se publica tal cual la da el catastro y NO concuerda con el perímetro dibujado. Medido sobre los 106 derechos, cada unidad vale unos 0,30 km² cuando el código es «C» y unos 0,22 km² cuando es «H» —que la interfaz del catastro rotula «hectáreas», y una hectárea es 0,01 km²—. El atlas no elige cuál de los dos datos vale: publica el perímetro, que es el que su propia cartografía dibuja, y deja el campo dicho con su desacuerdo."
      }
    },
    {
      "type": "Feature",
      "id": "minerales-derechos:santa-ana-2330",
      "geometry": {
        "type": "Polygon",
        "coordinates": [
          [
            [
              -3.57134,
              40.4388
            ],
            [
              -3.57135,
              40.43574
            ],
            [
              -3.57135,
              40.43339
            ],
            [
              -3.57253,
              40.43339
            ],
            [
              -3.57254,
              40.43159
            ],
            [
              -3.56899,
              40.43159
            ],
            [
              -3.56898,
              40.4388
            ],
            [
              -3.57134,
              40.4388
            ]
          ]
        ]
      },
      "properties": {
        "slug": "santa-ana-2330",
        "nombre": "SANTA ANA",
        "categoria": "extinguido",
        "descripcion": "Concesion de Explotacion  Derivada a nombre de TOLSA, S.A., en situación «Caducado».",
        "estado_registro": "vigente",
        "verif": "confirmado",
        "geo_precision": "exacta",
        "geo_fuente": "perímetro del derecho minero, del shapefile del Catastro Minero (ETRS89, que a 5 decimales es WGS84)",
        "geo_fuente__v": "confirmado",
        "geo_fuente__f": "f1",
        "fecha_alta": "2026-08-06",
        "fecha_verificacion": "2026-08-06",
        "titular": "TOLSA, S.A.",
        "titular__v": "confirmado",
        "titular__f": "f1",
        "tipo_derecho": "Concesion de Explotacion  Derivada",
        "situacion": "Caducado",
        "situacion__v": "confirmado",
        "situacion__f": "f1",
        "n_registro": "2330",
        "sustancia_principal": "Sepiolita",
        "sustancias": [
          "Sepiolita"
        ],
        "superficie_declarada": "1.0 H",
        "provincia": "Madrid",
        "fuentes": [
          {
            "id": "f1",
            "tipo": "primaria",
            "titulo": "Catastro Minero — derechos mineros de la provincia de Madrid (shapefile, ETRS89)",
            "url": "https://geoportal.minetur.gob.es/CatastroMinero/api/reportDerechosMineros?idProv=28&geometria&extension=SHP",
            "fecha": "2026-08-06",
            "archivo": "fuentes/2026-08-06_miteco_catastro-minero-madrid.zip"
          }
        ],
        "nota": "El perímetro es el del DERECHO, exacto sobre sí mismo: es un envolvente administrativo de cuadrículas mineras, no el contorno de una instalación. Saber dónde está el derecho no es saber dónde está la mina. La geometría viene del shapefile del catastro y NO de su exportación en CSV, que trunca la lista de vértices a 424 caracteres y pierde esquinas sin avisar. OJO CON «superficie_declarada»: se publica tal cual la da el catastro y NO concuerda con el perímetro dibujado. Medido sobre los 106 derechos, cada unidad vale unos 0,30 km² cuando el código es «C» y unos 0,22 km² cuando es «H» —que la interfaz del catastro rotula «hectáreas», y una hectárea es 0,01 km²—. El atlas no elige cuál de los dos datos vale: publica el perímetro, que es el que su propia cartografía dibuja, y deja el campo dicho con su desacuerdo."
      }
    },
    {
      "type": "Feature",
      "id": "minerales-derechos:santa-lucia-29890",
      "geometry": {
        "type": "Polygon",
        "coordinates": [
          [
            [
              -3.77653,
              37.05562
            ],
            [
              -3.74875,
              37.05562
            ],
            [
              -3.74875,
              37.04874
            ],
            [
              -3.74319,
              37.04874
            ],
            [
              -3.74319,
              37.06541
            ],
            [
              -3.77653,
              37.06541
            ],
            [
              -3.77653,
              37.05562
            ]
          ]
        ]
      },
      "properties": {
        "slug": "santa-lucia-29890",
        "nombre": "SANTA LUCIA",
        "categoria": "vigente",
        "descripcion": "Concesion de Explotacion  Derivada a nombre de SOLVAY MINERALES, S.A., SOLVAY MINERALES, S.A. (KALI- CHEMIE IBERIA, S.A.), en situación «Otorgado».",
        "estado_registro": "vigente",
        "verif": "confirmado",
        "geo_precision": "exacta",
        "geo_fuente": "perímetro del derecho minero, del shapefile del Catastro Minero (ETRS89, que a 5 decimales es WGS84)",
        "geo_fuente__v": "confirmado",
        "geo_fuente__f": "f1",
        "fecha_alta": "2026-08-06",
        "fecha_verificacion": "2026-08-06",
        "titular": "SOLVAY MINERALES, S.A., SOLVAY MINERALES, S.A. (KALI- CHEMIE IBERIA, S.A.)",
        "titular__v": "confirmado",
        "titular__f": "f1",
        "tipo_derecho": "Concesion de Explotacion  Derivada",
        "situacion": "Otorgado",
        "situacion__v": "confirmado",
        "situacion__f": "f1",
        "n_registro": "29890",
        "sustancia_principal": "Estroncio",
        "sustancias": [
          "Estroncio",
          "celestina",
          "Yeso"
        ],
        "superficie_declarada": "7.0 C",
        "provincia": "Granada",
        "fuentes": [
          {
            "id": "f1",
            "tipo": "primaria",
            "titulo": "Catastro Minero — derechos mineros de la provincia de Granada (shapefile, ETRS89)",
            "url": "https://geoportal.minetur.gob.es/CatastroMinero/api/reportDerechosMineros?idProv=18&geometria&extension=SHP",
            "fecha": "2026-08-06",
            "archivo": "fuentes/2026-08-06_miteco_catastro-minero-granada.zip"
          }
        ],
        "nota": "El perímetro es el del DERECHO, exacto sobre sí mismo: es un envolvente administrativo de cuadrículas mineras, no el contorno de una instalación. Saber dónde está el derecho no es saber dónde está la mina. La geometría viene del shapefile del catastro y NO de su exportación en CSV, que trunca la lista de vértices a 424 caracteres y pierde esquinas sin avisar. OJO CON «superficie_declarada»: se publica tal cual la da el catastro y NO concuerda con el perímetro dibujado. Medido sobre los 106 derechos, cada unidad vale unos 0,30 km² cuando el código es «C» y unos 0,22 km² cuando es «H» —que la interfaz del catastro rotula «hectáreas», y una hectárea es 0,01 km²—. El atlas no elige cuál de los dos datos vale: publica el perímetro, que es el que su propia cartografía dibuja, y deja el campo dicho con su desacuerdo."
      }
    },
    {
      "type": "Feature",
      "id": "minerales-derechos:santa-rosa-2318",
      "geometry": {
        "type": "Polygon",
        "coordinates": [
          [
            [
              -3.57964,
              40.43326
            ],
            [
              -3.5713,
              40.43326
            ],
            [
              -3.5713,
              40.44243
            ],
            [
              -3.57964,
              40.44243
            ],
            [
              -3.57964,
              40.43326
            ]
          ]
        ]
      },
      "properties": {
        "slug": "santa-rosa-2318",
        "nombre": "SANTA ROSA",
        "categoria": "extinguido",
        "descripcion": "Concesion de Explotacion  Derivada a nombre de TOLSA, S.A., en situación «Caducado».",
        "estado_registro": "vigente",
        "verif": "confirmado",
        "geo_precision": "exacta",
        "geo_fuente": "perímetro del derecho minero, del shapefile del Catastro Minero (ETRS89, que a 5 decimales es WGS84)",
        "geo_fuente__v": "confirmado",
        "geo_fuente__f": "f1",
        "fecha_alta": "2026-08-06",
        "fecha_verificacion": "2026-08-06",
        "titular": "TOLSA, S.A.",
        "titular__v": "confirmado",
        "titular__f": "f1",
        "tipo_derecho": "Concesion de Explotacion  Derivada",
        "situacion": "Caducado",
        "situacion__v": "confirmado",
        "situacion__f": "f1",
        "n_registro": "2318",
        "sustancia_principal": "Sepiolita",
        "sustancias": [
          "Sepiolita"
        ],
        "superficie_declarada": "3.0 H",
        "provincia": "Madrid",
        "fuentes": [
          {
            "id": "f1",
            "tipo": "primaria",
            "titulo": "Catastro Minero — derechos mineros de la provincia de Madrid (shapefile, ETRS89)",
            "url": "https://geoportal.minetur.gob.es/CatastroMinero/api/reportDerechosMineros?idProv=28&geometria&extension=SHP",
            "fecha": "2026-08-06",
            "archivo": "fuentes/2026-08-06_miteco_catastro-minero-madrid.zip"
          }
        ],
        "nota": "El perímetro es el del DERECHO, exacto sobre sí mismo: es un envolvente administrativo de cuadrículas mineras, no el contorno de una instalación. Saber dónde está el derecho no es saber dónde está la mina. La geometría viene del shapefile del catastro y NO de su exportación en CSV, que trunca la lista de vértices a 424 caracteres y pierde esquinas sin avisar. OJO CON «superficie_declarada»: se publica tal cual la da el catastro y NO concuerda con el perímetro dibujado. Medido sobre los 106 derechos, cada unidad vale unos 0,30 km² cuando el código es «C» y unos 0,22 km² cuando es «H» —que la interfaz del catastro rotula «hectáreas», y una hectárea es 0,01 km²—. El atlas no elige cuál de los dos datos vale: publica el perímetro, que es el que su propia cartografía dibuja, y deja el campo dicho con su desacuerdo."
      }
    },
    {
      "type": "Feature",
      "id": "minerales-derechos:santo-remedio-2351",
      "geometry": {
        "type": "Polygon",
        "coordinates": [
          [
            [
              -3.56908,
              40.43493
            ],
            [
              -3.56908,
              40.4316
            ],
            [
              -3.57242,
              40.4316
            ],
            [
              -3.57242,
              40.42882
            ],
            [
              -3.56658,
              40.42882
            ],
            [
              -3.56658,
              40.43882
            ],
            [
              -3.56908,
              40.43882
            ],
            [
              -3.56908,
              40.43493
            ]
          ]
        ]
      },
      "properties": {
        "slug": "santo-remedio-2351",
        "nombre": "SANTO REMEDIO",
        "categoria": "extinguido",
        "descripcion": "Concesion de Explotacion  Derivada a nombre de TOLSA, S.A., en situación «Caducado».",
        "estado_registro": "vigente",
        "verif": "confirmado",
        "geo_precision": "exacta",
        "geo_fuente": "perímetro del derecho minero, del shapefile del Catastro Minero (ETRS89, que a 5 decimales es WGS84)",
        "geo_fuente__v": "confirmado",
        "geo_fuente__f": "f1",
        "fecha_alta": "2026-08-06",
        "fecha_verificacion": "2026-08-06",
        "titular": "TOLSA, S.A.",
        "titular__v": "confirmado",
        "titular__f": "f1",
        "tipo_derecho": "Concesion de Explotacion  Derivada",
        "situacion": "Caducado",
        "situacion__v": "confirmado",
        "situacion__f": "f1",
        "n_registro": "2351",
        "sustancia_principal": "Sepiolita",
        "sustancias": [
          "Sepiolita"
        ],
        "superficie_declarada": "2.0 H",
        "provincia": "Madrid",
        "fuentes": [
          {
            "id": "f1",
            "tipo": "primaria",
            "titulo": "Catastro Minero — derechos mineros de la provincia de Madrid (shapefile, ETRS89)",
            "url": "https://geoportal.minetur.gob.es/CatastroMinero/api/reportDerechosMineros?idProv=28&geometria&extension=SHP",
            "fecha": "2026-08-06",
            "archivo": "fuentes/2026-08-06_miteco_catastro-minero-madrid.zip"
          }
        ],
        "nota": "El perímetro es el del DERECHO, exacto sobre sí mismo: es un envolvente administrativo de cuadrículas mineras, no el contorno de una instalación. Saber dónde está el derecho no es saber dónde está la mina. La geometría viene del shapefile del catastro y NO de su exportación en CSV, que trunca la lista de vértices a 424 caracteres y pierde esquinas sin avisar. OJO CON «superficie_declarada»: se publica tal cual la da el catastro y NO concuerda con el perímetro dibujado. Medido sobre los 106 derechos, cada unidad vale unos 0,30 km² cuando el código es «C» y unos 0,22 km² cuando es «H» —que la interfaz del catastro rotula «hectáreas», y una hectárea es 0,01 km²—. El atlas no elige cuál de los dos datos vale: publica el perímetro, que es el que su propia cartografía dibuja, y deja el campo dicho con su desacuerdo."
      }
    },
    {
      "type": "Feature",
      "id": "minerales-derechos:segunda-demasia-a-la-lealtad-4766",
      "geometry": {
        "type": "Polygon",
        "coordinates": [
          [
            [
              -6.55507,
              37.72023
            ],
            [
              -6.55676,
              37.72091
            ],
            [
              -6.55545,
              37.72292
            ],
            [
              -6.55578,
              37.72305
            ],
            [
              -6.55682,
              37.72145
            ],
            [
              -6.55879,
              37.72226
            ],
            [
              -6.55821,
              37.72082
            ],
            [
              -6.55713,
              37.72109
            ],
            [
              -6.55644,
              37.71937
            ],
            [
              -6.55427,
              37.71992
            ],
            [
              -6.55462,
              37.72078
            ],
            [
              -6.55403,
              37.72093
            ],
            [
              -6.55431,
              37.72164
            ],
            [
              -6.55507,
              37.72023
            ]
          ]
        ]
      },
      "properties": {
        "slug": "segunda-demasia-a-la-lealtad-4766",
        "nombre": "SEGUNDA DEMASIA A LA LEALTAD",
        "categoria": "vigente",
        "descripcion": "Concesion Directa de Explotacion a nombre de ATLANTIC COPPER, S.A. (ANTES ATLANTIC COPPER HOLDI, COMPAÑIA NACIONAL DE PIRITAS, S.A., en situación «Otorgado».",
        "estado_registro": "vigente",
        "verif": "confirmado",
        "geo_precision": "exacta",
        "geo_fuente": "perímetro del derecho minero, del shapefile del Catastro Minero (ETRS89, que a 5 decimales es WGS84)",
        "geo_fuente__v": "confirmado",
        "geo_fuente__f": "f1",
        "fecha_alta": "2026-08-06",
        "fecha_verificacion": "2026-08-06",
        "titular": "ATLANTIC COPPER, S.A. (ANTES ATLANTIC COPPER HOLDI, COMPAÑIA NACIONAL DE PIRITAS, S.A.",
        "titular__v": "confirmado",
        "titular__f": "f1",
        "tipo_derecho": "Concesion Directa de Explotacion",
        "situacion": "Otorgado",
        "situacion__v": "confirmado",
        "situacion__f": "f1",
        "n_registro": "4766",
        "sustancia_principal": "Cobre",
        "sustancias": [
          "Cobre"
        ],
        "superficie_declarada": "4.76 H",
        "provincia": "Huelva",
        "fuentes": [
          {
            "id": "f1",
            "tipo": "primaria",
            "titulo": "Catastro Minero — derechos mineros de la provincia de Huelva (shapefile, ETRS89)",
            "url": "https://geoportal.minetur.gob.es/CatastroMinero/api/reportDerechosMineros?idProv=21&geometria&extension=SHP",
            "fecha": "2026-08-06",
            "archivo": "fuentes/2026-08-06_miteco_catastro-minero-huelva.zip"
          }
        ],
        "nota": "El perímetro es el del DERECHO, exacto sobre sí mismo: es un envolvente administrativo de cuadrículas mineras, no el contorno de una instalación. Saber dónde está el derecho no es saber dónde está la mina. La geometría viene del shapefile del catastro y NO de su exportación en CSV, que trunca la lista de vértices a 424 caracteres y pierde esquinas sin avisar. OJO CON «superficie_declarada»: se publica tal cual la da el catastro y NO concuerda con el perímetro dibujado. Medido sobre los 106 derechos, cada unidad vale unos 0,30 km² cuando el código es «C» y unos 0,22 km² cuando es «H» —que la interfaz del catastro rotula «hectáreas», y una hectárea es 0,01 km²—. El atlas no elige cuál de los dos datos vale: publica el perímetro, que es el que su propia cartografía dibuja, y deja el campo dicho con su desacuerdo."
      }
    },
    {
      "type": "Feature",
      "id": "minerales-derechos:segunda-firmeza-4672",
      "geometry": {
        "type": "Polygon",
        "coordinates": [
          [
            [
              -6.54725,
              37.72277
            ],
            [
              -6.54293,
              37.72387
            ],
            [
              -6.5436,
              37.72553
            ],
            [
              -6.54794,
              37.72449
            ],
            [
              -6.54787,
              37.72432
            ],
            [
              -6.54725,
              37.72277
            ]
          ]
        ]
      },
      "properties": {
        "slug": "segunda-firmeza-4672",
        "nombre": "SEGUNDA FIRMEZA",
        "categoria": "vigente",
        "descripcion": "Concesion Directa de Explotacion a nombre de ATLANTIC COPPER, S.A. (ANTES ATLANTIC COPPER HOLDI, COMPAÑIA NACIONAL DE PIRITAS, S.A., en situación «Otorgado».",
        "estado_registro": "vigente",
        "verif": "confirmado",
        "geo_precision": "exacta",
        "geo_fuente": "perímetro del derecho minero, del shapefile del Catastro Minero (ETRS89, que a 5 decimales es WGS84)",
        "geo_fuente__v": "confirmado",
        "geo_fuente__f": "f1",
        "fecha_alta": "2026-08-06",
        "fecha_verificacion": "2026-08-06",
        "titular": "ATLANTIC COPPER, S.A. (ANTES ATLANTIC COPPER HOLDI, COMPAÑIA NACIONAL DE PIRITAS, S.A.",
        "titular__v": "confirmado",
        "titular__f": "f1",
        "tipo_derecho": "Concesion Directa de Explotacion",
        "situacion": "Otorgado",
        "situacion__v": "confirmado",
        "situacion__f": "f1",
        "n_registro": "4672",
        "sustancia_principal": "Cobre",
        "sustancias": [
          "Cobre"
        ],
        "superficie_declarada": "8.0 H",
        "provincia": "Huelva",
        "fuentes": [
          {
            "id": "f1",
            "tipo": "primaria",
            "titulo": "Catastro Minero — derechos mineros de la provincia de Huelva (shapefile, ETRS89)",
            "url": "https://geoportal.minetur.gob.es/CatastroMinero/api/reportDerechosMineros?idProv=21&geometria&extension=SHP",
            "fecha": "2026-08-06",
            "archivo": "fuentes/2026-08-06_miteco_catastro-minero-huelva.zip"
          }
        ],
        "nota": "El perímetro es el del DERECHO, exacto sobre sí mismo: es un envolvente administrativo de cuadrículas mineras, no el contorno de una instalación. Saber dónde está el derecho no es saber dónde está la mina. La geometría viene del shapefile del catastro y NO de su exportación en CSV, que trunca la lista de vértices a 424 caracteres y pierde esquinas sin avisar. OJO CON «superficie_declarada»: se publica tal cual la da el catastro y NO concuerda con el perímetro dibujado. Medido sobre los 106 derechos, cada unidad vale unos 0,30 km² cuando el código es «C» y unos 0,22 km² cuando es «H» —que la interfaz del catastro rotula «hectáreas», y una hectárea es 0,01 km²—. El atlas no elige cuál de los dos datos vale: publica el perímetro, que es el que su propia cartografía dibuja, y deja el campo dicho con su desacuerdo."
      }
    },
    {
      "type": "Feature",
      "id": "minerales-derechos:segunda-leontina-9425",
      "geometry": {
        "type": "Polygon",
        "coordinates": [
          [
            [
              -6.54407,
              37.72542
            ],
            [
              -6.54354,
              37.72622
            ],
            [
              -6.54412,
              37.72647
            ],
            [
              -6.54421,
              37.72634
            ],
            [
              -6.54764,
              37.72777
            ],
            [
              -6.54808,
              37.7271
            ],
            [
              -6.54616,
              37.7263
            ],
            [
              -6.54407,
              37.72542
            ]
          ]
        ]
      },
      "properties": {
        "slug": "segunda-leontina-9425",
        "nombre": "SEGUNDA LEONTINA",
        "categoria": "vigente",
        "descripcion": "Concesion Directa de Explotacion a nombre de ATLANTIC COPPER, S.A. (ANTES ATLANTIC COPPER HOLDI, COMPAÑIA NACIONAL DE PIRITAS, S.A., en situación «Otorgado».",
        "estado_registro": "vigente",
        "verif": "confirmado",
        "geo_precision": "exacta",
        "geo_fuente": "perímetro del derecho minero, del shapefile del Catastro Minero (ETRS89, que a 5 decimales es WGS84)",
        "geo_fuente__v": "confirmado",
        "geo_fuente__f": "f1",
        "fecha_alta": "2026-08-06",
        "fecha_verificacion": "2026-08-06",
        "titular": "ATLANTIC COPPER, S.A. (ANTES ATLANTIC COPPER HOLDI, COMPAÑIA NACIONAL DE PIRITAS, S.A.",
        "titular__v": "confirmado",
        "titular__f": "f1",
        "tipo_derecho": "Concesion Directa de Explotacion",
        "situacion": "Otorgado",
        "situacion__v": "confirmado",
        "situacion__f": "f1",
        "n_registro": "9425",
        "sustancia_principal": "Hierro",
        "sustancias": [
          "Hierro"
        ],
        "superficie_declarada": "4.0 H",
        "provincia": "Huelva",
        "fuentes": [
          {
            "id": "f1",
            "tipo": "primaria",
            "titulo": "Catastro Minero — derechos mineros de la provincia de Huelva (shapefile, ETRS89)",
            "url": "https://geoportal.minetur.gob.es/CatastroMinero/api/reportDerechosMineros?idProv=21&geometria&extension=SHP",
            "fecha": "2026-08-06",
            "archivo": "fuentes/2026-08-06_miteco_catastro-minero-huelva.zip"
          }
        ],
        "nota": "El perímetro es el del DERECHO, exacto sobre sí mismo: es un envolvente administrativo de cuadrículas mineras, no el contorno de una instalación. Saber dónde está el derecho no es saber dónde está la mina. La geometría viene del shapefile del catastro y NO de su exportación en CSV, que trunca la lista de vértices a 424 caracteres y pierde esquinas sin avisar. OJO CON «superficie_declarada»: se publica tal cual la da el catastro y NO concuerda con el perímetro dibujado. Medido sobre los 106 derechos, cada unidad vale unos 0,30 km² cuando el código es «C» y unos 0,22 km² cuando es «H» —que la interfaz del catastro rotula «hectáreas», y una hectárea es 0,01 km²—. El atlas no elige cuál de los dos datos vale: publica el perímetro, que es el que su propia cartografía dibuja, y deja el campo dicho con su desacuerdo."
      }
    },
    {
      "type": "Feature",
      "id": "minerales-derechos:temple-30009",
      "geometry": {
        "type": "Polygon",
        "coordinates": [
          [
            [
              -3.74319,
              37.04874
            ],
            [
              -3.74017,
              37.04874
            ],
            [
              -3.74017,
              37.04318
            ],
            [
              -3.71795,
              37.04318
            ],
            [
              -3.71795,
              37.05429
            ],
            [
              -3.7235,
              37.05429
            ],
            [
              -3.7235,
              37.05985
            ],
            [
              -3.73461,
              37.05985
            ],
            [
              -3.73461,
              37.06541
            ],
            [
              -3.74319,
              37.06541
            ],
            [
              -3.74319,
              37.04874
            ]
          ]
        ]
      },
      "properties": {
        "slug": "temple-30009",
        "nombre": "TEMPLE",
        "categoria": "vigente",
        "descripcion": "Concesion de Explotacion  Derivada a nombre de SOLVAY MINERALES, S.A. (KALI- CHEMIE IBERIA, S.A.), en situación «Otorgado».",
        "estado_registro": "vigente",
        "verif": "confirmado",
        "geo_precision": "exacta",
        "geo_fuente": "perímetro del derecho minero, del shapefile del Catastro Minero (ETRS89, que a 5 decimales es WGS84)",
        "geo_fuente__v": "confirmado",
        "geo_fuente__f": "f1",
        "fecha_alta": "2026-08-06",
        "fecha_verificacion": "2026-08-06",
        "titular": "SOLVAY MINERALES, S.A. (KALI- CHEMIE IBERIA, S.A.)",
        "titular__v": "confirmado",
        "titular__f": "f1",
        "tipo_derecho": "Concesion de Explotacion  Derivada",
        "situacion": "Otorgado",
        "situacion__v": "confirmado",
        "situacion__f": "f1",
        "n_registro": "30009",
        "sustancia_principal": "Estroncio",
        "sustancias": [
          "Estroncio",
          "celestina",
          "Yeso"
        ],
        "superficie_declarada": "7.0 C",
        "provincia": "Granada",
        "fuentes": [
          {
            "id": "f1",
            "tipo": "primaria",
            "titulo": "Catastro Minero — derechos mineros de la provincia de Granada (shapefile, ETRS89)",
            "url": "https://geoportal.minetur.gob.es/CatastroMinero/api/reportDerechosMineros?idProv=18&geometria&extension=SHP",
            "fecha": "2026-08-06",
            "archivo": "fuentes/2026-08-06_miteco_catastro-minero-granada.zip"
          }
        ],
        "nota": "El perímetro es el del DERECHO, exacto sobre sí mismo: es un envolvente administrativo de cuadrículas mineras, no el contorno de una instalación. Saber dónde está el derecho no es saber dónde está la mina. La geometría viene del shapefile del catastro y NO de su exportación en CSV, que trunca la lista de vértices a 424 caracteres y pierde esquinas sin avisar. OJO CON «superficie_declarada»: se publica tal cual la da el catastro y NO concuerda con el perímetro dibujado. Medido sobre los 106 derechos, cada unidad vale unos 0,30 km² cuando el código es «C» y unos 0,22 km² cuando es «H» —que la interfaz del catastro rotula «hectáreas», y una hectárea es 0,01 km²—. El atlas no elige cuál de los dos datos vale: publica el perímetro, que es el que su propia cartografía dibuja, y deja el campo dicho con su desacuerdo."
      }
    },
    {
      "type": "Feature",
      "id": "minerales-derechos:tesorillo-12933",
      "geometry": {
        "type": "Polygon",
        "coordinates": [
          [
            [
              -4.54021,
              39.49323
            ],
            [
              -4.51243,
              39.49323
            ],
            [
              -4.51243,
              39.47101
            ],
            [
              -4.50688,
              39.47101
            ],
            [
              -4.50688,
              39.46546
            ],
            [
              -4.49576,
              39.46546
            ],
            [
              -4.49576,
              39.4599
            ],
            [
              -4.49021,
              39.4599
            ],
            [
              -4.49021,
              39.45434
            ],
            [
              -4.48465,
              39.45434
            ],
            [
              -4.48465,
              39.4599
            ],
            [
              -4.47354,
              39.4599
            ],
            [
              -4.47354,
              39.48212
            ],
            [
              -4.48465,
              39.48212
            ],
            [
              -4.48465,
              39.49323
            ],
            [
              -4.49021,
              39.49323
            ],
            [
              -4.49021,
              39.49879
            ],
            [
              -4.49576,
              39.49879
            ],
            [
              -4.49576,
              39.50435
            ],
            [
              -4.50132,
              39.50435
            ],
            [
              -4.50132,
              39.51546
            ],
            [
              -4.50688,
              39.51546
            ],
            [
              -4.50688,
              39.52101
            ],
            [
              -4.51243,
              39.52101
            ],
            [
              -4.51243,
              39.52657
            ],
            [
              -4.50688,
              39.52657
            ],
            [
              -4.50688,
              39.54324
            ],
            [
              -4.51243,
              39.54324
            ],
            [
              -4.51243,
              39.54879
            ],
            [
              -4.52354,
              39.54879
            ],
            [
              -4.52354,
              39.54324
            ],
            [
              -4.5291,
              39.54324
            ],
            [
              -4.5291,
              39.52101
            ],
            [
              -4.53465,
              39.52101
            ],
            [
              -4.53465,
              39.5099
            ],
            [
              -4.54021,
              39.5099
            ],
            [
              -4.54021,
              39.49323
            ]
          ]
        ]
      },
      "properties": {
        "slug": "tesorillo-12933",
        "nombre": "TESORILLO",
        "categoria": "extinguido",
        "descripcion": "Permiso de Investigacion a nombre de QUANTUM MINERIA, S.L., en situación «Caducado».",
        "estado_registro": "vigente",
        "verif": "confirmado",
        "geo_precision": "exacta",
        "geo_fuente": "perímetro del derecho minero, del shapefile del Catastro Minero (ETRS89, que a 5 decimales es WGS84)",
        "geo_fuente__v": "confirmado",
        "geo_fuente__f": "f1",
        "fecha_alta": "2026-08-06",
        "fecha_verificacion": "2026-08-06",
        "titular": "QUANTUM MINERIA, S.L.",
        "titular__v": "confirmado",
        "titular__f": "f1",
        "tipo_derecho": "Permiso de Investigacion",
        "situacion": "Caducado",
        "situacion__v": "confirmado",
        "situacion__f": "f1",
        "n_registro": "12933",
        "sustancia_principal": "Todos de seccion C)",
        "sustancias": [
          "Todos de seccion C)"
        ],
        "superficie_declarada": "87.0 C",
        "provincia": "Ciudad Real",
        "fuentes": [
          {
            "id": "f1",
            "tipo": "primaria",
            "titulo": "Catastro Minero — derechos mineros de la provincia de Ciudad Real (shapefile, ETRS89)",
            "url": "https://geoportal.minetur.gob.es/CatastroMinero/api/reportDerechosMineros?idProv=13&geometria&extension=SHP",
            "fecha": "2026-08-06",
            "archivo": "fuentes/2026-08-06_miteco_catastro-minero-ciudad-real.zip"
          }
        ],
        "nota": "El perímetro es el del DERECHO, exacto sobre sí mismo: es un envolvente administrativo de cuadrículas mineras, no el contorno de una instalación. Saber dónde está el derecho no es saber dónde está la mina. La geometría viene del shapefile del catastro y NO de su exportación en CSV, que trunca la lista de vértices a 424 caracteres y pierde esquinas sin avisar. OJO CON «superficie_declarada»: se publica tal cual la da el catastro y NO concuerda con el perímetro dibujado. Medido sobre los 106 derechos, cada unidad vale unos 0,30 km² cuando el código es «C» y unos 0,22 km² cuando es «H» —que la interfaz del catastro rotula «hectáreas», y una hectárea es 0,01 km²—. El atlas no elige cuál de los dos datos vale: publica el perímetro, que es el que su propia cartografía dibuja, y deja el campo dicho con su desacuerdo."
      }
    },
    {
      "type": "Feature",
      "id": "minerales-derechos:tolsadeco-2566",
      "geometry": {
        "type": "Polygon",
        "coordinates": [
          [
            [
              -3.60637,
              40.44364
            ],
            [
              -3.61227,
              40.44364
            ],
            [
              -3.61231,
              40.40758
            ],
            [
              -3.59816,
              40.40757
            ],
            [
              -3.59814,
              40.41658
            ],
            [
              -3.60994,
              40.41659
            ],
            [
              -3.60994,
              40.41839
            ],
            [
              -3.61112,
              40.4184
            ],
            [
              -3.61112,
              40.4211
            ],
            [
              -3.6064,
              40.4211
            ],
            [
              -3.60639,
              40.4247
            ],
            [
              -3.59577,
              40.4247
            ],
            [
              -3.59576,
              40.43191
            ],
            [
              -3.60521,
              40.43192
            ],
            [
              -3.60519,
              40.44454
            ],
            [
              -3.59575,
              40.44453
            ],
            [
              -3.59573,
              40.45896
            ],
            [
              -3.60989,
              40.45897
            ],
            [
              -3.60991,
              40.44995
            ],
            [
              -3.60636,
              40.44995
            ],
            [
              -3.60637,
              40.44364
            ]
          ]
        ]
      },
      "properties": {
        "slug": "tolsadeco-2566",
        "nombre": "TOLSADECO",
        "categoria": "vigente",
        "descripcion": "Concesion de Explotacion  Derivada a nombre de TOLSA, S.A., en situación «Otorgado».",
        "estado_registro": "vigente",
        "verif": "confirmado",
        "geo_precision": "exacta",
        "geo_fuente": "perímetro del derecho minero, del shapefile del Catastro Minero (ETRS89, que a 5 decimales es WGS84)",
        "geo_fuente__v": "confirmado",
        "geo_fuente__f": "f1",
        "fecha_alta": "2026-08-06",
        "fecha_verificacion": "2026-08-06",
        "titular": "TOLSA, S.A.",
        "titular__v": "confirmado",
        "titular__f": "f1",
        "tipo_derecho": "Concesion de Explotacion  Derivada",
        "situacion": "Otorgado",
        "situacion__v": "confirmado",
        "situacion__f": "f1",
        "n_registro": "2566",
        "sustancia_principal": "Sepiolita",
        "sustancias": [
          "Sepiolita"
        ],
        "superficie_declarada": "18.0 H",
        "provincia": "Madrid",
        "fuentes": [
          {
            "id": "f1",
            "tipo": "primaria",
            "titulo": "Catastro Minero — derechos mineros de la provincia de Madrid (shapefile, ETRS89)",
            "url": "https://geoportal.minetur.gob.es/CatastroMinero/api/reportDerechosMineros?idProv=28&geometria&extension=SHP",
            "fecha": "2026-08-06",
            "archivo": "fuentes/2026-08-06_miteco_catastro-minero-madrid.zip"
          }
        ],
        "nota": "El perímetro es el del DERECHO, exacto sobre sí mismo: es un envolvente administrativo de cuadrículas mineras, no el contorno de una instalación. Saber dónde está el derecho no es saber dónde está la mina. La geometría viene del shapefile del catastro y NO de su exportación en CSV, que trunca la lista de vértices a 424 caracteres y pierde esquinas sin avisar. OJO CON «superficie_declarada»: se publica tal cual la da el catastro y NO concuerda con el perímetro dibujado. Medido sobre los 106 derechos, cada unidad vale unos 0,30 km² cuando el código es «C» y unos 0,22 km² cuando es «H» —que la interfaz del catastro rotula «hectáreas», y una hectárea es 0,01 km²—. El atlas no elige cuál de los dos datos vale: publica el perímetro, que es el que su propia cartografía dibuja, y deja el campo dicho con su desacuerdo."
      }
    },
    {
      "type": "Feature",
      "id": "minerales-derechos:ugena-1-3365-to-3473",
      "geometry": {
        "type": "Polygon",
        "coordinates": [
          [
            [
              -3.95427,
              40.13347
            ],
            [
              -3.89315,
              40.13349
            ],
            [
              -3.89315,
              40.15014
            ],
            [
              -3.87092,
              40.15014
            ],
            [
              -3.87092,
              40.1668
            ],
            [
              -3.85981,
              40.1668
            ],
            [
              -3.85981,
              40.17791
            ],
            [
              -3.8487,
              40.17791
            ],
            [
              -3.8487,
              40.18347
            ],
            [
              -3.83203,
              40.18347
            ],
            [
              -3.83203,
              40.20014
            ],
            [
              -3.95427,
              40.20014
            ],
            [
              -3.95427,
              40.13347
            ]
          ]
        ]
      },
      "properties": {
        "slug": "ugena-1-3365-to-3473",
        "nombre": "UGENA 1 (3365-TO)",
        "categoria": "extinguido",
        "descripcion": "Permiso de Investigacion a nombre de TOLSA, S.A., en situación «Caducado».",
        "estado_registro": "vigente",
        "verif": "confirmado",
        "geo_precision": "exacta",
        "geo_fuente": "perímetro del derecho minero, del shapefile del Catastro Minero (ETRS89, que a 5 decimales es WGS84)",
        "geo_fuente__v": "confirmado",
        "geo_fuente__f": "f1",
        "fecha_alta": "2026-08-06",
        "fecha_verificacion": "2026-08-06",
        "titular": "TOLSA, S.A.",
        "titular__v": "confirmado",
        "titular__f": "f1",
        "tipo_derecho": "Permiso de Investigacion",
        "situacion": "Caducado",
        "situacion__v": "confirmado",
        "situacion__f": "f1",
        "n_registro": "3473",
        "superficie_declarada": "67.0 H",
        "provincia": "Madrid",
        "fuentes": [
          {
            "id": "f1",
            "tipo": "primaria",
            "titulo": "Catastro Minero — derechos mineros de la provincia de Madrid (shapefile, ETRS89)",
            "url": "https://geoportal.minetur.gob.es/CatastroMinero/api/reportDerechosMineros?idProv=28&geometria&extension=SHP",
            "fecha": "2026-08-06",
            "archivo": "fuentes/2026-08-06_miteco_catastro-minero-madrid.zip"
          }
        ],
        "nota": "El perímetro es el del DERECHO, exacto sobre sí mismo: es un envolvente administrativo de cuadrículas mineras, no el contorno de una instalación. Saber dónde está el derecho no es saber dónde está la mina. La geometría viene del shapefile del catastro y NO de su exportación en CSV, que trunca la lista de vértices a 424 caracteres y pierde esquinas sin avisar. OJO CON «superficie_declarada»: se publica tal cual la da el catastro y NO concuerda con el perímetro dibujado. Medido sobre los 106 derechos, cada unidad vale unos 0,30 km² cuando el código es «C» y unos 0,22 km² cuando es «H» —que la interfaz del catastro rotula «hectáreas», y una hectárea es 0,01 km²—. El atlas no elige cuál de los dos datos vale: publica el perímetro, que es el que su propia cartografía dibuja, y deja el campo dicho con su desacuerdo."
      }
    },
    {
      "type": "Feature",
      "id": "minerales-derechos:ugena-1-3365-to-3473-b",
      "geometry": {
        "type": "Polygon",
        "coordinates": [
          [
            [
              -3.82353,
              40.19881
            ],
            [
              -3.82909,
              40.19881
            ],
            [
              -3.82909,
              40.18214
            ],
            [
              -3.84576,
              40.18214
            ],
            [
              -3.84576,
              40.17659
            ],
            [
              -3.85687,
              40.17659
            ],
            [
              -3.85687,
              40.16548
            ],
            [
              -3.86798,
              40.16548
            ],
            [
              -3.86798,
              40.14881
            ],
            [
              -3.8902,
              40.14881
            ],
            [
              -3.8902,
              40.1377
            ],
            [
              -3.82353,
              40.1377
            ],
            [
              -3.82353,
              40.19881
            ]
          ]
        ]
      },
      "properties": {
        "slug": "ugena-1-3365-to-3473-b",
        "nombre": "UGENA 1 (3365-TO)",
        "categoria": "vigente",
        "descripcion": "Concesion de Explotacion  Derivada a nombre de TOLSA, S.A., en situación «Otorgado».",
        "estado_registro": "vigente",
        "verif": "confirmado",
        "geo_precision": "exacta",
        "geo_fuente": "perímetro del derecho minero, del shapefile del Catastro Minero (ETRS89, que a 5 decimales es WGS84)",
        "geo_fuente__v": "confirmado",
        "geo_fuente__f": "f1",
        "fecha_alta": "2026-08-06",
        "fecha_verificacion": "2026-08-06",
        "titular": "TOLSA, S.A.",
        "titular__v": "confirmado",
        "titular__f": "f1",
        "tipo_derecho": "Concesion de Explotacion  Derivada",
        "situacion": "Otorgado",
        "situacion__v": "confirmado",
        "situacion__f": "f1",
        "n_registro": "3473",
        "superficie_declarada": "67.0 H",
        "provincia": "Madrid",
        "fuentes": [
          {
            "id": "f1",
            "tipo": "primaria",
            "titulo": "Catastro Minero — derechos mineros de la provincia de Madrid (shapefile, ETRS89)",
            "url": "https://geoportal.minetur.gob.es/CatastroMinero/api/reportDerechosMineros?idProv=28&geometria&extension=SHP",
            "fecha": "2026-08-06",
            "archivo": "fuentes/2026-08-06_miteco_catastro-minero-madrid.zip"
          }
        ],
        "nota": "El perímetro es el del DERECHO, exacto sobre sí mismo: es un envolvente administrativo de cuadrículas mineras, no el contorno de una instalación. Saber dónde está el derecho no es saber dónde está la mina. La geometría viene del shapefile del catastro y NO de su exportación en CSV, que trunca la lista de vértices a 424 caracteres y pierde esquinas sin avisar. OJO CON «superficie_declarada»: se publica tal cual la da el catastro y NO concuerda con el perímetro dibujado. Medido sobre los 106 derechos, cada unidad vale unos 0,30 km² cuando el código es «C» y unos 0,22 km² cuando es «H» —que la interfaz del catastro rotula «hectáreas», y una hectárea es 0,01 km²—. El atlas no elige cuál de los dos datos vale: publica el perímetro, que es el que su propia cartografía dibuja, y deja el campo dicho con su desacuerdo."
      }
    },
    {
      "type": "Feature",
      "id": "minerales-derechos:valdelacueva-3149",
      "geometry": {
        "type": "Polygon",
        "coordinates": [
          [
            [
              -3.14018,
              40.04881
            ],
            [
              -3.13463,
              40.04881
            ],
            [
              -3.13463,
              40.10437
            ],
            [
              -3.14018,
              40.10437
            ],
            [
              -3.14018,
              40.04881
            ]
          ]
        ]
      },
      "properties": {
        "slug": "valdelacueva-3149",
        "nombre": "VALDELACUEVA",
        "categoria": "extinguido",
        "descripcion": "Permiso de Investigacion a nombre de TOLSA, S.A., en situación «Caducado».",
        "estado_registro": "vigente",
        "verif": "confirmado",
        "geo_precision": "exacta",
        "geo_fuente": "perímetro del derecho minero, del shapefile del Catastro Minero (ETRS89, que a 5 decimales es WGS84)",
        "geo_fuente__v": "confirmado",
        "geo_fuente__f": "f1",
        "fecha_alta": "2026-08-06",
        "fecha_verificacion": "2026-08-06",
        "titular": "TOLSA, S.A.",
        "titular__v": "confirmado",
        "titular__f": "f1",
        "tipo_derecho": "Permiso de Investigacion",
        "situacion": "Caducado",
        "situacion__v": "confirmado",
        "situacion__f": "f1",
        "n_registro": "3149",
        "sustancia_principal": "Algunos recursos de la seccion C)",
        "sustancias": [
          "Algunos recursos de la seccion C)"
        ],
        "superficie_declarada": "10.0 H",
        "provincia": "Madrid",
        "fuentes": [
          {
            "id": "f1",
            "tipo": "primaria",
            "titulo": "Catastro Minero — derechos mineros de la provincia de Madrid (shapefile, ETRS89)",
            "url": "https://geoportal.minetur.gob.es/CatastroMinero/api/reportDerechosMineros?idProv=28&geometria&extension=SHP",
            "fecha": "2026-08-06",
            "archivo": "fuentes/2026-08-06_miteco_catastro-minero-madrid.zip"
          }
        ],
        "nota": "El perímetro es el del DERECHO, exacto sobre sí mismo: es un envolvente administrativo de cuadrículas mineras, no el contorno de una instalación. Saber dónde está el derecho no es saber dónde está la mina. La geometría viene del shapefile del catastro y NO de su exportación en CSV, que trunca la lista de vértices a 424 caracteres y pierde esquinas sin avisar. OJO CON «superficie_declarada»: se publica tal cual la da el catastro y NO concuerda con el perímetro dibujado. Medido sobre los 106 derechos, cada unidad vale unos 0,30 km² cuando el código es «C» y unos 0,22 km² cuando es «H» —que la interfaz del catastro rotula «hectáreas», y una hectárea es 0,01 km²—. El atlas no elige cuál de los dos datos vale: publica el perímetro, que es el que su propia cartografía dibuja, y deja el campo dicho con su desacuerdo."
      }
    },
    {
      "type": "Feature",
      "id": "minerales-derechos:valdeparaiso-2399",
      "geometry": {
        "type": "Polygon",
        "coordinates": [
          [
            [
              -3.55742,
              40.30076
            ],
            [
              -3.56936,
              40.30076
            ],
            [
              -3.56936,
              40.29632
            ],
            [
              -3.5763,
              40.29632
            ],
            [
              -3.5763,
              40.29382
            ],
            [
              -3.58353,
              40.29382
            ],
            [
              -3.58353,
              40.2902
            ],
            [
              -3.61631,
              40.2902
            ],
            [
              -3.63408,
              40.2902
            ],
            [
              -3.63408,
              40.27131
            ],
            [
              -3.5588,
              40.27104
            ],
            [
              -3.5588,
              40.2802
            ],
            [
              -3.55519,
              40.2802
            ],
            [
              -3.55519,
              40.28909
            ],
            [
              -3.55158,
              40.28909
            ],
            [
              -3.55158,
              40.29826
            ],
            [
              -3.54464,
              40.29826
            ],
            [
              -3.54464,
              40.30715
            ],
            [
              -3.53991,
              40.30715
            ],
            [
              -3.53991,
              40.31159
            ],
            [
              -3.55769,
              40.31159
            ],
            [
              -3.55742,
              40.30076
            ]
          ]
        ]
      },
      "properties": {
        "slug": "valdeparaiso-2399",
        "nombre": "VALDEPARAISO",
        "categoria": "extinguido",
        "descripcion": "Concesion de Explotacion  Derivada a nombre de TOLSA, S.A., en situación «Caducado».",
        "estado_registro": "vigente",
        "verif": "confirmado",
        "geo_precision": "exacta",
        "geo_fuente": "perímetro del derecho minero, del shapefile del Catastro Minero (ETRS89, que a 5 decimales es WGS84)",
        "geo_fuente__v": "confirmado",
        "geo_fuente__f": "f1",
        "fecha_alta": "2026-08-06",
        "fecha_verificacion": "2026-08-06",
        "titular": "TOLSA, S.A.",
        "titular__v": "confirmado",
        "titular__f": "f1",
        "tipo_derecho": "Concesion de Explotacion  Derivada",
        "situacion": "Caducado",
        "situacion__v": "confirmado",
        "situacion__f": "f1",
        "n_registro": "2399",
        "sustancia_principal": "Bentonita",
        "sustancias": [
          "Bentonita"
        ],
        "superficie_declarada": "62.0 H",
        "provincia": "Madrid",
        "fuentes": [
          {
            "id": "f1",
            "tipo": "primaria",
            "titulo": "Catastro Minero — derechos mineros de la provincia de Madrid (shapefile, ETRS89)",
            "url": "https://geoportal.minetur.gob.es/CatastroMinero/api/reportDerechosMineros?idProv=28&geometria&extension=SHP",
            "fecha": "2026-08-06",
            "archivo": "fuentes/2026-08-06_miteco_catastro-minero-madrid.zip"
          }
        ],
        "nota": "El perímetro es el del DERECHO, exacto sobre sí mismo: es un envolvente administrativo de cuadrículas mineras, no el contorno de una instalación. Saber dónde está el derecho no es saber dónde está la mina. La geometría viene del shapefile del catastro y NO de su exportación en CSV, que trunca la lista de vértices a 424 caracteres y pierde esquinas sin avisar. OJO CON «superficie_declarada»: se publica tal cual la da el catastro y NO concuerda con el perímetro dibujado. Medido sobre los 106 derechos, cada unidad vale unos 0,30 km² cuando el código es «C» y unos 0,22 km² cuando es «H» —que la interfaz del catastro rotula «hectáreas», y una hectárea es 0,01 km²—. El atlas no elige cuál de los dos datos vale: publica el perímetro, que es el que su propia cartografía dibuja, y deja el campo dicho con su desacuerdo."
      }
    },
    {
      "type": "Feature",
      "id": "minerales-derechos:velez-30786",
      "geometry": {
        "type": "Polygon",
        "coordinates": [
          [
            [
              -3.42349,
              36.84874
            ],
            [
              -3.42349,
              36.84318
            ],
            [
              -3.42904,
              36.84318
            ],
            [
              -3.42904,
              36.83762
            ],
            [
              -3.44015,
              36.83762
            ],
            [
              -3.44015,
              36.83207
            ],
            [
              -3.4346,
              36.83207
            ],
            [
              -3.4346,
              36.80985
            ],
            [
              -3.44015,
              36.80985
            ],
            [
              -3.44015,
              36.80429
            ],
            [
              -3.45682,
              36.80429
            ],
            [
              -3.45682,
              36.80985
            ],
            [
              -3.45126,
              36.80985
            ],
            [
              -3.45126,
              36.8154
            ],
            [
              -3.45682,
              36.8154
            ],
            [
              -3.45682,
              36.82096
            ],
            [
              -3.46238,
              36.82096
            ],
            [
              -3.46238,
              36.83207
            ],
            [
              -3.44571,
              36.83207
            ],
            [
              -3.44571,
              36.84874
            ],
            [
              -3.46793,
              36.84874
            ],
            [
              -3.46793,
              36.83762
            ],
            [
              -3.47349,
              36.83762
            ],
            [
              -3.47349,
              36.83207
            ],
            [
              -3.4846,
              36.83207
            ],
            [
              -3.4846,
              36.82096
            ],
            [
              -3.46793,
              36.82096
            ],
            [
              -3.46793,
              36.80985
            ],
            [
              -3.4846,
              36.80985
            ],
            [
              -3.4846,
              36.80429
            ],
            [
              -3.46238,
              36.80429
            ],
            [
              -3.46238,
              36.79874
            ],
            [
              -3.42349,
              36.79874
            ],
            [
              -3.42349,
              36.80985
            ],
            [
              -3.41793,
              36.80985
            ],
            [
              -3.41793,
              36.81541
            ],
            [
              -3.41237,
              36.81541
            ],
            [
              -3.41237,
              36.84874
            ],
            [
              -3.42349,
              36.84874
            ]
          ]
        ]
      },
      "properties": {
        "slug": "velez-30786",
        "nombre": "VELEZ",
        "categoria": "vigente",
        "descripcion": "Permiso de Investigacion a nombre de SOLVAY MINERALES, S.A. (KALI- CHEMIE IBERIA, S.A.), en situación «Otorgado».",
        "estado_registro": "vigente",
        "verif": "confirmado",
        "geo_precision": "exacta",
        "geo_fuente": "perímetro del derecho minero, del shapefile del Catastro Minero (ETRS89, que a 5 decimales es WGS84)",
        "geo_fuente__v": "confirmado",
        "geo_fuente__f": "f1",
        "fecha_alta": "2026-08-06",
        "fecha_verificacion": "2026-08-06",
        "titular": "SOLVAY MINERALES, S.A. (KALI- CHEMIE IBERIA, S.A.)",
        "titular__v": "confirmado",
        "titular__f": "f1",
        "tipo_derecho": "Permiso de Investigacion",
        "situacion": "Otorgado",
        "situacion__v": "confirmado",
        "situacion__f": "f1",
        "n_registro": "30786",
        "sustancia_principal": "Fluorita",
        "sustancias": [
          "Fluorita",
          "Plomo"
        ],
        "superficie_declarada": "66.0 C",
        "provincia": "Granada",
        "fuentes": [
          {
            "id": "f1",
            "tipo": "primaria",
            "titulo": "Catastro Minero — derechos mineros de la provincia de Granada (shapefile, ETRS89)",
            "url": "https://geoportal.minetur.gob.es/CatastroMinero/api/reportDerechosMineros?idProv=18&geometria&extension=SHP",
            "fecha": "2026-08-06",
            "archivo": "fuentes/2026-08-06_miteco_catastro-minero-granada.zip"
          }
        ],
        "nota": "El perímetro es el del DERECHO, exacto sobre sí mismo: es un envolvente administrativo de cuadrículas mineras, no el contorno de una instalación. Saber dónde está el derecho no es saber dónde está la mina. La geometría viene del shapefile del catastro y NO de su exportación en CSV, que trunca la lista de vértices a 424 caracteres y pierde esquinas sin avisar. OJO CON «superficie_declarada»: se publica tal cual la da el catastro y NO concuerda con el perímetro dibujado. Medido sobre los 106 derechos, cada unidad vale unos 0,30 km² cuando el código es «C» y unos 0,22 km² cuando es «H» —que la interfaz del catastro rotula «hectáreas», y una hectárea es 0,01 km²—. El atlas no elige cuál de los dos datos vale: publica el perímetro, que es el que su propia cartografía dibuja, y deja el campo dicho con su desacuerdo."
      }
    },
    {
      "type": "Feature",
      "id": "minerales-derechos:velez-2-30792",
      "geometry": {
        "type": "Polygon",
        "coordinates": [
          [
            [
              -3.44571,
              36.8154
            ],
            [
              -3.46793,
              36.8154
            ],
            [
              -3.46793,
              36.82096
            ],
            [
              -3.4846,
              36.82096
            ],
            [
              -3.4846,
              36.80985
            ],
            [
              -3.45682,
              36.80985
            ],
            [
              -3.45682,
              36.80429
            ],
            [
              -3.44015,
              36.80429
            ],
            [
              -3.44015,
              36.80985
            ],
            [
              -3.4346,
              36.80985
            ],
            [
              -3.4346,
              36.82096
            ],
            [
              -3.44571,
              36.82096
            ],
            [
              -3.44571,
              36.8154
            ]
          ]
        ]
      },
      "properties": {
        "slug": "velez-2-30792",
        "nombre": "VELEZ 2",
        "categoria": "en_tramite",
        "descripcion": "Permiso de Investigacion a nombre de SOLVAY MINERALES, S.A., en situación «Tramite/otorgamiento».",
        "estado_registro": "vigente",
        "verif": "confirmado",
        "geo_precision": "exacta",
        "geo_fuente": "perímetro del derecho minero, del shapefile del Catastro Minero (ETRS89, que a 5 decimales es WGS84)",
        "geo_fuente__v": "confirmado",
        "geo_fuente__f": "f1",
        "fecha_alta": "2026-08-06",
        "fecha_verificacion": "2026-08-06",
        "titular": "SOLVAY MINERALES, S.A.",
        "titular__v": "confirmado",
        "titular__f": "f1",
        "tipo_derecho": "Permiso de Investigacion",
        "situacion": "Tramite/otorgamiento",
        "situacion__v": "confirmado",
        "situacion__f": "f1",
        "n_registro": "30792",
        "sustancia_principal": "Fluorita",
        "sustancias": [
          "Fluorita",
          "Plomo",
          "Zinc"
        ],
        "superficie_declarada": "17.0 C",
        "provincia": "Granada",
        "fuentes": [
          {
            "id": "f1",
            "tipo": "primaria",
            "titulo": "Catastro Minero — derechos mineros de la provincia de Granada (shapefile, ETRS89)",
            "url": "https://geoportal.minetur.gob.es/CatastroMinero/api/reportDerechosMineros?idProv=18&geometria&extension=SHP",
            "fecha": "2026-08-06",
            "archivo": "fuentes/2026-08-06_miteco_catastro-minero-granada.zip"
          }
        ],
        "nota": "El perímetro es el del DERECHO, exacto sobre sí mismo: es un envolvente administrativo de cuadrículas mineras, no el contorno de una instalación. Saber dónde está el derecho no es saber dónde está la mina. La geometría viene del shapefile del catastro y NO de su exportación en CSV, que trunca la lista de vértices a 424 caracteres y pierde esquinas sin avisar. OJO CON «superficie_declarada»: se publica tal cual la da el catastro y NO concuerda con el perímetro dibujado. Medido sobre los 106 derechos, cada unidad vale unos 0,30 km² cuando el código es «C» y unos 0,22 km² cuando es «H» —que la interfaz del catastro rotula «hectáreas», y una hectárea es 0,01 km²—. El atlas no elige cuál de los dos datos vale: publica el perímetro, que es el que su propia cartografía dibuja, y deja el campo dicho con su desacuerdo."
      }
    },
    {
      "type": "Feature",
      "id": "minerales-derechos:vences-1-5251",
      "geometry": {
        "type": "Polygon",
        "coordinates": [
          [
            [
              -7.47924,
              42.02105
            ],
            [
              -7.47369,
              42.02105
            ],
            [
              -7.47369,
              42.00994
            ],
            [
              -7.46813,
              42.00994
            ],
            [
              -7.46813,
              41.99882
            ],
            [
              -7.49035,
              41.99882
            ],
            [
              -7.49035,
              42.00994
            ],
            [
              -7.49591,
              42.00994
            ],
            [
              -7.49591,
              41.98771
            ],
            [
              -7.4848,
              41.98771
            ],
            [
              -7.4848,
              41.98216
            ],
            [
              -7.47369,
              41.98216
            ],
            [
              -7.47369,
              41.9766
            ],
            [
              -7.45702,
              41.9766
            ],
            [
              -7.45702,
              41.98216
            ],
            [
              -7.46258,
              41.98216
            ],
            [
              -7.46258,
              42.01549
            ],
            [
              -7.46813,
              42.01549
            ],
            [
              -7.46813,
              42.0266
            ],
            [
              -7.47369,
              42.0266
            ],
            [
              -7.47369,
              42.03216
            ],
            [
              -7.47924,
              42.03216
            ],
            [
              -7.47924,
              42.02105
            ]
          ]
        ]
      },
      "properties": {
        "slug": "vences-1-5251",
        "nombre": "VENCES-1",
        "categoria": "en_tramite",
        "descripcion": "Permiso de Investigacion a nombre de QUANTUM MINERIA, S.L., en situación «Tramite/otorgamiento».",
        "estado_registro": "vigente",
        "verif": "confirmado",
        "geo_precision": "exacta",
        "geo_fuente": "perímetro del derecho minero, del shapefile del Catastro Minero (ETRS89, que a 5 decimales es WGS84)",
        "geo_fuente__v": "confirmado",
        "geo_fuente__f": "f1",
        "fecha_alta": "2026-08-06",
        "fecha_verificacion": "2026-08-06",
        "titular": "QUANTUM MINERIA, S.L.",
        "titular__v": "confirmado",
        "titular__f": "f1",
        "tipo_derecho": "Permiso de Investigacion",
        "situacion": "Tramite/otorgamiento",
        "situacion__v": "confirmado",
        "situacion__f": "f1",
        "n_registro": "5251",
        "sustancia_principal": "Estaño",
        "sustancias": [
          "Estaño",
          "Otros min. metalicos",
          "Wolframio"
        ],
        "superficie_declarada": "29.0 C",
        "provincia": "Ourense",
        "fuentes": [
          {
            "id": "f1",
            "tipo": "primaria",
            "titulo": "Catastro Minero — derechos mineros de la provincia de Ourense (shapefile, ETRS89)",
            "url": "https://geoportal.minetur.gob.es/CatastroMinero/api/reportDerechosMineros?idProv=32&geometria&extension=SHP",
            "fecha": "2026-08-06",
            "archivo": "fuentes/2026-08-06_miteco_catastro-minero-ourense.zip"
          }
        ],
        "nota": "El perímetro es el del DERECHO, exacto sobre sí mismo: es un envolvente administrativo de cuadrículas mineras, no el contorno de una instalación. Saber dónde está el derecho no es saber dónde está la mina. La geometría viene del shapefile del catastro y NO de su exportación en CSV, que trunca la lista de vértices a 424 caracteres y pierde esquinas sin avisar. OJO CON «superficie_declarada»: se publica tal cual la da el catastro y NO concuerda con el perímetro dibujado. Medido sobre los 106 derechos, cada unidad vale unos 0,30 km² cuando el código es «C» y unos 0,22 km² cuando es «H» —que la interfaz del catastro rotula «hectáreas», y una hectárea es 0,01 km²—. El atlas no elige cuál de los dos datos vale: publica el perímetro, que es el que su propia cartografía dibuja, y deja el campo dicho con su desacuerdo."
      }
    },
    {
      "type": "Feature",
      "id": "minerales-derechos:victoria-2048",
      "geometry": {
        "type": "Polygon",
        "coordinates": [
          [
            [
              -3.56249,
              40.38257
            ],
            [
              -3.54834,
              40.38255
            ],
            [
              -3.54834,
              40.38436
            ],
            [
              -3.53301,
              40.38434
            ],
            [
              -3.53303,
              40.37622
            ],
            [
              -3.52124,
              40.37621
            ],
            [
              -3.52113,
              40.42039
            ],
            [
              -3.54709,
              40.42042
            ],
            [
              -3.5471,
              40.41411
            ],
            [
              -3.53294,
              40.41409
            ],
            [
              -3.53296,
              40.40778
            ],
            [
              -3.52234,
              40.40777
            ],
            [
              -3.52238,
              40.39154
            ],
            [
              -3.533,
              40.39155
            ],
            [
              -3.53301,
              40.38524
            ],
            [
              -3.54834,
              40.38526
            ],
            [
              -3.54833,
              40.38796
            ],
            [
              -3.54597,
              40.38796
            ],
            [
              -3.54597,
              40.38976
            ],
            [
              -3.54361,
              40.38976
            ],
            [
              -3.54361,
              40.39247
            ],
            [
              -3.54479,
              40.39247
            ],
            [
              -3.54479,
              40.39157
            ],
            [
              -3.54714,
              40.39157
            ],
            [
              -3.54715,
              40.39067
            ],
            [
              -3.55186,
              40.39067
            ],
            [
              -3.55187,
              40.38977
            ],
            [
              -3.56012,
              40.38978
            ],
            [
              -3.56011,
              40.39429
            ],
            [
              -3.58016,
              40.39431
            ],
            [
              -3.58014,
              40.40513
            ],
            [
              -3.59076,
              40.40514
            ],
            [
              -3.59074,
              40.41416
            ],
            [
              -3.58012,
              40.41415
            ],
            [
              -3.58011,
              40.42226
            ],
            [
              -3.59781,
              40.42228
            ],
            [
              -3.59784,
              40.39613
            ],
            [
              -3.60138,
              40.39613
            ],
            [
              -3.60138,
              40.39343
            ],
            [
              -3.60374,
              40.39343
            ],
            [
              -3.60374,
              40.39162
            ],
            [
              -3.6061,
              40.39163
            ],
            [
              -3.6061,
              40.38982
            ],
            [
              -3.59549,
              40.38981
            ],
            [
              -3.59549,
              40.38891
            ],
            [
              -3.59196,
              40.38891
            ],
            [
              -3.59197,
              40.37989
            ],
            [
              -3.59904,
              40.3799
            ],
            [
              -3.59905,
              40.37359
            ],
            [
              -3.59669,
              40.37359
            ],
            [
              -3.59669,
              40.37269
            ],
            [
              -3.59552,
              40.37268
            ],
            [
              -3.59552,
              40.37178
            ],
            [
              -3.59316,
              40.37178
            ],
            [
              -3.59317,
              40.36457
            ],
            [
              -3.56253,
              40.36454
            ],
            [
              -3.56249,
              40.38257
            ]
          ],
          [
            [
              -3.58489,
              40.36727
            ],
            [
              -3.58487,
              40.37718
            ],
            [
              -3.5719,
              40.37717
            ],
            [
              -3.57192,
              40.36725
            ],
            [
              -3.58489,
              40.36727
            ]
          ]
        ]
      },
      "properties": {
        "slug": "victoria-2048",
        "nombre": "VICTORIA",
        "categoria": "vigente",
        "descripcion": "Concesion de Explotacion  Derivada a nombre de TOLSA, S.A., en situación «Otorgado».",
        "estado_registro": "vigente",
        "verif": "confirmado",
        "geo_precision": "exacta",
        "geo_fuente": "perímetro del derecho minero, del shapefile del Catastro Minero (ETRS89, que a 5 decimales es WGS84)",
        "geo_fuente__v": "confirmado",
        "geo_fuente__f": "f1",
        "fecha_alta": "2026-08-06",
        "fecha_verificacion": "2026-08-06",
        "titular": "TOLSA, S.A.",
        "titular__v": "confirmado",
        "titular__f": "f1",
        "tipo_derecho": "Concesion de Explotacion  Derivada",
        "situacion": "Otorgado",
        "situacion__v": "confirmado",
        "situacion__f": "f1",
        "n_registro": "2048",
        "sustancia_principal": "Sepiolita",
        "sustancias": [
          "Sepiolita"
        ],
        "superficie_declarada": "60.0 H",
        "provincia": "Madrid",
        "fuentes": [
          {
            "id": "f1",
            "tipo": "primaria",
            "titulo": "Catastro Minero — derechos mineros de la provincia de Madrid (shapefile, ETRS89)",
            "url": "https://geoportal.minetur.gob.es/CatastroMinero/api/reportDerechosMineros?idProv=28&geometria&extension=SHP",
            "fecha": "2026-08-06",
            "archivo": "fuentes/2026-08-06_miteco_catastro-minero-madrid.zip"
          }
        ],
        "nota": "El perímetro es el del DERECHO, exacto sobre sí mismo: es un envolvente administrativo de cuadrículas mineras, no el contorno de una instalación. Saber dónde está el derecho no es saber dónde está la mina. La geometría viene del shapefile del catastro y NO de su exportación en CSV, que trunca la lista de vértices a 424 caracteres y pierde esquinas sin avisar. OJO CON «superficie_declarada»: se publica tal cual la da el catastro y NO concuerda con el perímetro dibujado. Medido sobre los 106 derechos, cada unidad vale unos 0,30 km² cuando el código es «C» y unos 0,22 km² cuando es «H» —que la interfaz del catastro rotula «hectáreas», y una hectárea es 0,01 km²—. El atlas no elige cuál de los dos datos vale: publica el perímetro, que es el que su propia cartografía dibuja, y deja el campo dicho con su desacuerdo."
      }
    },
    {
      "type": "Feature",
      "id": "minerales-derechos:victoria-7768",
      "geometry": {
        "type": "Polygon",
        "coordinates": [
          [
            [
              -6.11054,
              39.08848
            ],
            [
              -6.08775,
              39.08536
            ],
            [
              -6.08815,
              39.08358
            ],
            [
              -6.07106,
              39.08124
            ],
            [
              -6.06906,
              39.09012
            ],
            [
              -6.12604,
              39.09792
            ],
            [
              -6.13004,
              39.08015
            ],
            [
              -6.09585,
              39.07548
            ],
            [
              -6.09485,
              39.07992
            ],
            [
              -6.09371,
              39.07976
            ],
            [
              -6.09331,
              39.08154
            ],
            [
              -6.09217,
              39.08138
            ],
            [
              -6.09197,
              39.08227
            ],
            [
              -6.11134,
              39.08492
            ],
            [
              -6.11074,
              39.08759
            ],
            [
              -6.11054,
              39.08848
            ]
          ]
        ]
      },
      "properties": {
        "slug": "victoria-7768",
        "nombre": "VICTORIA",
        "categoria": "vigente",
        "descripcion": "Concesion Directa de Explotacion a nombre de IBERIAN RESOURCES SPAIN, S.L., en situación «Otorgado».",
        "estado_registro": "vigente",
        "verif": "confirmado",
        "geo_precision": "exacta",
        "geo_fuente": "perímetro del derecho minero, del shapefile del Catastro Minero (ETRS89, que a 5 decimales es WGS84)",
        "geo_fuente__v": "confirmado",
        "geo_fuente__f": "f1",
        "fecha_alta": "2026-08-06",
        "fecha_verificacion": "2026-08-06",
        "titular": "IBERIAN RESOURCES SPAIN, S.L.",
        "titular__v": "confirmado",
        "titular__f": "f1",
        "tipo_derecho": "Concesion Directa de Explotacion",
        "situacion": "Otorgado",
        "situacion__v": "confirmado",
        "situacion__f": "f1",
        "n_registro": "7768",
        "sustancia_principal": "Wolframio",
        "sustancias": [
          "Wolframio"
        ],
        "superficie_declarada": "736.05 H",
        "provincia": "Badajoz y Cáceres",
        "fuentes": [
          {
            "id": "f1",
            "tipo": "primaria",
            "titulo": "Catastro Minero — derechos mineros de la provincia de Badajoz (shapefile, ETRS89)",
            "url": "https://geoportal.minetur.gob.es/CatastroMinero/api/reportDerechosMineros?idProv=06&geometria&extension=SHP",
            "fecha": "2026-08-06",
            "archivo": "fuentes/2026-08-06_miteco_catastro-minero-badajoz.zip"
          }
        ],
        "nota": "El perímetro es el del DERECHO, exacto sobre sí mismo: es un envolvente administrativo de cuadrículas mineras, no el contorno de una instalación. Saber dónde está el derecho no es saber dónde está la mina. La geometría viene del shapefile del catastro y NO de su exportación en CSV, que trunca la lista de vértices a 424 caracteres y pierde esquinas sin avisar. OJO CON «superficie_declarada»: se publica tal cual la da el catastro y NO concuerda con el perímetro dibujado. Medido sobre los 106 derechos, cada unidad vale unos 0,30 km² cuando el código es «C» y unos 0,22 km² cuando es «H» —que la interfaz del catastro rotula «hectáreas», y una hectárea es 0,01 km²—. El atlas no elige cuál de los dos datos vale: publica el perímetro, que es el que su propia cartografía dibuja, y deja el campo dicho con su desacuerdo."
      }
    },
    {
      "type": "Feature",
      "id": "minerales-derechos:victoria-ii-2101",
      "geometry": {
        "type": "Polygon",
        "coordinates": [
          [
            [
              -3.59781,
              40.42228
            ],
            [
              -3.58011,
              40.42226
            ],
            [
              -3.58012,
              40.41415
            ],
            [
              -3.56833,
              40.41414
            ],
            [
              -3.5683,
              40.42856
            ],
            [
              -3.57302,
              40.42857
            ],
            [
              -3.57302,
              40.43307
            ],
            [
              -3.59543,
              40.43309
            ],
            [
              -3.59544,
              40.42408
            ],
            [
              -3.60607,
              40.42409
            ],
            [
              -3.60607,
              40.42048
            ],
            [
              -3.61079,
              40.42048
            ],
            [
              -3.61079,
              40.41868
            ],
            [
              -3.59781,
              40.41867
            ],
            [
              -3.59781,
              40.42228
            ]
          ]
        ]
      },
      "properties": {
        "slug": "victoria-ii-2101",
        "nombre": "VICTORIA II",
        "categoria": "vigente",
        "descripcion": "Concesion de Explotacion  Derivada a nombre de TOLSA, S.A., en situación «Otorgado».",
        "estado_registro": "vigente",
        "verif": "confirmado",
        "geo_precision": "exacta",
        "geo_fuente": "perímetro del derecho minero, del shapefile del Catastro Minero (ETRS89, que a 5 decimales es WGS84)",
        "geo_fuente__v": "confirmado",
        "geo_fuente__f": "f1",
        "fecha_alta": "2026-08-06",
        "fecha_verificacion": "2026-08-06",
        "titular": "TOLSA, S.A.",
        "titular__v": "confirmado",
        "titular__f": "f1",
        "tipo_derecho": "Concesion de Explotacion  Derivada",
        "situacion": "Otorgado",
        "situacion__v": "confirmado",
        "situacion__f": "f1",
        "n_registro": "2101",
        "sustancia_principal": "Sepiolita",
        "sustancias": [
          "Sepiolita"
        ],
        "superficie_declarada": "14.0 H",
        "provincia": "Madrid",
        "fuentes": [
          {
            "id": "f1",
            "tipo": "primaria",
            "titulo": "Catastro Minero — derechos mineros de la provincia de Madrid (shapefile, ETRS89)",
            "url": "https://geoportal.minetur.gob.es/CatastroMinero/api/reportDerechosMineros?idProv=28&geometria&extension=SHP",
            "fecha": "2026-08-06",
            "archivo": "fuentes/2026-08-06_miteco_catastro-minero-madrid.zip"
          }
        ],
        "nota": "El perímetro es el del DERECHO, exacto sobre sí mismo: es un envolvente administrativo de cuadrículas mineras, no el contorno de una instalación. Saber dónde está el derecho no es saber dónde está la mina. La geometría viene del shapefile del catastro y NO de su exportación en CSV, que trunca la lista de vértices a 424 caracteres y pierde esquinas sin avisar. OJO CON «superficie_declarada»: se publica tal cual la da el catastro y NO concuerda con el perímetro dibujado. Medido sobre los 106 derechos, cada unidad vale unos 0,30 km² cuando el código es «C» y unos 0,22 km² cuando es «H» —que la interfaz del catastro rotula «hectáreas», y una hectárea es 0,01 km²—. El atlas no elige cuál de los dos datos vale: publica el perímetro, que es el que su propia cartografía dibuja, y deja el campo dicho con su desacuerdo."
      }
    },
    {
      "type": "Feature",
      "id": "minerales-derechos:victoria-iii-2103",
      "geometry": {
        "type": "Polygon",
        "coordinates": [
          [
            [
              -3.58991,
              40.41361
            ],
            [
              -3.58992,
              40.40549
            ],
            [
              -3.56158,
              40.40549
            ],
            [
              -3.54269,
              40.40549
            ],
            [
              -3.54278,
              40.39282
            ],
            [
              -3.54278,
              40.38921
            ],
            [
              -3.54514,
              40.38922
            ],
            [
              -3.54515,
              40.38741
            ],
            [
              -3.5475,
              40.38742
            ],
            [
              -3.54751,
              40.38561
            ],
            [
              -3.53336,
              40.38559
            ],
            [
              -3.53335,
              40.39101
            ],
            [
              -3.53924,
              40.39101
            ],
            [
              -3.53921,
              40.40724
            ],
            [
              -3.53331,
              40.40724
            ],
            [
              -3.5333,
              40.41355
            ],
            [
              -3.58991,
              40.41361
            ]
          ]
        ]
      },
      "properties": {
        "slug": "victoria-iii-2103",
        "nombre": "VICTORIA III",
        "categoria": "vigente",
        "descripcion": "Concesion de Explotacion  Derivada a nombre de TOLSA, S.A., en situación «Otorgado».",
        "estado_registro": "vigente",
        "verif": "confirmado",
        "geo_precision": "exacta",
        "geo_fuente": "perímetro del derecho minero, del shapefile del Catastro Minero (ETRS89, que a 5 decimales es WGS84)",
        "geo_fuente__v": "confirmado",
        "geo_fuente__f": "f1",
        "fecha_alta": "2026-08-06",
        "fecha_verificacion": "2026-08-06",
        "titular": "TOLSA, S.A.",
        "titular__v": "confirmado",
        "titular__f": "f1",
        "tipo_derecho": "Concesion de Explotacion  Derivada",
        "situacion": "Otorgado",
        "situacion__v": "confirmado",
        "situacion__f": "f1",
        "n_registro": "2103",
        "sustancia_principal": "Sepiolita",
        "sustancias": [
          "Sepiolita"
        ],
        "superficie_declarada": "19.0 H",
        "provincia": "Madrid",
        "fuentes": [
          {
            "id": "f1",
            "tipo": "primaria",
            "titulo": "Catastro Minero — derechos mineros de la provincia de Madrid (shapefile, ETRS89)",
            "url": "https://geoportal.minetur.gob.es/CatastroMinero/api/reportDerechosMineros?idProv=28&geometria&extension=SHP",
            "fecha": "2026-08-06",
            "archivo": "fuentes/2026-08-06_miteco_catastro-minero-madrid.zip"
          }
        ],
        "nota": "El perímetro es el del DERECHO, exacto sobre sí mismo: es un envolvente administrativo de cuadrículas mineras, no el contorno de una instalación. Saber dónde está el derecho no es saber dónde está la mina. La geometría viene del shapefile del catastro y NO de su exportación en CSV, que trunca la lista de vértices a 424 caracteres y pierde esquinas sin avisar. OJO CON «superficie_declarada»: se publica tal cual la da el catastro y NO concuerda con el perímetro dibujado. Medido sobre los 106 derechos, cada unidad vale unos 0,30 km² cuando el código es «C» y unos 0,22 km² cuando es «H» —que la interfaz del catastro rotula «hectáreas», y una hectárea es 0,01 km²—. El atlas no elige cuál de los dos datos vale: publica el perímetro, que es el que su propia cartografía dibuja, y deja el campo dicho con su desacuerdo."
      }
    },
    {
      "type": "Feature",
      "id": "minerales-derechos:victoria-iv-2132",
      "geometry": {
        "type": "Polygon",
        "coordinates": [
          [
            [
              -3.53672,
              40.40705
            ],
            [
              -3.53907,
              40.40706
            ],
            [
              -3.53911,
              40.39172
            ],
            [
              -3.5226,
              40.3917
            ],
            [
              -3.52256,
              40.40703
            ],
            [
              -3.53082,
              40.40704
            ],
            [
              -3.53084,
              40.40209
            ],
            [
              -3.53084,
              40.39802
            ],
            [
              -3.53674,
              40.39803
            ],
            [
              -3.53672,
              40.40705
            ]
          ]
        ]
      },
      "properties": {
        "slug": "victoria-iv-2132",
        "nombre": "VICTORIA IV",
        "categoria": "vigente",
        "descripcion": "Concesion de Explotacion  Derivada a nombre de TOLSA, S.A., en situación «Otorgado».",
        "estado_registro": "vigente",
        "verif": "confirmado",
        "geo_precision": "exacta",
        "geo_fuente": "perímetro del derecho minero, del shapefile del Catastro Minero (ETRS89, que a 5 decimales es WGS84)",
        "geo_fuente__v": "confirmado",
        "geo_fuente__f": "f1",
        "fecha_alta": "2026-08-06",
        "fecha_verificacion": "2026-08-06",
        "titular": "TOLSA, S.A.",
        "titular__v": "confirmado",
        "titular__f": "f1",
        "tipo_derecho": "Concesion de Explotacion  Derivada",
        "situacion": "Otorgado",
        "situacion__v": "confirmado",
        "situacion__f": "f1",
        "n_registro": "2132",
        "sustancia_principal": "Sepiolita",
        "sustancias": [
          "Sepiolita"
        ],
        "superficie_declarada": "7.0 H",
        "provincia": "Madrid",
        "fuentes": [
          {
            "id": "f1",
            "tipo": "primaria",
            "titulo": "Catastro Minero — derechos mineros de la provincia de Madrid (shapefile, ETRS89)",
            "url": "https://geoportal.minetur.gob.es/CatastroMinero/api/reportDerechosMineros?idProv=28&geometria&extension=SHP",
            "fecha": "2026-08-06",
            "archivo": "fuentes/2026-08-06_miteco_catastro-minero-madrid.zip"
          }
        ],
        "nota": "El perímetro es el del DERECHO, exacto sobre sí mismo: es un envolvente administrativo de cuadrículas mineras, no el contorno de una instalación. Saber dónde está el derecho no es saber dónde está la mina. La geometría viene del shapefile del catastro y NO de su exportación en CSV, que trunca la lista de vértices a 424 caracteres y pierde esquinas sin avisar. OJO CON «superficie_declarada»: se publica tal cual la da el catastro y NO concuerda con el perímetro dibujado. Medido sobre los 106 derechos, cada unidad vale unos 0,30 km² cuando el código es «C» y unos 0,22 km² cuando es «H» —que la interfaz del catastro rotula «hectáreas», y una hectárea es 0,01 km²—. El atlas no elige cuál de los dos datos vale: publica el perímetro, que es el que su propia cartografía dibuja, y deja el campo dicho con su desacuerdo."
      }
    },
    {
      "type": "Feature",
      "id": "minerales-derechos:victoria-v-2142",
      "geometry": {
        "type": "Polygon",
        "coordinates": [
          [
            [
              -3.56242,
              40.39604
            ],
            [
              -3.56242,
              40.40521
            ],
            [
              -3.58019,
              40.40521
            ],
            [
              -3.58019,
              40.39437
            ],
            [
              -3.56131,
              40.39437
            ],
            [
              -3.56131,
              40.39604
            ],
            [
              -3.56242,
              40.39604
            ]
          ]
        ]
      },
      "properties": {
        "slug": "victoria-v-2142",
        "nombre": "VICTORIA V",
        "categoria": "vigente",
        "descripcion": "Concesion de Explotacion  Derivada a nombre de TOLSA, S.A., en situación «Otorgado».",
        "estado_registro": "vigente",
        "verif": "confirmado",
        "geo_precision": "exacta",
        "geo_fuente": "perímetro del derecho minero, del shapefile del Catastro Minero (ETRS89, que a 5 decimales es WGS84)",
        "geo_fuente__v": "confirmado",
        "geo_fuente__f": "f1",
        "fecha_alta": "2026-08-06",
        "fecha_verificacion": "2026-08-06",
        "titular": "TOLSA, S.A.",
        "titular__v": "confirmado",
        "titular__f": "f1",
        "tipo_derecho": "Concesion de Explotacion  Derivada",
        "situacion": "Otorgado",
        "situacion__v": "confirmado",
        "situacion__f": "f1",
        "n_registro": "2142",
        "sustancia_principal": "Sepiolita",
        "sustancias": [
          "Sepiolita"
        ],
        "superficie_declarada": "7.0 H",
        "provincia": "Madrid",
        "fuentes": [
          {
            "id": "f1",
            "tipo": "primaria",
            "titulo": "Catastro Minero — derechos mineros de la provincia de Madrid (shapefile, ETRS89)",
            "url": "https://geoportal.minetur.gob.es/CatastroMinero/api/reportDerechosMineros?idProv=28&geometria&extension=SHP",
            "fecha": "2026-08-06",
            "archivo": "fuentes/2026-08-06_miteco_catastro-minero-madrid.zip"
          }
        ],
        "nota": "El perímetro es el del DERECHO, exacto sobre sí mismo: es un envolvente administrativo de cuadrículas mineras, no el contorno de una instalación. Saber dónde está el derecho no es saber dónde está la mina. La geometría viene del shapefile del catastro y NO de su exportación en CSV, que trunca la lista de vértices a 424 caracteres y pierde esquinas sin avisar. OJO CON «superficie_declarada»: se publica tal cual la da el catastro y NO concuerda con el perímetro dibujado. Medido sobre los 106 derechos, cada unidad vale unos 0,30 km² cuando el código es «C» y unos 0,22 km² cuando es «H» —que la interfaz del catastro rotula «hectáreas», y una hectárea es 0,01 km²—. El atlas no elige cuál de los dos datos vale: publica el perímetro, que es el que su propia cartografía dibuja, y deja el campo dicho con su desacuerdo."
      }
    },
    {
      "type": "Feature",
      "id": "minerales-derechos:victoria-vi-2259",
      "geometry": {
        "type": "Polygon",
        "coordinates": [
          [
            [
              -3.53084,
              40.40028
            ],
            [
              -3.53082,
              40.40704
            ],
            [
              -3.53672,
              40.40705
            ],
            [
              -3.53674,
              40.39803
            ],
            [
              -3.53084,
              40.39802
            ],
            [
              -3.53084,
              40.40028
            ]
          ]
        ]
      },
      "properties": {
        "slug": "victoria-vi-2259",
        "nombre": "VICTORIA VI",
        "categoria": "vigente",
        "descripcion": "Concesion de Explotacion  Derivada a nombre de TOLSA, S.A., en situación «Otorgado».",
        "estado_registro": "vigente",
        "verif": "confirmado",
        "geo_precision": "exacta",
        "geo_fuente": "perímetro del derecho minero, del shapefile del Catastro Minero (ETRS89, que a 5 decimales es WGS84)",
        "geo_fuente__v": "confirmado",
        "geo_fuente__f": "f1",
        "fecha_alta": "2026-08-06",
        "fecha_verificacion": "2026-08-06",
        "titular": "TOLSA, S.A.",
        "titular__v": "confirmado",
        "titular__f": "f1",
        "tipo_derecho": "Concesion de Explotacion  Derivada",
        "situacion": "Otorgado",
        "situacion__v": "confirmado",
        "situacion__f": "f1",
        "n_registro": "2259",
        "sustancia_principal": "Sepiolita",
        "sustancias": [
          "Sepiolita"
        ],
        "superficie_declarada": "2.0 H",
        "provincia": "Madrid",
        "fuentes": [
          {
            "id": "f1",
            "tipo": "primaria",
            "titulo": "Catastro Minero — derechos mineros de la provincia de Madrid (shapefile, ETRS89)",
            "url": "https://geoportal.minetur.gob.es/CatastroMinero/api/reportDerechosMineros?idProv=28&geometria&extension=SHP",
            "fecha": "2026-08-06",
            "archivo": "fuentes/2026-08-06_miteco_catastro-minero-madrid.zip"
          }
        ],
        "nota": "El perímetro es el del DERECHO, exacto sobre sí mismo: es un envolvente administrativo de cuadrículas mineras, no el contorno de una instalación. Saber dónde está el derecho no es saber dónde está la mina. La geometría viene del shapefile del catastro y NO de su exportación en CSV, que trunca la lista de vértices a 424 caracteres y pierde esquinas sin avisar. OJO CON «superficie_declarada»: se publica tal cual la da el catastro y NO concuerda con el perímetro dibujado. Medido sobre los 106 derechos, cada unidad vale unos 0,30 km² cuando el código es «C» y unos 0,22 km² cuando es «H» —que la interfaz del catastro rotula «hectáreas», y una hectárea es 0,01 km²—. El atlas no elige cuál de los dos datos vale: publica el perímetro, que es el que su propia cartografía dibuja, y deja el campo dicho con su desacuerdo."
      }
    }
  ]
}
