{
  "type": "FeatureCollection",
  "atlas": {
    "capa": "perte",
    "schema_version": "1.18.0",
    "verificado_a": "2026-08-06"
  },
  "features": [
    {
      "type": "Feature",
      "id": "perte:b50846807-mos",
      "geometry": {
        "type": "Point",
        "coordinates": [
          -8.64013,
          42.19134
        ]
      },
      "properties": {
        "slug": "b50846807-mos",
        "nombre": "BENTELER AUTOMOTIVE VIGO, S.L. — Mos",
        "categoria": "plan_inversion",
        "descripcion": "Nuevas inversiones en la planta de Mos de Benteler para la mejora de la eficiencia energética en la producción de piezas destinadas al vehículo eléctrico",
        "estado_registro": "vigente",
        "verif": "confirmado",
        "geo_precision": "municipio",
        "geo_fuente": "punto del municipio en el Nomenclátor Geográfico Básico de España",
        "fecha_alta": "2026-08-06",
        "fecha_verificacion": "2026-08-06",
        "beneficiario": "BENTELER AUTOMOTIVE VIGO, S.L.",
        "titulo_plan": "Nuevas inversiones en la planta de Mos de Benteler para la mejora de la eficiencia energética en la producción de piezas destinadas al vehículo eléctrico",
        "cif": "B50846807",
        "codigo_plan": "VE2-010000-2024-0002",
        "instrumento": "Listado de solicitudes estimadas de la Propuesta de Resolución Definitiva del PERTE VEC — Sección B, convocatoria 2024 (Dirección General de Programas Industriales, Ministerio de Industria y Turismo)",
        "comision_verificacion": "2025-05-14",
        "fase": "tramitacion",
        "fase__v": "confirmado",
        "fase__f": "f1",
        "municipio": "Mos",
        "provincia": "Pontevedra",
        "presupuesto_financiable": 7623762.83,
        "presupuesto_financiable__v": "confirmado",
        "presupuesto_financiable__f": "f1",
        "gasto_subvencionable": 4457240.56,
        "gasto_subvencionable__v": "confirmado",
        "gasto_subvencionable__f": "f1",
        "subvencion_propuesta": 1510410.0,
        "subvencion_propuesta__v": "confirmado",
        "subvencion_propuesta__f": "f1",
        "prestamo_propuesto": 445725.0,
        "prestamo_propuesto__v": "confirmado",
        "prestamo_propuesto__f": "f1",
        "claves": [
          {
            "k": "El documento es un registro por comisiones, no una tabla",
            "v": "El listado recoge seis comisiones de verificación entre mayo y octubre de 2025, y un expediente puede aparecer en más de una: la posterior lo REVISA. Contar filas da 61; los expedientes vigentes son 57. Que esa lectura es la buena lo demuestran los TOTALES del propio documento, que cuadran al céntimo en las seis.",
            "verif": "confirmado",
            "fuente": "f1"
          }
        ],
        "fuentes": [
          {
            "id": "f1",
            "tipo": "primaria",
            "titulo": "Listado de solicitudes estimadas de la Propuesta de Resolución Definitiva del PERTE VEC — Sección B, convocatoria 2024 (Dirección General de Programas Industriales, Ministerio de Industria y Turismo)",
            "url": "https://www.mintur.gob.es/PortalAyudas/VEC-SECCIONB/Concesion/2024/Paginas/PropResDefinitiva.aspx",
            "fecha": "2025-10-20",
            "archivo": "fuentes/2026-08-06_mintur_perte-vec-seccion-b-2024-propuesta-resolucion-definitiva.pdf"
          },
          {
            "id": "f2",
            "tipo": "primaria",
            "titulo": "Nomenclátor Geográfico Básico de España — Instituto Geográfico Nacional, topónimos de tipo Municipio",
            "url": "https://api-features.ign.es/collections/namedplace",
            "fecha": "2026-08-06",
            "archivo": "fuentes/2026-08-06_ign_ngbe-municipios-perte-vec.json"
          }
        ],
        "nota": "La cifra es una PROPUESTA, no una concesión: el documento se titula «Propuesta de Resolución Definitiva» y la resolución se notifica por el registro electrónico, que no es públicamente citable. Por eso los campos llevan la palabra dentro. Y el punto es el del municipio, no el de la fábrica: el listado sitúa por nombre de municipio y no publica coordenada."
      }
    },
    {
      "type": "Feature",
      "id": "perte:a31472459-cendea-de-olza-oltza-zendea",
      "geometry": {
        "type": "Point",
        "coordinates": [
          -1.74705,
          42.81625
        ]
      },
      "properties": {
        "slug": "a31472459-cendea-de-olza-oltza-zendea",
        "nombre": "VOLKSWAGEN NAVARRA, S.A. — Cendea de Olza/Oltza Zendea",
        "categoria": "plan_inversion",
        "descripcion": "Plan de s ostenibilidad VW Navarra",
        "estado_registro": "vigente",
        "verif": "confirmado",
        "geo_precision": "municipio",
        "geo_fuente": "punto del municipio en el Nomenclátor Geográfico Básico de España",
        "fecha_alta": "2026-08-06",
        "fecha_verificacion": "2026-08-06",
        "beneficiario": "VOLKSWAGEN NAVARRA, S.A.",
        "titulo_plan": "Plan de s ostenibilidad VW Navarra",
        "cif": "A31472459",
        "codigo_plan": "VE2-010000-2024-0003",
        "instrumento": "Listado de solicitudes estimadas de la Propuesta de Resolución Definitiva del PERTE VEC — Sección B, convocatoria 2024 (Dirección General de Programas Industriales, Ministerio de Industria y Turismo)",
        "comision_verificacion": "2025-05-14",
        "fase": "tramitacion",
        "fase__v": "confirmado",
        "fase__f": "f1",
        "municipio": "Cendea de Olza/Oltza Zendea",
        "provincia": "Navarra",
        "presupuesto_financiable": 8309006.0,
        "presupuesto_financiable__v": "confirmado",
        "presupuesto_financiable__f": "f1",
        "gasto_subvencionable": 8111381.0,
        "gasto_subvencionable__v": "confirmado",
        "gasto_subvencionable__f": "f1",
        "subvencion_propuesta": 2748677.0,
        "subvencion_propuesta__v": "confirmado",
        "subvencion_propuesta__f": "f1",
        "prestamo_propuesto": 811139.0,
        "prestamo_propuesto__v": "confirmado",
        "prestamo_propuesto__f": "f1",
        "claves": [
          {
            "k": "El documento es un registro por comisiones, no una tabla",
            "v": "El listado recoge seis comisiones de verificación entre mayo y octubre de 2025, y un expediente puede aparecer en más de una: la posterior lo REVISA. Contar filas da 61; los expedientes vigentes son 57. Que esa lectura es la buena lo demuestran los TOTALES del propio documento, que cuadran al céntimo en las seis.",
            "verif": "confirmado",
            "fuente": "f1"
          }
        ],
        "fuentes": [
          {
            "id": "f1",
            "tipo": "primaria",
            "titulo": "Listado de solicitudes estimadas de la Propuesta de Resolución Definitiva del PERTE VEC — Sección B, convocatoria 2024 (Dirección General de Programas Industriales, Ministerio de Industria y Turismo)",
            "url": "https://www.mintur.gob.es/PortalAyudas/VEC-SECCIONB/Concesion/2024/Paginas/PropResDefinitiva.aspx",
            "fecha": "2025-10-20",
            "archivo": "fuentes/2026-08-06_mintur_perte-vec-seccion-b-2024-propuesta-resolucion-definitiva.pdf"
          },
          {
            "id": "f2",
            "tipo": "primaria",
            "titulo": "Nomenclátor Geográfico Básico de España — Instituto Geográfico Nacional, topónimos de tipo Municipio",
            "url": "https://api-features.ign.es/collections/namedplace",
            "fecha": "2026-08-06",
            "archivo": "fuentes/2026-08-06_ign_ngbe-municipios-perte-vec.json"
          }
        ],
        "nota": "La cifra es una PROPUESTA, no una concesión: el documento se titula «Propuesta de Resolución Definitiva» y la resolución se notifica por el registro electrónico, que no es públicamente citable. Por eso los campos llevan la palabra dentro. Y el punto es el del municipio, no el de la fábrica: el listado sitúa por nombre de municipio y no publica coordenada."
      }
    },
    {
      "type": "Feature",
      "id": "perte:a20537429-elgoibar",
      "geometry": {
        "type": "Point",
        "coordinates": [
          -2.41716,
          43.21431
        ]
      },
      "properties": {
        "slug": "a20537429-elgoibar",
        "nombre": "SPOOL SISTEMAS, S.A. — Elgoibar",
        "categoria": "plan_inversion",
        "descripcion": "Transformación digital del proceso productivo de componentes del vehículo eléctrico.",
        "estado_registro": "vigente",
        "verif": "confirmado",
        "geo_precision": "municipio",
        "geo_fuente": "punto del municipio en el Nomenclátor Geográfico Básico de España",
        "fecha_alta": "2026-08-06",
        "fecha_verificacion": "2026-08-06",
        "beneficiario": "SPOOL SISTEMAS, S.A.",
        "titulo_plan": "Transformación digital del proceso productivo de componentes del vehículo eléctrico.",
        "cif": "A20537429",
        "codigo_plan": "VE2-010000-2024-0004",
        "instrumento": "Listado de solicitudes estimadas de la Propuesta de Resolución Definitiva del PERTE VEC — Sección B, convocatoria 2024 (Dirección General de Programas Industriales, Ministerio de Industria y Turismo)",
        "comision_verificacion": "2025-05-14",
        "fase": "tramitacion",
        "fase__v": "confirmado",
        "fase__f": "f1",
        "municipio": "Elgoibar",
        "provincia": "Gipuzkoa",
        "presupuesto_financiable": 1644221.9,
        "presupuesto_financiable__v": "confirmado",
        "presupuesto_financiable__f": "f1",
        "gasto_subvencionable": 1644221.9,
        "gasto_subvencionable__v": "confirmado",
        "gasto_subvencionable__f": "f1",
        "subvencion_propuesta": 812958.0,
        "subvencion_propuesta__v": "confirmado",
        "subvencion_propuesta__f": "f1",
        "prestamo_propuesto": 82212.0,
        "prestamo_propuesto__v": "confirmado",
        "prestamo_propuesto__f": "f1",
        "claves": [
          {
            "k": "El documento es un registro por comisiones, no una tabla",
            "v": "El listado recoge seis comisiones de verificación entre mayo y octubre de 2025, y un expediente puede aparecer en más de una: la posterior lo REVISA. Contar filas da 61; los expedientes vigentes son 57. Que esa lectura es la buena lo demuestran los TOTALES del propio documento, que cuadran al céntimo en las seis.",
            "verif": "confirmado",
            "fuente": "f1"
          }
        ],
        "fuentes": [
          {
            "id": "f1",
            "tipo": "primaria",
            "titulo": "Listado de solicitudes estimadas de la Propuesta de Resolución Definitiva del PERTE VEC — Sección B, convocatoria 2024 (Dirección General de Programas Industriales, Ministerio de Industria y Turismo)",
            "url": "https://www.mintur.gob.es/PortalAyudas/VEC-SECCIONB/Concesion/2024/Paginas/PropResDefinitiva.aspx",
            "fecha": "2025-10-20",
            "archivo": "fuentes/2026-08-06_mintur_perte-vec-seccion-b-2024-propuesta-resolucion-definitiva.pdf"
          },
          {
            "id": "f2",
            "tipo": "primaria",
            "titulo": "Nomenclátor Geográfico Básico de España — Instituto Geográfico Nacional, topónimos de tipo Municipio",
            "url": "https://api-features.ign.es/collections/namedplace",
            "fecha": "2026-08-06",
            "archivo": "fuentes/2026-08-06_ign_ngbe-municipios-perte-vec.json"
          }
        ],
        "nota": "La cifra es una PROPUESTA, no una concesión: el documento se titula «Propuesta de Resolución Definitiva» y la resolución se notifica por el registro electrónico, que no es públicamente citable. Por eso los campos llevan la palabra dentro. Y el punto es el del municipio, no el de la fábrica: el listado sitúa por nombre de municipio y no publica coordenada."
      }
    },
    {
      "type": "Feature",
      "id": "perte:a08466641-sallent",
      "geometry": {
        "type": "Point",
        "coordinates": [
          1.89466,
          41.82413
        ]
      },
      "properties": {
        "slug": "a08466641-sallent",
        "nombre": "ROVALMA, S.A. — Sallent",
        "categoria": "plan_inversion",
        "descripcion": "Implementación de nuevos equipos de impresión 3D disruptiva de metales para la creación de un nuevo proceso de producción de piezas estructurales grandes y complejas para vehículos eléctricos y conectados",
        "estado_registro": "vigente",
        "verif": "confirmado",
        "geo_precision": "municipio",
        "geo_fuente": "punto del municipio en el Nomenclátor Geográfico Básico de España",
        "fecha_alta": "2026-08-06",
        "fecha_verificacion": "2026-08-06",
        "beneficiario": "ROVALMA, S.A.",
        "titulo_plan": "Implementación de nuevos equipos de impresión 3D disruptiva de metales para la creación de un nuevo proceso de producción de piezas estructurales grandes y complejas para vehículos eléctricos y conectados",
        "cif": "A08466641",
        "codigo_plan": "VE2-010000-2024-0005",
        "instrumento": "Listado de solicitudes estimadas de la Propuesta de Resolución Definitiva del PERTE VEC — Sección B, convocatoria 2024 (Dirección General de Programas Industriales, Ministerio de Industria y Turismo)",
        "comision_verificacion": "2025-05-26",
        "fase": "tramitacion",
        "fase__v": "confirmado",
        "fase__f": "f1",
        "municipio": "Sallent",
        "provincia": "Barcelona",
        "presupuesto_financiable": 6362678.0,
        "presupuesto_financiable__v": "confirmado",
        "presupuesto_financiable__f": "f1",
        "gasto_subvencionable": 6362678.0,
        "gasto_subvencionable__v": "confirmado",
        "gasto_subvencionable__f": "f1",
        "subvencion_propuesta": 561413.0,
        "subvencion_propuesta__v": "confirmado",
        "subvencion_propuesta__f": "f1",
        "prestamo_propuesto": 4210595.5,
        "prestamo_propuesto__v": "confirmado",
        "prestamo_propuesto__f": "f1",
        "claves": [
          {
            "k": "El documento es un registro por comisiones, no una tabla",
            "v": "El listado recoge seis comisiones de verificación entre mayo y octubre de 2025, y un expediente puede aparecer en más de una: la posterior lo REVISA. Contar filas da 61; los expedientes vigentes son 57. Que esa lectura es la buena lo demuestran los TOTALES del propio documento, que cuadran al céntimo en las seis.",
            "verif": "confirmado",
            "fuente": "f1"
          }
        ],
        "fuentes": [
          {
            "id": "f1",
            "tipo": "primaria",
            "titulo": "Listado de solicitudes estimadas de la Propuesta de Resolución Definitiva del PERTE VEC — Sección B, convocatoria 2024 (Dirección General de Programas Industriales, Ministerio de Industria y Turismo)",
            "url": "https://www.mintur.gob.es/PortalAyudas/VEC-SECCIONB/Concesion/2024/Paginas/PropResDefinitiva.aspx",
            "fecha": "2025-10-20",
            "archivo": "fuentes/2026-08-06_mintur_perte-vec-seccion-b-2024-propuesta-resolucion-definitiva.pdf"
          },
          {
            "id": "f2",
            "tipo": "primaria",
            "titulo": "Nomenclátor Geográfico Básico de España — Instituto Geográfico Nacional, topónimos de tipo Municipio",
            "url": "https://api-features.ign.es/collections/namedplace",
            "fecha": "2026-08-06",
            "archivo": "fuentes/2026-08-06_ign_ngbe-municipios-perte-vec.json"
          }
        ],
        "nota": "La cifra es una PROPUESTA, no una concesión: el documento se titula «Propuesta de Resolución Definitiva» y la resolución se notifica por el registro electrónico, que no es públicamente citable. Por eso los campos llevan la palabra dentro. Y el punto es el del municipio, no el de la fábrica: el listado sitúa por nombre de municipio y no publica coordenada."
      }
    },
    {
      "type": "Feature",
      "id": "perte:b19344357-merida",
      "geometry": {
        "type": "Point",
        "coordinates": [
          -6.34572,
          38.91666
        ]
      },
      "properties": {
        "slug": "b19344357-merida",
        "nombre": "Yuneng International (Spain) New Energy Battery Material, S.L.U — Mérida",
        "categoria": "plan_inversion",
        "descripcion": "Planta de fabricación de materiales catódicos (fosfato de hierro y litio) para baterías de VEC en Mérida",
        "estado_registro": "vigente",
        "verif": "confirmado",
        "geo_precision": "municipio",
        "geo_fuente": "punto del municipio en el Nomenclátor Geográfico Básico de España",
        "fecha_alta": "2026-08-06",
        "fecha_verificacion": "2026-08-06",
        "beneficiario": "Yuneng International (Spain) New Energy Battery Material, S.L.U",
        "titulo_plan": "Planta de fabricación de materiales catódicos (fosfato de hierro y litio) para baterías de VEC en Mérida",
        "cif": "B19344357",
        "codigo_plan": "VE2-010000-2024-0007",
        "instrumento": "Listado de solicitudes estimadas de la Propuesta de Resolución Definitiva del PERTE VEC — Sección B, convocatoria 2024 (Dirección General de Programas Industriales, Ministerio de Industria y Turismo)",
        "comision_verificacion": "2025-06-04",
        "fase": "tramitacion",
        "fase__v": "confirmado",
        "fase__f": "f1",
        "municipio": "Mérida",
        "provincia": "Badajoz",
        "presupuesto_financiable": 61898444.0,
        "presupuesto_financiable__v": "confirmado",
        "presupuesto_financiable__f": "f1",
        "gasto_subvencionable": 61898444.0,
        "gasto_subvencionable__v": "confirmado",
        "gasto_subvencionable__f": "f1",
        "subvencion_propuesta": 22020785.0,
        "subvencion_propuesta__v": "confirmado",
        "subvencion_propuesta__f": "f1",
        "prestamo_propuesto": 6189845.0,
        "prestamo_propuesto__v": "confirmado",
        "prestamo_propuesto__f": "f1",
        "claves": [
          {
            "k": "El documento es un registro por comisiones, no una tabla",
            "v": "El listado recoge seis comisiones de verificación entre mayo y octubre de 2025, y un expediente puede aparecer en más de una: la posterior lo REVISA. Contar filas da 61; los expedientes vigentes son 57. Que esa lectura es la buena lo demuestran los TOTALES del propio documento, que cuadran al céntimo en las seis.",
            "verif": "confirmado",
            "fuente": "f1"
          }
        ],
        "fuentes": [
          {
            "id": "f1",
            "tipo": "primaria",
            "titulo": "Listado de solicitudes estimadas de la Propuesta de Resolución Definitiva del PERTE VEC — Sección B, convocatoria 2024 (Dirección General de Programas Industriales, Ministerio de Industria y Turismo)",
            "url": "https://www.mintur.gob.es/PortalAyudas/VEC-SECCIONB/Concesion/2024/Paginas/PropResDefinitiva.aspx",
            "fecha": "2025-10-20",
            "archivo": "fuentes/2026-08-06_mintur_perte-vec-seccion-b-2024-propuesta-resolucion-definitiva.pdf"
          },
          {
            "id": "f2",
            "tipo": "primaria",
            "titulo": "Nomenclátor Geográfico Básico de España — Instituto Geográfico Nacional, topónimos de tipo Municipio",
            "url": "https://api-features.ign.es/collections/namedplace",
            "fecha": "2026-08-06",
            "archivo": "fuentes/2026-08-06_ign_ngbe-municipios-perte-vec.json"
          }
        ],
        "nota": "La cifra es una PROPUESTA, no una concesión: el documento se titula «Propuesta de Resolución Definitiva» y la resolución se notifica por el registro electrónico, que no es públicamente citable. Por eso los campos llevan la palabra dentro. Y el punto es el del municipio, no el de la fábrica: el listado sitúa por nombre de municipio y no publica coordenada."
      }
    },
    {
      "type": "Feature",
      "id": "perte:b19752047-linares",
      "geometry": {
        "type": "Point",
        "coordinates": [
          -3.63611,
          38.0938
        ]
      },
      "properties": {
        "slug": "b19752047-linares",
        "nombre": "DESAY SV SPAIN SOCIEDAD LIMITADA — Linares",
        "categoria": "plan_inversion",
        "descripcion": "Proyecto integral de inversión para la implementación de un nuevo centro productivo industrial para la fabricación de pantallas de última generación para el VEC en Linares (Jaén)",
        "estado_registro": "vigente",
        "verif": "confirmado",
        "geo_precision": "municipio",
        "geo_fuente": "punto del municipio en el Nomenclátor Geográfico Básico de España",
        "fecha_alta": "2026-08-06",
        "fecha_verificacion": "2026-08-06",
        "beneficiario": "DESAY SV SPAIN SOCIEDAD LIMITADA",
        "titulo_plan": "Proyecto integral de inversión para la implementación de un nuevo centro productivo industrial para la fabricación de pantallas de última generación para el VEC en Linares (Jaén)",
        "cif": "B19752047",
        "codigo_plan": "VE2-010000-2024-0008",
        "instrumento": "Listado de solicitudes estimadas de la Propuesta de Resolución Definitiva del PERTE VEC — Sección B, convocatoria 2024 (Dirección General de Programas Industriales, Ministerio de Industria y Turismo)",
        "comision_verificacion": "2025-05-14",
        "fase": "tramitacion",
        "fase__v": "confirmado",
        "fase__f": "f1",
        "municipio": "Linares",
        "provincia": "Jaén",
        "presupuesto_financiable": 11569677.0,
        "presupuesto_financiable__v": "confirmado",
        "presupuesto_financiable__f": "f1",
        "gasto_subvencionable": 11569677.0,
        "gasto_subvencionable__v": "confirmado",
        "gasto_subvencionable__f": "f1",
        "subvencion_propuesta": 4373872.0,
        "subvencion_propuesta__v": "confirmado",
        "subvencion_propuesta__f": "f1",
        "prestamo_propuesto": 1156968.0,
        "prestamo_propuesto__v": "confirmado",
        "prestamo_propuesto__f": "f1",
        "claves": [
          {
            "k": "El documento es un registro por comisiones, no una tabla",
            "v": "El listado recoge seis comisiones de verificación entre mayo y octubre de 2025, y un expediente puede aparecer en más de una: la posterior lo REVISA. Contar filas da 61; los expedientes vigentes son 57. Que esa lectura es la buena lo demuestran los TOTALES del propio documento, que cuadran al céntimo en las seis.",
            "verif": "confirmado",
            "fuente": "f1"
          }
        ],
        "fuentes": [
          {
            "id": "f1",
            "tipo": "primaria",
            "titulo": "Listado de solicitudes estimadas de la Propuesta de Resolución Definitiva del PERTE VEC — Sección B, convocatoria 2024 (Dirección General de Programas Industriales, Ministerio de Industria y Turismo)",
            "url": "https://www.mintur.gob.es/PortalAyudas/VEC-SECCIONB/Concesion/2024/Paginas/PropResDefinitiva.aspx",
            "fecha": "2025-10-20",
            "archivo": "fuentes/2026-08-06_mintur_perte-vec-seccion-b-2024-propuesta-resolucion-definitiva.pdf"
          },
          {
            "id": "f2",
            "tipo": "primaria",
            "titulo": "Nomenclátor Geográfico Básico de España — Instituto Geográfico Nacional, topónimos de tipo Municipio",
            "url": "https://api-features.ign.es/collections/namedplace",
            "fecha": "2026-08-06",
            "archivo": "fuentes/2026-08-06_ign_ngbe-municipios-perte-vec.json"
          }
        ],
        "nota": "La cifra es una PROPUESTA, no una concesión: el documento se titula «Propuesta de Resolución Definitiva» y la resolución se notifica por el registro electrónico, que no es públicamente citable. Por eso los campos llevan la palabra dentro. Y el punto es el del municipio, no el de la fábrica: el listado sitúa por nombre de municipio y no publica coordenada."
      }
    },
    {
      "type": "Feature",
      "id": "perte:a48255863-abadino",
      "geometry": {
        "type": "Point",
        "coordinates": [
          -2.60819,
          43.1525
        ]
      },
      "properties": {
        "slug": "a48255863-abadino",
        "nombre": "GESTAMP BIZKAIA, S.A. — Abadiño",
        "categoria": "plan_inversion",
        "descripcion": "Inversiones innovadoras, eficientes y medioambientales en Gestamp Bizkaia para la fabricación de componentes metálicos del Vehículo Eléctrico y Conectado",
        "estado_registro": "vigente",
        "verif": "confirmado",
        "geo_precision": "municipio",
        "geo_fuente": "punto del municipio en el Nomenclátor Geográfico Básico de España",
        "fecha_alta": "2026-08-06",
        "fecha_verificacion": "2026-08-06",
        "beneficiario": "GESTAMP BIZKAIA, S.A.",
        "titulo_plan": "Inversiones innovadoras, eficientes y medioambientales en Gestamp Bizkaia para la fabricación de componentes metálicos del Vehículo Eléctrico y Conectado",
        "cif": "A48255863",
        "codigo_plan": "VE2-010000-2024-0009",
        "instrumento": "Listado de solicitudes estimadas de la Propuesta de Resolución Definitiva del PERTE VEC — Sección B, convocatoria 2024 (Dirección General de Programas Industriales, Ministerio de Industria y Turismo)",
        "comision_verificacion": "2025-05-14",
        "fase": "tramitacion",
        "fase__v": "confirmado",
        "fase__f": "f1",
        "municipio": "Abadiño",
        "provincia": "Bizkaia",
        "presupuesto_financiable": 31365686.85,
        "presupuesto_financiable__v": "confirmado",
        "presupuesto_financiable__f": "f1",
        "gasto_subvencionable": 18960293.85,
        "gasto_subvencionable__v": "confirmado",
        "gasto_subvencionable__f": "f1",
        "subvencion_propuesta": 7373029.0,
        "subvencion_propuesta__v": "confirmado",
        "subvencion_propuesta__f": "f1",
        "prestamo_propuesto": 1896030.0,
        "prestamo_propuesto__v": "confirmado",
        "prestamo_propuesto__f": "f1",
        "claves": [
          {
            "k": "El documento es un registro por comisiones, no una tabla",
            "v": "El listado recoge seis comisiones de verificación entre mayo y octubre de 2025, y un expediente puede aparecer en más de una: la posterior lo REVISA. Contar filas da 61; los expedientes vigentes son 57. Que esa lectura es la buena lo demuestran los TOTALES del propio documento, que cuadran al céntimo en las seis.",
            "verif": "confirmado",
            "fuente": "f1"
          }
        ],
        "fuentes": [
          {
            "id": "f1",
            "tipo": "primaria",
            "titulo": "Listado de solicitudes estimadas de la Propuesta de Resolución Definitiva del PERTE VEC — Sección B, convocatoria 2024 (Dirección General de Programas Industriales, Ministerio de Industria y Turismo)",
            "url": "https://www.mintur.gob.es/PortalAyudas/VEC-SECCIONB/Concesion/2024/Paginas/PropResDefinitiva.aspx",
            "fecha": "2025-10-20",
            "archivo": "fuentes/2026-08-06_mintur_perte-vec-seccion-b-2024-propuesta-resolucion-definitiva.pdf"
          },
          {
            "id": "f2",
            "tipo": "primaria",
            "titulo": "Nomenclátor Geográfico Básico de España — Instituto Geográfico Nacional, topónimos de tipo Municipio",
            "url": "https://api-features.ign.es/collections/namedplace",
            "fecha": "2026-08-06",
            "archivo": "fuentes/2026-08-06_ign_ngbe-municipios-perte-vec.json"
          }
        ],
        "nota": "La cifra es una PROPUESTA, no una concesión: el documento se titula «Propuesta de Resolución Definitiva» y la resolución se notifica por el registro electrónico, que no es públicamente citable. Por eso los campos llevan la palabra dentro. Y el punto es el del municipio, no el de la fábrica: el listado sitúa por nombre de municipio y no publica coordenada."
      }
    },
    {
      "type": "Feature",
      "id": "perte:b39372685-ampuero",
      "geometry": {
        "type": "Point",
        "coordinates": [
          -3.41742,
          43.34239
        ]
      },
      "properties": {
        "slug": "b39372685-ampuero",
        "nombre": "TEKNIA AMPUERO, S.L. — Ampuero",
        "categoria": "plan_inversion",
        "descripcion": "Inversiones en equipos de nueva generación para la fabricación de carcasas para el inversor del vehículo eléctrico.",
        "estado_registro": "vigente",
        "verif": "confirmado",
        "geo_precision": "municipio",
        "geo_fuente": "punto del municipio en el Nomenclátor Geográfico Básico de España",
        "fecha_alta": "2026-08-06",
        "fecha_verificacion": "2026-08-06",
        "beneficiario": "TEKNIA AMPUERO, S.L.",
        "titulo_plan": "Inversiones en equipos de nueva generación para la fabricación de carcasas para el inversor del vehículo eléctrico.",
        "cif": "B39372685",
        "codigo_plan": "VE2-010000-2024-0010",
        "instrumento": "Listado de solicitudes estimadas de la Propuesta de Resolución Definitiva del PERTE VEC — Sección B, convocatoria 2024 (Dirección General de Programas Industriales, Ministerio de Industria y Turismo)",
        "comision_verificacion": "2025-05-14",
        "fase": "tramitacion",
        "fase__v": "confirmado",
        "fase__f": "f1",
        "municipio": "Ampuero",
        "provincia": "Cantabria",
        "presupuesto_financiable": 6805411.0,
        "presupuesto_financiable__v": "confirmado",
        "presupuesto_financiable__f": "f1",
        "gasto_subvencionable": 6805411.0,
        "gasto_subvencionable__v": "confirmado",
        "gasto_subvencionable__f": "f1",
        "subvencion_propuesta": 922133.0,
        "subvencion_propuesta__v": "confirmado",
        "subvencion_propuesta__f": "f1",
        "prestamo_propuesto": 680542.0,
        "prestamo_propuesto__v": "confirmado",
        "prestamo_propuesto__f": "f1",
        "claves": [
          {
            "k": "El documento es un registro por comisiones, no una tabla",
            "v": "El listado recoge seis comisiones de verificación entre mayo y octubre de 2025, y un expediente puede aparecer en más de una: la posterior lo REVISA. Contar filas da 61; los expedientes vigentes son 57. Que esa lectura es la buena lo demuestran los TOTALES del propio documento, que cuadran al céntimo en las seis.",
            "verif": "confirmado",
            "fuente": "f1"
          }
        ],
        "fuentes": [
          {
            "id": "f1",
            "tipo": "primaria",
            "titulo": "Listado de solicitudes estimadas de la Propuesta de Resolución Definitiva del PERTE VEC — Sección B, convocatoria 2024 (Dirección General de Programas Industriales, Ministerio de Industria y Turismo)",
            "url": "https://www.mintur.gob.es/PortalAyudas/VEC-SECCIONB/Concesion/2024/Paginas/PropResDefinitiva.aspx",
            "fecha": "2025-10-20",
            "archivo": "fuentes/2026-08-06_mintur_perte-vec-seccion-b-2024-propuesta-resolucion-definitiva.pdf"
          },
          {
            "id": "f2",
            "tipo": "primaria",
            "titulo": "Nomenclátor Geográfico Básico de España — Instituto Geográfico Nacional, topónimos de tipo Municipio",
            "url": "https://api-features.ign.es/collections/namedplace",
            "fecha": "2026-08-06",
            "archivo": "fuentes/2026-08-06_ign_ngbe-municipios-perte-vec.json"
          }
        ],
        "nota": "La cifra es una PROPUESTA, no una concesión: el documento se titula «Propuesta de Resolución Definitiva» y la resolución se notifica por el registro electrónico, que no es públicamente citable. Por eso los campos llevan la palabra dentro. Y el punto es el del municipio, no el de la fábrica: el listado sitúa por nombre de municipio y no publica coordenada."
      }
    },
    {
      "type": "Feature",
      "id": "perte:a36618247-o-porrino",
      "geometry": {
        "type": "Point",
        "coordinates": [
          -8.62078,
          42.16178
        ]
      },
      "properties": {
        "slug": "a36618247-o-porrino",
        "nombre": "GESTAMP VIGO, S.A. — O Porriño",
        "categoria": "plan_inversion",
        "descripcion": "\"Inversiones innovadoras y eficientes en Gestamp Vigo para la fabricación de componentes de chasis y estructurales del Vehículo Eléctrico y Conectado \"",
        "estado_registro": "vigente",
        "verif": "confirmado",
        "geo_precision": "municipio",
        "geo_fuente": "punto del municipio en el Nomenclátor Geográfico Básico de España",
        "fecha_alta": "2026-08-06",
        "fecha_verificacion": "2026-08-06",
        "beneficiario": "GESTAMP VIGO, S.A.",
        "titulo_plan": "\"Inversiones innovadoras y eficientes en Gestamp Vigo para la fabricación de componentes de chasis y estructurales del Vehículo Eléctrico y Conectado \"",
        "cif": "A36618247",
        "codigo_plan": "VE2-010000-2024-0012",
        "instrumento": "Listado de solicitudes estimadas de la Propuesta de Resolución Definitiva del PERTE VEC — Sección B, convocatoria 2024 (Dirección General de Programas Industriales, Ministerio de Industria y Turismo)",
        "comision_verificacion": "2025-05-14",
        "fase": "tramitacion",
        "fase__v": "confirmado",
        "fase__f": "f1",
        "municipio": "O Porriño",
        "provincia": "Pontevedra",
        "presupuesto_financiable": 4684205.0,
        "presupuesto_financiable__v": "confirmado",
        "presupuesto_financiable__f": "f1",
        "gasto_subvencionable": 2079735.0,
        "gasto_subvencionable__v": "confirmado",
        "gasto_subvencionable__f": "f1",
        "subvencion_propuesta": 682249.0,
        "subvencion_propuesta__v": "confirmado",
        "subvencion_propuesta__f": "f1",
        "prestamo_propuesto": 207974.0,
        "prestamo_propuesto__v": "confirmado",
        "prestamo_propuesto__f": "f1",
        "claves": [
          {
            "k": "El listado escribe el municipio de otra forma",
            "v": "El Ministerio lo llama «Porriño, O» y el Nomenclátor del IGN, «O Porriño». Es la misma localidad con el artículo en otro sitio o el nombre en otra lengua. Se publica la forma del IGN, que es de donde sale el punto, y se deja dicha la del listado.",
            "verif": "confirmado",
            "fuente": "f2"
          },
          {
            "k": "El documento es un registro por comisiones, no una tabla",
            "v": "El listado recoge seis comisiones de verificación entre mayo y octubre de 2025, y un expediente puede aparecer en más de una: la posterior lo REVISA. Contar filas da 61; los expedientes vigentes son 57. Que esa lectura es la buena lo demuestran los TOTALES del propio documento, que cuadran al céntimo en las seis.",
            "verif": "confirmado",
            "fuente": "f1"
          }
        ],
        "fuentes": [
          {
            "id": "f1",
            "tipo": "primaria",
            "titulo": "Listado de solicitudes estimadas de la Propuesta de Resolución Definitiva del PERTE VEC — Sección B, convocatoria 2024 (Dirección General de Programas Industriales, Ministerio de Industria y Turismo)",
            "url": "https://www.mintur.gob.es/PortalAyudas/VEC-SECCIONB/Concesion/2024/Paginas/PropResDefinitiva.aspx",
            "fecha": "2025-10-20",
            "archivo": "fuentes/2026-08-06_mintur_perte-vec-seccion-b-2024-propuesta-resolucion-definitiva.pdf"
          },
          {
            "id": "f2",
            "tipo": "primaria",
            "titulo": "Nomenclátor Geográfico Básico de España — Instituto Geográfico Nacional, topónimos de tipo Municipio",
            "url": "https://api-features.ign.es/collections/namedplace",
            "fecha": "2026-08-06",
            "archivo": "fuentes/2026-08-06_ign_ngbe-municipios-perte-vec.json"
          }
        ],
        "nota": "La cifra es una PROPUESTA, no una concesión: el documento se titula «Propuesta de Resolución Definitiva» y la resolución se notifica por el registro electrónico, que no es públicamente citable. Por eso los campos llevan la palabra dentro. Y el punto es el del municipio, no el de la fábrica: el listado sitúa por nombre de municipio y no publica coordenada."
      }
    },
    {
      "type": "Feature",
      "id": "perte:b16722704-barcelona",
      "geometry": {
        "type": "Point",
        "coordinates": [
          2.17744,
          41.38229
        ]
      },
      "properties": {
        "slug": "b16722704-barcelona",
        "nombre": "EBRO SUV, S.L. — Barcelona",
        "categoria": "plan_inversion",
        "descripcion": "Plan de inversión para la mejora de la eficiencia energética en los procesos de soldadura destinados a la fabricación de vehículo eléctrico",
        "estado_registro": "vigente",
        "verif": "confirmado",
        "geo_precision": "municipio",
        "geo_fuente": "punto del municipio en el Nomenclátor Geográfico Básico de España",
        "fecha_alta": "2026-08-06",
        "fecha_verificacion": "2026-08-06",
        "beneficiario": "EBRO SUV, S.L.",
        "titulo_plan": "Plan de inversión para la mejora de la eficiencia energética en los procesos de soldadura destinados a la fabricación de vehículo eléctrico",
        "cif": "B16722704",
        "codigo_plan": "VE2-010000-2024-0013",
        "instrumento": "Listado de solicitudes estimadas de la Propuesta de Resolución Definitiva del PERTE VEC — Sección B, convocatoria 2024 (Dirección General de Programas Industriales, Ministerio de Industria y Turismo)",
        "comision_verificacion": "2025-05-14",
        "fase": "tramitacion",
        "fase__v": "confirmado",
        "fase__f": "f1",
        "municipio": "Barcelona",
        "provincia": "Barcelona",
        "presupuesto_financiable": 31449266.0,
        "presupuesto_financiable__v": "confirmado",
        "presupuesto_financiable__f": "f1",
        "gasto_subvencionable": 31449266.0,
        "gasto_subvencionable__v": "confirmado",
        "gasto_subvencionable__f": "f1",
        "subvencion_propuesta": 4270996.0,
        "subvencion_propuesta__v": "confirmado",
        "subvencion_propuesta__f": "f1",
        "prestamo_propuesto": 20888416.8,
        "prestamo_propuesto__v": "confirmado",
        "prestamo_propuesto__f": "f1",
        "claves": [
          {
            "k": "El documento es un registro por comisiones, no una tabla",
            "v": "El listado recoge seis comisiones de verificación entre mayo y octubre de 2025, y un expediente puede aparecer en más de una: la posterior lo REVISA. Contar filas da 61; los expedientes vigentes son 57. Que esa lectura es la buena lo demuestran los TOTALES del propio documento, que cuadran al céntimo en las seis.",
            "verif": "confirmado",
            "fuente": "f1"
          }
        ],
        "fuentes": [
          {
            "id": "f1",
            "tipo": "primaria",
            "titulo": "Listado de solicitudes estimadas de la Propuesta de Resolución Definitiva del PERTE VEC — Sección B, convocatoria 2024 (Dirección General de Programas Industriales, Ministerio de Industria y Turismo)",
            "url": "https://www.mintur.gob.es/PortalAyudas/VEC-SECCIONB/Concesion/2024/Paginas/PropResDefinitiva.aspx",
            "fecha": "2025-10-20",
            "archivo": "fuentes/2026-08-06_mintur_perte-vec-seccion-b-2024-propuesta-resolucion-definitiva.pdf"
          },
          {
            "id": "f2",
            "tipo": "primaria",
            "titulo": "Nomenclátor Geográfico Básico de España — Instituto Geográfico Nacional, topónimos de tipo Municipio",
            "url": "https://api-features.ign.es/collections/namedplace",
            "fecha": "2026-08-06",
            "archivo": "fuentes/2026-08-06_ign_ngbe-municipios-perte-vec.json"
          }
        ],
        "nota": "La cifra es una PROPUESTA, no una concesión: el documento se titula «Propuesta de Resolución Definitiva» y la resolución se notifica por el registro electrónico, que no es públicamente citable. Por eso los campos llevan la palabra dentro. Y el punto es el del municipio, no el de la fábrica: el listado sitúa por nombre de municipio y no publica coordenada."
      }
    },
    {
      "type": "Feature",
      "id": "perte:b61768511-madrid",
      "geometry": {
        "type": "Point",
        "coordinates": [
          -3.69198,
          40.41903
        ]
      },
      "properties": {
        "slug": "b61768511-madrid",
        "nombre": "IVECO ESPAÑA, S.L. — Madrid",
        "categoria": "plan_inversion",
        "descripcion": "Plan de inversión de IVECO para la reconceptualización de la movilidad eléctrica y conectada a través del vehículo pesado.",
        "estado_registro": "vigente",
        "verif": "confirmado",
        "geo_precision": "municipio",
        "geo_fuente": "punto del municipio en el Nomenclátor Geográfico Básico de España",
        "fecha_alta": "2026-08-06",
        "fecha_verificacion": "2026-08-06",
        "beneficiario": "IVECO ESPAÑA, S.L.",
        "titulo_plan": "Plan de inversión de IVECO para la reconceptualización de la movilidad eléctrica y conectada a través del vehículo pesado.",
        "cif": "B61768511",
        "codigo_plan": "VE2-010000-2024-0015",
        "instrumento": "Listado de solicitudes estimadas de la Propuesta de Resolución Definitiva del PERTE VEC — Sección B, convocatoria 2024 (Dirección General de Programas Industriales, Ministerio de Industria y Turismo)",
        "comision_verificacion": "2025-05-14",
        "fase": "tramitacion",
        "fase__v": "confirmado",
        "fase__f": "f1",
        "municipio": "Madrid",
        "provincia": "Madrid",
        "presupuesto_financiable": 36101715.44,
        "presupuesto_financiable__v": "confirmado",
        "presupuesto_financiable__f": "f1",
        "gasto_subvencionable": 36101715.44,
        "gasto_subvencionable__v": "confirmado",
        "gasto_subvencionable__f": "f1",
        "subvencion_propuesta": 8232860.0,
        "subvencion_propuesta__v": "confirmado",
        "subvencion_propuesta__f": "f1",
        "prestamo_propuesto": 3610172.0,
        "prestamo_propuesto__v": "confirmado",
        "prestamo_propuesto__f": "f1",
        "claves": [
          {
            "k": "El documento es un registro por comisiones, no una tabla",
            "v": "El listado recoge seis comisiones de verificación entre mayo y octubre de 2025, y un expediente puede aparecer en más de una: la posterior lo REVISA. Contar filas da 61; los expedientes vigentes son 57. Que esa lectura es la buena lo demuestran los TOTALES del propio documento, que cuadran al céntimo en las seis.",
            "verif": "confirmado",
            "fuente": "f1"
          }
        ],
        "fuentes": [
          {
            "id": "f1",
            "tipo": "primaria",
            "titulo": "Listado de solicitudes estimadas de la Propuesta de Resolución Definitiva del PERTE VEC — Sección B, convocatoria 2024 (Dirección General de Programas Industriales, Ministerio de Industria y Turismo)",
            "url": "https://www.mintur.gob.es/PortalAyudas/VEC-SECCIONB/Concesion/2024/Paginas/PropResDefinitiva.aspx",
            "fecha": "2025-10-20",
            "archivo": "fuentes/2026-08-06_mintur_perte-vec-seccion-b-2024-propuesta-resolucion-definitiva.pdf"
          },
          {
            "id": "f2",
            "tipo": "primaria",
            "titulo": "Nomenclátor Geográfico Básico de España — Instituto Geográfico Nacional, topónimos de tipo Municipio",
            "url": "https://api-features.ign.es/collections/namedplace",
            "fecha": "2026-08-06",
            "archivo": "fuentes/2026-08-06_ign_ngbe-municipios-perte-vec.json"
          }
        ],
        "nota": "La cifra es una PROPUESTA, no una concesión: el documento se titula «Propuesta de Resolución Definitiva» y la resolución se notifica por el registro electrónico, que no es públicamente citable. Por eso los campos llevan la palabra dentro. Y el punto es el del municipio, no el de la fábrica: el listado sitúa por nombre de municipio y no publica coordenada."
      }
    },
    {
      "type": "Feature",
      "id": "perte:b75207423-astigarraga",
      "geometry": {
        "type": "Point",
        "coordinates": [
          -1.94922,
          43.27998
        ]
      },
      "properties": {
        "slug": "b75207423-astigarraga",
        "nombre": "LINQCASE INDUSTRIAL SOLUTIONS, S.L. — Astigarraga",
        "categoria": "plan_inversion",
        "descripcion": "INVESTIGACIÓN EN NUEVAS TECNOLOGÍAS PARA PERMITIR REALIZAR MEDIDAS ELECTROMAGNÉTICAS PARA LA CARACTERIZACIÓN NO DESTRUCTIVA DE LA CALIDAD DE DISTINTAS PIEZAS DEL VEHÍCULO ELÉCTRICO.",
        "estado_registro": "vigente",
        "verif": "confirmado",
        "geo_precision": "municipio",
        "geo_fuente": "punto del municipio en el Nomenclátor Geográfico Básico de España",
        "fecha_alta": "2026-08-06",
        "fecha_verificacion": "2026-08-06",
        "beneficiario": "LINQCASE INDUSTRIAL SOLUTIONS, S.L.",
        "titulo_plan": "INVESTIGACIÓN EN NUEVAS TECNOLOGÍAS PARA PERMITIR REALIZAR MEDIDAS ELECTROMAGNÉTICAS PARA LA CARACTERIZACIÓN NO DESTRUCTIVA DE LA CALIDAD DE DISTINTAS PIEZAS DEL VEHÍCULO ELÉCTRICO.",
        "cif": "B75207423",
        "codigo_plan": "VE2-010000-2024-0016",
        "instrumento": "Listado de solicitudes estimadas de la Propuesta de Resolución Definitiva del PERTE VEC — Sección B, convocatoria 2024 (Dirección General de Programas Industriales, Ministerio de Industria y Turismo)",
        "comision_verificacion": "2025-05-14",
        "fase": "tramitacion",
        "fase__v": "confirmado",
        "fase__f": "f1",
        "municipio": "Astigarraga",
        "provincia": "Gipuzkoa",
        "presupuesto_financiable": 5325980.0,
        "presupuesto_financiable__v": "confirmado",
        "presupuesto_financiable__f": "f1",
        "gasto_subvencionable": 5325980.0,
        "gasto_subvencionable__v": "confirmado",
        "gasto_subvencionable__f": "f1",
        "subvencion_propuesta": 3728186.0,
        "subvencion_propuesta__v": "confirmado",
        "subvencion_propuesta__f": "f1",
        "prestamo_propuesto": 0.0,
        "prestamo_propuesto__v": "confirmado",
        "prestamo_propuesto__f": "f1",
        "claves": [
          {
            "k": "El documento es un registro por comisiones, no una tabla",
            "v": "El listado recoge seis comisiones de verificación entre mayo y octubre de 2025, y un expediente puede aparecer en más de una: la posterior lo REVISA. Contar filas da 61; los expedientes vigentes son 57. Que esa lectura es la buena lo demuestran los TOTALES del propio documento, que cuadran al céntimo en las seis.",
            "verif": "confirmado",
            "fuente": "f1"
          }
        ],
        "fuentes": [
          {
            "id": "f1",
            "tipo": "primaria",
            "titulo": "Listado de solicitudes estimadas de la Propuesta de Resolución Definitiva del PERTE VEC — Sección B, convocatoria 2024 (Dirección General de Programas Industriales, Ministerio de Industria y Turismo)",
            "url": "https://www.mintur.gob.es/PortalAyudas/VEC-SECCIONB/Concesion/2024/Paginas/PropResDefinitiva.aspx",
            "fecha": "2025-10-20",
            "archivo": "fuentes/2026-08-06_mintur_perte-vec-seccion-b-2024-propuesta-resolucion-definitiva.pdf"
          },
          {
            "id": "f2",
            "tipo": "primaria",
            "titulo": "Nomenclátor Geográfico Básico de España — Instituto Geográfico Nacional, topónimos de tipo Municipio",
            "url": "https://api-features.ign.es/collections/namedplace",
            "fecha": "2026-08-06",
            "archivo": "fuentes/2026-08-06_ign_ngbe-municipios-perte-vec.json"
          }
        ],
        "nota": "La cifra es una PROPUESTA, no una concesión: el documento se titula «Propuesta de Resolución Definitiva» y la resolución se notifica por el registro electrónico, que no es públicamente citable. Por eso los campos llevan la palabra dentro. Y el punto es el del municipio, no el de la fábrica: el listado sitúa por nombre de municipio y no publica coordenada."
      }
    },
    {
      "type": "Feature",
      "id": "perte:a82275330-amorebieta-etxano",
      "geometry": {
        "type": "Point",
        "coordinates": [
          -2.73212,
          43.2203
        ]
      },
      "properties": {
        "slug": "a82275330-amorebieta-etxano",
        "nombre": "GESTAMP SERVICIOS S.A — Amorebieta-Etxano",
        "categoria": "plan_inversion",
        "descripcion": "Investigación en un disruptivo modelo de operaciones virtual, conectado e inteligente basado en IA Generativa para las nuevas fábricas flexibles de Battery Box",
        "estado_registro": "vigente",
        "verif": "confirmado",
        "geo_precision": "municipio",
        "geo_fuente": "punto del municipio en el Nomenclátor Geográfico Básico de España",
        "fecha_alta": "2026-08-06",
        "fecha_verificacion": "2026-08-06",
        "beneficiario": "GESTAMP SERVICIOS S.A",
        "titulo_plan": "Investigación en un disruptivo modelo de operaciones virtual, conectado e inteligente basado en IA Generativa para las nuevas fábricas flexibles de Battery Box",
        "cif": "A82275330",
        "codigo_plan": "VE2-010000-2024-0018",
        "instrumento": "Listado de solicitudes estimadas de la Propuesta de Resolución Definitiva del PERTE VEC — Sección B, convocatoria 2024 (Dirección General de Programas Industriales, Ministerio de Industria y Turismo)",
        "comision_verificacion": "2025-05-14",
        "fase": "tramitacion",
        "fase__v": "confirmado",
        "fase__f": "f1",
        "municipio": "Amorebieta-Etxano",
        "provincia": "Bizkaia",
        "presupuesto_financiable": 11158030.5,
        "presupuesto_financiable__v": "confirmado",
        "presupuesto_financiable__f": "f1",
        "gasto_subvencionable": 11158030.5,
        "gasto_subvencionable__v": "confirmado",
        "gasto_subvencionable__f": "f1",
        "subvencion_propuesta": 5579015.0,
        "subvencion_propuesta__v": "confirmado",
        "subvencion_propuesta__f": "f1",
        "prestamo_propuesto": 0.0,
        "prestamo_propuesto__v": "confirmado",
        "prestamo_propuesto__f": "f1",
        "claves": [
          {
            "k": "El documento es un registro por comisiones, no una tabla",
            "v": "El listado recoge seis comisiones de verificación entre mayo y octubre de 2025, y un expediente puede aparecer en más de una: la posterior lo REVISA. Contar filas da 61; los expedientes vigentes son 57. Que esa lectura es la buena lo demuestran los TOTALES del propio documento, que cuadran al céntimo en las seis.",
            "verif": "confirmado",
            "fuente": "f1"
          }
        ],
        "fuentes": [
          {
            "id": "f1",
            "tipo": "primaria",
            "titulo": "Listado de solicitudes estimadas de la Propuesta de Resolución Definitiva del PERTE VEC — Sección B, convocatoria 2024 (Dirección General de Programas Industriales, Ministerio de Industria y Turismo)",
            "url": "https://www.mintur.gob.es/PortalAyudas/VEC-SECCIONB/Concesion/2024/Paginas/PropResDefinitiva.aspx",
            "fecha": "2025-10-20",
            "archivo": "fuentes/2026-08-06_mintur_perte-vec-seccion-b-2024-propuesta-resolucion-definitiva.pdf"
          },
          {
            "id": "f2",
            "tipo": "primaria",
            "titulo": "Nomenclátor Geográfico Básico de España — Instituto Geográfico Nacional, topónimos de tipo Municipio",
            "url": "https://api-features.ign.es/collections/namedplace",
            "fecha": "2026-08-06",
            "archivo": "fuentes/2026-08-06_ign_ngbe-municipios-perte-vec.json"
          }
        ],
        "nota": "La cifra es una PROPUESTA, no una concesión: el documento se titula «Propuesta de Resolución Definitiva» y la resolución se notifica por el registro electrónico, que no es públicamente citable. Por eso los campos llevan la palabra dentro. Y el punto es el del municipio, no el de la fábrica: el listado sitúa por nombre de municipio y no publica coordenada."
      }
    },
    {
      "type": "Feature",
      "id": "perte:b98016298-paterna",
      "geometry": {
        "type": "Point",
        "coordinates": [
          -0.43944,
          39.50078
        ]
      },
      "properties": {
        "slug": "b98016298-paterna",
        "nombre": "CABKA SPAIN, S.L — Paterna",
        "categoria": "plan_inversion",
        "descripcion": "Investigación para el desarrollo de nuevos contenedores en plástico reciclado ESD destinados al transporte de baterías LOGIBATECO",
        "estado_registro": "vigente",
        "verif": "confirmado",
        "geo_precision": "municipio",
        "geo_fuente": "punto del municipio en el Nomenclátor Geográfico Básico de España",
        "fecha_alta": "2026-08-06",
        "fecha_verificacion": "2026-08-06",
        "beneficiario": "CABKA SPAIN, S.L",
        "titulo_plan": "Investigación para el desarrollo de nuevos contenedores en plástico reciclado ESD destinados al transporte de baterías LOGIBATECO",
        "cif": "B98016298",
        "codigo_plan": "VE2-010000-2024-0019",
        "instrumento": "Listado de solicitudes estimadas de la Propuesta de Resolución Definitiva del PERTE VEC — Sección B, convocatoria 2024 (Dirección General de Programas Industriales, Ministerio de Industria y Turismo)",
        "comision_verificacion": "2025-05-14",
        "fase": "tramitacion",
        "fase__v": "confirmado",
        "fase__f": "f1",
        "municipio": "Paterna",
        "provincia": "València/Valencia",
        "presupuesto_financiable": 1233528.25,
        "presupuesto_financiable__v": "confirmado",
        "presupuesto_financiable__f": "f1",
        "gasto_subvencionable": 1233528.25,
        "gasto_subvencionable__v": "confirmado",
        "gasto_subvencionable__f": "f1",
        "subvencion_propuesta": 616764.0,
        "subvencion_propuesta__v": "confirmado",
        "subvencion_propuesta__f": "f1",
        "prestamo_propuesto": 0.0,
        "prestamo_propuesto__v": "confirmado",
        "prestamo_propuesto__f": "f1",
        "claves": [
          {
            "k": "El documento es un registro por comisiones, no una tabla",
            "v": "El listado recoge seis comisiones de verificación entre mayo y octubre de 2025, y un expediente puede aparecer en más de una: la posterior lo REVISA. Contar filas da 61; los expedientes vigentes son 57. Que esa lectura es la buena lo demuestran los TOTALES del propio documento, que cuadran al céntimo en las seis.",
            "verif": "confirmado",
            "fuente": "f1"
          }
        ],
        "fuentes": [
          {
            "id": "f1",
            "tipo": "primaria",
            "titulo": "Listado de solicitudes estimadas de la Propuesta de Resolución Definitiva del PERTE VEC — Sección B, convocatoria 2024 (Dirección General de Programas Industriales, Ministerio de Industria y Turismo)",
            "url": "https://www.mintur.gob.es/PortalAyudas/VEC-SECCIONB/Concesion/2024/Paginas/PropResDefinitiva.aspx",
            "fecha": "2025-10-20",
            "archivo": "fuentes/2026-08-06_mintur_perte-vec-seccion-b-2024-propuesta-resolucion-definitiva.pdf"
          },
          {
            "id": "f2",
            "tipo": "primaria",
            "titulo": "Nomenclátor Geográfico Básico de España — Instituto Geográfico Nacional, topónimos de tipo Municipio",
            "url": "https://api-features.ign.es/collections/namedplace",
            "fecha": "2026-08-06",
            "archivo": "fuentes/2026-08-06_ign_ngbe-municipios-perte-vec.json"
          }
        ],
        "nota": "La cifra es una PROPUESTA, no una concesión: el documento se titula «Propuesta de Resolución Definitiva» y la resolución se notifica por el registro electrónico, que no es públicamente citable. Por eso los campos llevan la palabra dentro. Y el punto es el del municipio, no el de la fábrica: el listado sitúa por nombre de municipio y no publica coordenada."
      }
    },
    {
      "type": "Feature",
      "id": "perte:a16952764-sagunt-sagunto",
      "geometry": {
        "type": "Point",
        "coordinates": [
          -0.27854,
          39.68004
        ]
      },
      "properties": {
        "slug": "a16952764-sagunt-sagunto",
        "nombre": "POWERCO BATTERY SPAIN SA. — Sagunt/Sagunto",
        "categoria": "plan_inversion",
        "descripcion": "Plan de inversión para implementar medidas de Sostenibilidad y Eficiencia Energética en la factoría de PowerCo Battery Spain S.A.U. de Sagunto",
        "estado_registro": "vigente",
        "verif": "confirmado",
        "geo_precision": "municipio",
        "geo_fuente": "punto del municipio en el Nomenclátor Geográfico Básico de España",
        "fecha_alta": "2026-08-06",
        "fecha_verificacion": "2026-08-06",
        "beneficiario": "POWERCO BATTERY SPAIN SA.",
        "titulo_plan": "Plan de inversión para implementar medidas de Sostenibilidad y Eficiencia Energética en la factoría de PowerCo Battery Spain S.A.U. de Sagunto",
        "cif": "A16952764",
        "codigo_plan": "VE2-010000-2024-0020",
        "instrumento": "Listado de solicitudes estimadas de la Propuesta de Resolución Definitiva del PERTE VEC — Sección B, convocatoria 2024 (Dirección General de Programas Industriales, Ministerio de Industria y Turismo)",
        "comision_verificacion": "2025-05-14",
        "fase": "tramitacion",
        "fase__v": "confirmado",
        "fase__f": "f1",
        "municipio": "Sagunt/Sagunto",
        "provincia": "València/Valencia",
        "presupuesto_financiable": 142000000.0,
        "presupuesto_financiable__v": "confirmado",
        "presupuesto_financiable__f": "f1",
        "gasto_subvencionable": 42332947.42,
        "gasto_subvencionable__v": "confirmado",
        "gasto_subvencionable__f": "f1",
        "subvencion_propuesta": 15581837.0,
        "subvencion_propuesta__v": "confirmado",
        "subvencion_propuesta__f": "f1",
        "prestamo_propuesto": 4233298.0,
        "prestamo_propuesto__v": "confirmado",
        "prestamo_propuesto__f": "f1",
        "claves": [
          {
            "k": "El listado escribe el municipio de otra forma",
            "v": "El Ministerio lo llama «Sagunto/Sagunt» y el Nomenclátor del IGN, «Sagunt/Sagunto». Es la misma localidad con el artículo en otro sitio o el nombre en otra lengua. Se publica la forma del IGN, que es de donde sale el punto, y se deja dicha la del listado.",
            "verif": "confirmado",
            "fuente": "f2"
          },
          {
            "k": "El documento es un registro por comisiones, no una tabla",
            "v": "El listado recoge seis comisiones de verificación entre mayo y octubre de 2025, y un expediente puede aparecer en más de una: la posterior lo REVISA. Contar filas da 61; los expedientes vigentes son 57. Que esa lectura es la buena lo demuestran los TOTALES del propio documento, que cuadran al céntimo en las seis.",
            "verif": "confirmado",
            "fuente": "f1"
          }
        ],
        "fuentes": [
          {
            "id": "f1",
            "tipo": "primaria",
            "titulo": "Listado de solicitudes estimadas de la Propuesta de Resolución Definitiva del PERTE VEC — Sección B, convocatoria 2024 (Dirección General de Programas Industriales, Ministerio de Industria y Turismo)",
            "url": "https://www.mintur.gob.es/PortalAyudas/VEC-SECCIONB/Concesion/2024/Paginas/PropResDefinitiva.aspx",
            "fecha": "2025-10-20",
            "archivo": "fuentes/2026-08-06_mintur_perte-vec-seccion-b-2024-propuesta-resolucion-definitiva.pdf"
          },
          {
            "id": "f2",
            "tipo": "primaria",
            "titulo": "Nomenclátor Geográfico Básico de España — Instituto Geográfico Nacional, topónimos de tipo Municipio",
            "url": "https://api-features.ign.es/collections/namedplace",
            "fecha": "2026-08-06",
            "archivo": "fuentes/2026-08-06_ign_ngbe-municipios-perte-vec.json"
          }
        ],
        "nota": "La cifra es una PROPUESTA, no una concesión: el documento se titula «Propuesta de Resolución Definitiva» y la resolución se notifica por el registro electrónico, que no es públicamente citable. Por eso los campos llevan la palabra dentro. Y el punto es el del municipio, no el de la fábrica: el listado sitúa por nombre de municipio y no publica coordenada."
      }
    },
    {
      "type": "Feature",
      "id": "perte:a50012525-zaragoza",
      "geometry": {
        "type": "Point",
        "coordinates": [
          -0.87732,
          41.65621
        ]
      },
      "properties": {
        "slug": "a50012525-zaragoza",
        "nombre": "MANN HUMMEL IBERICA SAU — Zaragoza",
        "categoria": "plan_inversion",
        "descripcion": "Investigación sobre el fenómeno de thermal runaway en elementos de almacenamiento de energía para vehículo eléctrico",
        "estado_registro": "vigente",
        "verif": "confirmado",
        "geo_precision": "municipio",
        "geo_fuente": "punto del municipio en el Nomenclátor Geográfico Básico de España",
        "fecha_alta": "2026-08-06",
        "fecha_verificacion": "2026-08-06",
        "beneficiario": "MANN HUMMEL IBERICA SAU",
        "titulo_plan": "Investigación sobre el fenómeno de thermal runaway en elementos de almacenamiento de energía para vehículo eléctrico",
        "cif": "A50012525",
        "codigo_plan": "VE2-010000-2024-0021",
        "instrumento": "Listado de solicitudes estimadas de la Propuesta de Resolución Definitiva del PERTE VEC — Sección B, convocatoria 2024 (Dirección General de Programas Industriales, Ministerio de Industria y Turismo)",
        "comision_verificacion": "2025-05-14",
        "fase": "tramitacion",
        "fase__v": "confirmado",
        "fase__f": "f1",
        "municipio": "Zaragoza",
        "provincia": "Zaragoza",
        "presupuesto_financiable": 6839414.0,
        "presupuesto_financiable__v": "confirmado",
        "presupuesto_financiable__f": "f1",
        "gasto_subvencionable": 6839414.0,
        "gasto_subvencionable__v": "confirmado",
        "gasto_subvencionable__f": "f1",
        "subvencion_propuesta": 3419707.0,
        "subvencion_propuesta__v": "confirmado",
        "subvencion_propuesta__f": "f1",
        "prestamo_propuesto": 0.0,
        "prestamo_propuesto__v": "confirmado",
        "prestamo_propuesto__f": "f1",
        "claves": [
          {
            "k": "El documento es un registro por comisiones, no una tabla",
            "v": "El listado recoge seis comisiones de verificación entre mayo y octubre de 2025, y un expediente puede aparecer en más de una: la posterior lo REVISA. Contar filas da 61; los expedientes vigentes son 57. Que esa lectura es la buena lo demuestran los TOTALES del propio documento, que cuadran al céntimo en las seis.",
            "verif": "confirmado",
            "fuente": "f1"
          }
        ],
        "fuentes": [
          {
            "id": "f1",
            "tipo": "primaria",
            "titulo": "Listado de solicitudes estimadas de la Propuesta de Resolución Definitiva del PERTE VEC — Sección B, convocatoria 2024 (Dirección General de Programas Industriales, Ministerio de Industria y Turismo)",
            "url": "https://www.mintur.gob.es/PortalAyudas/VEC-SECCIONB/Concesion/2024/Paginas/PropResDefinitiva.aspx",
            "fecha": "2025-10-20",
            "archivo": "fuentes/2026-08-06_mintur_perte-vec-seccion-b-2024-propuesta-resolucion-definitiva.pdf"
          },
          {
            "id": "f2",
            "tipo": "primaria",
            "titulo": "Nomenclátor Geográfico Básico de España — Instituto Geográfico Nacional, topónimos de tipo Municipio",
            "url": "https://api-features.ign.es/collections/namedplace",
            "fecha": "2026-08-06",
            "archivo": "fuentes/2026-08-06_ign_ngbe-municipios-perte-vec.json"
          }
        ],
        "nota": "La cifra es una PROPUESTA, no una concesión: el documento se titula «Propuesta de Resolución Definitiva» y la resolución se notifica por el registro electrónico, que no es públicamente citable. Por eso los campos llevan la palabra dentro. Y el punto es el del municipio, no el de la fábrica: el listado sitúa por nombre de municipio y no publica coordenada."
      }
    },
    {
      "type": "Feature",
      "id": "perte:b90262502-utrera",
      "geometry": {
        "type": "Point",
        "coordinates": [
          -5.78124,
          37.18318
        ]
      },
      "properties": {
        "slug": "b90262502-utrera",
        "nombre": "PASSION MOTORBIKE FACTORY S.L. — Utrera",
        "categoria": "plan_inversion",
        "descripcion": "Investigación y desarrollo de nuevos métodos que permitan mejorar la cadena de valor de las baterías dentro del entorno del vehículo eléctrico",
        "estado_registro": "vigente",
        "verif": "confirmado",
        "geo_precision": "municipio",
        "geo_fuente": "punto del municipio en el Nomenclátor Geográfico Básico de España",
        "fecha_alta": "2026-08-06",
        "fecha_verificacion": "2026-08-06",
        "beneficiario": "PASSION MOTORBIKE FACTORY S.L.",
        "titulo_plan": "Investigación y desarrollo de nuevos métodos que permitan mejorar la cadena de valor de las baterías dentro del entorno del vehículo eléctrico",
        "cif": "B90262502",
        "codigo_plan": "VE2-010000-2024-0022",
        "instrumento": "Listado de solicitudes estimadas de la Propuesta de Resolución Definitiva del PERTE VEC — Sección B, convocatoria 2024 (Dirección General de Programas Industriales, Ministerio de Industria y Turismo)",
        "comision_verificacion": "2025-05-14",
        "fase": "tramitacion",
        "fase__v": "confirmado",
        "fase__f": "f1",
        "municipio": "Utrera",
        "provincia": "Sevilla",
        "presupuesto_financiable": 1338655.5,
        "presupuesto_financiable__v": "confirmado",
        "presupuesto_financiable__f": "f1",
        "gasto_subvencionable": 1338655.5,
        "gasto_subvencionable__v": "confirmado",
        "gasto_subvencionable__f": "f1",
        "subvencion_propuesta": 766181.0,
        "subvencion_propuesta__v": "confirmado",
        "subvencion_propuesta__f": "f1",
        "prestamo_propuesto": 0.0,
        "prestamo_propuesto__v": "confirmado",
        "prestamo_propuesto__f": "f1",
        "claves": [
          {
            "k": "El documento es un registro por comisiones, no una tabla",
            "v": "El listado recoge seis comisiones de verificación entre mayo y octubre de 2025, y un expediente puede aparecer en más de una: la posterior lo REVISA. Contar filas da 61; los expedientes vigentes son 57. Que esa lectura es la buena lo demuestran los TOTALES del propio documento, que cuadran al céntimo en las seis.",
            "verif": "confirmado",
            "fuente": "f1"
          }
        ],
        "fuentes": [
          {
            "id": "f1",
            "tipo": "primaria",
            "titulo": "Listado de solicitudes estimadas de la Propuesta de Resolución Definitiva del PERTE VEC — Sección B, convocatoria 2024 (Dirección General de Programas Industriales, Ministerio de Industria y Turismo)",
            "url": "https://www.mintur.gob.es/PortalAyudas/VEC-SECCIONB/Concesion/2024/Paginas/PropResDefinitiva.aspx",
            "fecha": "2025-10-20",
            "archivo": "fuentes/2026-08-06_mintur_perte-vec-seccion-b-2024-propuesta-resolucion-definitiva.pdf"
          },
          {
            "id": "f2",
            "tipo": "primaria",
            "titulo": "Nomenclátor Geográfico Básico de España — Instituto Geográfico Nacional, topónimos de tipo Municipio",
            "url": "https://api-features.ign.es/collections/namedplace",
            "fecha": "2026-08-06",
            "archivo": "fuentes/2026-08-06_ign_ngbe-municipios-perte-vec.json"
          }
        ],
        "nota": "La cifra es una PROPUESTA, no una concesión: el documento se titula «Propuesta de Resolución Definitiva» y la resolución se notifica por el registro electrónico, que no es públicamente citable. Por eso los campos llevan la palabra dentro. Y el punto es el del municipio, no el de la fábrica: el listado sitúa por nombre de municipio y no publica coordenada."
      }
    },
    {
      "type": "Feature",
      "id": "perte:a82419748-valencia",
      "geometry": {
        "type": "Point",
        "coordinates": [
          -0.37739,
          39.4699
        ]
      },
      "properties": {
        "slug": "a82419748-valencia",
        "nombre": "BOSCH SERVICE SOLUTIONS, S.A.U. — València",
        "categoria": "plan_inversion",
        "descripcion": "Plan de inversión de Bosch Service Solutions S.A.U para el desarrollo del vehículo eléctrico y conectado",
        "estado_registro": "vigente",
        "verif": "confirmado",
        "geo_precision": "municipio",
        "geo_fuente": "punto del municipio en el Nomenclátor Geográfico Básico de España",
        "fecha_alta": "2026-08-06",
        "fecha_verificacion": "2026-08-06",
        "beneficiario": "BOSCH SERVICE SOLUTIONS, S.A.U.",
        "titulo_plan": "Plan de inversión de Bosch Service Solutions S.A.U para el desarrollo del vehículo eléctrico y conectado",
        "cif": "A82419748",
        "codigo_plan": "VE2-010000-2024-0023",
        "instrumento": "Listado de solicitudes estimadas de la Propuesta de Resolución Definitiva del PERTE VEC — Sección B, convocatoria 2024 (Dirección General de Programas Industriales, Ministerio de Industria y Turismo)",
        "comision_verificacion": "2025-05-14",
        "fase": "tramitacion",
        "fase__v": "confirmado",
        "fase__f": "f1",
        "municipio": "València",
        "provincia": "València/Valencia",
        "presupuesto_financiable": 5328125.55,
        "presupuesto_financiable__v": "confirmado",
        "presupuesto_financiable__f": "f1",
        "gasto_subvencionable": 5328125.55,
        "gasto_subvencionable__v": "confirmado",
        "gasto_subvencionable__f": "f1",
        "subvencion_propuesta": 2664062.0,
        "subvencion_propuesta__v": "confirmado",
        "subvencion_propuesta__f": "f1",
        "prestamo_propuesto": 0.0,
        "prestamo_propuesto__v": "confirmado",
        "prestamo_propuesto__f": "f1",
        "claves": [
          {
            "k": "El documento es un registro por comisiones, no una tabla",
            "v": "El listado recoge seis comisiones de verificación entre mayo y octubre de 2025, y un expediente puede aparecer en más de una: la posterior lo REVISA. Contar filas da 61; los expedientes vigentes son 57. Que esa lectura es la buena lo demuestran los TOTALES del propio documento, que cuadran al céntimo en las seis.",
            "verif": "confirmado",
            "fuente": "f1"
          }
        ],
        "fuentes": [
          {
            "id": "f1",
            "tipo": "primaria",
            "titulo": "Listado de solicitudes estimadas de la Propuesta de Resolución Definitiva del PERTE VEC — Sección B, convocatoria 2024 (Dirección General de Programas Industriales, Ministerio de Industria y Turismo)",
            "url": "https://www.mintur.gob.es/PortalAyudas/VEC-SECCIONB/Concesion/2024/Paginas/PropResDefinitiva.aspx",
            "fecha": "2025-10-20",
            "archivo": "fuentes/2026-08-06_mintur_perte-vec-seccion-b-2024-propuesta-resolucion-definitiva.pdf"
          },
          {
            "id": "f2",
            "tipo": "primaria",
            "titulo": "Nomenclátor Geográfico Básico de España — Instituto Geográfico Nacional, topónimos de tipo Municipio",
            "url": "https://api-features.ign.es/collections/namedplace",
            "fecha": "2026-08-06",
            "archivo": "fuentes/2026-08-06_ign_ngbe-municipios-perte-vec.json"
          }
        ],
        "nota": "La cifra es una PROPUESTA, no una concesión: el documento se titula «Propuesta de Resolución Definitiva» y la resolución se notifica por el registro electrónico, que no es públicamente citable. Por eso los campos llevan la palabra dentro. Y el punto es el del municipio, no el de la fábrica: el listado sitúa por nombre de municipio y no publica coordenada."
      }
    },
    {
      "type": "Feature",
      "id": "perte:a09018177-burgos",
      "geometry": {
        "type": "Point",
        "coordinates": [
          -3.70218,
          42.34058
        ]
      },
      "properties": {
        "slug": "a09018177-burgos",
        "nombre": "MOLDEADOS TÉCNICOS PLÁSTICOS, SA — Burgos",
        "categoria": "plan_inversion",
        "descripcion": "DESARROLLO DE NUEVOS ELEMENTOS PLÁSTICOS ALIGERADOS PARA EL VEHICULO ELECTRICO CONECTADO",
        "estado_registro": "vigente",
        "verif": "confirmado",
        "geo_precision": "municipio",
        "geo_fuente": "punto del municipio en el Nomenclátor Geográfico Básico de España",
        "fecha_alta": "2026-08-06",
        "fecha_verificacion": "2026-08-06",
        "beneficiario": "MOLDEADOS TÉCNICOS PLÁSTICOS, SA",
        "titulo_plan": "DESARROLLO DE NUEVOS ELEMENTOS PLÁSTICOS ALIGERADOS PARA EL VEHICULO ELECTRICO CONECTADO",
        "cif": "A09018177",
        "codigo_plan": "VE2-010000-2024-0024",
        "instrumento": "Listado de solicitudes estimadas de la Propuesta de Resolución Definitiva del PERTE VEC — Sección B, convocatoria 2024 (Dirección General de Programas Industriales, Ministerio de Industria y Turismo)",
        "comision_verificacion": "2025-05-14",
        "fase": "tramitacion",
        "fase__v": "confirmado",
        "fase__f": "f1",
        "municipio": "Burgos",
        "provincia": "Burgos",
        "presupuesto_financiable": 1372246.3,
        "presupuesto_financiable__v": "confirmado",
        "presupuesto_financiable__f": "f1",
        "gasto_subvencionable": 1372246.3,
        "gasto_subvencionable__v": "confirmado",
        "gasto_subvencionable__f": "f1",
        "subvencion_propuesta": 327784.0,
        "subvencion_propuesta__v": "confirmado",
        "subvencion_propuesta__f": "f1",
        "prestamo_propuesto": 137225.0,
        "prestamo_propuesto__v": "confirmado",
        "prestamo_propuesto__f": "f1",
        "claves": [
          {
            "k": "El documento es un registro por comisiones, no una tabla",
            "v": "El listado recoge seis comisiones de verificación entre mayo y octubre de 2025, y un expediente puede aparecer en más de una: la posterior lo REVISA. Contar filas da 61; los expedientes vigentes son 57. Que esa lectura es la buena lo demuestran los TOTALES del propio documento, que cuadran al céntimo en las seis.",
            "verif": "confirmado",
            "fuente": "f1"
          }
        ],
        "fuentes": [
          {
            "id": "f1",
            "tipo": "primaria",
            "titulo": "Listado de solicitudes estimadas de la Propuesta de Resolución Definitiva del PERTE VEC — Sección B, convocatoria 2024 (Dirección General de Programas Industriales, Ministerio de Industria y Turismo)",
            "url": "https://www.mintur.gob.es/PortalAyudas/VEC-SECCIONB/Concesion/2024/Paginas/PropResDefinitiva.aspx",
            "fecha": "2025-10-20",
            "archivo": "fuentes/2026-08-06_mintur_perte-vec-seccion-b-2024-propuesta-resolucion-definitiva.pdf"
          },
          {
            "id": "f2",
            "tipo": "primaria",
            "titulo": "Nomenclátor Geográfico Básico de España — Instituto Geográfico Nacional, topónimos de tipo Municipio",
            "url": "https://api-features.ign.es/collections/namedplace",
            "fecha": "2026-08-06",
            "archivo": "fuentes/2026-08-06_ign_ngbe-municipios-perte-vec.json"
          }
        ],
        "nota": "La cifra es una PROPUESTA, no una concesión: el documento se titula «Propuesta de Resolución Definitiva» y la resolución se notifica por el registro electrónico, que no es públicamente citable. Por eso los campos llevan la palabra dentro. Y el punto es el del municipio, no el de la fábrica: el listado sitúa por nombre de municipio y no publica coordenada."
      }
    },
    {
      "type": "Feature",
      "id": "perte:b50629187-figueruelas",
      "geometry": {
        "type": "Point",
        "coordinates": [
          -1.17367,
          41.76537
        ]
      },
      "properties": {
        "slug": "b50629187-figueruelas",
        "nombre": "STELLANTIS ESPAÑA SL — Figueruelas",
        "categoria": "plan_inversion",
        "descripcion": "Plan de inversión innovador en sostenibilidad y eficiencia energética para la Gigafactoría de Stellantis en Figueruelas",
        "estado_registro": "vigente",
        "verif": "confirmado",
        "geo_precision": "municipio",
        "geo_fuente": "punto del municipio en el Nomenclátor Geográfico Básico de España",
        "fecha_alta": "2026-08-06",
        "fecha_verificacion": "2026-08-06",
        "beneficiario": "STELLANTIS ESPAÑA SL",
        "titulo_plan": "Plan de inversión innovador en sostenibilidad y eficiencia energética para la Gigafactoría de Stellantis en Figueruelas",
        "cif": "B50629187",
        "codigo_plan": "VE2-010000-2024-0025",
        "instrumento": "Listado de solicitudes estimadas de la Propuesta de Resolución Definitiva del PERTE VEC — Sección B, convocatoria 2024 (Dirección General de Programas Industriales, Ministerio de Industria y Turismo)",
        "comision_verificacion": "2025-05-14",
        "fase": "tramitacion",
        "fase__v": "confirmado",
        "fase__f": "f1",
        "municipio": "Figueruelas",
        "provincia": "Zaragoza",
        "presupuesto_financiable": 343834714.0,
        "presupuesto_financiable__v": "confirmado",
        "presupuesto_financiable__f": "f1",
        "gasto_subvencionable": 199613671.0,
        "gasto_subvencionable__v": "confirmado",
        "gasto_subvencionable__f": "f1",
        "subvencion_propuesta": 61838471.0,
        "subvencion_propuesta__v": "confirmado",
        "subvencion_propuesta__f": "f1",
        "prestamo_propuesto": 19961370.0,
        "prestamo_propuesto__v": "confirmado",
        "prestamo_propuesto__f": "f1",
        "claves": [
          {
            "k": "El documento es un registro por comisiones, no una tabla",
            "v": "El listado recoge seis comisiones de verificación entre mayo y octubre de 2025, y un expediente puede aparecer en más de una: la posterior lo REVISA. Contar filas da 61; los expedientes vigentes son 57. Que esa lectura es la buena lo demuestran los TOTALES del propio documento, que cuadran al céntimo en las seis.",
            "verif": "confirmado",
            "fuente": "f1"
          }
        ],
        "fuentes": [
          {
            "id": "f1",
            "tipo": "primaria",
            "titulo": "Listado de solicitudes estimadas de la Propuesta de Resolución Definitiva del PERTE VEC — Sección B, convocatoria 2024 (Dirección General de Programas Industriales, Ministerio de Industria y Turismo)",
            "url": "https://www.mintur.gob.es/PortalAyudas/VEC-SECCIONB/Concesion/2024/Paginas/PropResDefinitiva.aspx",
            "fecha": "2025-10-20",
            "archivo": "fuentes/2026-08-06_mintur_perte-vec-seccion-b-2024-propuesta-resolucion-definitiva.pdf"
          },
          {
            "id": "f2",
            "tipo": "primaria",
            "titulo": "Nomenclátor Geográfico Básico de España — Instituto Geográfico Nacional, topónimos de tipo Municipio",
            "url": "https://api-features.ign.es/collections/namedplace",
            "fecha": "2026-08-06",
            "archivo": "fuentes/2026-08-06_ign_ngbe-municipios-perte-vec.json"
          }
        ],
        "nota": "La cifra es una PROPUESTA, no una concesión: el documento se titula «Propuesta de Resolución Definitiva» y la resolución se notifica por el registro electrónico, que no es públicamente citable. Por eso los campos llevan la palabra dentro. Y el punto es el del municipio, no el de la fábrica: el listado sitúa por nombre de municipio y no publica coordenada."
      }
    },
    {
      "type": "Feature",
      "id": "perte:b28006294-san-esteban-de-gormaz",
      "geometry": {
        "type": "Point",
        "coordinates": [
          -3.20545,
          41.57409
        ]
      },
      "properties": {
        "slug": "b28006294-san-esteban-de-gormaz",
        "nombre": "EXIDE TECHNOLOGIES, S.L. — San Esteban de Gormaz",
        "categoria": "plan_inversion",
        "descripcion": "INVESTIGACIÓN DE UN NUEVO SISTEMA MÓVIL DE RESPALDO ENERGÉTICO CON BATERÍAS DE IONES DE LITIO REPARADAS.",
        "estado_registro": "vigente",
        "verif": "confirmado",
        "geo_precision": "municipio",
        "geo_fuente": "punto del municipio en el Nomenclátor Geográfico Básico de España",
        "fecha_alta": "2026-08-06",
        "fecha_verificacion": "2026-08-06",
        "beneficiario": "EXIDE TECHNOLOGIES, S.L.",
        "titulo_plan": "INVESTIGACIÓN DE UN NUEVO SISTEMA MÓVIL DE RESPALDO ENERGÉTICO CON BATERÍAS DE IONES DE LITIO REPARADAS.",
        "cif": "B28006294",
        "codigo_plan": "VE2-010000-2024-0027",
        "instrumento": "Listado de solicitudes estimadas de la Propuesta de Resolución Definitiva del PERTE VEC — Sección B, convocatoria 2024 (Dirección General de Programas Industriales, Ministerio de Industria y Turismo)",
        "comision_verificacion": "2025-05-14",
        "fase": "tramitacion",
        "fase__v": "confirmado",
        "fase__f": "f1",
        "municipio": "San Esteban de Gormaz",
        "provincia": "Soria",
        "presupuesto_financiable": 970992.3,
        "presupuesto_financiable__v": "confirmado",
        "presupuesto_financiable__f": "f1",
        "gasto_subvencionable": 970992.3,
        "gasto_subvencionable__v": "confirmado",
        "gasto_subvencionable__f": "f1",
        "subvencion_propuesta": 485496.0,
        "subvencion_propuesta__v": "confirmado",
        "subvencion_propuesta__f": "f1",
        "prestamo_propuesto": 0.0,
        "prestamo_propuesto__v": "confirmado",
        "prestamo_propuesto__f": "f1",
        "claves": [
          {
            "k": "El documento es un registro por comisiones, no una tabla",
            "v": "El listado recoge seis comisiones de verificación entre mayo y octubre de 2025, y un expediente puede aparecer en más de una: la posterior lo REVISA. Contar filas da 61; los expedientes vigentes son 57. Que esa lectura es la buena lo demuestran los TOTALES del propio documento, que cuadran al céntimo en las seis.",
            "verif": "confirmado",
            "fuente": "f1"
          }
        ],
        "fuentes": [
          {
            "id": "f1",
            "tipo": "primaria",
            "titulo": "Listado de solicitudes estimadas de la Propuesta de Resolución Definitiva del PERTE VEC — Sección B, convocatoria 2024 (Dirección General de Programas Industriales, Ministerio de Industria y Turismo)",
            "url": "https://www.mintur.gob.es/PortalAyudas/VEC-SECCIONB/Concesion/2024/Paginas/PropResDefinitiva.aspx",
            "fecha": "2025-10-20",
            "archivo": "fuentes/2026-08-06_mintur_perte-vec-seccion-b-2024-propuesta-resolucion-definitiva.pdf"
          },
          {
            "id": "f2",
            "tipo": "primaria",
            "titulo": "Nomenclátor Geográfico Básico de España — Instituto Geográfico Nacional, topónimos de tipo Municipio",
            "url": "https://api-features.ign.es/collections/namedplace",
            "fecha": "2026-08-06",
            "archivo": "fuentes/2026-08-06_ign_ngbe-municipios-perte-vec.json"
          }
        ],
        "nota": "La cifra es una PROPUESTA, no una concesión: el documento se titula «Propuesta de Resolución Definitiva» y la resolución se notifica por el registro electrónico, que no es públicamente citable. Por eso los campos llevan la palabra dentro. Y el punto es el del municipio, no el de la fábrica: el listado sitúa por nombre de municipio y no publica coordenada."
      }
    },
    {
      "type": "Feature",
      "id": "perte:b31666670-galar",
      "geometry": {
        "type": "Point",
        "coordinates": [
          -1.6993,
          42.76215
        ]
      },
      "properties": {
        "slug": "b31666670-galar",
        "nombre": "INTEGRALIA MOVILIDAD, S.L — Galar",
        "categoria": "plan_inversion",
        "descripcion": "NUEVAS TECNOLOGÍAS PARA EL SHUTTLE ELÉCTRICO Y AUTÓNOMO",
        "estado_registro": "vigente",
        "verif": "confirmado",
        "geo_precision": "municipio",
        "geo_fuente": "punto del municipio en el Nomenclátor Geográfico Básico de España",
        "fecha_alta": "2026-08-06",
        "fecha_verificacion": "2026-08-06",
        "beneficiario": "INTEGRALIA MOVILIDAD, S.L",
        "titulo_plan": "NUEVAS TECNOLOGÍAS PARA EL SHUTTLE ELÉCTRICO Y AUTÓNOMO",
        "cif": "B31666670",
        "codigo_plan": "VE2-010000-2024-0028",
        "instrumento": "Listado de solicitudes estimadas de la Propuesta de Resolución Definitiva del PERTE VEC — Sección B, convocatoria 2024 (Dirección General de Programas Industriales, Ministerio de Industria y Turismo)",
        "comision_verificacion": "2025-05-14",
        "fase": "tramitacion",
        "fase__v": "confirmado",
        "fase__f": "f1",
        "municipio": "Galar",
        "provincia": "Navarra",
        "presupuesto_financiable": 1653242.0,
        "presupuesto_financiable__v": "confirmado",
        "presupuesto_financiable__f": "f1",
        "gasto_subvencionable": 1653242.0,
        "gasto_subvencionable__v": "confirmado",
        "gasto_subvencionable__f": "f1",
        "subvencion_propuesta": 1157269.0,
        "subvencion_propuesta__v": "confirmado",
        "subvencion_propuesta__f": "f1",
        "prestamo_propuesto": 0.0,
        "prestamo_propuesto__v": "confirmado",
        "prestamo_propuesto__f": "f1",
        "claves": [
          {
            "k": "El documento es un registro por comisiones, no una tabla",
            "v": "El listado recoge seis comisiones de verificación entre mayo y octubre de 2025, y un expediente puede aparecer en más de una: la posterior lo REVISA. Contar filas da 61; los expedientes vigentes son 57. Que esa lectura es la buena lo demuestran los TOTALES del propio documento, que cuadran al céntimo en las seis.",
            "verif": "confirmado",
            "fuente": "f1"
          }
        ],
        "fuentes": [
          {
            "id": "f1",
            "tipo": "primaria",
            "titulo": "Listado de solicitudes estimadas de la Propuesta de Resolución Definitiva del PERTE VEC — Sección B, convocatoria 2024 (Dirección General de Programas Industriales, Ministerio de Industria y Turismo)",
            "url": "https://www.mintur.gob.es/PortalAyudas/VEC-SECCIONB/Concesion/2024/Paginas/PropResDefinitiva.aspx",
            "fecha": "2025-10-20",
            "archivo": "fuentes/2026-08-06_mintur_perte-vec-seccion-b-2024-propuesta-resolucion-definitiva.pdf"
          },
          {
            "id": "f2",
            "tipo": "primaria",
            "titulo": "Nomenclátor Geográfico Básico de España — Instituto Geográfico Nacional, topónimos de tipo Municipio",
            "url": "https://api-features.ign.es/collections/namedplace",
            "fecha": "2026-08-06",
            "archivo": "fuentes/2026-08-06_ign_ngbe-municipios-perte-vec.json"
          }
        ],
        "nota": "La cifra es una PROPUESTA, no una concesión: el documento se titula «Propuesta de Resolución Definitiva» y la resolución se notifica por el registro electrónico, que no es públicamente citable. Por eso los campos llevan la palabra dentro. Y el punto es el del municipio, no el de la fábrica: el listado sitúa por nombre de municipio y no publica coordenada."
      }
    },
    {
      "type": "Feature",
      "id": "perte:b80540222-san-javier",
      "geometry": {
        "type": "Point",
        "coordinates": [
          -0.83475,
          37.8055
        ]
      },
      "properties": {
        "slug": "b80540222-san-javier",
        "nombre": "HIMOINSA, S.L. — San Javier",
        "categoria": "plan_inversion",
        "descripcion": "Investigación aplicada al desarrollo de una solución energética basada en hidrógeno para la recarga de vehículos eléctricos en instalaciones aisladas de la red.",
        "estado_registro": "vigente",
        "verif": "confirmado",
        "geo_precision": "municipio",
        "geo_fuente": "punto del municipio en el Nomenclátor Geográfico Básico de España",
        "fecha_alta": "2026-08-06",
        "fecha_verificacion": "2026-08-06",
        "beneficiario": "HIMOINSA, S.L.",
        "titulo_plan": "Investigación aplicada al desarrollo de una solución energética basada en hidrógeno para la recarga de vehículos eléctricos en instalaciones aisladas de la red.",
        "cif": "B80540222",
        "codigo_plan": "VE2-010000-2024-0032",
        "instrumento": "Listado de solicitudes estimadas de la Propuesta de Resolución Definitiva del PERTE VEC — Sección B, convocatoria 2024 (Dirección General de Programas Industriales, Ministerio de Industria y Turismo)",
        "comision_verificacion": "2025-05-14",
        "fase": "tramitacion",
        "fase__v": "confirmado",
        "fase__f": "f1",
        "municipio": "San Javier",
        "provincia": "Murcia",
        "presupuesto_financiable": 2724129.05,
        "presupuesto_financiable__v": "confirmado",
        "presupuesto_financiable__f": "f1",
        "gasto_subvencionable": 2724129.05,
        "gasto_subvencionable__v": "confirmado",
        "gasto_subvencionable__f": "f1",
        "subvencion_propuesta": 1362064.0,
        "subvencion_propuesta__v": "confirmado",
        "subvencion_propuesta__f": "f1",
        "prestamo_propuesto": 0.0,
        "prestamo_propuesto__v": "confirmado",
        "prestamo_propuesto__f": "f1",
        "claves": [
          {
            "k": "El documento es un registro por comisiones, no una tabla",
            "v": "El listado recoge seis comisiones de verificación entre mayo y octubre de 2025, y un expediente puede aparecer en más de una: la posterior lo REVISA. Contar filas da 61; los expedientes vigentes son 57. Que esa lectura es la buena lo demuestran los TOTALES del propio documento, que cuadran al céntimo en las seis.",
            "verif": "confirmado",
            "fuente": "f1"
          }
        ],
        "fuentes": [
          {
            "id": "f1",
            "tipo": "primaria",
            "titulo": "Listado de solicitudes estimadas de la Propuesta de Resolución Definitiva del PERTE VEC — Sección B, convocatoria 2024 (Dirección General de Programas Industriales, Ministerio de Industria y Turismo)",
            "url": "https://www.mintur.gob.es/PortalAyudas/VEC-SECCIONB/Concesion/2024/Paginas/PropResDefinitiva.aspx",
            "fecha": "2025-10-20",
            "archivo": "fuentes/2026-08-06_mintur_perte-vec-seccion-b-2024-propuesta-resolucion-definitiva.pdf"
          },
          {
            "id": "f2",
            "tipo": "primaria",
            "titulo": "Nomenclátor Geográfico Básico de España — Instituto Geográfico Nacional, topónimos de tipo Municipio",
            "url": "https://api-features.ign.es/collections/namedplace",
            "fecha": "2026-08-06",
            "archivo": "fuentes/2026-08-06_ign_ngbe-municipios-perte-vec.json"
          }
        ],
        "nota": "La cifra es una PROPUESTA, no una concesión: el documento se titula «Propuesta de Resolución Definitiva» y la resolución se notifica por el registro electrónico, que no es públicamente citable. Por eso los campos llevan la palabra dentro. Y el punto es el del municipio, no el de la fábrica: el listado sitúa por nombre de municipio y no publica coordenada."
      }
    },
    {
      "type": "Feature",
      "id": "perte:b71340889-orkoien",
      "geometry": {
        "type": "Point",
        "coordinates": [
          -1.69589,
          42.82293
        ]
      },
      "properties": {
        "slug": "b71340889-orkoien",
        "nombre": "BeePlanet Factory S.L. — Orkoien",
        "categoria": "plan_inversion",
        "descripcion": "Investigación en tecnologías para la gestión térmica y la seguridad en sistemas de almacenamiento estacionarios basados en baterías de segunda vida - BeeSMS",
        "estado_registro": "vigente",
        "verif": "confirmado",
        "geo_precision": "municipio",
        "geo_fuente": "punto del municipio en el Nomenclátor Geográfico Básico de España",
        "fecha_alta": "2026-08-06",
        "fecha_verificacion": "2026-08-06",
        "beneficiario": "BeePlanet Factory S.L.",
        "titulo_plan": "Investigación en tecnologías para la gestión térmica y la seguridad en sistemas de almacenamiento estacionarios basados en baterías de segunda vida - BeeSMS",
        "cif": "B71340889",
        "codigo_plan": "VE2-010000-2024-0033",
        "instrumento": "Listado de solicitudes estimadas de la Propuesta de Resolución Definitiva del PERTE VEC — Sección B, convocatoria 2024 (Dirección General de Programas Industriales, Ministerio de Industria y Turismo)",
        "comision_verificacion": "2025-06-04",
        "fase": "tramitacion",
        "fase__v": "confirmado",
        "fase__f": "f1",
        "municipio": "Orkoien",
        "provincia": "Navarra",
        "presupuesto_financiable": 894539.0,
        "presupuesto_financiable__v": "confirmado",
        "presupuesto_financiable__f": "f1",
        "gasto_subvencionable": 894539.0,
        "gasto_subvencionable__v": "confirmado",
        "gasto_subvencionable__f": "f1",
        "subvencion_propuesta": 626177.0,
        "subvencion_propuesta__v": "confirmado",
        "subvencion_propuesta__f": "f1",
        "prestamo_propuesto": 0.0,
        "prestamo_propuesto__v": "confirmado",
        "prestamo_propuesto__f": "f1",
        "claves": [
          {
            "k": "Este expediente fue revisado por una comisión posterior",
            "v": "Aparece primero en la comisión de 14/05/2025 y vuelve a aparecer en la de 04/06/2025, con cifras nuevas. Se publica la última, que es la que el documento da por vigente y la que hace cuadrar sus totales.",
            "verif": "confirmado",
            "fuente": "f1"
          },
          {
            "k": "El documento es un registro por comisiones, no una tabla",
            "v": "El listado recoge seis comisiones de verificación entre mayo y octubre de 2025, y un expediente puede aparecer en más de una: la posterior lo REVISA. Contar filas da 61; los expedientes vigentes son 57. Que esa lectura es la buena lo demuestran los TOTALES del propio documento, que cuadran al céntimo en las seis.",
            "verif": "confirmado",
            "fuente": "f1"
          }
        ],
        "fuentes": [
          {
            "id": "f1",
            "tipo": "primaria",
            "titulo": "Listado de solicitudes estimadas de la Propuesta de Resolución Definitiva del PERTE VEC — Sección B, convocatoria 2024 (Dirección General de Programas Industriales, Ministerio de Industria y Turismo)",
            "url": "https://www.mintur.gob.es/PortalAyudas/VEC-SECCIONB/Concesion/2024/Paginas/PropResDefinitiva.aspx",
            "fecha": "2025-10-20",
            "archivo": "fuentes/2026-08-06_mintur_perte-vec-seccion-b-2024-propuesta-resolucion-definitiva.pdf"
          },
          {
            "id": "f2",
            "tipo": "primaria",
            "titulo": "Nomenclátor Geográfico Básico de España — Instituto Geográfico Nacional, topónimos de tipo Municipio",
            "url": "https://api-features.ign.es/collections/namedplace",
            "fecha": "2026-08-06",
            "archivo": "fuentes/2026-08-06_ign_ngbe-municipios-perte-vec.json"
          }
        ],
        "nota": "La cifra es una PROPUESTA, no una concesión: el documento se titula «Propuesta de Resolución Definitiva» y la resolución se notifica por el registro electrónico, que no es públicamente citable. Por eso los campos llevan la palabra dentro. Y el punto es el del municipio, no el de la fábrica: el listado sitúa por nombre de municipio y no publica coordenada."
      }
    },
    {
      "type": "Feature",
      "id": "perte:a28757722-madrid",
      "geometry": {
        "type": "Point",
        "coordinates": [
          -3.69198,
          40.41903
        ]
      },
      "properties": {
        "slug": "a28757722-madrid",
        "nombre": "ORBIS TECNOLOGIA ELECTRICA,S.A — Madrid",
        "categoria": "plan_inversion",
        "descripcion": "Desarrollo de una estación de recarga para vehículos eléctricos empleando funcionalidades metrológicas securizadas",
        "estado_registro": "vigente",
        "verif": "confirmado",
        "geo_precision": "municipio",
        "geo_fuente": "punto del municipio en el Nomenclátor Geográfico Básico de España",
        "fecha_alta": "2026-08-06",
        "fecha_verificacion": "2026-08-06",
        "beneficiario": "ORBIS TECNOLOGIA ELECTRICA,S.A",
        "titulo_plan": "Desarrollo de una estación de recarga para vehículos eléctricos empleando funcionalidades metrológicas securizadas",
        "cif": "A28757722",
        "codigo_plan": "VE2-010000-2024-0035",
        "instrumento": "Listado de solicitudes estimadas de la Propuesta de Resolución Definitiva del PERTE VEC — Sección B, convocatoria 2024 (Dirección General de Programas Industriales, Ministerio de Industria y Turismo)",
        "comision_verificacion": "2025-07-07",
        "fase": "tramitacion",
        "fase__v": "confirmado",
        "fase__f": "f1",
        "municipio": "Madrid",
        "provincia": "Madrid",
        "presupuesto_financiable": 1353271.31,
        "presupuesto_financiable__v": "confirmado",
        "presupuesto_financiable__f": "f1",
        "gasto_subvencionable": 1353271.33,
        "gasto_subvencionable__v": "confirmado",
        "gasto_subvencionable__f": "f1",
        "subvencion_propuesta": 323251.0,
        "subvencion_propuesta__v": "confirmado",
        "subvencion_propuesta__f": "f1",
        "prestamo_propuesto": 135328.0,
        "prestamo_propuesto__v": "confirmado",
        "prestamo_propuesto__f": "f1",
        "claves": [
          {
            "k": "El documento es un registro por comisiones, no una tabla",
            "v": "El listado recoge seis comisiones de verificación entre mayo y octubre de 2025, y un expediente puede aparecer en más de una: la posterior lo REVISA. Contar filas da 61; los expedientes vigentes son 57. Que esa lectura es la buena lo demuestran los TOTALES del propio documento, que cuadran al céntimo en las seis.",
            "verif": "confirmado",
            "fuente": "f1"
          }
        ],
        "fuentes": [
          {
            "id": "f1",
            "tipo": "primaria",
            "titulo": "Listado de solicitudes estimadas de la Propuesta de Resolución Definitiva del PERTE VEC — Sección B, convocatoria 2024 (Dirección General de Programas Industriales, Ministerio de Industria y Turismo)",
            "url": "https://www.mintur.gob.es/PortalAyudas/VEC-SECCIONB/Concesion/2024/Paginas/PropResDefinitiva.aspx",
            "fecha": "2025-10-20",
            "archivo": "fuentes/2026-08-06_mintur_perte-vec-seccion-b-2024-propuesta-resolucion-definitiva.pdf"
          },
          {
            "id": "f2",
            "tipo": "primaria",
            "titulo": "Nomenclátor Geográfico Básico de España — Instituto Geográfico Nacional, topónimos de tipo Municipio",
            "url": "https://api-features.ign.es/collections/namedplace",
            "fecha": "2026-08-06",
            "archivo": "fuentes/2026-08-06_ign_ngbe-municipios-perte-vec.json"
          }
        ],
        "nota": "La cifra es una PROPUESTA, no una concesión: el documento se titula «Propuesta de Resolución Definitiva» y la resolución se notifica por el registro electrónico, que no es públicamente citable. Por eso los campos llevan la palabra dentro. Y el punto es el del municipio, no el de la fábrica: el listado sitúa por nombre de municipio y no publica coordenada."
      }
    },
    {
      "type": "Feature",
      "id": "perte:a17003344-riudellots-de-la-selva",
      "geometry": {
        "type": "Point",
        "coordinates": [
          2.80153,
          41.89361
        ]
      },
      "properties": {
        "slug": "a17003344-riudellots-de-la-selva",
        "nombre": "ACEBSA AISLANTES CONDUCTORES ESMALTADOS Y BARNICES SA — Riudellots de la Selva",
        "categoria": "plan_inversion",
        "descripcion": "PLAN DE INVERSIONES PARA LA FABRICACIÓN DE CONDUCTORES PARA MOTORES DE VEHÍCULOS ELÉCTRICOS",
        "estado_registro": "vigente",
        "verif": "confirmado",
        "geo_precision": "municipio",
        "geo_fuente": "punto del municipio en el Nomenclátor Geográfico Básico de España",
        "fecha_alta": "2026-08-06",
        "fecha_verificacion": "2026-08-06",
        "beneficiario": "ACEBSA AISLANTES CONDUCTORES ESMALTADOS Y BARNICES SA",
        "titulo_plan": "PLAN DE INVERSIONES PARA LA FABRICACIÓN DE CONDUCTORES PARA MOTORES DE VEHÍCULOS ELÉCTRICOS",
        "cif": "A17003344",
        "codigo_plan": "VE2-010000-2024-0037",
        "instrumento": "Listado de solicitudes estimadas de la Propuesta de Resolución Definitiva del PERTE VEC — Sección B, convocatoria 2024 (Dirección General de Programas Industriales, Ministerio de Industria y Turismo)",
        "comision_verificacion": "2025-07-07",
        "fase": "tramitacion",
        "fase__v": "confirmado",
        "fase__f": "f1",
        "municipio": "Riudellots de la Selva",
        "provincia": "Girona",
        "presupuesto_financiable": 3339526.0,
        "presupuesto_financiable__v": "confirmado",
        "presupuesto_financiable__f": "f1",
        "gasto_subvencionable": 2782526.0,
        "gasto_subvencionable__v": "confirmado",
        "gasto_subvencionable__f": "f1",
        "subvencion_propuesta": 205964.0,
        "subvencion_propuesta__v": "confirmado",
        "subvencion_propuesta__f": "f1",
        "prestamo_propuesto": 1853676.0,
        "prestamo_propuesto__v": "confirmado",
        "prestamo_propuesto__f": "f1",
        "claves": [
          {
            "k": "El documento es un registro por comisiones, no una tabla",
            "v": "El listado recoge seis comisiones de verificación entre mayo y octubre de 2025, y un expediente puede aparecer en más de una: la posterior lo REVISA. Contar filas da 61; los expedientes vigentes son 57. Que esa lectura es la buena lo demuestran los TOTALES del propio documento, que cuadran al céntimo en las seis.",
            "verif": "confirmado",
            "fuente": "f1"
          }
        ],
        "fuentes": [
          {
            "id": "f1",
            "tipo": "primaria",
            "titulo": "Listado de solicitudes estimadas de la Propuesta de Resolución Definitiva del PERTE VEC — Sección B, convocatoria 2024 (Dirección General de Programas Industriales, Ministerio de Industria y Turismo)",
            "url": "https://www.mintur.gob.es/PortalAyudas/VEC-SECCIONB/Concesion/2024/Paginas/PropResDefinitiva.aspx",
            "fecha": "2025-10-20",
            "archivo": "fuentes/2026-08-06_mintur_perte-vec-seccion-b-2024-propuesta-resolucion-definitiva.pdf"
          },
          {
            "id": "f2",
            "tipo": "primaria",
            "titulo": "Nomenclátor Geográfico Básico de España — Instituto Geográfico Nacional, topónimos de tipo Municipio",
            "url": "https://api-features.ign.es/collections/namedplace",
            "fecha": "2026-08-06",
            "archivo": "fuentes/2026-08-06_ign_ngbe-municipios-perte-vec.json"
          }
        ],
        "nota": "La cifra es una PROPUESTA, no una concesión: el documento se titula «Propuesta de Resolución Definitiva» y la resolución se notifica por el registro electrónico, que no es públicamente citable. Por eso los campos llevan la palabra dentro. Y el punto es el del municipio, no el de la fábrica: el listado sitúa por nombre de municipio y no publica coordenada."
      }
    },
    {
      "type": "Feature",
      "id": "perte:a79380465-vitoria-gasteiz",
      "geometry": {
        "type": "Point",
        "coordinates": [
          -2.67234,
          42.84682
        ]
      },
      "properties": {
        "slug": "a79380465-vitoria-gasteiz",
        "nombre": "MERCEDES-BENZ ESPAÑA, S.A. — Vitoria-Gasteiz",
        "categoria": "plan_inversion",
        "descripcion": "Plan de Inversión para el desarrollo y validación del nuevo proceso de fabricación sostenible y eficiente de la arquitectura VAN.EA en la fábrica de Vitoria de Mercedes- Benz España",
        "estado_registro": "vigente",
        "verif": "confirmado",
        "geo_precision": "municipio",
        "geo_fuente": "punto del municipio en el Nomenclátor Geográfico Básico de España",
        "fecha_alta": "2026-08-06",
        "fecha_verificacion": "2026-08-06",
        "beneficiario": "MERCEDES-BENZ ESPAÑA, S.A.",
        "titulo_plan": "Plan de Inversión para el desarrollo y validación del nuevo proceso de fabricación sostenible y eficiente de la arquitectura VAN.EA en la fábrica de Vitoria de Mercedes- Benz España",
        "cif": "A79380465",
        "codigo_plan": "VE2-010000-2024-0038",
        "instrumento": "Listado de solicitudes estimadas de la Propuesta de Resolución Definitiva del PERTE VEC — Sección B, convocatoria 2024 (Dirección General de Programas Industriales, Ministerio de Industria y Turismo)",
        "comision_verificacion": "2025-07-07",
        "fase": "tramitacion",
        "fase__v": "confirmado",
        "fase__f": "f1",
        "municipio": "Vitoria-Gasteiz",
        "provincia": "Araba/Álava",
        "presupuesto_financiable": 17469694.45,
        "presupuesto_financiable__v": "confirmado",
        "presupuesto_financiable__f": "f1",
        "gasto_subvencionable": 17469694.45,
        "gasto_subvencionable__v": "confirmado",
        "gasto_subvencionable__f": "f1",
        "subvencion_propuesta": 4172930.0,
        "subvencion_propuesta__v": "confirmado",
        "subvencion_propuesta__f": "f1",
        "prestamo_propuesto": 1746970.0,
        "prestamo_propuesto__v": "confirmado",
        "prestamo_propuesto__f": "f1",
        "claves": [
          {
            "k": "El documento es un registro por comisiones, no una tabla",
            "v": "El listado recoge seis comisiones de verificación entre mayo y octubre de 2025, y un expediente puede aparecer en más de una: la posterior lo REVISA. Contar filas da 61; los expedientes vigentes son 57. Que esa lectura es la buena lo demuestran los TOTALES del propio documento, que cuadran al céntimo en las seis.",
            "verif": "confirmado",
            "fuente": "f1"
          }
        ],
        "fuentes": [
          {
            "id": "f1",
            "tipo": "primaria",
            "titulo": "Listado de solicitudes estimadas de la Propuesta de Resolución Definitiva del PERTE VEC — Sección B, convocatoria 2024 (Dirección General de Programas Industriales, Ministerio de Industria y Turismo)",
            "url": "https://www.mintur.gob.es/PortalAyudas/VEC-SECCIONB/Concesion/2024/Paginas/PropResDefinitiva.aspx",
            "fecha": "2025-10-20",
            "archivo": "fuentes/2026-08-06_mintur_perte-vec-seccion-b-2024-propuesta-resolucion-definitiva.pdf"
          },
          {
            "id": "f2",
            "tipo": "primaria",
            "titulo": "Nomenclátor Geográfico Básico de España — Instituto Geográfico Nacional, topónimos de tipo Municipio",
            "url": "https://api-features.ign.es/collections/namedplace",
            "fecha": "2026-08-06",
            "archivo": "fuentes/2026-08-06_ign_ngbe-municipios-perte-vec.json"
          }
        ],
        "nota": "La cifra es una PROPUESTA, no una concesión: el documento se titula «Propuesta de Resolución Definitiva» y la resolución se notifica por el registro electrónico, que no es públicamente citable. Por eso los campos llevan la palabra dentro. Y el punto es el del municipio, no el de la fábrica: el listado sitúa por nombre de municipio y no publica coordenada."
      }
    },
    {
      "type": "Feature",
      "id": "perte:a80974405-madrid",
      "geometry": {
        "type": "Point",
        "coordinates": [
          -3.69198,
          40.41903
        ]
      },
      "properties": {
        "slug": "a80974405-madrid",
        "nombre": "ROBERT BOSCH ESPAÑA FABRICA MADRID SA — Madrid",
        "categoria": "plan_inversion",
        "descripcion": "Plan VEC III de inversión de Bosch España para el desarrollo del vehículo eléctrico y conectado en su planta de Madrid",
        "estado_registro": "vigente",
        "verif": "confirmado",
        "geo_precision": "municipio",
        "geo_fuente": "punto del municipio en el Nomenclátor Geográfico Básico de España",
        "fecha_alta": "2026-08-06",
        "fecha_verificacion": "2026-08-06",
        "beneficiario": "ROBERT BOSCH ESPAÑA FABRICA MADRID SA",
        "titulo_plan": "Plan VEC III de inversión de Bosch España para el desarrollo del vehículo eléctrico y conectado en su planta de Madrid",
        "cif": "A80974405",
        "codigo_plan": "VE2-010000-2024-0039",
        "instrumento": "Listado de solicitudes estimadas de la Propuesta de Resolución Definitiva del PERTE VEC — Sección B, convocatoria 2024 (Dirección General de Programas Industriales, Ministerio de Industria y Turismo)",
        "comision_verificacion": "2025-07-07",
        "fase": "tramitacion",
        "fase__v": "confirmado",
        "fase__f": "f1",
        "municipio": "Madrid",
        "provincia": "Madrid",
        "presupuesto_financiable": 1747879.25,
        "presupuesto_financiable__v": "confirmado",
        "presupuesto_financiable__f": "f1",
        "gasto_subvencionable": 1747879.25,
        "gasto_subvencionable__v": "confirmado",
        "gasto_subvencionable__f": "f1",
        "subvencion_propuesta": 398597.0,
        "subvencion_propuesta__v": "confirmado",
        "subvencion_propuesta__f": "f1",
        "prestamo_propuesto": 174788.0,
        "prestamo_propuesto__v": "confirmado",
        "prestamo_propuesto__f": "f1",
        "claves": [
          {
            "k": "El documento es un registro por comisiones, no una tabla",
            "v": "El listado recoge seis comisiones de verificación entre mayo y octubre de 2025, y un expediente puede aparecer en más de una: la posterior lo REVISA. Contar filas da 61; los expedientes vigentes son 57. Que esa lectura es la buena lo demuestran los TOTALES del propio documento, que cuadran al céntimo en las seis.",
            "verif": "confirmado",
            "fuente": "f1"
          }
        ],
        "fuentes": [
          {
            "id": "f1",
            "tipo": "primaria",
            "titulo": "Listado de solicitudes estimadas de la Propuesta de Resolución Definitiva del PERTE VEC — Sección B, convocatoria 2024 (Dirección General de Programas Industriales, Ministerio de Industria y Turismo)",
            "url": "https://www.mintur.gob.es/PortalAyudas/VEC-SECCIONB/Concesion/2024/Paginas/PropResDefinitiva.aspx",
            "fecha": "2025-10-20",
            "archivo": "fuentes/2026-08-06_mintur_perte-vec-seccion-b-2024-propuesta-resolucion-definitiva.pdf"
          },
          {
            "id": "f2",
            "tipo": "primaria",
            "titulo": "Nomenclátor Geográfico Básico de España — Instituto Geográfico Nacional, topónimos de tipo Municipio",
            "url": "https://api-features.ign.es/collections/namedplace",
            "fecha": "2026-08-06",
            "archivo": "fuentes/2026-08-06_ign_ngbe-municipios-perte-vec.json"
          }
        ],
        "nota": "La cifra es una PROPUESTA, no una concesión: el documento se titula «Propuesta de Resolución Definitiva» y la resolución se notifica por el registro electrónico, que no es públicamente citable. Por eso los campos llevan la palabra dentro. Y el punto es el del municipio, no el de la fábrica: el listado sitúa por nombre de municipio y no publica coordenada."
      }
    },
    {
      "type": "Feature",
      "id": "perte:b48042931-amurrio",
      "geometry": {
        "type": "Point",
        "coordinates": [
          -3.00102,
          43.05266
        ]
      },
      "properties": {
        "slug": "b48042931-amurrio",
        "nombre": "MEGATECH INDUSTRIES AMURRIO,S.L. — Amurrio",
        "categoria": "plan_inversion",
        "descripcion": "\"MIA-ECOLIGHT PLASTIC - Plan integral de investigación e inversiones para la reducción del peso de piezas plásticas del vehículo eléctrico mediante procesos medioambientalmente sostenibles",
        "estado_registro": "vigente",
        "verif": "confirmado",
        "geo_precision": "municipio",
        "geo_fuente": "punto del municipio en el Nomenclátor Geográfico Básico de España",
        "fecha_alta": "2026-08-06",
        "fecha_verificacion": "2026-08-06",
        "beneficiario": "MEGATECH INDUSTRIES AMURRIO,S.L.",
        "titulo_plan": "\"MIA-ECOLIGHT PLASTIC - Plan integral de investigación e inversiones para la reducción del peso de piezas plásticas del vehículo eléctrico mediante procesos medioambientalmente sostenibles",
        "cif": "B48042931",
        "codigo_plan": "VE2-010000-2024-0044",
        "instrumento": "Listado de solicitudes estimadas de la Propuesta de Resolución Definitiva del PERTE VEC — Sección B, convocatoria 2024 (Dirección General de Programas Industriales, Ministerio de Industria y Turismo)",
        "comision_verificacion": "2025-07-07",
        "fase": "tramitacion",
        "fase__v": "confirmado",
        "fase__f": "f1",
        "municipio": "Amurrio",
        "provincia": "Araba/Álava",
        "presupuesto_financiable": 3702262.6,
        "presupuesto_financiable__v": "confirmado",
        "presupuesto_financiable__f": "f1",
        "gasto_subvencionable": 3702262.6,
        "gasto_subvencionable__v": "confirmado",
        "gasto_subvencionable__f": "f1",
        "subvencion_propuesta": 1690316.0,
        "subvencion_propuesta__v": "confirmado",
        "subvencion_propuesta__f": "f1",
        "prestamo_propuesto": 144704.0,
        "prestamo_propuesto__v": "confirmado",
        "prestamo_propuesto__f": "f1",
        "claves": [
          {
            "k": "El documento es un registro por comisiones, no una tabla",
            "v": "El listado recoge seis comisiones de verificación entre mayo y octubre de 2025, y un expediente puede aparecer en más de una: la posterior lo REVISA. Contar filas da 61; los expedientes vigentes son 57. Que esa lectura es la buena lo demuestran los TOTALES del propio documento, que cuadran al céntimo en las seis.",
            "verif": "confirmado",
            "fuente": "f1"
          }
        ],
        "fuentes": [
          {
            "id": "f1",
            "tipo": "primaria",
            "titulo": "Listado de solicitudes estimadas de la Propuesta de Resolución Definitiva del PERTE VEC — Sección B, convocatoria 2024 (Dirección General de Programas Industriales, Ministerio de Industria y Turismo)",
            "url": "https://www.mintur.gob.es/PortalAyudas/VEC-SECCIONB/Concesion/2024/Paginas/PropResDefinitiva.aspx",
            "fecha": "2025-10-20",
            "archivo": "fuentes/2026-08-06_mintur_perte-vec-seccion-b-2024-propuesta-resolucion-definitiva.pdf"
          },
          {
            "id": "f2",
            "tipo": "primaria",
            "titulo": "Nomenclátor Geográfico Básico de España — Instituto Geográfico Nacional, topónimos de tipo Municipio",
            "url": "https://api-features.ign.es/collections/namedplace",
            "fecha": "2026-08-06",
            "archivo": "fuentes/2026-08-06_ign_ngbe-municipios-perte-vec.json"
          }
        ],
        "nota": "La cifra es una PROPUESTA, no una concesión: el documento se titula «Propuesta de Resolución Definitiva» y la resolución se notifica por el registro electrónico, que no es públicamente citable. Por eso los campos llevan la palabra dentro. Y el punto es el del municipio, no el de la fábrica: el listado sitúa por nombre de municipio y no publica coordenada."
      }
    },
    {
      "type": "Feature",
      "id": "perte:b26550871-alfaro",
      "geometry": {
        "type": "Point",
        "coordinates": [
          -1.75009,
          42.17931
        ]
      },
      "properties": {
        "slug": "b26550871-alfaro",
        "nombre": "NORPOO ELECTRONICS SL — Alfaro",
        "categoria": "plan_inversion",
        "descripcion": "Investigación industrial sobre la integración de inteligencia artificial nativa en cargador de vehículo eléctrico con inversor.",
        "estado_registro": "vigente",
        "verif": "confirmado",
        "geo_precision": "municipio",
        "geo_fuente": "punto del municipio en el Nomenclátor Geográfico Básico de España",
        "fecha_alta": "2026-08-06",
        "fecha_verificacion": "2026-08-06",
        "beneficiario": "NORPOO ELECTRONICS SL",
        "titulo_plan": "Investigación industrial sobre la integración de inteligencia artificial nativa en cargador de vehículo eléctrico con inversor.",
        "cif": "B26550871",
        "codigo_plan": "VE2-010000-2024-0045",
        "instrumento": "Listado de solicitudes estimadas de la Propuesta de Resolución Definitiva del PERTE VEC — Sección B, convocatoria 2024 (Dirección General de Programas Industriales, Ministerio de Industria y Turismo)",
        "comision_verificacion": "2025-07-07",
        "fase": "tramitacion",
        "fase__v": "confirmado",
        "fase__f": "f1",
        "municipio": "Alfaro",
        "provincia": "La Rioja",
        "presupuesto_financiable": 749205.5,
        "presupuesto_financiable__v": "confirmado",
        "presupuesto_financiable__f": "f1",
        "gasto_subvencionable": 749205.5,
        "gasto_subvencionable__v": "confirmado",
        "gasto_subvencionable__f": "f1",
        "subvencion_propuesta": 524443.0,
        "subvencion_propuesta__v": "confirmado",
        "subvencion_propuesta__f": "f1",
        "prestamo_propuesto": 0.0,
        "prestamo_propuesto__v": "confirmado",
        "prestamo_propuesto__f": "f1",
        "claves": [
          {
            "k": "El documento es un registro por comisiones, no una tabla",
            "v": "El listado recoge seis comisiones de verificación entre mayo y octubre de 2025, y un expediente puede aparecer en más de una: la posterior lo REVISA. Contar filas da 61; los expedientes vigentes son 57. Que esa lectura es la buena lo demuestran los TOTALES del propio documento, que cuadran al céntimo en las seis.",
            "verif": "confirmado",
            "fuente": "f1"
          }
        ],
        "fuentes": [
          {
            "id": "f1",
            "tipo": "primaria",
            "titulo": "Listado de solicitudes estimadas de la Propuesta de Resolución Definitiva del PERTE VEC — Sección B, convocatoria 2024 (Dirección General de Programas Industriales, Ministerio de Industria y Turismo)",
            "url": "https://www.mintur.gob.es/PortalAyudas/VEC-SECCIONB/Concesion/2024/Paginas/PropResDefinitiva.aspx",
            "fecha": "2025-10-20",
            "archivo": "fuentes/2026-08-06_mintur_perte-vec-seccion-b-2024-propuesta-resolucion-definitiva.pdf"
          },
          {
            "id": "f2",
            "tipo": "primaria",
            "titulo": "Nomenclátor Geográfico Básico de España — Instituto Geográfico Nacional, topónimos de tipo Municipio",
            "url": "https://api-features.ign.es/collections/namedplace",
            "fecha": "2026-08-06",
            "archivo": "fuentes/2026-08-06_ign_ngbe-municipios-perte-vec.json"
          }
        ],
        "nota": "La cifra es una PROPUESTA, no una concesión: el documento se titula «Propuesta de Resolución Definitiva» y la resolución se notifica por el registro electrónico, que no es públicamente citable. Por eso los campos llevan la palabra dentro. Y el punto es el del municipio, no el de la fábrica: el listado sitúa por nombre de municipio y no publica coordenada."
      }
    },
    {
      "type": "Feature",
      "id": "perte:a80974363-aranjuez",
      "geometry": {
        "type": "Point",
        "coordinates": [
          -3.60352,
          40.03219
        ]
      },
      "properties": {
        "slug": "a80974363-aranjuez",
        "nombre": "ROBERT BOSCH ESPAÑA FABRICA ARANJUEZ S.A. — Aranjuez",
        "categoria": "plan_inversion",
        "descripcion": "\"Plan II de inversión de Bosch España para el desarrollo del vehículo eléctrico y conectado en su planta de Aranjuez\"",
        "estado_registro": "vigente",
        "verif": "confirmado",
        "geo_precision": "municipio",
        "geo_fuente": "punto del municipio en el Nomenclátor Geográfico Básico de España",
        "fecha_alta": "2026-08-06",
        "fecha_verificacion": "2026-08-06",
        "beneficiario": "ROBERT BOSCH ESPAÑA FABRICA ARANJUEZ S.A.",
        "titulo_plan": "\"Plan II de inversión de Bosch España para el desarrollo del vehículo eléctrico y conectado en su planta de Aranjuez\"",
        "cif": "A80974363",
        "codigo_plan": "VE2-010000-2024-0046",
        "instrumento": "Listado de solicitudes estimadas de la Propuesta de Resolución Definitiva del PERTE VEC — Sección B, convocatoria 2024 (Dirección General de Programas Industriales, Ministerio de Industria y Turismo)",
        "comision_verificacion": "2025-07-07",
        "fase": "tramitacion",
        "fase__v": "confirmado",
        "fase__f": "f1",
        "municipio": "Aranjuez",
        "provincia": "Madrid",
        "presupuesto_financiable": 5680184.5,
        "presupuesto_financiable__v": "confirmado",
        "presupuesto_financiable__f": "f1",
        "gasto_subvencionable": 5680184.5,
        "gasto_subvencionable__v": "confirmado",
        "gasto_subvencionable__f": "f1",
        "subvencion_propuesta": 1295343.0,
        "subvencion_propuesta__v": "confirmado",
        "subvencion_propuesta__f": "f1",
        "prestamo_propuesto": 568021.0,
        "prestamo_propuesto__v": "confirmado",
        "prestamo_propuesto__f": "f1",
        "claves": [
          {
            "k": "El documento es un registro por comisiones, no una tabla",
            "v": "El listado recoge seis comisiones de verificación entre mayo y octubre de 2025, y un expediente puede aparecer en más de una: la posterior lo REVISA. Contar filas da 61; los expedientes vigentes son 57. Que esa lectura es la buena lo demuestran los TOTALES del propio documento, que cuadran al céntimo en las seis.",
            "verif": "confirmado",
            "fuente": "f1"
          }
        ],
        "fuentes": [
          {
            "id": "f1",
            "tipo": "primaria",
            "titulo": "Listado de solicitudes estimadas de la Propuesta de Resolución Definitiva del PERTE VEC — Sección B, convocatoria 2024 (Dirección General de Programas Industriales, Ministerio de Industria y Turismo)",
            "url": "https://www.mintur.gob.es/PortalAyudas/VEC-SECCIONB/Concesion/2024/Paginas/PropResDefinitiva.aspx",
            "fecha": "2025-10-20",
            "archivo": "fuentes/2026-08-06_mintur_perte-vec-seccion-b-2024-propuesta-resolucion-definitiva.pdf"
          },
          {
            "id": "f2",
            "tipo": "primaria",
            "titulo": "Nomenclátor Geográfico Básico de España — Instituto Geográfico Nacional, topónimos de tipo Municipio",
            "url": "https://api-features.ign.es/collections/namedplace",
            "fecha": "2026-08-06",
            "archivo": "fuentes/2026-08-06_ign_ngbe-municipios-perte-vec.json"
          }
        ],
        "nota": "La cifra es una PROPUESTA, no una concesión: el documento se titula «Propuesta de Resolución Definitiva» y la resolución se notifica por el registro electrónico, que no es públicamente citable. Por eso los campos llevan la palabra dentro. Y el punto es el del municipio, no el de la fábrica: el listado sitúa por nombre de municipio y no publica coordenada."
      }
    },
    {
      "type": "Feature",
      "id": "perte:a08207904-sant-salvador-de-guardiola",
      "geometry": {
        "type": "Point",
        "coordinates": [
          1.76717,
          41.6787
        ]
      },
      "properties": {
        "slug": "a08207904-sant-salvador-de-guardiola",
        "nombre": "MASATS SA — Sant Salvador de Guardiola",
        "categoria": "plan_inversion",
        "descripcion": "Investigación tecnológica y desarrollo industrial para los nuevos sistemas de accesibilidad del transporte de pasajeros 100% eléctrico y sostenible.",
        "estado_registro": "vigente",
        "verif": "confirmado",
        "geo_precision": "municipio",
        "geo_fuente": "punto del municipio en el Nomenclátor Geográfico Básico de España",
        "fecha_alta": "2026-08-06",
        "fecha_verificacion": "2026-08-06",
        "beneficiario": "MASATS SA",
        "titulo_plan": "Investigación tecnológica y desarrollo industrial para los nuevos sistemas de accesibilidad del transporte de pasajeros 100% eléctrico y sostenible.",
        "cif": "A08207904",
        "codigo_plan": "VE2-010000-2024-0047",
        "instrumento": "Listado de solicitudes estimadas de la Propuesta de Resolución Definitiva del PERTE VEC — Sección B, convocatoria 2024 (Dirección General de Programas Industriales, Ministerio de Industria y Turismo)",
        "comision_verificacion": "2025-07-07",
        "fase": "tramitacion",
        "fase__v": "confirmado",
        "fase__f": "f1",
        "municipio": "Sant Salvador de Guardiola",
        "provincia": "Barcelona",
        "presupuesto_financiable": 6371441.0,
        "presupuesto_financiable__v": "confirmado",
        "presupuesto_financiable__f": "f1",
        "gasto_subvencionable": 6371441.0,
        "gasto_subvencionable__v": "confirmado",
        "gasto_subvencionable__f": "f1",
        "subvencion_propuesta": 2353523.0,
        "subvencion_propuesta__v": "confirmado",
        "subvencion_propuesta__f": "f1",
        "prestamo_propuesto": 318687.0,
        "prestamo_propuesto__v": "confirmado",
        "prestamo_propuesto__f": "f1",
        "claves": [
          {
            "k": "El documento es un registro por comisiones, no una tabla",
            "v": "El listado recoge seis comisiones de verificación entre mayo y octubre de 2025, y un expediente puede aparecer en más de una: la posterior lo REVISA. Contar filas da 61; los expedientes vigentes son 57. Que esa lectura es la buena lo demuestran los TOTALES del propio documento, que cuadran al céntimo en las seis.",
            "verif": "confirmado",
            "fuente": "f1"
          }
        ],
        "fuentes": [
          {
            "id": "f1",
            "tipo": "primaria",
            "titulo": "Listado de solicitudes estimadas de la Propuesta de Resolución Definitiva del PERTE VEC — Sección B, convocatoria 2024 (Dirección General de Programas Industriales, Ministerio de Industria y Turismo)",
            "url": "https://www.mintur.gob.es/PortalAyudas/VEC-SECCIONB/Concesion/2024/Paginas/PropResDefinitiva.aspx",
            "fecha": "2025-10-20",
            "archivo": "fuentes/2026-08-06_mintur_perte-vec-seccion-b-2024-propuesta-resolucion-definitiva.pdf"
          },
          {
            "id": "f2",
            "tipo": "primaria",
            "titulo": "Nomenclátor Geográfico Básico de España — Instituto Geográfico Nacional, topónimos de tipo Municipio",
            "url": "https://api-features.ign.es/collections/namedplace",
            "fecha": "2026-08-06",
            "archivo": "fuentes/2026-08-06_ign_ngbe-municipios-perte-vec.json"
          }
        ],
        "nota": "La cifra es una PROPUESTA, no una concesión: el documento se titula «Propuesta de Resolución Definitiva» y la resolución se notifica por el registro electrónico, que no es públicamente citable. Por eso los campos llevan la palabra dentro. Y el punto es el del municipio, no el de la fábrica: el listado sitúa por nombre de municipio y no publica coordenada."
      }
    },
    {
      "type": "Feature",
      "id": "perte:b48854178-amorebieta-etxano",
      "geometry": {
        "type": "Point",
        "coordinates": [
          -2.73212,
          43.2203
        ]
      },
      "properties": {
        "slug": "b48854178-amorebieta-etxano",
        "nombre": "Acabados Superficiales Berritzen, S.L. — Amorebieta-Etxano",
        "categoria": "plan_inversion",
        "descripcion": "LENQ (Lider Europeo en Niquel Quimico)",
        "estado_registro": "vigente",
        "verif": "confirmado",
        "geo_precision": "municipio",
        "geo_fuente": "punto del municipio en el Nomenclátor Geográfico Básico de España",
        "fecha_alta": "2026-08-06",
        "fecha_verificacion": "2026-08-06",
        "beneficiario": "Acabados Superficiales Berritzen, S.L.",
        "titulo_plan": "LENQ (Lider Europeo en Niquel Quimico)",
        "cif": "B48854178",
        "codigo_plan": "VE2-010000-2024-0049",
        "instrumento": "Listado de solicitudes estimadas de la Propuesta de Resolución Definitiva del PERTE VEC — Sección B, convocatoria 2024 (Dirección General de Programas Industriales, Ministerio de Industria y Turismo)",
        "comision_verificacion": "2025-07-07",
        "fase": "tramitacion",
        "fase__v": "confirmado",
        "fase__f": "f1",
        "municipio": "Amorebieta-Etxano",
        "provincia": "Bizkaia",
        "presupuesto_financiable": 4410861.0,
        "presupuesto_financiable__v": "confirmado",
        "presupuesto_financiable__f": "f1",
        "gasto_subvencionable": 4410861.0,
        "gasto_subvencionable__v": "confirmado",
        "gasto_subvencionable__f": "f1",
        "subvencion_propuesta": 882172.0,
        "subvencion_propuesta__v": "confirmado",
        "subvencion_propuesta__f": "f1",
        "prestamo_propuesto": 0.0,
        "prestamo_propuesto__v": "confirmado",
        "prestamo_propuesto__f": "f1",
        "claves": [
          {
            "k": "El documento es un registro por comisiones, no una tabla",
            "v": "El listado recoge seis comisiones de verificación entre mayo y octubre de 2025, y un expediente puede aparecer en más de una: la posterior lo REVISA. Contar filas da 61; los expedientes vigentes son 57. Que esa lectura es la buena lo demuestran los TOTALES del propio documento, que cuadran al céntimo en las seis.",
            "verif": "confirmado",
            "fuente": "f1"
          }
        ],
        "fuentes": [
          {
            "id": "f1",
            "tipo": "primaria",
            "titulo": "Listado de solicitudes estimadas de la Propuesta de Resolución Definitiva del PERTE VEC — Sección B, convocatoria 2024 (Dirección General de Programas Industriales, Ministerio de Industria y Turismo)",
            "url": "https://www.mintur.gob.es/PortalAyudas/VEC-SECCIONB/Concesion/2024/Paginas/PropResDefinitiva.aspx",
            "fecha": "2025-10-20",
            "archivo": "fuentes/2026-08-06_mintur_perte-vec-seccion-b-2024-propuesta-resolucion-definitiva.pdf"
          },
          {
            "id": "f2",
            "tipo": "primaria",
            "titulo": "Nomenclátor Geográfico Básico de España — Instituto Geográfico Nacional, topónimos de tipo Municipio",
            "url": "https://api-features.ign.es/collections/namedplace",
            "fecha": "2026-08-06",
            "archivo": "fuentes/2026-08-06_ign_ngbe-municipios-perte-vec.json"
          }
        ],
        "nota": "La cifra es una PROPUESTA, no una concesión: el documento se titula «Propuesta de Resolución Definitiva» y la resolución se notifica por el registro electrónico, que no es públicamente citable. Por eso los campos llevan la palabra dentro. Y el punto es el del municipio, no el de la fábrica: el listado sitúa por nombre de municipio y no publica coordenada."
      }
    },
    {
      "type": "Feature",
      "id": "perte:a08465197-sevilla",
      "geometry": {
        "type": "Point",
        "coordinates": [
          -5.99448,
          37.38864
        ]
      },
      "properties": {
        "slug": "a08465197-sevilla",
        "nombre": "INTERNATIONAL HISPACOLD, S.A. — Sevilla",
        "categoria": "plan_inversion",
        "descripcion": "Nueva generación del sistema de climatización en el transporte eléctrico público",
        "estado_registro": "vigente",
        "verif": "confirmado",
        "geo_precision": "municipio",
        "geo_fuente": "punto del municipio en el Nomenclátor Geográfico Básico de España",
        "fecha_alta": "2026-08-06",
        "fecha_verificacion": "2026-08-06",
        "beneficiario": "INTERNATIONAL HISPACOLD, S.A.",
        "titulo_plan": "Nueva generación del sistema de climatización en el transporte eléctrico público",
        "cif": "A08465197",
        "codigo_plan": "VE2-010000-2024-0050",
        "instrumento": "Listado de solicitudes estimadas de la Propuesta de Resolución Definitiva del PERTE VEC — Sección B, convocatoria 2024 (Dirección General de Programas Industriales, Ministerio de Industria y Turismo)",
        "comision_verificacion": "2025-07-07",
        "fase": "tramitacion",
        "fase__v": "confirmado",
        "fase__f": "f1",
        "municipio": "Sevilla",
        "provincia": "Sevilla",
        "presupuesto_financiable": 4054310.5,
        "presupuesto_financiable__v": "confirmado",
        "presupuesto_financiable__f": "f1",
        "gasto_subvencionable": 4054310.5,
        "gasto_subvencionable__v": "confirmado",
        "gasto_subvencionable__f": "f1",
        "subvencion_propuesta": 1504569.0,
        "subvencion_propuesta__v": "confirmado",
        "subvencion_propuesta__f": "f1",
        "prestamo_propuesto": 200958.0,
        "prestamo_propuesto__v": "confirmado",
        "prestamo_propuesto__f": "f1",
        "claves": [
          {
            "k": "El documento es un registro por comisiones, no una tabla",
            "v": "El listado recoge seis comisiones de verificación entre mayo y octubre de 2025, y un expediente puede aparecer en más de una: la posterior lo REVISA. Contar filas da 61; los expedientes vigentes son 57. Que esa lectura es la buena lo demuestran los TOTALES del propio documento, que cuadran al céntimo en las seis.",
            "verif": "confirmado",
            "fuente": "f1"
          }
        ],
        "fuentes": [
          {
            "id": "f1",
            "tipo": "primaria",
            "titulo": "Listado de solicitudes estimadas de la Propuesta de Resolución Definitiva del PERTE VEC — Sección B, convocatoria 2024 (Dirección General de Programas Industriales, Ministerio de Industria y Turismo)",
            "url": "https://www.mintur.gob.es/PortalAyudas/VEC-SECCIONB/Concesion/2024/Paginas/PropResDefinitiva.aspx",
            "fecha": "2025-10-20",
            "archivo": "fuentes/2026-08-06_mintur_perte-vec-seccion-b-2024-propuesta-resolucion-definitiva.pdf"
          },
          {
            "id": "f2",
            "tipo": "primaria",
            "titulo": "Nomenclátor Geográfico Básico de España — Instituto Geográfico Nacional, topónimos de tipo Municipio",
            "url": "https://api-features.ign.es/collections/namedplace",
            "fecha": "2026-08-06",
            "archivo": "fuentes/2026-08-06_ign_ngbe-municipios-perte-vec.json"
          }
        ],
        "nota": "La cifra es una PROPUESTA, no una concesión: el documento se titula «Propuesta de Resolución Definitiva» y la resolución se notifica por el registro electrónico, que no es públicamente citable. Por eso los campos llevan la palabra dentro. Y el punto es el del municipio, no el de la fábrica: el listado sitúa por nombre de municipio y no publica coordenada."
      }
    },
    {
      "type": "Feature",
      "id": "perte:a50043298-zaragoza",
      "geometry": {
        "type": "Point",
        "coordinates": [
          -0.87732,
          41.65621
        ]
      },
      "properties": {
        "slug": "a50043298-zaragoza",
        "nombre": "CELULOSA FABRIL S.A. — Zaragoza",
        "categoria": "plan_inversion",
        "descripcion": "Innovación y eficiencia en la producción de componentes de VEC en la planta productiva de CEFA en Zaragoza",
        "estado_registro": "vigente",
        "verif": "confirmado",
        "geo_precision": "municipio",
        "geo_fuente": "punto del municipio en el Nomenclátor Geográfico Básico de España",
        "fecha_alta": "2026-08-06",
        "fecha_verificacion": "2026-08-06",
        "beneficiario": "CELULOSA FABRIL S.A.",
        "titulo_plan": "Innovación y eficiencia en la producción de componentes de VEC en la planta productiva de CEFA en Zaragoza",
        "cif": "A50043298",
        "codigo_plan": "VE2-010000-2024-0051",
        "instrumento": "Listado de solicitudes estimadas de la Propuesta de Resolución Definitiva del PERTE VEC — Sección B, convocatoria 2024 (Dirección General de Programas Industriales, Ministerio de Industria y Turismo)",
        "comision_verificacion": "2025-07-07",
        "fase": "tramitacion",
        "fase__v": "confirmado",
        "fase__f": "f1",
        "municipio": "Zaragoza",
        "provincia": "Zaragoza",
        "presupuesto_financiable": 3485420.0,
        "presupuesto_financiable__v": "confirmado",
        "presupuesto_financiable__f": "f1",
        "gasto_subvencionable": 1274333.86,
        "gasto_subvencionable__v": "confirmado",
        "gasto_subvencionable__f": "f1",
        "subvencion_propuesta": 368112.0,
        "subvencion_propuesta__v": "confirmado",
        "subvencion_propuesta__f": "f1",
        "prestamo_propuesto": 127434.0,
        "prestamo_propuesto__v": "confirmado",
        "prestamo_propuesto__f": "f1",
        "claves": [
          {
            "k": "El documento es un registro por comisiones, no una tabla",
            "v": "El listado recoge seis comisiones de verificación entre mayo y octubre de 2025, y un expediente puede aparecer en más de una: la posterior lo REVISA. Contar filas da 61; los expedientes vigentes son 57. Que esa lectura es la buena lo demuestran los TOTALES del propio documento, que cuadran al céntimo en las seis.",
            "verif": "confirmado",
            "fuente": "f1"
          }
        ],
        "fuentes": [
          {
            "id": "f1",
            "tipo": "primaria",
            "titulo": "Listado de solicitudes estimadas de la Propuesta de Resolución Definitiva del PERTE VEC — Sección B, convocatoria 2024 (Dirección General de Programas Industriales, Ministerio de Industria y Turismo)",
            "url": "https://www.mintur.gob.es/PortalAyudas/VEC-SECCIONB/Concesion/2024/Paginas/PropResDefinitiva.aspx",
            "fecha": "2025-10-20",
            "archivo": "fuentes/2026-08-06_mintur_perte-vec-seccion-b-2024-propuesta-resolucion-definitiva.pdf"
          },
          {
            "id": "f2",
            "tipo": "primaria",
            "titulo": "Nomenclátor Geográfico Básico de España — Instituto Geográfico Nacional, topónimos de tipo Municipio",
            "url": "https://api-features.ign.es/collections/namedplace",
            "fecha": "2026-08-06",
            "archivo": "fuentes/2026-08-06_ign_ngbe-municipios-perte-vec.json"
          }
        ],
        "nota": "La cifra es una PROPUESTA, no una concesión: el documento se titula «Propuesta de Resolución Definitiva» y la resolución se notifica por el registro electrónico, que no es públicamente citable. Por eso los campos llevan la palabra dentro. Y el punto es el del municipio, no el de la fábrica: el listado sitúa por nombre de municipio y no publica coordenada."
      }
    },
    {
      "type": "Feature",
      "id": "perte:b66187097-santpedor",
      "geometry": {
        "type": "Point",
        "coordinates": [
          1.83944,
          41.78309
        ]
      },
      "properties": {
        "slug": "b66187097-santpedor",
        "nombre": "TRS MOTORCYCLES, SL — Santpedor",
        "categoria": "plan_inversion",
        "descripcion": "DESARROLLO EXPERIMENTAL PARA LA CAPACITACIÓN TECNOLÓGICA DE LA NUEVA MOTO ELÉCTRICA OFF- ROAD.",
        "estado_registro": "vigente",
        "verif": "confirmado",
        "geo_precision": "municipio",
        "geo_fuente": "punto del municipio en el Nomenclátor Geográfico Básico de España",
        "fecha_alta": "2026-08-06",
        "fecha_verificacion": "2026-08-06",
        "beneficiario": "TRS MOTORCYCLES, SL",
        "titulo_plan": "DESARROLLO EXPERIMENTAL PARA LA CAPACITACIÓN TECNOLÓGICA DE LA NUEVA MOTO ELÉCTRICA OFF- ROAD.",
        "cif": "B66187097",
        "codigo_plan": "VE2-010000-2024-0052",
        "instrumento": "Listado de solicitudes estimadas de la Propuesta de Resolución Definitiva del PERTE VEC — Sección B, convocatoria 2024 (Dirección General de Programas Industriales, Ministerio de Industria y Turismo)",
        "comision_verificacion": "2025-07-07",
        "fase": "tramitacion",
        "fase__v": "confirmado",
        "fase__f": "f1",
        "municipio": "Santpedor",
        "provincia": "Barcelona",
        "presupuesto_financiable": 1368256.44,
        "presupuesto_financiable__v": "confirmado",
        "presupuesto_financiable__f": "f1",
        "gasto_subvencionable": 1368256.44,
        "gasto_subvencionable__v": "confirmado",
        "gasto_subvencionable__f": "f1",
        "subvencion_propuesta": 478889.0,
        "subvencion_propuesta__v": "confirmado",
        "subvencion_propuesta__f": "f1",
        "prestamo_propuesto": 0.0,
        "prestamo_propuesto__v": "confirmado",
        "prestamo_propuesto__f": "f1",
        "claves": [
          {
            "k": "El documento es un registro por comisiones, no una tabla",
            "v": "El listado recoge seis comisiones de verificación entre mayo y octubre de 2025, y un expediente puede aparecer en más de una: la posterior lo REVISA. Contar filas da 61; los expedientes vigentes son 57. Que esa lectura es la buena lo demuestran los TOTALES del propio documento, que cuadran al céntimo en las seis.",
            "verif": "confirmado",
            "fuente": "f1"
          }
        ],
        "fuentes": [
          {
            "id": "f1",
            "tipo": "primaria",
            "titulo": "Listado de solicitudes estimadas de la Propuesta de Resolución Definitiva del PERTE VEC — Sección B, convocatoria 2024 (Dirección General de Programas Industriales, Ministerio de Industria y Turismo)",
            "url": "https://www.mintur.gob.es/PortalAyudas/VEC-SECCIONB/Concesion/2024/Paginas/PropResDefinitiva.aspx",
            "fecha": "2025-10-20",
            "archivo": "fuentes/2026-08-06_mintur_perte-vec-seccion-b-2024-propuesta-resolucion-definitiva.pdf"
          },
          {
            "id": "f2",
            "tipo": "primaria",
            "titulo": "Nomenclátor Geográfico Básico de España — Instituto Geográfico Nacional, topónimos de tipo Municipio",
            "url": "https://api-features.ign.es/collections/namedplace",
            "fecha": "2026-08-06",
            "archivo": "fuentes/2026-08-06_ign_ngbe-municipios-perte-vec.json"
          }
        ],
        "nota": "La cifra es una PROPUESTA, no una concesión: el documento se titula «Propuesta de Resolución Definitiva» y la resolución se notifica por el registro electrónico, que no es públicamente citable. Por eso los campos llevan la palabra dentro. Y el punto es el del municipio, no el de la fábrica: el listado sitúa por nombre de municipio y no publica coordenada."
      }
    },
    {
      "type": "Feature",
      "id": "perte:b64041387-manresa",
      "geometry": {
        "type": "Point",
        "coordinates": [
          1.82691,
          41.72296
        ]
      },
      "properties": {
        "slug": "b64041387-manresa",
        "nombre": "AUSA CENTER, S.L. UNIPERSONAL — Manresa",
        "categoria": "plan_inversion",
        "descripcion": "PLAN DE INNOVACION DEL MODELO DE AUSA EN BASE A LA INVESTIGACION Y DESARROLLO DE NUEVOS VEHICULOS COMPACTOS DE FUNCIONALIDADES AVANZADAS Y 100% ELECTRICOS",
        "estado_registro": "vigente",
        "verif": "confirmado",
        "geo_precision": "municipio",
        "geo_fuente": "punto del municipio en el Nomenclátor Geográfico Básico de España",
        "fecha_alta": "2026-08-06",
        "fecha_verificacion": "2026-08-06",
        "beneficiario": "AUSA CENTER, S.L. UNIPERSONAL",
        "titulo_plan": "PLAN DE INNOVACION DEL MODELO DE AUSA EN BASE A LA INVESTIGACION Y DESARROLLO DE NUEVOS VEHICULOS COMPACTOS DE FUNCIONALIDADES AVANZADAS Y 100% ELECTRICOS",
        "cif": "B64041387",
        "codigo_plan": "VE2-010000-2024-0054",
        "instrumento": "Listado de solicitudes estimadas de la Propuesta de Resolución Definitiva del PERTE VEC — Sección B, convocatoria 2024 (Dirección General de Programas Industriales, Ministerio de Industria y Turismo)",
        "comision_verificacion": "2025-07-07",
        "fase": "tramitacion",
        "fase__v": "confirmado",
        "fase__f": "f1",
        "municipio": "Manresa",
        "provincia": "Barcelona",
        "presupuesto_financiable": 5981760.5,
        "presupuesto_financiable__v": "confirmado",
        "presupuesto_financiable__f": "f1",
        "gasto_subvencionable": 5981760.5,
        "gasto_subvencionable__v": "confirmado",
        "gasto_subvencionable__f": "f1",
        "subvencion_propuesta": 1739960.0,
        "subvencion_propuesta__v": "confirmado",
        "subvencion_propuesta__f": "f1",
        "prestamo_propuesto": 479035.0,
        "prestamo_propuesto__v": "confirmado",
        "prestamo_propuesto__f": "f1",
        "claves": [
          {
            "k": "El documento es un registro por comisiones, no una tabla",
            "v": "El listado recoge seis comisiones de verificación entre mayo y octubre de 2025, y un expediente puede aparecer en más de una: la posterior lo REVISA. Contar filas da 61; los expedientes vigentes son 57. Que esa lectura es la buena lo demuestran los TOTALES del propio documento, que cuadran al céntimo en las seis.",
            "verif": "confirmado",
            "fuente": "f1"
          }
        ],
        "fuentes": [
          {
            "id": "f1",
            "tipo": "primaria",
            "titulo": "Listado de solicitudes estimadas de la Propuesta de Resolución Definitiva del PERTE VEC — Sección B, convocatoria 2024 (Dirección General de Programas Industriales, Ministerio de Industria y Turismo)",
            "url": "https://www.mintur.gob.es/PortalAyudas/VEC-SECCIONB/Concesion/2024/Paginas/PropResDefinitiva.aspx",
            "fecha": "2025-10-20",
            "archivo": "fuentes/2026-08-06_mintur_perte-vec-seccion-b-2024-propuesta-resolucion-definitiva.pdf"
          },
          {
            "id": "f2",
            "tipo": "primaria",
            "titulo": "Nomenclátor Geográfico Básico de España — Instituto Geográfico Nacional, topónimos de tipo Municipio",
            "url": "https://api-features.ign.es/collections/namedplace",
            "fecha": "2026-08-06",
            "archivo": "fuentes/2026-08-06_ign_ngbe-municipios-perte-vec.json"
          }
        ],
        "nota": "La cifra es una PROPUESTA, no una concesión: el documento se titula «Propuesta de Resolución Definitiva» y la resolución se notifica por el registro electrónico, que no es públicamente citable. Por eso los campos llevan la palabra dentro. Y el punto es el del municipio, no el de la fábrica: el listado sitúa por nombre de municipio y no publica coordenada."
      }
    },
    {
      "type": "Feature",
      "id": "perte:b09598012-burgos",
      "geometry": {
        "type": "Point",
        "coordinates": [
          -3.70218,
          42.34058
        ]
      },
      "properties": {
        "slug": "b09598012-burgos",
        "nombre": "INERTIM RESEARCH S.L. — Burgos",
        "categoria": "plan_inversion",
        "descripcion": "Desarrollo de vehículo industrial eléctrico y ligero con tecnologías diferenciales y proceso de fabricación innovador y de muy bajo coste",
        "estado_registro": "vigente",
        "verif": "confirmado",
        "geo_precision": "municipio",
        "geo_fuente": "punto del municipio en el Nomenclátor Geográfico Básico de España",
        "fecha_alta": "2026-08-06",
        "fecha_verificacion": "2026-08-06",
        "beneficiario": "INERTIM RESEARCH S.L.",
        "titulo_plan": "Desarrollo de vehículo industrial eléctrico y ligero con tecnologías diferenciales y proceso de fabricación innovador y de muy bajo coste",
        "cif": "B09598012",
        "codigo_plan": "VE2-010000-2024-0056",
        "instrumento": "Listado de solicitudes estimadas de la Propuesta de Resolución Definitiva del PERTE VEC — Sección B, convocatoria 2024 (Dirección General de Programas Industriales, Ministerio de Industria y Turismo)",
        "comision_verificacion": "2025-07-07",
        "fase": "tramitacion",
        "fase__v": "confirmado",
        "fase__f": "f1",
        "municipio": "Burgos",
        "provincia": "Burgos",
        "presupuesto_financiable": 4481132.65,
        "presupuesto_financiable__v": "confirmado",
        "presupuesto_financiable__f": "f1",
        "gasto_subvencionable": 4481132.65,
        "gasto_subvencionable__v": "confirmado",
        "gasto_subvencionable__f": "f1",
        "subvencion_propuesta": 2016509.0,
        "subvencion_propuesta__v": "confirmado",
        "subvencion_propuesta__f": "f1",
        "prestamo_propuesto": 0.0,
        "prestamo_propuesto__v": "confirmado",
        "prestamo_propuesto__f": "f1",
        "claves": [
          {
            "k": "El documento es un registro por comisiones, no una tabla",
            "v": "El listado recoge seis comisiones de verificación entre mayo y octubre de 2025, y un expediente puede aparecer en más de una: la posterior lo REVISA. Contar filas da 61; los expedientes vigentes son 57. Que esa lectura es la buena lo demuestran los TOTALES del propio documento, que cuadran al céntimo en las seis.",
            "verif": "confirmado",
            "fuente": "f1"
          }
        ],
        "fuentes": [
          {
            "id": "f1",
            "tipo": "primaria",
            "titulo": "Listado de solicitudes estimadas de la Propuesta de Resolución Definitiva del PERTE VEC — Sección B, convocatoria 2024 (Dirección General de Programas Industriales, Ministerio de Industria y Turismo)",
            "url": "https://www.mintur.gob.es/PortalAyudas/VEC-SECCIONB/Concesion/2024/Paginas/PropResDefinitiva.aspx",
            "fecha": "2025-10-20",
            "archivo": "fuentes/2026-08-06_mintur_perte-vec-seccion-b-2024-propuesta-resolucion-definitiva.pdf"
          },
          {
            "id": "f2",
            "tipo": "primaria",
            "titulo": "Nomenclátor Geográfico Básico de España — Instituto Geográfico Nacional, topónimos de tipo Municipio",
            "url": "https://api-features.ign.es/collections/namedplace",
            "fecha": "2026-08-06",
            "archivo": "fuentes/2026-08-06_ign_ngbe-municipios-perte-vec.json"
          }
        ],
        "nota": "La cifra es una PROPUESTA, no una concesión: el documento se titula «Propuesta de Resolución Definitiva» y la resolución se notifica por el registro electrónico, que no es públicamente citable. Por eso los campos llevan la palabra dentro. Y el punto es el del municipio, no el de la fábrica: el listado sitúa por nombre de municipio y no publica coordenada."
      }
    },
    {
      "type": "Feature",
      "id": "perte:a08195844-parets-del-valles",
      "geometry": {
        "type": "Point",
        "coordinates": [
          2.23379,
          41.57319
        ]
      },
      "properties": {
        "slug": "a08195844-parets-del-valles",
        "nombre": "ZANINI AUTO GRUP, S.A. — Parets del Vallès",
        "categoria": "plan_inversion",
        "descripcion": "Desarrollo e Incorporación avanzada de radares en vehículos eléctricos para la conducción autónoma",
        "estado_registro": "vigente",
        "verif": "confirmado",
        "geo_precision": "municipio",
        "geo_fuente": "punto del municipio en el Nomenclátor Geográfico Básico de España",
        "fecha_alta": "2026-08-06",
        "fecha_verificacion": "2026-08-06",
        "beneficiario": "ZANINI AUTO GRUP, S.A.",
        "titulo_plan": "Desarrollo e Incorporación avanzada de radares en vehículos eléctricos para la conducción autónoma",
        "cif": "A08195844",
        "codigo_plan": "VE2-010000-2024-0057",
        "instrumento": "Listado de solicitudes estimadas de la Propuesta de Resolución Definitiva del PERTE VEC — Sección B, convocatoria 2024 (Dirección General de Programas Industriales, Ministerio de Industria y Turismo)",
        "comision_verificacion": "2025-07-07",
        "fase": "tramitacion",
        "fase__v": "confirmado",
        "fase__f": "f1",
        "municipio": "Parets del Vallès",
        "provincia": "Barcelona",
        "presupuesto_financiable": 2437304.25,
        "presupuesto_financiable__v": "confirmado",
        "presupuesto_financiable__f": "f1",
        "gasto_subvencionable": 2437304.25,
        "gasto_subvencionable__v": "confirmado",
        "gasto_subvencionable__f": "f1",
        "subvencion_propuesta": 555817.0,
        "subvencion_propuesta__v": "confirmado",
        "subvencion_propuesta__f": "f1",
        "prestamo_propuesto": 243731.0,
        "prestamo_propuesto__v": "confirmado",
        "prestamo_propuesto__f": "f1",
        "claves": [
          {
            "k": "El documento es un registro por comisiones, no una tabla",
            "v": "El listado recoge seis comisiones de verificación entre mayo y octubre de 2025, y un expediente puede aparecer en más de una: la posterior lo REVISA. Contar filas da 61; los expedientes vigentes son 57. Que esa lectura es la buena lo demuestran los TOTALES del propio documento, que cuadran al céntimo en las seis.",
            "verif": "confirmado",
            "fuente": "f1"
          }
        ],
        "fuentes": [
          {
            "id": "f1",
            "tipo": "primaria",
            "titulo": "Listado de solicitudes estimadas de la Propuesta de Resolución Definitiva del PERTE VEC — Sección B, convocatoria 2024 (Dirección General de Programas Industriales, Ministerio de Industria y Turismo)",
            "url": "https://www.mintur.gob.es/PortalAyudas/VEC-SECCIONB/Concesion/2024/Paginas/PropResDefinitiva.aspx",
            "fecha": "2025-10-20",
            "archivo": "fuentes/2026-08-06_mintur_perte-vec-seccion-b-2024-propuesta-resolucion-definitiva.pdf"
          },
          {
            "id": "f2",
            "tipo": "primaria",
            "titulo": "Nomenclátor Geográfico Básico de España — Instituto Geográfico Nacional, topónimos de tipo Municipio",
            "url": "https://api-features.ign.es/collections/namedplace",
            "fecha": "2026-08-06",
            "archivo": "fuentes/2026-08-06_ign_ngbe-municipios-perte-vec.json"
          }
        ],
        "nota": "La cifra es una PROPUESTA, no una concesión: el documento se titula «Propuesta de Resolución Definitiva» y la resolución se notifica por el registro electrónico, que no es públicamente citable. Por eso los campos llevan la palabra dentro. Y el punto es el del municipio, no el de la fábrica: el listado sitúa por nombre de municipio y no publica coordenada."
      }
    },
    {
      "type": "Feature",
      "id": "perte:b90363235-sevilla",
      "geometry": {
        "type": "Point",
        "coordinates": [
          -5.99448,
          37.38864
        ]
      },
      "properties": {
        "slug": "b90363235-sevilla",
        "nombre": "Évolution Synergétique Automotive S.L — Sevilla",
        "categoria": "plan_inversion",
        "descripcion": "Investigación en Tecnologías ADAS para vehículos especiales off-road propulsados por pila de combustible",
        "estado_registro": "vigente",
        "verif": "confirmado",
        "geo_precision": "municipio",
        "geo_fuente": "punto del municipio en el Nomenclátor Geográfico Básico de España",
        "fecha_alta": "2026-08-06",
        "fecha_verificacion": "2026-08-06",
        "beneficiario": "Évolution Synergétique Automotive S.L",
        "titulo_plan": "Investigación en Tecnologías ADAS para vehículos especiales off-road propulsados por pila de combustible",
        "cif": "B90363235",
        "codigo_plan": "VE2-010000-2024-0063",
        "instrumento": "Listado de solicitudes estimadas de la Propuesta de Resolución Definitiva del PERTE VEC — Sección B, convocatoria 2024 (Dirección General de Programas Industriales, Ministerio de Industria y Turismo)",
        "comision_verificacion": "2025-07-07",
        "fase": "tramitacion",
        "fase__v": "confirmado",
        "fase__f": "f1",
        "municipio": "Sevilla",
        "provincia": "Sevilla",
        "presupuesto_financiable": 1371206.39,
        "presupuesto_financiable__v": "confirmado",
        "presupuesto_financiable__f": "f1",
        "gasto_subvencionable": 1371206.39,
        "gasto_subvencionable__v": "confirmado",
        "gasto_subvencionable__f": "f1",
        "subvencion_propuesta": 822723.0,
        "subvencion_propuesta__v": "confirmado",
        "subvencion_propuesta__f": "f1",
        "prestamo_propuesto": 0.0,
        "prestamo_propuesto__v": "confirmado",
        "prestamo_propuesto__f": "f1",
        "claves": [
          {
            "k": "El documento es un registro por comisiones, no una tabla",
            "v": "El listado recoge seis comisiones de verificación entre mayo y octubre de 2025, y un expediente puede aparecer en más de una: la posterior lo REVISA. Contar filas da 61; los expedientes vigentes son 57. Que esa lectura es la buena lo demuestran los TOTALES del propio documento, que cuadran al céntimo en las seis.",
            "verif": "confirmado",
            "fuente": "f1"
          }
        ],
        "fuentes": [
          {
            "id": "f1",
            "tipo": "primaria",
            "titulo": "Listado de solicitudes estimadas de la Propuesta de Resolución Definitiva del PERTE VEC — Sección B, convocatoria 2024 (Dirección General de Programas Industriales, Ministerio de Industria y Turismo)",
            "url": "https://www.mintur.gob.es/PortalAyudas/VEC-SECCIONB/Concesion/2024/Paginas/PropResDefinitiva.aspx",
            "fecha": "2025-10-20",
            "archivo": "fuentes/2026-08-06_mintur_perte-vec-seccion-b-2024-propuesta-resolucion-definitiva.pdf"
          },
          {
            "id": "f2",
            "tipo": "primaria",
            "titulo": "Nomenclátor Geográfico Básico de España — Instituto Geográfico Nacional, topónimos de tipo Municipio",
            "url": "https://api-features.ign.es/collections/namedplace",
            "fecha": "2026-08-06",
            "archivo": "fuentes/2026-08-06_ign_ngbe-municipios-perte-vec.json"
          }
        ],
        "nota": "La cifra es una PROPUESTA, no una concesión: el documento se titula «Propuesta de Resolución Definitiva» y la resolución se notifica por el registro electrónico, que no es públicamente citable. Por eso los campos llevan la palabra dentro. Y el punto es el del municipio, no el de la fábrica: el listado sitúa por nombre de municipio y no publica coordenada."
      }
    },
    {
      "type": "Feature",
      "id": "perte:b47713490-valladolid",
      "geometry": {
        "type": "Point",
        "coordinates": [
          -4.72869,
          41.65252
        ]
      },
      "properties": {
        "slug": "b47713490-valladolid",
        "nombre": "MALENA ENGINEERING, S.L. — Valladolid",
        "categoria": "plan_inversion",
        "descripcion": "Investigación de un módulo de predicción de comportamiento basado en nuevas técnicas de Inteligencia Artificial, dirigido a sistemas de ayuda a la conducción y diseño de una plataforma extensible de vehículo",
        "estado_registro": "vigente",
        "verif": "confirmado",
        "geo_precision": "municipio",
        "geo_fuente": "punto del municipio en el Nomenclátor Geográfico Básico de España",
        "fecha_alta": "2026-08-06",
        "fecha_verificacion": "2026-08-06",
        "beneficiario": "MALENA ENGINEERING, S.L.",
        "titulo_plan": "Investigación de un módulo de predicción de comportamiento basado en nuevas técnicas de Inteligencia Artificial, dirigido a sistemas de ayuda a la conducción y diseño de una plataforma extensible de vehículo",
        "cif": "B47713490",
        "codigo_plan": "VE2-010000-2024-0065",
        "instrumento": "Listado de solicitudes estimadas de la Propuesta de Resolución Definitiva del PERTE VEC — Sección B, convocatoria 2024 (Dirección General de Programas Industriales, Ministerio de Industria y Turismo)",
        "comision_verificacion": "2025-07-07",
        "fase": "tramitacion",
        "fase__v": "confirmado",
        "fase__f": "f1",
        "municipio": "Valladolid",
        "provincia": "Valladolid",
        "presupuesto_financiable": 1397350.59,
        "presupuesto_financiable__v": "confirmado",
        "presupuesto_financiable__f": "f1",
        "gasto_subvencionable": 1397350.6,
        "gasto_subvencionable__v": "confirmado",
        "gasto_subvencionable__f": "f1",
        "subvencion_propuesta": 838410.0,
        "subvencion_propuesta__v": "confirmado",
        "subvencion_propuesta__f": "f1",
        "prestamo_propuesto": 0.0,
        "prestamo_propuesto__v": "confirmado",
        "prestamo_propuesto__f": "f1",
        "claves": [
          {
            "k": "El documento es un registro por comisiones, no una tabla",
            "v": "El listado recoge seis comisiones de verificación entre mayo y octubre de 2025, y un expediente puede aparecer en más de una: la posterior lo REVISA. Contar filas da 61; los expedientes vigentes son 57. Que esa lectura es la buena lo demuestran los TOTALES del propio documento, que cuadran al céntimo en las seis.",
            "verif": "confirmado",
            "fuente": "f1"
          }
        ],
        "fuentes": [
          {
            "id": "f1",
            "tipo": "primaria",
            "titulo": "Listado de solicitudes estimadas de la Propuesta de Resolución Definitiva del PERTE VEC — Sección B, convocatoria 2024 (Dirección General de Programas Industriales, Ministerio de Industria y Turismo)",
            "url": "https://www.mintur.gob.es/PortalAyudas/VEC-SECCIONB/Concesion/2024/Paginas/PropResDefinitiva.aspx",
            "fecha": "2025-10-20",
            "archivo": "fuentes/2026-08-06_mintur_perte-vec-seccion-b-2024-propuesta-resolucion-definitiva.pdf"
          },
          {
            "id": "f2",
            "tipo": "primaria",
            "titulo": "Nomenclátor Geográfico Básico de España — Instituto Geográfico Nacional, topónimos de tipo Municipio",
            "url": "https://api-features.ign.es/collections/namedplace",
            "fecha": "2026-08-06",
            "archivo": "fuentes/2026-08-06_ign_ngbe-municipios-perte-vec.json"
          }
        ],
        "nota": "La cifra es una PROPUESTA, no una concesión: el documento se titula «Propuesta de Resolución Definitiva» y la resolución se notifica por el registro electrónico, que no es públicamente citable. Por eso los campos llevan la palabra dentro. Y el punto es el del municipio, no el de la fábrica: el listado sitúa por nombre de municipio y no publica coordenada."
      }
    },
    {
      "type": "Feature",
      "id": "perte:b65435117-viladecavalls",
      "geometry": {
        "type": "Point",
        "coordinates": [
          1.95415,
          41.55495
        ]
      },
      "properties": {
        "slug": "b65435117-viladecavalls",
        "nombre": "FICOSA AUTOMOTIVE SLU — Viladecavalls",
        "categoria": "plan_inversion",
        "descripcion": "Plan de inversión de Ficosa Automotive para el desarrollo avanzado de nuevos sistemas ADAS en vehículos eléctricos y conectados",
        "estado_registro": "vigente",
        "verif": "confirmado",
        "geo_precision": "municipio",
        "geo_fuente": "punto del municipio en el Nomenclátor Geográfico Básico de España",
        "fecha_alta": "2026-08-06",
        "fecha_verificacion": "2026-08-06",
        "beneficiario": "FICOSA AUTOMOTIVE SLU",
        "titulo_plan": "Plan de inversión de Ficosa Automotive para el desarrollo avanzado de nuevos sistemas ADAS en vehículos eléctricos y conectados",
        "cif": "B65435117",
        "codigo_plan": "VE2-010000-2024-0066",
        "instrumento": "Listado de solicitudes estimadas de la Propuesta de Resolución Definitiva del PERTE VEC — Sección B, convocatoria 2024 (Dirección General de Programas Industriales, Ministerio de Industria y Turismo)",
        "comision_verificacion": "2025-07-07",
        "fase": "tramitacion",
        "fase__v": "confirmado",
        "fase__f": "f1",
        "municipio": "Viladecavalls",
        "provincia": "Barcelona",
        "presupuesto_financiable": 12398630.7,
        "presupuesto_financiable__v": "confirmado",
        "presupuesto_financiable__f": "f1",
        "gasto_subvencionable": 12398630.58,
        "gasto_subvencionable__v": "confirmado",
        "gasto_subvencionable__f": "f1",
        "subvencion_propuesta": 2827461.0,
        "subvencion_propuesta__v": "confirmado",
        "subvencion_propuesta__f": "f1",
        "prestamo_propuesto": 1239864.0,
        "prestamo_propuesto__v": "confirmado",
        "prestamo_propuesto__f": "f1",
        "claves": [
          {
            "k": "El documento es un registro por comisiones, no una tabla",
            "v": "El listado recoge seis comisiones de verificación entre mayo y octubre de 2025, y un expediente puede aparecer en más de una: la posterior lo REVISA. Contar filas da 61; los expedientes vigentes son 57. Que esa lectura es la buena lo demuestran los TOTALES del propio documento, que cuadran al céntimo en las seis.",
            "verif": "confirmado",
            "fuente": "f1"
          }
        ],
        "fuentes": [
          {
            "id": "f1",
            "tipo": "primaria",
            "titulo": "Listado de solicitudes estimadas de la Propuesta de Resolución Definitiva del PERTE VEC — Sección B, convocatoria 2024 (Dirección General de Programas Industriales, Ministerio de Industria y Turismo)",
            "url": "https://www.mintur.gob.es/PortalAyudas/VEC-SECCIONB/Concesion/2024/Paginas/PropResDefinitiva.aspx",
            "fecha": "2025-10-20",
            "archivo": "fuentes/2026-08-06_mintur_perte-vec-seccion-b-2024-propuesta-resolucion-definitiva.pdf"
          },
          {
            "id": "f2",
            "tipo": "primaria",
            "titulo": "Nomenclátor Geográfico Básico de España — Instituto Geográfico Nacional, topónimos de tipo Municipio",
            "url": "https://api-features.ign.es/collections/namedplace",
            "fecha": "2026-08-06",
            "archivo": "fuentes/2026-08-06_ign_ngbe-municipios-perte-vec.json"
          }
        ],
        "nota": "La cifra es una PROPUESTA, no una concesión: el documento se titula «Propuesta de Resolución Definitiva» y la resolución se notifica por el registro electrónico, que no es públicamente citable. Por eso los campos llevan la palabra dentro. Y el punto es el del municipio, no el de la fábrica: el listado sitúa por nombre de municipio y no publica coordenada."
      }
    },
    {
      "type": "Feature",
      "id": "perte:a61440053-viladecavalls",
      "geometry": {
        "type": "Point",
        "coordinates": [
          1.95415,
          41.55495
        ]
      },
      "properties": {
        "slug": "a61440053-viladecavalls",
        "nombre": "CIRCONTROL, S.A. — Viladecavalls",
        "categoria": "plan_inversion",
        "descripcion": "Recursos Eficientes y SOstenibles en eL entorno productivo de cargadores de Vehículo Eléctrico",
        "estado_registro": "vigente",
        "verif": "confirmado",
        "geo_precision": "municipio",
        "geo_fuente": "punto del municipio en el Nomenclátor Geográfico Básico de España",
        "fecha_alta": "2026-08-06",
        "fecha_verificacion": "2026-08-06",
        "beneficiario": "CIRCONTROL, S.A.",
        "titulo_plan": "Recursos Eficientes y SOstenibles en eL entorno productivo de cargadores de Vehículo Eléctrico",
        "cif": "A61440053",
        "codigo_plan": "VE2-010000-2024-0067",
        "instrumento": "Listado de solicitudes estimadas de la Propuesta de Resolución Definitiva del PERTE VEC — Sección B, convocatoria 2024 (Dirección General de Programas Industriales, Ministerio de Industria y Turismo)",
        "comision_verificacion": "2025-10-01",
        "fase": "tramitacion",
        "fase__v": "confirmado",
        "fase__f": "f1",
        "municipio": "Viladecavalls",
        "provincia": "Barcelona",
        "presupuesto_financiable": 702026.68,
        "presupuesto_financiable__v": "confirmado",
        "presupuesto_financiable__f": "f1",
        "gasto_subvencionable": 679979.59,
        "gasto_subvencionable__v": "confirmado",
        "gasto_subvencionable__f": "f1",
        "subvencion_propuesta": 201328.0,
        "subvencion_propuesta__v": "confirmado",
        "subvencion_propuesta__f": "f1",
        "prestamo_propuesto": 67998.0,
        "prestamo_propuesto__v": "confirmado",
        "prestamo_propuesto__f": "f1",
        "claves": [
          {
            "k": "El documento es un registro por comisiones, no una tabla",
            "v": "El listado recoge seis comisiones de verificación entre mayo y octubre de 2025, y un expediente puede aparecer en más de una: la posterior lo REVISA. Contar filas da 61; los expedientes vigentes son 57. Que esa lectura es la buena lo demuestran los TOTALES del propio documento, que cuadran al céntimo en las seis.",
            "verif": "confirmado",
            "fuente": "f1"
          }
        ],
        "fuentes": [
          {
            "id": "f1",
            "tipo": "primaria",
            "titulo": "Listado de solicitudes estimadas de la Propuesta de Resolución Definitiva del PERTE VEC — Sección B, convocatoria 2024 (Dirección General de Programas Industriales, Ministerio de Industria y Turismo)",
            "url": "https://www.mintur.gob.es/PortalAyudas/VEC-SECCIONB/Concesion/2024/Paginas/PropResDefinitiva.aspx",
            "fecha": "2025-10-20",
            "archivo": "fuentes/2026-08-06_mintur_perte-vec-seccion-b-2024-propuesta-resolucion-definitiva.pdf"
          },
          {
            "id": "f2",
            "tipo": "primaria",
            "titulo": "Nomenclátor Geográfico Básico de España — Instituto Geográfico Nacional, topónimos de tipo Municipio",
            "url": "https://api-features.ign.es/collections/namedplace",
            "fecha": "2026-08-06",
            "archivo": "fuentes/2026-08-06_ign_ngbe-municipios-perte-vec.json"
          }
        ],
        "nota": "La cifra es una PROPUESTA, no una concesión: el documento se titula «Propuesta de Resolución Definitiva» y la resolución se notifica por el registro electrónico, que no es públicamente citable. Por eso los campos llevan la palabra dentro. Y el punto es el del municipio, no el de la fábrica: el listado sitúa por nombre de municipio y no publica coordenada."
      }
    },
    {
      "type": "Feature",
      "id": "perte:b20827333-andoain",
      "geometry": {
        "type": "Point",
        "coordinates": [
          -2.01998,
          43.21942
        ]
      },
      "properties": {
        "slug": "b20827333-andoain",
        "nombre": "SAPA OPERACIONES SL — Andoain",
        "categoria": "plan_inversion",
        "descripcion": "Desarrollo de eje propulsor eléctrico e-axle para vehículos pesados de más de 3 t (E-SYNCAXLE)",
        "estado_registro": "vigente",
        "verif": "confirmado",
        "geo_precision": "municipio",
        "geo_fuente": "punto del municipio en el Nomenclátor Geográfico Básico de España",
        "fecha_alta": "2026-08-06",
        "fecha_verificacion": "2026-08-06",
        "beneficiario": "SAPA OPERACIONES SL",
        "titulo_plan": "Desarrollo de eje propulsor eléctrico e-axle para vehículos pesados de más de 3 t (E-SYNCAXLE)",
        "cif": "B20827333",
        "codigo_plan": "VE2-010000-2024-0068",
        "instrumento": "Listado de solicitudes estimadas de la Propuesta de Resolución Definitiva del PERTE VEC — Sección B, convocatoria 2024 (Dirección General de Programas Industriales, Ministerio de Industria y Turismo)",
        "comision_verificacion": "2025-10-01",
        "fase": "tramitacion",
        "fase__v": "confirmado",
        "fase__f": "f1",
        "municipio": "Andoain",
        "provincia": "Gipuzkoa",
        "presupuesto_financiable": 7017869.84,
        "presupuesto_financiable__v": "confirmado",
        "presupuesto_financiable__f": "f1",
        "gasto_subvencionable": 7017869.83,
        "gasto_subvencionable__v": "confirmado",
        "gasto_subvencionable__f": "f1",
        "subvencion_propuesta": 892458.0,
        "subvencion_propuesta__v": "confirmado",
        "subvencion_propuesta__f": "f1",
        "prestamo_propuesto": 701787.0,
        "prestamo_propuesto__v": "confirmado",
        "prestamo_propuesto__f": "f1",
        "claves": [
          {
            "k": "Este expediente fue revisado por una comisión posterior",
            "v": "Aparece primero en la comisión de 07/07/2025 y vuelve a aparecer en la de 01/10/2025, con cifras nuevas. Se publica la última, que es la que el documento da por vigente y la que hace cuadrar sus totales.",
            "verif": "confirmado",
            "fuente": "f1"
          },
          {
            "k": "El documento es un registro por comisiones, no una tabla",
            "v": "El listado recoge seis comisiones de verificación entre mayo y octubre de 2025, y un expediente puede aparecer en más de una: la posterior lo REVISA. Contar filas da 61; los expedientes vigentes son 57. Que esa lectura es la buena lo demuestran los TOTALES del propio documento, que cuadran al céntimo en las seis.",
            "verif": "confirmado",
            "fuente": "f1"
          }
        ],
        "fuentes": [
          {
            "id": "f1",
            "tipo": "primaria",
            "titulo": "Listado de solicitudes estimadas de la Propuesta de Resolución Definitiva del PERTE VEC — Sección B, convocatoria 2024 (Dirección General de Programas Industriales, Ministerio de Industria y Turismo)",
            "url": "https://www.mintur.gob.es/PortalAyudas/VEC-SECCIONB/Concesion/2024/Paginas/PropResDefinitiva.aspx",
            "fecha": "2025-10-20",
            "archivo": "fuentes/2026-08-06_mintur_perte-vec-seccion-b-2024-propuesta-resolucion-definitiva.pdf"
          },
          {
            "id": "f2",
            "tipo": "primaria",
            "titulo": "Nomenclátor Geográfico Básico de España — Instituto Geográfico Nacional, topónimos de tipo Municipio",
            "url": "https://api-features.ign.es/collections/namedplace",
            "fecha": "2026-08-06",
            "archivo": "fuentes/2026-08-06_ign_ngbe-municipios-perte-vec.json"
          }
        ],
        "nota": "La cifra es una PROPUESTA, no una concesión: el documento se titula «Propuesta de Resolución Definitiva» y la resolución se notifica por el registro electrónico, que no es públicamente citable. Por eso los campos llevan la palabra dentro. Y el punto es el del municipio, no el de la fábrica: el listado sitúa por nombre de municipio y no publica coordenada."
      }
    },
    {
      "type": "Feature",
      "id": "perte:a09276528-burgos",
      "geometry": {
        "type": "Point",
        "coordinates": [
          -3.70218,
          42.34058
        ]
      },
      "properties": {
        "slug": "a09276528-burgos",
        "nombre": "GRUPO ANTOLIN INGENIERIA, S.A. — Burgos",
        "categoria": "plan_inversion",
        "descripcion": "Plan de inversión para la mejora de la producción y desarrollo de nuevos componentes del VEC en Antolin",
        "estado_registro": "vigente",
        "verif": "confirmado",
        "geo_precision": "municipio",
        "geo_fuente": "punto del municipio en el Nomenclátor Geográfico Básico de España",
        "fecha_alta": "2026-08-06",
        "fecha_verificacion": "2026-08-06",
        "beneficiario": "GRUPO ANTOLIN INGENIERIA, S.A.",
        "titulo_plan": "Plan de inversión para la mejora de la producción y desarrollo de nuevos componentes del VEC en Antolin",
        "cif": "A09276528",
        "codigo_plan": "VE2-010000-2024-0071",
        "instrumento": "Listado de solicitudes estimadas de la Propuesta de Resolución Definitiva del PERTE VEC — Sección B, convocatoria 2024 (Dirección General de Programas Industriales, Ministerio de Industria y Turismo)",
        "comision_verificacion": "2025-07-07",
        "fase": "tramitacion",
        "fase__v": "confirmado",
        "fase__f": "f1",
        "municipio": "Burgos",
        "provincia": "Burgos",
        "presupuesto_financiable": 14977839.89,
        "presupuesto_financiable__v": "confirmado",
        "presupuesto_financiable__f": "f1",
        "gasto_subvencionable": 14977839.74,
        "gasto_subvencionable__v": "confirmado",
        "gasto_subvencionable__f": "f1",
        "subvencion_propuesta": 3538019.0,
        "subvencion_propuesta__v": "confirmado",
        "subvencion_propuesta__f": "f1",
        "prestamo_propuesto": 1497786.0,
        "prestamo_propuesto__v": "confirmado",
        "prestamo_propuesto__f": "f1",
        "claves": [
          {
            "k": "El documento es un registro por comisiones, no una tabla",
            "v": "El listado recoge seis comisiones de verificación entre mayo y octubre de 2025, y un expediente puede aparecer en más de una: la posterior lo REVISA. Contar filas da 61; los expedientes vigentes son 57. Que esa lectura es la buena lo demuestran los TOTALES del propio documento, que cuadran al céntimo en las seis.",
            "verif": "confirmado",
            "fuente": "f1"
          }
        ],
        "fuentes": [
          {
            "id": "f1",
            "tipo": "primaria",
            "titulo": "Listado de solicitudes estimadas de la Propuesta de Resolución Definitiva del PERTE VEC — Sección B, convocatoria 2024 (Dirección General de Programas Industriales, Ministerio de Industria y Turismo)",
            "url": "https://www.mintur.gob.es/PortalAyudas/VEC-SECCIONB/Concesion/2024/Paginas/PropResDefinitiva.aspx",
            "fecha": "2025-10-20",
            "archivo": "fuentes/2026-08-06_mintur_perte-vec-seccion-b-2024-propuesta-resolucion-definitiva.pdf"
          },
          {
            "id": "f2",
            "tipo": "primaria",
            "titulo": "Nomenclátor Geográfico Básico de España — Instituto Geográfico Nacional, topónimos de tipo Municipio",
            "url": "https://api-features.ign.es/collections/namedplace",
            "fecha": "2026-08-06",
            "archivo": "fuentes/2026-08-06_ign_ngbe-municipios-perte-vec.json"
          }
        ],
        "nota": "La cifra es una PROPUESTA, no una concesión: el documento se titula «Propuesta de Resolución Definitiva» y la resolución se notifica por el registro electrónico, que no es públicamente citable. Por eso los campos llevan la palabra dentro. Y el punto es el del municipio, no el de la fábrica: el listado sitúa por nombre de municipio y no publica coordenada."
      }
    },
    {
      "type": "Feature",
      "id": "perte:a08026197-logrono",
      "geometry": {
        "type": "Point",
        "coordinates": [
          -2.4391,
          42.46631
        ]
      },
      "properties": {
        "slug": "a08026197-logrono",
        "nombre": "STANDARD PROFIL SPAIN SA — Logroño",
        "categoria": "plan_inversion",
        "descripcion": "DESARROLLO DE NUEVOS SISTEMAS DE ESTANQUEIDAD PARA VEHÍCULOS ELÉCTRICOS",
        "estado_registro": "vigente",
        "verif": "confirmado",
        "geo_precision": "municipio",
        "geo_fuente": "punto del municipio en el Nomenclátor Geográfico Básico de España",
        "fecha_alta": "2026-08-06",
        "fecha_verificacion": "2026-08-06",
        "beneficiario": "STANDARD PROFIL SPAIN SA",
        "titulo_plan": "DESARROLLO DE NUEVOS SISTEMAS DE ESTANQUEIDAD PARA VEHÍCULOS ELÉCTRICOS",
        "cif": "A08026197",
        "codigo_plan": "VE2-010000-2024-0072",
        "instrumento": "Listado de solicitudes estimadas de la Propuesta de Resolución Definitiva del PERTE VEC — Sección B, convocatoria 2024 (Dirección General de Programas Industriales, Ministerio de Industria y Turismo)",
        "comision_verificacion": "2025-07-07",
        "fase": "tramitacion",
        "fase__v": "confirmado",
        "fase__f": "f1",
        "municipio": "Logroño",
        "provincia": "La Rioja",
        "presupuesto_financiable": 1822369.35,
        "presupuesto_financiable__v": "confirmado",
        "presupuesto_financiable__f": "f1",
        "gasto_subvencionable": 1822369.35,
        "gasto_subvencionable__v": "confirmado",
        "gasto_subvencionable__f": "f1",
        "subvencion_propuesta": 435303.0,
        "subvencion_propuesta__v": "confirmado",
        "subvencion_propuesta__f": "f1",
        "prestamo_propuesto": 182237.0,
        "prestamo_propuesto__v": "confirmado",
        "prestamo_propuesto__f": "f1",
        "claves": [
          {
            "k": "El documento es un registro por comisiones, no una tabla",
            "v": "El listado recoge seis comisiones de verificación entre mayo y octubre de 2025, y un expediente puede aparecer en más de una: la posterior lo REVISA. Contar filas da 61; los expedientes vigentes son 57. Que esa lectura es la buena lo demuestran los TOTALES del propio documento, que cuadran al céntimo en las seis.",
            "verif": "confirmado",
            "fuente": "f1"
          }
        ],
        "fuentes": [
          {
            "id": "f1",
            "tipo": "primaria",
            "titulo": "Listado de solicitudes estimadas de la Propuesta de Resolución Definitiva del PERTE VEC — Sección B, convocatoria 2024 (Dirección General de Programas Industriales, Ministerio de Industria y Turismo)",
            "url": "https://www.mintur.gob.es/PortalAyudas/VEC-SECCIONB/Concesion/2024/Paginas/PropResDefinitiva.aspx",
            "fecha": "2025-10-20",
            "archivo": "fuentes/2026-08-06_mintur_perte-vec-seccion-b-2024-propuesta-resolucion-definitiva.pdf"
          },
          {
            "id": "f2",
            "tipo": "primaria",
            "titulo": "Nomenclátor Geográfico Básico de España — Instituto Geográfico Nacional, topónimos de tipo Municipio",
            "url": "https://api-features.ign.es/collections/namedplace",
            "fecha": "2026-08-06",
            "archivo": "fuentes/2026-08-06_ign_ngbe-municipios-perte-vec.json"
          }
        ],
        "nota": "La cifra es una PROPUESTA, no una concesión: el documento se titula «Propuesta de Resolución Definitiva» y la resolución se notifica por el registro electrónico, que no es públicamente citable. Por eso los campos llevan la palabra dentro. Y el punto es el del municipio, no el de la fábrica: el listado sitúa por nombre de municipio y no publica coordenada."
      }
    },
    {
      "type": "Feature",
      "id": "perte:b80526486-paterna",
      "geometry": {
        "type": "Point",
        "coordinates": [
          -0.43944,
          39.50078
        ]
      },
      "properties": {
        "slug": "b80526486-paterna",
        "nombre": "FAURECIA INTERIOR SYSTEMS SALC ESPAÑA S.L. — Paterna",
        "categoria": "plan_inversion",
        "descripcion": "Plan de Inversión de Faurecia Interior Systems SALC España, S.L.",
        "estado_registro": "vigente",
        "verif": "confirmado",
        "geo_precision": "municipio",
        "geo_fuente": "punto del municipio en el Nomenclátor Geográfico Básico de España",
        "fecha_alta": "2026-08-06",
        "fecha_verificacion": "2026-08-06",
        "beneficiario": "FAURECIA INTERIOR SYSTEMS SALC ESPAÑA S.L.",
        "titulo_plan": "Plan de Inversión de Faurecia Interior Systems SALC España, S.L.",
        "cif": "B80526486",
        "codigo_plan": "VE2-010000-2024-0073",
        "instrumento": "Listado de solicitudes estimadas de la Propuesta de Resolución Definitiva del PERTE VEC — Sección B, convocatoria 2024 (Dirección General de Programas Industriales, Ministerio de Industria y Turismo)",
        "comision_verificacion": "2025-10-20",
        "fase": "tramitacion",
        "fase__v": "confirmado",
        "fase__f": "f1",
        "municipio": "Paterna",
        "provincia": "València/Valencia",
        "presupuesto_financiable": 6746156.56,
        "presupuesto_financiable__v": "confirmado",
        "presupuesto_financiable__f": "f1",
        "gasto_subvencionable": 6746156.56,
        "gasto_subvencionable__v": "confirmado",
        "gasto_subvencionable__f": "f1",
        "subvencion_propuesta": 1388208.0,
        "subvencion_propuesta__v": "confirmado",
        "subvencion_propuesta__f": "f1",
        "prestamo_propuesto": 427400.0,
        "prestamo_propuesto__v": "confirmado",
        "prestamo_propuesto__f": "f1",
        "claves": [
          {
            "k": "Este expediente fue revisado por una comisión posterior",
            "v": "Aparece primero en la comisión de 01/10/2025 y vuelve a aparecer en la de 20/10/2025, con cifras nuevas. Se publica la última, que es la que el documento da por vigente y la que hace cuadrar sus totales.",
            "verif": "confirmado",
            "fuente": "f1"
          },
          {
            "k": "El documento es un registro por comisiones, no una tabla",
            "v": "El listado recoge seis comisiones de verificación entre mayo y octubre de 2025, y un expediente puede aparecer en más de una: la posterior lo REVISA. Contar filas da 61; los expedientes vigentes son 57. Que esa lectura es la buena lo demuestran los TOTALES del propio documento, que cuadran al céntimo en las seis.",
            "verif": "confirmado",
            "fuente": "f1"
          }
        ],
        "fuentes": [
          {
            "id": "f1",
            "tipo": "primaria",
            "titulo": "Listado de solicitudes estimadas de la Propuesta de Resolución Definitiva del PERTE VEC — Sección B, convocatoria 2024 (Dirección General de Programas Industriales, Ministerio de Industria y Turismo)",
            "url": "https://www.mintur.gob.es/PortalAyudas/VEC-SECCIONB/Concesion/2024/Paginas/PropResDefinitiva.aspx",
            "fecha": "2025-10-20",
            "archivo": "fuentes/2026-08-06_mintur_perte-vec-seccion-b-2024-propuesta-resolucion-definitiva.pdf"
          },
          {
            "id": "f2",
            "tipo": "primaria",
            "titulo": "Nomenclátor Geográfico Básico de España — Instituto Geográfico Nacional, topónimos de tipo Municipio",
            "url": "https://api-features.ign.es/collections/namedplace",
            "fecha": "2026-08-06",
            "archivo": "fuentes/2026-08-06_ign_ngbe-municipios-perte-vec.json"
          }
        ],
        "nota": "La cifra es una PROPUESTA, no una concesión: el documento se titula «Propuesta de Resolución Definitiva» y la resolución se notifica por el registro electrónico, que no es públicamente citable. Por eso los campos llevan la palabra dentro. Y el punto es el del municipio, no el de la fábrica: el listado sitúa por nombre de municipio y no publica coordenada."
      }
    },
    {
      "type": "Feature",
      "id": "perte:b74464710-san-martin-del-rey-aurelio",
      "geometry": {
        "type": "Point",
        "coordinates": [
          -5.6049,
          43.27535
        ]
      },
      "properties": {
        "slug": "b74464710-san-martin-del-rey-aurelio",
        "nombre": "H2VECTOR ENERGY TECHNOLOGIES SL — San Martín del Rey Aurelio",
        "categoria": "plan_inversion",
        "descripcion": "Investigación y desarrollo de un novedoso sistema stack de pila de combustible mediante tecnología AEM.",
        "estado_registro": "vigente",
        "verif": "confirmado",
        "geo_precision": "municipio",
        "geo_fuente": "punto del municipio en el Nomenclátor Geográfico Básico de España",
        "fecha_alta": "2026-08-06",
        "fecha_verificacion": "2026-08-06",
        "beneficiario": "H2VECTOR ENERGY TECHNOLOGIES SL",
        "titulo_plan": "Investigación y desarrollo de un novedoso sistema stack de pila de combustible mediante tecnología AEM.",
        "cif": "B74464710",
        "codigo_plan": "VE2-010000-2024-0075",
        "instrumento": "Listado de solicitudes estimadas de la Propuesta de Resolución Definitiva del PERTE VEC — Sección B, convocatoria 2024 (Dirección General de Programas Industriales, Ministerio de Industria y Turismo)",
        "comision_verificacion": "2025-07-07",
        "fase": "tramitacion",
        "fase__v": "confirmado",
        "fase__f": "f1",
        "municipio": "San Martín del Rey Aurelio",
        "provincia": "Asturias",
        "presupuesto_financiable": 998179.53,
        "presupuesto_financiable__v": "confirmado",
        "presupuesto_financiable__f": "f1",
        "gasto_subvencionable": 998179.53,
        "gasto_subvencionable__v": "confirmado",
        "gasto_subvencionable__f": "f1",
        "subvencion_propuesta": 698725.0,
        "subvencion_propuesta__v": "confirmado",
        "subvencion_propuesta__f": "f1",
        "prestamo_propuesto": 0.0,
        "prestamo_propuesto__v": "confirmado",
        "prestamo_propuesto__f": "f1",
        "claves": [
          {
            "k": "El documento es un registro por comisiones, no una tabla",
            "v": "El listado recoge seis comisiones de verificación entre mayo y octubre de 2025, y un expediente puede aparecer en más de una: la posterior lo REVISA. Contar filas da 61; los expedientes vigentes son 57. Que esa lectura es la buena lo demuestran los TOTALES del propio documento, que cuadran al céntimo en las seis.",
            "verif": "confirmado",
            "fuente": "f1"
          }
        ],
        "fuentes": [
          {
            "id": "f1",
            "tipo": "primaria",
            "titulo": "Listado de solicitudes estimadas de la Propuesta de Resolución Definitiva del PERTE VEC — Sección B, convocatoria 2024 (Dirección General de Programas Industriales, Ministerio de Industria y Turismo)",
            "url": "https://www.mintur.gob.es/PortalAyudas/VEC-SECCIONB/Concesion/2024/Paginas/PropResDefinitiva.aspx",
            "fecha": "2025-10-20",
            "archivo": "fuentes/2026-08-06_mintur_perte-vec-seccion-b-2024-propuesta-resolucion-definitiva.pdf"
          },
          {
            "id": "f2",
            "tipo": "primaria",
            "titulo": "Nomenclátor Geográfico Básico de España — Instituto Geográfico Nacional, topónimos de tipo Municipio",
            "url": "https://api-features.ign.es/collections/namedplace",
            "fecha": "2026-08-06",
            "archivo": "fuentes/2026-08-06_ign_ngbe-municipios-perte-vec.json"
          }
        ],
        "nota": "La cifra es una PROPUESTA, no una concesión: el documento se titula «Propuesta de Resolución Definitiva» y la resolución se notifica por el registro electrónico, que no es públicamente citable. Por eso los campos llevan la palabra dentro. Y el punto es el del municipio, no el de la fábrica: el listado sitúa por nombre de municipio y no publica coordenada."
      }
    },
    {
      "type": "Feature",
      "id": "perte:b70694385-l-hospitalet-de-llobregat",
      "geometry": {
        "type": "Point",
        "coordinates": [
          2.09977,
          41.35923
        ]
      },
      "properties": {
        "slug": "b70694385-l-hospitalet-de-llobregat",
        "nombre": "FLOOX CHARGERS, S.L. — L'Hospitalet de Llobregat",
        "categoria": "plan_inversion",
        "descripcion": "Nueva unidad de carga para vehículos eléctricos autónomos con capacidad de desconexión de la red (UNCARVELAU)",
        "estado_registro": "vigente",
        "verif": "confirmado",
        "geo_precision": "municipio",
        "geo_fuente": "punto del municipio en el Nomenclátor Geográfico Básico de España",
        "fecha_alta": "2026-08-06",
        "fecha_verificacion": "2026-08-06",
        "beneficiario": "FLOOX CHARGERS, S.L.",
        "titulo_plan": "Nueva unidad de carga para vehículos eléctricos autónomos con capacidad de desconexión de la red (UNCARVELAU)",
        "cif": "B70694385",
        "codigo_plan": "VE2-010000-2024-0076",
        "instrumento": "Listado de solicitudes estimadas de la Propuesta de Resolución Definitiva del PERTE VEC — Sección B, convocatoria 2024 (Dirección General de Programas Industriales, Ministerio de Industria y Turismo)",
        "comision_verificacion": "2025-07-07",
        "fase": "tramitacion",
        "fase__v": "confirmado",
        "fase__f": "f1",
        "municipio": "L'Hospitalet de Llobregat",
        "provincia": "Barcelona",
        "presupuesto_financiable": 3993474.76,
        "presupuesto_financiable__v": "confirmado",
        "presupuesto_financiable__f": "f1",
        "gasto_subvencionable": 3993474.76,
        "gasto_subvencionable__v": "confirmado",
        "gasto_subvencionable__f": "f1",
        "subvencion_propuesta": 1837435.0,
        "subvencion_propuesta__v": "confirmado",
        "subvencion_propuesta__f": "f1",
        "prestamo_propuesto": 725627.0,
        "prestamo_propuesto__v": "confirmado",
        "prestamo_propuesto__f": "f1",
        "claves": [
          {
            "k": "El listado escribe el municipio de otra forma",
            "v": "El Ministerio lo llama «Hospitalet de Llobregat, L'» y el Nomenclátor del IGN, «L'Hospitalet de Llobregat». Es la misma localidad con el artículo en otro sitio o el nombre en otra lengua. Se publica la forma del IGN, que es de donde sale el punto, y se deja dicha la del listado.",
            "verif": "confirmado",
            "fuente": "f2"
          },
          {
            "k": "El documento es un registro por comisiones, no una tabla",
            "v": "El listado recoge seis comisiones de verificación entre mayo y octubre de 2025, y un expediente puede aparecer en más de una: la posterior lo REVISA. Contar filas da 61; los expedientes vigentes son 57. Que esa lectura es la buena lo demuestran los TOTALES del propio documento, que cuadran al céntimo en las seis.",
            "verif": "confirmado",
            "fuente": "f1"
          }
        ],
        "fuentes": [
          {
            "id": "f1",
            "tipo": "primaria",
            "titulo": "Listado de solicitudes estimadas de la Propuesta de Resolución Definitiva del PERTE VEC — Sección B, convocatoria 2024 (Dirección General de Programas Industriales, Ministerio de Industria y Turismo)",
            "url": "https://www.mintur.gob.es/PortalAyudas/VEC-SECCIONB/Concesion/2024/Paginas/PropResDefinitiva.aspx",
            "fecha": "2025-10-20",
            "archivo": "fuentes/2026-08-06_mintur_perte-vec-seccion-b-2024-propuesta-resolucion-definitiva.pdf"
          },
          {
            "id": "f2",
            "tipo": "primaria",
            "titulo": "Nomenclátor Geográfico Básico de España — Instituto Geográfico Nacional, topónimos de tipo Municipio",
            "url": "https://api-features.ign.es/collections/namedplace",
            "fecha": "2026-08-06",
            "archivo": "fuentes/2026-08-06_ign_ngbe-municipios-perte-vec.json"
          }
        ],
        "nota": "La cifra es una PROPUESTA, no una concesión: el documento se titula «Propuesta de Resolución Definitiva» y la resolución se notifica por el registro electrónico, que no es públicamente citable. Por eso los campos llevan la palabra dentro. Y el punto es el del municipio, no el de la fábrica: el listado sitúa por nombre de municipio y no publica coordenada."
      }
    },
    {
      "type": "Feature",
      "id": "perte:b75478198-burgos",
      "geometry": {
        "type": "Point",
        "coordinates": [
          -3.70218,
          42.34058
        ]
      },
      "properties": {
        "slug": "b75478198-burgos",
        "nombre": "CRP COMPONENTES SL. — Burgos",
        "categoria": "plan_inversion",
        "descripcion": "Proceso inteligente e integrado de inyección, tratamiento mecánico superficial y recubrimiento decorativo, con inspección mediante técnicas de visión por computador y de inteligencia artificial, para piezas ligeras del VEC - DECOVEC",
        "estado_registro": "vigente",
        "verif": "confirmado",
        "geo_precision": "municipio",
        "geo_fuente": "punto del municipio en el Nomenclátor Geográfico Básico de España",
        "fecha_alta": "2026-08-06",
        "fecha_verificacion": "2026-08-06",
        "beneficiario": "CRP COMPONENTES SL.",
        "titulo_plan": "Proceso inteligente e integrado de inyección, tratamiento mecánico superficial y recubrimiento decorativo, con inspección mediante técnicas de visión por computador y de inteligencia artificial, para piezas ligeras del VEC - DECOVEC",
        "cif": "B75478198",
        "codigo_plan": "VE2-010000-2024-0077",
        "instrumento": "Listado de solicitudes estimadas de la Propuesta de Resolución Definitiva del PERTE VEC — Sección B, convocatoria 2024 (Dirección General de Programas Industriales, Ministerio de Industria y Turismo)",
        "comision_verificacion": "2025-10-01",
        "fase": "tramitacion",
        "fase__v": "confirmado",
        "fase__f": "f1",
        "municipio": "Burgos",
        "provincia": "Burgos",
        "presupuesto_financiable": 4907929.5,
        "presupuesto_financiable__v": "confirmado",
        "presupuesto_financiable__f": "f1",
        "gasto_subvencionable": 4907929.5,
        "gasto_subvencionable__v": "confirmado",
        "gasto_subvencionable__f": "f1",
        "subvencion_propuesta": 2453964.0,
        "subvencion_propuesta__v": "confirmado",
        "subvencion_propuesta__f": "f1",
        "prestamo_propuesto": 0.0,
        "prestamo_propuesto__v": "confirmado",
        "prestamo_propuesto__f": "f1",
        "claves": [
          {
            "k": "El documento es un registro por comisiones, no una tabla",
            "v": "El listado recoge seis comisiones de verificación entre mayo y octubre de 2025, y un expediente puede aparecer en más de una: la posterior lo REVISA. Contar filas da 61; los expedientes vigentes son 57. Que esa lectura es la buena lo demuestran los TOTALES del propio documento, que cuadran al céntimo en las seis.",
            "verif": "confirmado",
            "fuente": "f1"
          }
        ],
        "fuentes": [
          {
            "id": "f1",
            "tipo": "primaria",
            "titulo": "Listado de solicitudes estimadas de la Propuesta de Resolución Definitiva del PERTE VEC — Sección B, convocatoria 2024 (Dirección General de Programas Industriales, Ministerio de Industria y Turismo)",
            "url": "https://www.mintur.gob.es/PortalAyudas/VEC-SECCIONB/Concesion/2024/Paginas/PropResDefinitiva.aspx",
            "fecha": "2025-10-20",
            "archivo": "fuentes/2026-08-06_mintur_perte-vec-seccion-b-2024-propuesta-resolucion-definitiva.pdf"
          },
          {
            "id": "f2",
            "tipo": "primaria",
            "titulo": "Nomenclátor Geográfico Básico de España — Instituto Geográfico Nacional, topónimos de tipo Municipio",
            "url": "https://api-features.ign.es/collections/namedplace",
            "fecha": "2026-08-06",
            "archivo": "fuentes/2026-08-06_ign_ngbe-municipios-perte-vec.json"
          }
        ],
        "nota": "La cifra es una PROPUESTA, no una concesión: el documento se titula «Propuesta de Resolución Definitiva» y la resolución se notifica por el registro electrónico, que no es públicamente citable. Por eso los campos llevan la palabra dentro. Y el punto es el del municipio, no el de la fábrica: el listado sitúa por nombre de municipio y no publica coordenada."
      }
    },
    {
      "type": "Feature",
      "id": "perte:b75477901-burgos",
      "geometry": {
        "type": "Point",
        "coordinates": [
          -3.70218,
          42.34058
        ]
      },
      "properties": {
        "slug": "b75477901-burgos",
        "nombre": "DAU AUTOMOCION, S.L. — Burgos",
        "categoria": "plan_inversion",
        "descripcion": "Investigación sobre procesos para piezas ligeras de pistones de freno y contrapesos supresores de ruido del sistema de aire acondicionado adaptados al VEC - INTOVEC",
        "estado_registro": "vigente",
        "verif": "confirmado",
        "geo_precision": "municipio",
        "geo_fuente": "punto del municipio en el Nomenclátor Geográfico Básico de España",
        "fecha_alta": "2026-08-06",
        "fecha_verificacion": "2026-08-06",
        "beneficiario": "DAU AUTOMOCION, S.L.",
        "titulo_plan": "Investigación sobre procesos para piezas ligeras de pistones de freno y contrapesos supresores de ruido del sistema de aire acondicionado adaptados al VEC - INTOVEC",
        "cif": "B75477901",
        "codigo_plan": "VE2-010000-2024-0078",
        "instrumento": "Listado de solicitudes estimadas de la Propuesta de Resolución Definitiva del PERTE VEC — Sección B, convocatoria 2024 (Dirección General de Programas Industriales, Ministerio de Industria y Turismo)",
        "comision_verificacion": "2025-10-01",
        "fase": "tramitacion",
        "fase__v": "confirmado",
        "fase__f": "f1",
        "municipio": "Burgos",
        "provincia": "Burgos",
        "presupuesto_financiable": 7626424.6,
        "presupuesto_financiable__v": "confirmado",
        "presupuesto_financiable__f": "f1",
        "gasto_subvencionable": 7626424.6,
        "gasto_subvencionable__v": "confirmado",
        "gasto_subvencionable__f": "f1",
        "subvencion_propuesta": 3813211.0,
        "subvencion_propuesta__v": "confirmado",
        "subvencion_propuesta__f": "f1",
        "prestamo_propuesto": 0.0,
        "prestamo_propuesto__v": "confirmado",
        "prestamo_propuesto__f": "f1",
        "claves": [
          {
            "k": "El documento es un registro por comisiones, no una tabla",
            "v": "El listado recoge seis comisiones de verificación entre mayo y octubre de 2025, y un expediente puede aparecer en más de una: la posterior lo REVISA. Contar filas da 61; los expedientes vigentes son 57. Que esa lectura es la buena lo demuestran los TOTALES del propio documento, que cuadran al céntimo en las seis.",
            "verif": "confirmado",
            "fuente": "f1"
          }
        ],
        "fuentes": [
          {
            "id": "f1",
            "tipo": "primaria",
            "titulo": "Listado de solicitudes estimadas de la Propuesta de Resolución Definitiva del PERTE VEC — Sección B, convocatoria 2024 (Dirección General de Programas Industriales, Ministerio de Industria y Turismo)",
            "url": "https://www.mintur.gob.es/PortalAyudas/VEC-SECCIONB/Concesion/2024/Paginas/PropResDefinitiva.aspx",
            "fecha": "2025-10-20",
            "archivo": "fuentes/2026-08-06_mintur_perte-vec-seccion-b-2024-propuesta-resolucion-definitiva.pdf"
          },
          {
            "id": "f2",
            "tipo": "primaria",
            "titulo": "Nomenclátor Geográfico Básico de España — Instituto Geográfico Nacional, topónimos de tipo Municipio",
            "url": "https://api-features.ign.es/collections/namedplace",
            "fecha": "2026-08-06",
            "archivo": "fuentes/2026-08-06_ign_ngbe-municipios-perte-vec.json"
          }
        ],
        "nota": "La cifra es una PROPUESTA, no una concesión: el documento se titula «Propuesta de Resolución Definitiva» y la resolución se notifica por el registro electrónico, que no es públicamente citable. Por eso los campos llevan la palabra dentro. Y el punto es el del municipio, no el de la fábrica: el listado sitúa por nombre de municipio y no publica coordenada."
      }
    },
    {
      "type": "Feature",
      "id": "perte:b75477893-burgos",
      "geometry": {
        "type": "Point",
        "coordinates": [
          -3.70218,
          42.34058
        ]
      },
      "properties": {
        "slug": "b75477893-burgos",
        "nombre": "CYC AUTOMOCION, S.L.U. — Burgos",
        "categoria": "plan_inversion",
        "descripcion": "Investigación tecnológica del proceso y subprocesos para una generación avanzada de mecanizados y tratamientos superficiales de aluminio para piezas ligeras del sistema de freno en el vehículo eléctrico conectado - GALMAVEC.",
        "estado_registro": "vigente",
        "verif": "confirmado",
        "geo_precision": "municipio",
        "geo_fuente": "punto del municipio en el Nomenclátor Geográfico Básico de España",
        "fecha_alta": "2026-08-06",
        "fecha_verificacion": "2026-08-06",
        "beneficiario": "CYC AUTOMOCION, S.L.U.",
        "titulo_plan": "Investigación tecnológica del proceso y subprocesos para una generación avanzada de mecanizados y tratamientos superficiales de aluminio para piezas ligeras del sistema de freno en el vehículo eléctrico conectado - GALMAVEC.",
        "cif": "B75477893",
        "codigo_plan": "VE2-010000-2024-0079",
        "instrumento": "Listado de solicitudes estimadas de la Propuesta de Resolución Definitiva del PERTE VEC — Sección B, convocatoria 2024 (Dirección General de Programas Industriales, Ministerio de Industria y Turismo)",
        "comision_verificacion": "2025-10-01",
        "fase": "tramitacion",
        "fase__v": "confirmado",
        "fase__f": "f1",
        "municipio": "Burgos",
        "provincia": "Burgos",
        "presupuesto_financiable": 3111966.36,
        "presupuesto_financiable__v": "confirmado",
        "presupuesto_financiable__f": "f1",
        "gasto_subvencionable": 3111966.36,
        "gasto_subvencionable__v": "confirmado",
        "gasto_subvencionable__f": "f1",
        "subvencion_propuesta": 1555983.0,
        "subvencion_propuesta__v": "confirmado",
        "subvencion_propuesta__f": "f1",
        "prestamo_propuesto": 0.0,
        "prestamo_propuesto__v": "confirmado",
        "prestamo_propuesto__f": "f1",
        "claves": [
          {
            "k": "El documento es un registro por comisiones, no una tabla",
            "v": "El listado recoge seis comisiones de verificación entre mayo y octubre de 2025, y un expediente puede aparecer en más de una: la posterior lo REVISA. Contar filas da 61; los expedientes vigentes son 57. Que esa lectura es la buena lo demuestran los TOTALES del propio documento, que cuadran al céntimo en las seis.",
            "verif": "confirmado",
            "fuente": "f1"
          }
        ],
        "fuentes": [
          {
            "id": "f1",
            "tipo": "primaria",
            "titulo": "Listado de solicitudes estimadas de la Propuesta de Resolución Definitiva del PERTE VEC — Sección B, convocatoria 2024 (Dirección General de Programas Industriales, Ministerio de Industria y Turismo)",
            "url": "https://www.mintur.gob.es/PortalAyudas/VEC-SECCIONB/Concesion/2024/Paginas/PropResDefinitiva.aspx",
            "fecha": "2025-10-20",
            "archivo": "fuentes/2026-08-06_mintur_perte-vec-seccion-b-2024-propuesta-resolucion-definitiva.pdf"
          },
          {
            "id": "f2",
            "tipo": "primaria",
            "titulo": "Nomenclátor Geográfico Básico de España — Instituto Geográfico Nacional, topónimos de tipo Municipio",
            "url": "https://api-features.ign.es/collections/namedplace",
            "fecha": "2026-08-06",
            "archivo": "fuentes/2026-08-06_ign_ngbe-municipios-perte-vec.json"
          }
        ],
        "nota": "La cifra es una PROPUESTA, no una concesión: el documento se titula «Propuesta de Resolución Definitiva» y la resolución se notifica por el registro electrónico, que no es públicamente citable. Por eso los campos llevan la palabra dentro. Y el punto es el del municipio, no el de la fábrica: el listado sitúa por nombre de municipio y no publica coordenada."
      }
    },
    {
      "type": "Feature",
      "id": "perte:b67517813-barbera-del-valles",
      "geometry": {
        "type": "Point",
        "coordinates": [
          2.12478,
          41.51554
        ]
      },
      "properties": {
        "slug": "b67517813-barbera-del-valles",
        "nombre": "VEGA ENERGY TECHNOLOGIES, S.L — Barberà del Vallès",
        "categoria": "plan_inversion",
        "descripcion": "NUEVO CONEPTO DE RECARGA PARA EL VEHÍCULO ELÉCTRICO Y CONECTADO",
        "estado_registro": "vigente",
        "verif": "confirmado",
        "geo_precision": "municipio",
        "geo_fuente": "punto del municipio en el Nomenclátor Geográfico Básico de España",
        "fecha_alta": "2026-08-06",
        "fecha_verificacion": "2026-08-06",
        "beneficiario": "VEGA ENERGY TECHNOLOGIES, S.L",
        "titulo_plan": "NUEVO CONEPTO DE RECARGA PARA EL VEHÍCULO ELÉCTRICO Y CONECTADO",
        "cif": "B67517813",
        "codigo_plan": "VE2-010000-2024-0081",
        "instrumento": "Listado de solicitudes estimadas de la Propuesta de Resolución Definitiva del PERTE VEC — Sección B, convocatoria 2024 (Dirección General de Programas Industriales, Ministerio de Industria y Turismo)",
        "comision_verificacion": "2025-10-01",
        "fase": "tramitacion",
        "fase__v": "confirmado",
        "fase__f": "f1",
        "municipio": "Barberà del Vallès",
        "provincia": "Barcelona",
        "presupuesto_financiable": 2328950.32,
        "presupuesto_financiable__v": "confirmado",
        "presupuesto_financiable__f": "f1",
        "gasto_subvencionable": 2328950.32,
        "gasto_subvencionable__v": "confirmado",
        "gasto_subvencionable__f": "f1",
        "subvencion_propuesta": 1164475.0,
        "subvencion_propuesta__v": "confirmado",
        "subvencion_propuesta__f": "f1",
        "prestamo_propuesto": 0.0,
        "prestamo_propuesto__v": "confirmado",
        "prestamo_propuesto__f": "f1",
        "claves": [
          {
            "k": "El documento es un registro por comisiones, no una tabla",
            "v": "El listado recoge seis comisiones de verificación entre mayo y octubre de 2025, y un expediente puede aparecer en más de una: la posterior lo REVISA. Contar filas da 61; los expedientes vigentes son 57. Que esa lectura es la buena lo demuestran los TOTALES del propio documento, que cuadran al céntimo en las seis.",
            "verif": "confirmado",
            "fuente": "f1"
          }
        ],
        "fuentes": [
          {
            "id": "f1",
            "tipo": "primaria",
            "titulo": "Listado de solicitudes estimadas de la Propuesta de Resolución Definitiva del PERTE VEC — Sección B, convocatoria 2024 (Dirección General de Programas Industriales, Ministerio de Industria y Turismo)",
            "url": "https://www.mintur.gob.es/PortalAyudas/VEC-SECCIONB/Concesion/2024/Paginas/PropResDefinitiva.aspx",
            "fecha": "2025-10-20",
            "archivo": "fuentes/2026-08-06_mintur_perte-vec-seccion-b-2024-propuesta-resolucion-definitiva.pdf"
          },
          {
            "id": "f2",
            "tipo": "primaria",
            "titulo": "Nomenclátor Geográfico Básico de España — Instituto Geográfico Nacional, topónimos de tipo Municipio",
            "url": "https://api-features.ign.es/collections/namedplace",
            "fecha": "2026-08-06",
            "archivo": "fuentes/2026-08-06_ign_ngbe-municipios-perte-vec.json"
          }
        ],
        "nota": "La cifra es una PROPUESTA, no una concesión: el documento se titula «Propuesta de Resolución Definitiva» y la resolución se notifica por el registro electrónico, que no es públicamente citable. Por eso los campos llevan la palabra dentro. Y el punto es el del municipio, no el de la fábrica: el listado sitúa por nombre de municipio y no publica coordenada."
      }
    },
    {
      "type": "Feature",
      "id": "perte:a47000518-villamuriel-de-cerrato",
      "geometry": {
        "type": "Point",
        "coordinates": [
          -4.51434,
          41.94961
        ]
      },
      "properties": {
        "slug": "a47000518-villamuriel-de-cerrato",
        "nombre": "RENAULT ESPAÑA S.A. — Villamuriel de Cerrato",
        "categoria": "plan_inversion",
        "descripcion": "Plan de inversión para el diseño y desarrollo del nuevo modelo de vehículo eléctrico y conectado y el proceso de fabricación para el establecimiento industrial de Palencia",
        "estado_registro": "vigente",
        "verif": "confirmado",
        "geo_precision": "municipio",
        "geo_fuente": "punto del municipio en el Nomenclátor Geográfico Básico de España",
        "fecha_alta": "2026-08-06",
        "fecha_verificacion": "2026-08-06",
        "beneficiario": "RENAULT ESPAÑA S.A.",
        "titulo_plan": "Plan de inversión para el diseño y desarrollo del nuevo modelo de vehículo eléctrico y conectado y el proceso de fabricación para el establecimiento industrial de Palencia",
        "cif": "A47000518",
        "codigo_plan": "VE2-010000-2024-0082",
        "instrumento": "Listado de solicitudes estimadas de la Propuesta de Resolución Definitiva del PERTE VEC — Sección B, convocatoria 2024 (Dirección General de Programas Industriales, Ministerio de Industria y Turismo)",
        "comision_verificacion": "2025-10-01",
        "fase": "tramitacion",
        "fase__v": "confirmado",
        "fase__f": "f1",
        "municipio": "Villamuriel de Cerrato",
        "provincia": "Palencia",
        "presupuesto_financiable": 97058566.15,
        "presupuesto_financiable__v": "confirmado",
        "presupuesto_financiable__f": "f1",
        "gasto_subvencionable": 81118566.15,
        "gasto_subvencionable__v": "confirmado",
        "gasto_subvencionable__f": "f1",
        "subvencion_propuesta": 32924644.0,
        "subvencion_propuesta__v": "confirmado",
        "subvencion_propuesta__f": "f1",
        "prestamo_propuesto": 3080123.0,
        "prestamo_propuesto__v": "confirmado",
        "prestamo_propuesto__f": "f1",
        "claves": [
          {
            "k": "El documento es un registro por comisiones, no una tabla",
            "v": "El listado recoge seis comisiones de verificación entre mayo y octubre de 2025, y un expediente puede aparecer en más de una: la posterior lo REVISA. Contar filas da 61; los expedientes vigentes son 57. Que esa lectura es la buena lo demuestran los TOTALES del propio documento, que cuadran al céntimo en las seis.",
            "verif": "confirmado",
            "fuente": "f1"
          }
        ],
        "fuentes": [
          {
            "id": "f1",
            "tipo": "primaria",
            "titulo": "Listado de solicitudes estimadas de la Propuesta de Resolución Definitiva del PERTE VEC — Sección B, convocatoria 2024 (Dirección General de Programas Industriales, Ministerio de Industria y Turismo)",
            "url": "https://www.mintur.gob.es/PortalAyudas/VEC-SECCIONB/Concesion/2024/Paginas/PropResDefinitiva.aspx",
            "fecha": "2025-10-20",
            "archivo": "fuentes/2026-08-06_mintur_perte-vec-seccion-b-2024-propuesta-resolucion-definitiva.pdf"
          },
          {
            "id": "f2",
            "tipo": "primaria",
            "titulo": "Nomenclátor Geográfico Básico de España — Instituto Geográfico Nacional, topónimos de tipo Municipio",
            "url": "https://api-features.ign.es/collections/namedplace",
            "fecha": "2026-08-06",
            "archivo": "fuentes/2026-08-06_ign_ngbe-municipios-perte-vec.json"
          }
        ],
        "nota": "La cifra es una PROPUESTA, no una concesión: el documento se titula «Propuesta de Resolución Definitiva» y la resolución se notifica por el registro electrónico, que no es públicamente citable. Por eso los campos llevan la palabra dentro. Y el punto es el del municipio, no el de la fábrica: el listado sitúa por nombre de municipio y no publica coordenada."
      }
    },
    {
      "type": "Feature",
      "id": "perte:a30006027-martos",
      "geometry": {
        "type": "Point",
        "coordinates": [
          -3.9659,
          37.72283
        ]
      },
      "properties": {
        "slug": "a30006027-martos",
        "nombre": "VALEO ESPAÑA, S.A. — Martos",
        "categoria": "plan_inversion",
        "descripcion": "PLAN DE INVERSIÓN DE LA PLANTA DE VALEO ESPAÑA EN MARTOS",
        "estado_registro": "vigente",
        "verif": "confirmado",
        "geo_precision": "municipio",
        "geo_fuente": "punto del municipio en el Nomenclátor Geográfico Básico de España",
        "fecha_alta": "2026-08-06",
        "fecha_verificacion": "2026-08-06",
        "beneficiario": "VALEO ESPAÑA, S.A.",
        "titulo_plan": "PLAN DE INVERSIÓN DE LA PLANTA DE VALEO ESPAÑA EN MARTOS",
        "cif": "A30006027",
        "codigo_plan": "VE2-010000-2024-0083",
        "instrumento": "Listado de solicitudes estimadas de la Propuesta de Resolución Definitiva del PERTE VEC — Sección B, convocatoria 2024 (Dirección General de Programas Industriales, Ministerio de Industria y Turismo)",
        "comision_verificacion": "2025-10-01",
        "fase": "tramitacion",
        "fase__v": "confirmado",
        "fase__f": "f1",
        "municipio": "Martos",
        "provincia": "Jaén",
        "presupuesto_financiable": 20390754.0,
        "presupuesto_financiable__v": "confirmado",
        "presupuesto_financiable__f": "f1",
        "gasto_subvencionable": 20390754.0,
        "gasto_subvencionable__v": "confirmado",
        "gasto_subvencionable__f": "f1",
        "subvencion_propuesta": 5847075.0,
        "subvencion_propuesta__v": "confirmado",
        "subvencion_propuesta__f": "f1",
        "prestamo_propuesto": 2039077.0,
        "prestamo_propuesto__v": "confirmado",
        "prestamo_propuesto__f": "f1",
        "claves": [
          {
            "k": "El documento es un registro por comisiones, no una tabla",
            "v": "El listado recoge seis comisiones de verificación entre mayo y octubre de 2025, y un expediente puede aparecer en más de una: la posterior lo REVISA. Contar filas da 61; los expedientes vigentes son 57. Que esa lectura es la buena lo demuestran los TOTALES del propio documento, que cuadran al céntimo en las seis.",
            "verif": "confirmado",
            "fuente": "f1"
          }
        ],
        "fuentes": [
          {
            "id": "f1",
            "tipo": "primaria",
            "titulo": "Listado de solicitudes estimadas de la Propuesta de Resolución Definitiva del PERTE VEC — Sección B, convocatoria 2024 (Dirección General de Programas Industriales, Ministerio de Industria y Turismo)",
            "url": "https://www.mintur.gob.es/PortalAyudas/VEC-SECCIONB/Concesion/2024/Paginas/PropResDefinitiva.aspx",
            "fecha": "2025-10-20",
            "archivo": "fuentes/2026-08-06_mintur_perte-vec-seccion-b-2024-propuesta-resolucion-definitiva.pdf"
          },
          {
            "id": "f2",
            "tipo": "primaria",
            "titulo": "Nomenclátor Geográfico Básico de España — Instituto Geográfico Nacional, topónimos de tipo Municipio",
            "url": "https://api-features.ign.es/collections/namedplace",
            "fecha": "2026-08-06",
            "archivo": "fuentes/2026-08-06_ign_ngbe-municipios-perte-vec.json"
          }
        ],
        "nota": "La cifra es una PROPUESTA, no una concesión: el documento se titula «Propuesta de Resolución Definitiva» y la resolución se notifica por el registro electrónico, que no es públicamente citable. Por eso los campos llevan la palabra dentro. Y el punto es el del municipio, no el de la fábrica: el listado sitúa por nombre de municipio y no publica coordenada."
      }
    },
    {
      "type": "Feature",
      "id": "perte:a47000518-valladolid",
      "geometry": {
        "type": "Point",
        "coordinates": [
          -4.72869,
          41.65252
        ]
      },
      "properties": {
        "slug": "a47000518-valladolid",
        "nombre": "RENAULT ESPAÑA S.A. — Valladolid",
        "categoria": "plan_inversion",
        "descripcion": "Plan de inversión para el diseño y desarrollo de los nuevos modelos de vehículos eléctricos y conectados y procesos de fabricación para el establecimiento industrial de Valladolid",
        "estado_registro": "vigente",
        "verif": "confirmado",
        "geo_precision": "municipio",
        "geo_fuente": "punto del municipio en el Nomenclátor Geográfico Básico de España",
        "fecha_alta": "2026-08-06",
        "fecha_verificacion": "2026-08-06",
        "beneficiario": "RENAULT ESPAÑA S.A.",
        "titulo_plan": "Plan de inversión para el diseño y desarrollo de los nuevos modelos de vehículos eléctricos y conectados y procesos de fabricación para el establecimiento industrial de Valladolid",
        "cif": "A47000518",
        "codigo_plan": "VE2-010000-2024-0084",
        "instrumento": "Listado de solicitudes estimadas de la Propuesta de Resolución Definitiva del PERTE VEC — Sección B, convocatoria 2024 (Dirección General de Programas Industriales, Ministerio de Industria y Turismo)",
        "comision_verificacion": "2025-10-01",
        "fase": "tramitacion",
        "fase__v": "confirmado",
        "fase__f": "f1",
        "municipio": "Valladolid",
        "provincia": "Valladolid",
        "presupuesto_financiable": 82589899.05,
        "presupuesto_financiable__v": "confirmado",
        "presupuesto_financiable__f": "f1",
        "gasto_subvencionable": 60519899.05,
        "gasto_subvencionable__v": "confirmado",
        "gasto_subvencionable__f": "f1",
        "subvencion_propuesta": 16736392.0,
        "subvencion_propuesta__v": "confirmado",
        "subvencion_propuesta__f": "f1",
        "prestamo_propuesto": 5666102.0,
        "prestamo_propuesto__v": "confirmado",
        "prestamo_propuesto__f": "f1",
        "claves": [
          {
            "k": "El documento es un registro por comisiones, no una tabla",
            "v": "El listado recoge seis comisiones de verificación entre mayo y octubre de 2025, y un expediente puede aparecer en más de una: la posterior lo REVISA. Contar filas da 61; los expedientes vigentes son 57. Que esa lectura es la buena lo demuestran los TOTALES del propio documento, que cuadran al céntimo en las seis.",
            "verif": "confirmado",
            "fuente": "f1"
          }
        ],
        "fuentes": [
          {
            "id": "f1",
            "tipo": "primaria",
            "titulo": "Listado de solicitudes estimadas de la Propuesta de Resolución Definitiva del PERTE VEC — Sección B, convocatoria 2024 (Dirección General de Programas Industriales, Ministerio de Industria y Turismo)",
            "url": "https://www.mintur.gob.es/PortalAyudas/VEC-SECCIONB/Concesion/2024/Paginas/PropResDefinitiva.aspx",
            "fecha": "2025-10-20",
            "archivo": "fuentes/2026-08-06_mintur_perte-vec-seccion-b-2024-propuesta-resolucion-definitiva.pdf"
          },
          {
            "id": "f2",
            "tipo": "primaria",
            "titulo": "Nomenclátor Geográfico Básico de España — Instituto Geográfico Nacional, topónimos de tipo Municipio",
            "url": "https://api-features.ign.es/collections/namedplace",
            "fecha": "2026-08-06",
            "archivo": "fuentes/2026-08-06_ign_ngbe-municipios-perte-vec.json"
          }
        ],
        "nota": "La cifra es una PROPUESTA, no una concesión: el documento se titula «Propuesta de Resolución Definitiva» y la resolución se notifica por el registro electrónico, que no es públicamente citable. Por eso los campos llevan la palabra dentro. Y el punto es el del municipio, no el de la fábrica: el listado sitúa por nombre de municipio y no publica coordenada."
      }
    },
    {
      "type": "Feature",
      "id": "perte:b64158017-martorell",
      "geometry": {
        "type": "Point",
        "coordinates": [
          1.93082,
          41.47435
        ]
      },
      "properties": {
        "slug": "b64158017-martorell",
        "nombre": "BARCELONA TECHNICAL CENTER S.L. — Martorell",
        "categoria": "plan_inversion",
        "descripcion": "Plan de Investigación y Desarrollo en diseño de VEC de BtechC",
        "estado_registro": "vigente",
        "verif": "confirmado",
        "geo_precision": "municipio",
        "geo_fuente": "punto del municipio en el Nomenclátor Geográfico Básico de España",
        "fecha_alta": "2026-08-06",
        "fecha_verificacion": "2026-08-06",
        "beneficiario": "BARCELONA TECHNICAL CENTER S.L.",
        "titulo_plan": "Plan de Investigación y Desarrollo en diseño de VEC de BtechC",
        "cif": "B64158017",
        "codigo_plan": "VE2-010000-2024-0085",
        "instrumento": "Listado de solicitudes estimadas de la Propuesta de Resolución Definitiva del PERTE VEC — Sección B, convocatoria 2024 (Dirección General de Programas Industriales, Ministerio de Industria y Turismo)",
        "comision_verificacion": "2025-10-20",
        "fase": "tramitacion",
        "fase__v": "confirmado",
        "fase__f": "f1",
        "municipio": "Martorell",
        "provincia": "Barcelona",
        "presupuesto_financiable": 66130762.97,
        "presupuesto_financiable__v": "confirmado",
        "presupuesto_financiable__f": "f1",
        "gasto_subvencionable": 66130762.97,
        "gasto_subvencionable__v": "confirmado",
        "gasto_subvencionable__f": "f1",
        "subvencion_propuesta": 20950786.84,
        "subvencion_propuesta__v": "confirmado",
        "subvencion_propuesta__f": "f1",
        "prestamo_propuesto": 18282690.2,
        "prestamo_propuesto__v": "confirmado",
        "prestamo_propuesto__f": "f1",
        "claves": [
          {
            "k": "Este expediente fue revisado por una comisión posterior",
            "v": "Aparece primero en la comisión de 01/10/2025 y vuelve a aparecer en la de 20/10/2025, con cifras nuevas. Se publica la última, que es la que el documento da por vigente y la que hace cuadrar sus totales.",
            "verif": "confirmado",
            "fuente": "f1"
          },
          {
            "k": "El documento es un registro por comisiones, no una tabla",
            "v": "El listado recoge seis comisiones de verificación entre mayo y octubre de 2025, y un expediente puede aparecer en más de una: la posterior lo REVISA. Contar filas da 61; los expedientes vigentes son 57. Que esa lectura es la buena lo demuestran los TOTALES del propio documento, que cuadran al céntimo en las seis.",
            "verif": "confirmado",
            "fuente": "f1"
          }
        ],
        "fuentes": [
          {
            "id": "f1",
            "tipo": "primaria",
            "titulo": "Listado de solicitudes estimadas de la Propuesta de Resolución Definitiva del PERTE VEC — Sección B, convocatoria 2024 (Dirección General de Programas Industriales, Ministerio de Industria y Turismo)",
            "url": "https://www.mintur.gob.es/PortalAyudas/VEC-SECCIONB/Concesion/2024/Paginas/PropResDefinitiva.aspx",
            "fecha": "2025-10-20",
            "archivo": "fuentes/2026-08-06_mintur_perte-vec-seccion-b-2024-propuesta-resolucion-definitiva.pdf"
          },
          {
            "id": "f2",
            "tipo": "primaria",
            "titulo": "Nomenclátor Geográfico Básico de España — Instituto Geográfico Nacional, topónimos de tipo Municipio",
            "url": "https://api-features.ign.es/collections/namedplace",
            "fecha": "2026-08-06",
            "archivo": "fuentes/2026-08-06_ign_ngbe-municipios-perte-vec.json"
          }
        ],
        "nota": "La cifra es una PROPUESTA, no una concesión: el documento se titula «Propuesta de Resolución Definitiva» y la resolución se notifica por el registro electrónico, que no es públicamente citable. Por eso los campos llevan la palabra dentro. Y el punto es el del municipio, no el de la fábrica: el listado sitúa por nombre de municipio y no publica coordenada."
      }
    }
  ]
}
