{
  "type": "FeatureCollection",
  "atlas": {
    "capa": "rte-t",
    "schema_version": "1.25.0",
    "verificado_a": "2026-08-07"
  },
  "features": [
    {
      "type": "Feature",
      "id": "rte-t:a-coruna",
      "geometry": {
        "type": "Point",
        "coordinates": [
          -8.40527,
          43.36185
        ]
      },
      "properties": {
        "slug": "a-coruna",
        "nombre": "A Coruña",
        "categoria": "red_basica",
        "descripcion": "Nodo español de la red transeuropea de transporte: nodo urbano, aeropuerto (Global), puerto marítimo (Básica). El registro es la DESIGNACIÓN del Reglamento, no la instalación.",
        "estado_registro": "vigente",
        "verif": "confirmado",
        "geo_precision": "municipio",
        "geo_fuente": "punto representativo del municipio «A Coruña» en las unidades administrativas del IGN",
        "fecha_alta": "2026-08-07",
        "fecha_verificacion": "2026-08-07",
        "municipio": "A Coruña",
        "nodo_urbano": true,
        "nodo_urbano__v": "confirmado",
        "nodo_urbano__f": "f1",
        "claves": [
          {
            "k": "Qué es el nodo en el Reglamento",
            "v": "Nodo urbano. Y además: aeropuerto — «Global», verbatim del Anexo II; puerto marítimo — «Básica», verbatim del Anexo II",
            "verif": "confirmado",
            "fuente": "f1"
          },
          {
            "k": "Qué separa la red básica de la global",
            "v": "Son los dos plazos del Reglamento: la red BÁSICA debe estar terminada en 2030 y la GLOBAL en 2050. No es una escala de importancia, es un calendario con fuerza legal.",
            "verif": "confirmado",
            "fuente": "f1"
          }
        ],
        "fuentes": [
          {
            "id": "f1",
            "tipo": "primaria",
            "titulo": "Reglamento (UE) 2024/1679 del Parlamento Europeo y del Consejo, de 13 de junio de 2024, relativo a las orientaciones de la Unión para el desarrollo de la red transeuropea de transporte. Anexo II, lista de nodos",
            "fecha": "2024-06-13",
            "url": "https://www.boe.es/buscar/doc.php?id=DOUE-L-2024-80996",
            "archivo": "fuentes/2026-08-07_doue_reglamento-2024-1679-rte-t-anexo-ii.pdf"
          },
          {
            "id": "f2",
            "tipo": "primaria",
            "titulo": "Unidades administrativas (municipios) — Instituto Geográfico Nacional, servicio OGC API-Features",
            "fecha": "2026-08-07",
            "url": "https://api-features.ign.es/collections/administrativeunit",
            "archivo": "fuentes/2026-08-07_ign_municipios-nodos-rte-t.json"
          }
        ],
        "aeropuerto": "Global",
        "aeropuerto__v": "confirmado",
        "aeropuerto__f": "f1",
        "puerto_maritimo": "Básica",
        "puerto_maritimo__v": "confirmado",
        "puerto_maritimo__f": "f1"
      }
    },
    {
      "type": "Feature",
      "id": "rte-t:albacete",
      "geometry": {
        "type": "Point",
        "coordinates": [
          -1.8921,
          39.00811
        ]
      },
      "properties": {
        "slug": "albacete",
        "nombre": "Albacete",
        "categoria": "nodo_urbano",
        "descripcion": "Nodo español de la red transeuropea de transporte: nodo urbano. El registro es la DESIGNACIÓN del Reglamento, no la instalación.",
        "estado_registro": "vigente",
        "verif": "confirmado",
        "geo_precision": "municipio",
        "geo_fuente": "punto representativo del municipio «Albacete» en las unidades administrativas del IGN",
        "fecha_alta": "2026-08-07",
        "fecha_verificacion": "2026-08-07",
        "municipio": "Albacete",
        "nodo_urbano": true,
        "nodo_urbano__v": "confirmado",
        "nodo_urbano__f": "f1",
        "claves": [
          {
            "k": "Qué es el nodo en el Reglamento",
            "v": "Nodo urbano. Solo nodo urbano: el Anexo II no le asigna ninguna infraestructura de transporte, y por eso tampoco red básica ni global.",
            "verif": "confirmado",
            "fuente": "f1"
          },
          {
            "k": "Qué separa la red básica de la global",
            "v": "Son los dos plazos del Reglamento: la red BÁSICA debe estar terminada en 2030 y la GLOBAL en 2050. No es una escala de importancia, es un calendario con fuerza legal.",
            "verif": "confirmado",
            "fuente": "f1"
          }
        ],
        "fuentes": [
          {
            "id": "f1",
            "tipo": "primaria",
            "titulo": "Reglamento (UE) 2024/1679 del Parlamento Europeo y del Consejo, de 13 de junio de 2024, relativo a las orientaciones de la Unión para el desarrollo de la red transeuropea de transporte. Anexo II, lista de nodos",
            "fecha": "2024-06-13",
            "url": "https://www.boe.es/buscar/doc.php?id=DOUE-L-2024-80996",
            "archivo": "fuentes/2026-08-07_doue_reglamento-2024-1679-rte-t-anexo-ii.pdf"
          },
          {
            "id": "f2",
            "tipo": "primaria",
            "titulo": "Unidades administrativas (municipios) — Instituto Geográfico Nacional, servicio OGC API-Features",
            "fecha": "2026-08-07",
            "url": "https://api-features.ign.es/collections/administrativeunit",
            "archivo": "fuentes/2026-08-07_ign_municipios-nodos-rte-t.json"
          }
        ]
      }
    },
    {
      "type": "Feature",
      "id": "rte-t:alcazar-de-san-juan",
      "geometry": {
        "type": "Point",
        "coordinates": [
          -3.29406,
          39.29082
        ]
      },
      "properties": {
        "slug": "alcazar-de-san-juan",
        "nombre": "Alcázar de San Juan",
        "categoria": "red_basica",
        "descripcion": "Nodo español de la red transeuropea de transporte: terminal ferrocarril-carretera (Básica). El registro es la DESIGNACIÓN del Reglamento, no la instalación.",
        "estado_registro": "vigente",
        "verif": "confirmado",
        "geo_precision": "municipio",
        "geo_fuente": "punto representativo del municipio «Alcázar de San Juan» en las unidades administrativas del IGN",
        "fecha_alta": "2026-08-07",
        "fecha_verificacion": "2026-08-07",
        "municipio": "Alcázar de San Juan",
        "nodo_urbano": false,
        "nodo_urbano__v": "confirmado",
        "nodo_urbano__f": "f1",
        "claves": [
          {
            "k": "Qué es el nodo en el Reglamento",
            "v": "terminal ferrocarril-carretera — «Básica», verbatim del Anexo II",
            "verif": "confirmado",
            "fuente": "f1"
          },
          {
            "k": "Qué separa la red básica de la global",
            "v": "Son los dos plazos del Reglamento: la red BÁSICA debe estar terminada en 2030 y la GLOBAL en 2050. No es una escala de importancia, es un calendario con fuerza legal.",
            "verif": "confirmado",
            "fuente": "f1"
          }
        ],
        "fuentes": [
          {
            "id": "f1",
            "tipo": "primaria",
            "titulo": "Reglamento (UE) 2024/1679 del Parlamento Europeo y del Consejo, de 13 de junio de 2024, relativo a las orientaciones de la Unión para el desarrollo de la red transeuropea de transporte. Anexo II, lista de nodos",
            "fecha": "2024-06-13",
            "url": "https://www.boe.es/buscar/doc.php?id=DOUE-L-2024-80996",
            "archivo": "fuentes/2026-08-07_doue_reglamento-2024-1679-rte-t-anexo-ii.pdf"
          },
          {
            "id": "f2",
            "tipo": "primaria",
            "titulo": "Unidades administrativas (municipios) — Instituto Geográfico Nacional, servicio OGC API-Features",
            "fecha": "2026-08-07",
            "url": "https://api-features.ign.es/collections/administrativeunit",
            "archivo": "fuentes/2026-08-07_ign_municipios-nodos-rte-t.json"
          }
        ],
        "terminal_ff_carretera": "Básica",
        "terminal_ff_carretera__v": "confirmado",
        "terminal_ff_carretera__f": "f1"
      }
    },
    {
      "type": "Feature",
      "id": "rte-t:alcudia",
      "geometry": {
        "type": "Point",
        "coordinates": [
          3.15503,
          39.86153
        ]
      },
      "properties": {
        "slug": "alcudia",
        "nombre": "Alcúdia",
        "categoria": "red_global",
        "descripcion": "Nodo español de la red transeuropea de transporte: puerto marítimo (Global). El registro es la DESIGNACIÓN del Reglamento, no la instalación.",
        "estado_registro": "vigente",
        "verif": "confirmado",
        "geo_precision": "municipio",
        "geo_fuente": "punto representativo del municipio «Alcúdia» en las unidades administrativas del IGN",
        "fecha_alta": "2026-08-07",
        "fecha_verificacion": "2026-08-07",
        "municipio": "Alcúdia",
        "nodo_urbano": false,
        "nodo_urbano__v": "confirmado",
        "nodo_urbano__f": "f1",
        "claves": [
          {
            "k": "Qué es el nodo en el Reglamento",
            "v": "puerto marítimo — «Global», verbatim del Anexo II",
            "verif": "confirmado",
            "fuente": "f1"
          },
          {
            "k": "Qué separa la red básica de la global",
            "v": "Son los dos plazos del Reglamento: la red BÁSICA debe estar terminada en 2030 y la GLOBAL en 2050. No es una escala de importancia, es un calendario con fuerza legal.",
            "verif": "confirmado",
            "fuente": "f1"
          },
          {
            "k": "Cómo se sitúa este nodo",
            "v": "El Reglamento lo llama «Alcúdia» y el punto es el municipio «Alcúdia» del IGN: coincide. La equivalencia la declara el atlas y se puede discutir; no la ha hecho un emparejador automático.",
            "verif": "parcial",
            "fuente": "f2"
          }
        ],
        "fuentes": [
          {
            "id": "f1",
            "tipo": "primaria",
            "titulo": "Reglamento (UE) 2024/1679 del Parlamento Europeo y del Consejo, de 13 de junio de 2024, relativo a las orientaciones de la Unión para el desarrollo de la red transeuropea de transporte. Anexo II, lista de nodos",
            "fecha": "2024-06-13",
            "url": "https://www.boe.es/buscar/doc.php?id=DOUE-L-2024-80996",
            "archivo": "fuentes/2026-08-07_doue_reglamento-2024-1679-rte-t-anexo-ii.pdf"
          },
          {
            "id": "f2",
            "tipo": "primaria",
            "titulo": "Unidades administrativas (municipios) — Instituto Geográfico Nacional, servicio OGC API-Features",
            "fecha": "2026-08-07",
            "url": "https://api-features.ign.es/collections/administrativeunit",
            "archivo": "fuentes/2026-08-07_ign_municipios-nodos-rte-t.json"
          }
        ],
        "puerto_maritimo": "Global",
        "puerto_maritimo__v": "confirmado",
        "puerto_maritimo__f": "f1"
      }
    },
    {
      "type": "Feature",
      "id": "rte-t:algeciras",
      "geometry": {
        "type": "Point",
        "coordinates": [
          -5.46451,
          36.11679
        ]
      },
      "properties": {
        "slug": "algeciras",
        "nombre": "Algeciras",
        "categoria": "red_basica",
        "descripcion": "Nodo español de la red transeuropea de transporte: nodo urbano, puerto marítimo (Básica (Bahía de Algeciras)). El registro es la DESIGNACIÓN del Reglamento, no la instalación.",
        "estado_registro": "vigente",
        "verif": "confirmado",
        "geo_precision": "municipio",
        "geo_fuente": "punto representativo del municipio «Algeciras» en las unidades administrativas del IGN",
        "fecha_alta": "2026-08-07",
        "fecha_verificacion": "2026-08-07",
        "municipio": "Algeciras",
        "nodo_urbano": true,
        "nodo_urbano__v": "confirmado",
        "nodo_urbano__f": "f1",
        "claves": [
          {
            "k": "Qué es el nodo en el Reglamento",
            "v": "Nodo urbano. Y además: puerto marítimo — «Básica (Bahía de Algeciras)», verbatim del Anexo II",
            "verif": "confirmado",
            "fuente": "f1"
          },
          {
            "k": "Qué separa la red básica de la global",
            "v": "Son los dos plazos del Reglamento: la red BÁSICA debe estar terminada en 2030 y la GLOBAL en 2050. No es una escala de importancia, es un calendario con fuerza legal.",
            "verif": "confirmado",
            "fuente": "f1"
          }
        ],
        "fuentes": [
          {
            "id": "f1",
            "tipo": "primaria",
            "titulo": "Reglamento (UE) 2024/1679 del Parlamento Europeo y del Consejo, de 13 de junio de 2024, relativo a las orientaciones de la Unión para el desarrollo de la red transeuropea de transporte. Anexo II, lista de nodos",
            "fecha": "2024-06-13",
            "url": "https://www.boe.es/buscar/doc.php?id=DOUE-L-2024-80996",
            "archivo": "fuentes/2026-08-07_doue_reglamento-2024-1679-rte-t-anexo-ii.pdf"
          },
          {
            "id": "f2",
            "tipo": "primaria",
            "titulo": "Unidades administrativas (municipios) — Instituto Geográfico Nacional, servicio OGC API-Features",
            "fecha": "2026-08-07",
            "url": "https://api-features.ign.es/collections/administrativeunit",
            "archivo": "fuentes/2026-08-07_ign_municipios-nodos-rte-t.json"
          }
        ],
        "puerto_maritimo": "Básica (Bahía de Algeciras)",
        "puerto_maritimo__v": "confirmado",
        "puerto_maritimo__f": "f1"
      }
    },
    {
      "type": "Feature",
      "id": "rte-t:alicante",
      "geometry": {
        "type": "Point",
        "coordinates": [
          -0.47907,
          38.34668
        ]
      },
      "properties": {
        "slug": "alicante",
        "nombre": "Alicante",
        "categoria": "red_basica",
        "descripcion": "Nodo español de la red transeuropea de transporte: nodo urbano, aeropuerto (Básica), puerto marítimo (Global). El registro es la DESIGNACIÓN del Reglamento, no la instalación.",
        "estado_registro": "vigente",
        "verif": "confirmado",
        "geo_precision": "municipio",
        "geo_fuente": "punto representativo del municipio «Alacant/Alicante» en las unidades administrativas del IGN",
        "fecha_alta": "2026-08-07",
        "fecha_verificacion": "2026-08-07",
        "municipio": "Alacant/Alicante",
        "nodo_urbano": true,
        "nodo_urbano__v": "confirmado",
        "nodo_urbano__f": "f1",
        "claves": [
          {
            "k": "Qué es el nodo en el Reglamento",
            "v": "Nodo urbano. Y además: aeropuerto — «Básica», verbatim del Anexo II; puerto marítimo — «Global», verbatim del Anexo II",
            "verif": "confirmado",
            "fuente": "f1"
          },
          {
            "k": "Qué separa la red básica de la global",
            "v": "Son los dos plazos del Reglamento: la red BÁSICA debe estar terminada en 2030 y la GLOBAL en 2050. No es una escala de importancia, es un calendario con fuerza legal.",
            "verif": "confirmado",
            "fuente": "f1"
          },
          {
            "k": "Cómo se sitúa este nodo",
            "v": "El Reglamento lo llama «Alicante» y el punto es el municipio «Alacant/Alicante» del IGN: forma oficial bilingüe, valenciano primero. La equivalencia la declara el atlas y se puede discutir; no la ha hecho un emparejador automático.",
            "verif": "parcial",
            "fuente": "f2"
          }
        ],
        "fuentes": [
          {
            "id": "f1",
            "tipo": "primaria",
            "titulo": "Reglamento (UE) 2024/1679 del Parlamento Europeo y del Consejo, de 13 de junio de 2024, relativo a las orientaciones de la Unión para el desarrollo de la red transeuropea de transporte. Anexo II, lista de nodos",
            "fecha": "2024-06-13",
            "url": "https://www.boe.es/buscar/doc.php?id=DOUE-L-2024-80996",
            "archivo": "fuentes/2026-08-07_doue_reglamento-2024-1679-rte-t-anexo-ii.pdf"
          },
          {
            "id": "f2",
            "tipo": "primaria",
            "titulo": "Unidades administrativas (municipios) — Instituto Geográfico Nacional, servicio OGC API-Features",
            "fecha": "2026-08-07",
            "url": "https://api-features.ign.es/collections/administrativeunit",
            "archivo": "fuentes/2026-08-07_ign_municipios-nodos-rte-t.json"
          }
        ],
        "aeropuerto": "Básica",
        "aeropuerto__v": "confirmado",
        "aeropuerto__f": "f1",
        "puerto_maritimo": "Global",
        "puerto_maritimo__v": "confirmado",
        "puerto_maritimo__f": "f1"
      }
    },
    {
      "type": "Feature",
      "id": "rte-t:antequera-bobadilla",
      "geometry": {
        "type": "Point",
        "coordinates": [
          -4.56519,
          37.01255
        ]
      },
      "properties": {
        "slug": "antequera-bobadilla",
        "nombre": "Antequera (Bobadilla)",
        "categoria": "red_basica",
        "descripcion": "Nodo español de la red transeuropea de transporte: terminal ferrocarril-carretera (Básica). El registro es la DESIGNACIÓN del Reglamento, no la instalación.",
        "estado_registro": "vigente",
        "verif": "confirmado",
        "geo_precision": "municipio",
        "geo_fuente": "punto representativo del municipio «Antequera» en las unidades administrativas del IGN",
        "fecha_alta": "2026-08-07",
        "fecha_verificacion": "2026-08-07",
        "municipio": "Antequera",
        "nodo_urbano": false,
        "nodo_urbano__v": "confirmado",
        "nodo_urbano__f": "f1",
        "claves": [
          {
            "k": "Qué es el nodo en el Reglamento",
            "v": "terminal ferrocarril-carretera — «Básica», verbatim del Anexo II",
            "verif": "confirmado",
            "fuente": "f1"
          },
          {
            "k": "Qué separa la red básica de la global",
            "v": "Son los dos plazos del Reglamento: la red BÁSICA debe estar terminada en 2030 y la GLOBAL en 2050. No es una escala de importancia, es un calendario con fuerza legal.",
            "verif": "confirmado",
            "fuente": "f1"
          },
          {
            "k": "Cómo se sitúa este nodo",
            "v": "El Reglamento lo llama «Antequera (Bobadilla)» y el punto es el municipio «Antequera» del IGN: Bobadilla es un anejo de Antequera, no un municipio. La equivalencia la declara el atlas y se puede discutir; no la ha hecho un emparejador automático.",
            "verif": "parcial",
            "fuente": "f2"
          }
        ],
        "fuentes": [
          {
            "id": "f1",
            "tipo": "primaria",
            "titulo": "Reglamento (UE) 2024/1679 del Parlamento Europeo y del Consejo, de 13 de junio de 2024, relativo a las orientaciones de la Unión para el desarrollo de la red transeuropea de transporte. Anexo II, lista de nodos",
            "fecha": "2024-06-13",
            "url": "https://www.boe.es/buscar/doc.php?id=DOUE-L-2024-80996",
            "archivo": "fuentes/2026-08-07_doue_reglamento-2024-1679-rte-t-anexo-ii.pdf"
          },
          {
            "id": "f2",
            "tipo": "primaria",
            "titulo": "Unidades administrativas (municipios) — Instituto Geográfico Nacional, servicio OGC API-Features",
            "fecha": "2026-08-07",
            "url": "https://api-features.ign.es/collections/administrativeunit",
            "archivo": "fuentes/2026-08-07_ign_municipios-nodos-rte-t.json"
          }
        ],
        "terminal_ff_carretera": "Básica",
        "terminal_ff_carretera__v": "confirmado",
        "terminal_ff_carretera__f": "f1"
      }
    },
    {
      "type": "Feature",
      "id": "rte-t:arrecife",
      "geometry": {
        "type": "Point",
        "coordinates": [
          -13.54329,
          28.96753
        ]
      },
      "properties": {
        "slug": "arrecife",
        "nombre": "Arrecife",
        "categoria": "red_global",
        "descripcion": "Nodo español de la red transeuropea de transporte: aeropuerto (Global (Lanzarote)), puerto marítimo (Global). El registro es la DESIGNACIÓN del Reglamento, no la instalación.",
        "estado_registro": "vigente",
        "verif": "confirmado",
        "geo_precision": "municipio",
        "geo_fuente": "punto representativo del municipio «Arrecife» en las unidades administrativas del IGN",
        "fecha_alta": "2026-08-07",
        "fecha_verificacion": "2026-08-07",
        "municipio": "Arrecife",
        "nodo_urbano": false,
        "nodo_urbano__v": "confirmado",
        "nodo_urbano__f": "f1",
        "claves": [
          {
            "k": "Qué es el nodo en el Reglamento",
            "v": "aeropuerto — «Global (Lanzarote)», verbatim del Anexo II; puerto marítimo — «Global», verbatim del Anexo II",
            "verif": "confirmado",
            "fuente": "f1"
          },
          {
            "k": "Qué separa la red básica de la global",
            "v": "Son los dos plazos del Reglamento: la red BÁSICA debe estar terminada en 2030 y la GLOBAL en 2050. No es una escala de importancia, es un calendario con fuerza legal.",
            "verif": "confirmado",
            "fuente": "f1"
          }
        ],
        "fuentes": [
          {
            "id": "f1",
            "tipo": "primaria",
            "titulo": "Reglamento (UE) 2024/1679 del Parlamento Europeo y del Consejo, de 13 de junio de 2024, relativo a las orientaciones de la Unión para el desarrollo de la red transeuropea de transporte. Anexo II, lista de nodos",
            "fecha": "2024-06-13",
            "url": "https://www.boe.es/buscar/doc.php?id=DOUE-L-2024-80996",
            "archivo": "fuentes/2026-08-07_doue_reglamento-2024-1679-rte-t-anexo-ii.pdf"
          },
          {
            "id": "f2",
            "tipo": "primaria",
            "titulo": "Unidades administrativas (municipios) — Instituto Geográfico Nacional, servicio OGC API-Features",
            "fecha": "2026-08-07",
            "url": "https://api-features.ign.es/collections/administrativeunit",
            "archivo": "fuentes/2026-08-07_ign_municipios-nodos-rte-t.json"
          }
        ],
        "aeropuerto": "Global (Lanzarote)",
        "aeropuerto__v": "confirmado",
        "aeropuerto__f": "f1",
        "puerto_maritimo": "Global",
        "puerto_maritimo__v": "confirmado",
        "puerto_maritimo__f": "f1"
      }
    },
    {
      "type": "Feature",
      "id": "rte-t:aviles",
      "geometry": {
        "type": "Point",
        "coordinates": [
          -5.92271,
          43.56618
        ]
      },
      "properties": {
        "slug": "aviles",
        "nombre": "Avilés",
        "categoria": "red_global",
        "descripcion": "Nodo español de la red transeuropea de transporte: aeropuerto (Global (Asturias)), puerto marítimo (Global). El registro es la DESIGNACIÓN del Reglamento, no la instalación.",
        "estado_registro": "vigente",
        "verif": "confirmado",
        "geo_precision": "municipio",
        "geo_fuente": "punto representativo del municipio «Avilés» en las unidades administrativas del IGN",
        "fecha_alta": "2026-08-07",
        "fecha_verificacion": "2026-08-07",
        "municipio": "Avilés",
        "nodo_urbano": false,
        "nodo_urbano__v": "confirmado",
        "nodo_urbano__f": "f1",
        "claves": [
          {
            "k": "Qué es el nodo en el Reglamento",
            "v": "aeropuerto — «Global (Asturias)», verbatim del Anexo II; puerto marítimo — «Global», verbatim del Anexo II",
            "verif": "confirmado",
            "fuente": "f1"
          },
          {
            "k": "Qué separa la red básica de la global",
            "v": "Son los dos plazos del Reglamento: la red BÁSICA debe estar terminada en 2030 y la GLOBAL en 2050. No es una escala de importancia, es un calendario con fuerza legal.",
            "verif": "confirmado",
            "fuente": "f1"
          }
        ],
        "fuentes": [
          {
            "id": "f1",
            "tipo": "primaria",
            "titulo": "Reglamento (UE) 2024/1679 del Parlamento Europeo y del Consejo, de 13 de junio de 2024, relativo a las orientaciones de la Unión para el desarrollo de la red transeuropea de transporte. Anexo II, lista de nodos",
            "fecha": "2024-06-13",
            "url": "https://www.boe.es/buscar/doc.php?id=DOUE-L-2024-80996",
            "archivo": "fuentes/2026-08-07_doue_reglamento-2024-1679-rte-t-anexo-ii.pdf"
          },
          {
            "id": "f2",
            "tipo": "primaria",
            "titulo": "Unidades administrativas (municipios) — Instituto Geográfico Nacional, servicio OGC API-Features",
            "fecha": "2026-08-07",
            "url": "https://api-features.ign.es/collections/administrativeunit",
            "archivo": "fuentes/2026-08-07_ign_municipios-nodos-rte-t.json"
          }
        ],
        "aeropuerto": "Global (Asturias)",
        "aeropuerto__v": "confirmado",
        "aeropuerto__f": "f1",
        "puerto_maritimo": "Global",
        "puerto_maritimo__v": "confirmado",
        "puerto_maritimo__f": "f1"
      }
    },
    {
      "type": "Feature",
      "id": "rte-t:badajoz",
      "geometry": {
        "type": "Point",
        "coordinates": [
          -6.81495,
          38.88938
        ]
      },
      "properties": {
        "slug": "badajoz",
        "nombre": "Badajoz",
        "categoria": "red_global",
        "descripcion": "Nodo español de la red transeuropea de transporte: nodo urbano, aeropuerto (Global), terminal ferrocarril-carretera (Global). El registro es la DESIGNACIÓN del Reglamento, no la instalación.",
        "estado_registro": "vigente",
        "verif": "confirmado",
        "geo_precision": "municipio",
        "geo_fuente": "punto representativo del municipio «Badajoz» en las unidades administrativas del IGN",
        "fecha_alta": "2026-08-07",
        "fecha_verificacion": "2026-08-07",
        "municipio": "Badajoz",
        "nodo_urbano": true,
        "nodo_urbano__v": "confirmado",
        "nodo_urbano__f": "f1",
        "claves": [
          {
            "k": "Qué es el nodo en el Reglamento",
            "v": "Nodo urbano. Y además: aeropuerto — «Global», verbatim del Anexo II; terminal ferrocarril-carretera — «Global», verbatim del Anexo II",
            "verif": "confirmado",
            "fuente": "f1"
          },
          {
            "k": "Qué separa la red básica de la global",
            "v": "Son los dos plazos del Reglamento: la red BÁSICA debe estar terminada en 2030 y la GLOBAL en 2050. No es una escala de importancia, es un calendario con fuerza legal.",
            "verif": "confirmado",
            "fuente": "f1"
          }
        ],
        "fuentes": [
          {
            "id": "f1",
            "tipo": "primaria",
            "titulo": "Reglamento (UE) 2024/1679 del Parlamento Europeo y del Consejo, de 13 de junio de 2024, relativo a las orientaciones de la Unión para el desarrollo de la red transeuropea de transporte. Anexo II, lista de nodos",
            "fecha": "2024-06-13",
            "url": "https://www.boe.es/buscar/doc.php?id=DOUE-L-2024-80996",
            "archivo": "fuentes/2026-08-07_doue_reglamento-2024-1679-rte-t-anexo-ii.pdf"
          },
          {
            "id": "f2",
            "tipo": "primaria",
            "titulo": "Unidades administrativas (municipios) — Instituto Geográfico Nacional, servicio OGC API-Features",
            "fecha": "2026-08-07",
            "url": "https://api-features.ign.es/collections/administrativeunit",
            "archivo": "fuentes/2026-08-07_ign_municipios-nodos-rte-t.json"
          }
        ],
        "aeropuerto": "Global",
        "aeropuerto__v": "confirmado",
        "aeropuerto__f": "f1",
        "terminal_ff_carretera": "Global",
        "terminal_ff_carretera__v": "confirmado",
        "terminal_ff_carretera__f": "f1"
      }
    },
    {
      "type": "Feature",
      "id": "rte-t:burgos",
      "geometry": {
        "type": "Point",
        "coordinates": [
          -3.68448,
          42.349
        ]
      },
      "properties": {
        "slug": "burgos",
        "nombre": "Burgos",
        "categoria": "red_global",
        "descripcion": "Nodo español de la red transeuropea de transporte: nodo urbano, aeropuerto (Global), terminal ferrocarril-carretera (Global). El registro es la DESIGNACIÓN del Reglamento, no la instalación.",
        "estado_registro": "vigente",
        "verif": "confirmado",
        "geo_precision": "municipio",
        "geo_fuente": "punto representativo del municipio «Burgos» en las unidades administrativas del IGN",
        "fecha_alta": "2026-08-07",
        "fecha_verificacion": "2026-08-07",
        "municipio": "Burgos",
        "nodo_urbano": true,
        "nodo_urbano__v": "confirmado",
        "nodo_urbano__f": "f1",
        "claves": [
          {
            "k": "Qué es el nodo en el Reglamento",
            "v": "Nodo urbano. Y además: aeropuerto — «Global», verbatim del Anexo II; terminal ferrocarril-carretera — «Global», verbatim del Anexo II",
            "verif": "confirmado",
            "fuente": "f1"
          },
          {
            "k": "Qué separa la red básica de la global",
            "v": "Son los dos plazos del Reglamento: la red BÁSICA debe estar terminada en 2030 y la GLOBAL en 2050. No es una escala de importancia, es un calendario con fuerza legal.",
            "verif": "confirmado",
            "fuente": "f1"
          }
        ],
        "fuentes": [
          {
            "id": "f1",
            "tipo": "primaria",
            "titulo": "Reglamento (UE) 2024/1679 del Parlamento Europeo y del Consejo, de 13 de junio de 2024, relativo a las orientaciones de la Unión para el desarrollo de la red transeuropea de transporte. Anexo II, lista de nodos",
            "fecha": "2024-06-13",
            "url": "https://www.boe.es/buscar/doc.php?id=DOUE-L-2024-80996",
            "archivo": "fuentes/2026-08-07_doue_reglamento-2024-1679-rte-t-anexo-ii.pdf"
          },
          {
            "id": "f2",
            "tipo": "primaria",
            "titulo": "Unidades administrativas (municipios) — Instituto Geográfico Nacional, servicio OGC API-Features",
            "fecha": "2026-08-07",
            "url": "https://api-features.ign.es/collections/administrativeunit",
            "archivo": "fuentes/2026-08-07_ign_municipios-nodos-rte-t.json"
          }
        ],
        "aeropuerto": "Global",
        "aeropuerto__v": "confirmado",
        "aeropuerto__f": "f1",
        "terminal_ff_carretera": "Global",
        "terminal_ff_carretera__v": "confirmado",
        "terminal_ff_carretera__f": "f1"
      }
    },
    {
      "type": "Feature",
      "id": "rte-t:carboneras",
      "geometry": {
        "type": "Point",
        "coordinates": [
          -1.90836,
          36.99735
        ]
      },
      "properties": {
        "slug": "carboneras",
        "nombre": "Carboneras",
        "categoria": "red_global",
        "descripcion": "Nodo español de la red transeuropea de transporte: puerto marítimo (Global). El registro es la DESIGNACIÓN del Reglamento, no la instalación.",
        "estado_registro": "vigente",
        "verif": "confirmado",
        "geo_precision": "municipio",
        "geo_fuente": "punto representativo del municipio «Carboneras» en las unidades administrativas del IGN",
        "fecha_alta": "2026-08-07",
        "fecha_verificacion": "2026-08-07",
        "municipio": "Carboneras",
        "nodo_urbano": false,
        "nodo_urbano__v": "confirmado",
        "nodo_urbano__f": "f1",
        "claves": [
          {
            "k": "Qué es el nodo en el Reglamento",
            "v": "puerto marítimo — «Global», verbatim del Anexo II",
            "verif": "confirmado",
            "fuente": "f1"
          },
          {
            "k": "Qué separa la red básica de la global",
            "v": "Son los dos plazos del Reglamento: la red BÁSICA debe estar terminada en 2030 y la GLOBAL en 2050. No es una escala de importancia, es un calendario con fuerza legal.",
            "verif": "confirmado",
            "fuente": "f1"
          }
        ],
        "fuentes": [
          {
            "id": "f1",
            "tipo": "primaria",
            "titulo": "Reglamento (UE) 2024/1679 del Parlamento Europeo y del Consejo, de 13 de junio de 2024, relativo a las orientaciones de la Unión para el desarrollo de la red transeuropea de transporte. Anexo II, lista de nodos",
            "fecha": "2024-06-13",
            "url": "https://www.boe.es/buscar/doc.php?id=DOUE-L-2024-80996",
            "archivo": "fuentes/2026-08-07_doue_reglamento-2024-1679-rte-t-anexo-ii.pdf"
          },
          {
            "id": "f2",
            "tipo": "primaria",
            "titulo": "Unidades administrativas (municipios) — Instituto Geográfico Nacional, servicio OGC API-Features",
            "fecha": "2026-08-07",
            "url": "https://api-features.ign.es/collections/administrativeunit",
            "archivo": "fuentes/2026-08-07_ign_municipios-nodos-rte-t.json"
          }
        ],
        "puerto_maritimo": "Global",
        "puerto_maritimo__v": "confirmado",
        "puerto_maritimo__f": "f1"
      }
    },
    {
      "type": "Feature",
      "id": "rte-t:cartagena",
      "geometry": {
        "type": "Point",
        "coordinates": [
          -0.96888,
          37.59104
        ]
      },
      "properties": {
        "slug": "cartagena",
        "nombre": "Cartagena",
        "categoria": "red_basica",
        "descripcion": "Nodo español de la red transeuropea de transporte: nodo urbano, puerto marítimo (Básica). El registro es la DESIGNACIÓN del Reglamento, no la instalación.",
        "estado_registro": "vigente",
        "verif": "confirmado",
        "geo_precision": "municipio",
        "geo_fuente": "punto representativo del municipio «Cartagena» en las unidades administrativas del IGN",
        "fecha_alta": "2026-08-07",
        "fecha_verificacion": "2026-08-07",
        "municipio": "Cartagena",
        "nodo_urbano": true,
        "nodo_urbano__v": "confirmado",
        "nodo_urbano__f": "f1",
        "claves": [
          {
            "k": "Qué es el nodo en el Reglamento",
            "v": "Nodo urbano. Y además: puerto marítimo — «Básica», verbatim del Anexo II",
            "verif": "confirmado",
            "fuente": "f1"
          },
          {
            "k": "Qué separa la red básica de la global",
            "v": "Son los dos plazos del Reglamento: la red BÁSICA debe estar terminada en 2030 y la GLOBAL en 2050. No es una escala de importancia, es un calendario con fuerza legal.",
            "verif": "confirmado",
            "fuente": "f1"
          }
        ],
        "fuentes": [
          {
            "id": "f1",
            "tipo": "primaria",
            "titulo": "Reglamento (UE) 2024/1679 del Parlamento Europeo y del Consejo, de 13 de junio de 2024, relativo a las orientaciones de la Unión para el desarrollo de la red transeuropea de transporte. Anexo II, lista de nodos",
            "fecha": "2024-06-13",
            "url": "https://www.boe.es/buscar/doc.php?id=DOUE-L-2024-80996",
            "archivo": "fuentes/2026-08-07_doue_reglamento-2024-1679-rte-t-anexo-ii.pdf"
          },
          {
            "id": "f2",
            "tipo": "primaria",
            "titulo": "Unidades administrativas (municipios) — Instituto Geográfico Nacional, servicio OGC API-Features",
            "fecha": "2026-08-07",
            "url": "https://api-features.ign.es/collections/administrativeunit",
            "archivo": "fuentes/2026-08-07_ign_municipios-nodos-rte-t.json"
          }
        ],
        "puerto_maritimo": "Básica",
        "puerto_maritimo__v": "confirmado",
        "puerto_maritimo__f": "f1"
      }
    },
    {
      "type": "Feature",
      "id": "rte-t:castellon",
      "geometry": {
        "type": "Point",
        "coordinates": [
          -0.03185,
          39.97526
        ]
      },
      "properties": {
        "slug": "castellon",
        "nombre": "Castellón",
        "categoria": "red_basica",
        "descripcion": "Nodo español de la red transeuropea de transporte: nodo urbano, puerto marítimo (Básica). El registro es la DESIGNACIÓN del Reglamento, no la instalación.",
        "estado_registro": "vigente",
        "verif": "confirmado",
        "geo_precision": "municipio",
        "geo_fuente": "punto representativo del municipio «Castelló de la Plana/Castellón de la Plana» en las unidades administrativas del IGN",
        "fecha_alta": "2026-08-07",
        "fecha_verificacion": "2026-08-07",
        "municipio": "Castelló de la Plana/Castellón de la Plana",
        "nodo_urbano": true,
        "nodo_urbano__v": "confirmado",
        "nodo_urbano__f": "f1",
        "claves": [
          {
            "k": "Qué es el nodo en el Reglamento",
            "v": "Nodo urbano. Y además: puerto marítimo — «Básica», verbatim del Anexo II",
            "verif": "confirmado",
            "fuente": "f1"
          },
          {
            "k": "Qué separa la red básica de la global",
            "v": "Son los dos plazos del Reglamento: la red BÁSICA debe estar terminada en 2030 y la GLOBAL en 2050. No es una escala de importancia, es un calendario con fuerza legal.",
            "verif": "confirmado",
            "fuente": "f1"
          },
          {
            "k": "Cómo se sitúa este nodo",
            "v": "El Reglamento lo llama «Castellón» y el punto es el municipio «Castelló de la Plana/Castellón de la Plana» del IGN: forma oficial bilingüe completa. La equivalencia la declara el atlas y se puede discutir; no la ha hecho un emparejador automático.",
            "verif": "parcial",
            "fuente": "f2"
          }
        ],
        "fuentes": [
          {
            "id": "f1",
            "tipo": "primaria",
            "titulo": "Reglamento (UE) 2024/1679 del Parlamento Europeo y del Consejo, de 13 de junio de 2024, relativo a las orientaciones de la Unión para el desarrollo de la red transeuropea de transporte. Anexo II, lista de nodos",
            "fecha": "2024-06-13",
            "url": "https://www.boe.es/buscar/doc.php?id=DOUE-L-2024-80996",
            "archivo": "fuentes/2026-08-07_doue_reglamento-2024-1679-rte-t-anexo-ii.pdf"
          },
          {
            "id": "f2",
            "tipo": "primaria",
            "titulo": "Unidades administrativas (municipios) — Instituto Geográfico Nacional, servicio OGC API-Features",
            "fecha": "2026-08-07",
            "url": "https://api-features.ign.es/collections/administrativeunit",
            "archivo": "fuentes/2026-08-07_ign_municipios-nodos-rte-t.json"
          }
        ],
        "puerto_maritimo": "Básica",
        "puerto_maritimo__v": "confirmado",
        "puerto_maritimo__f": "f1"
      }
    },
    {
      "type": "Feature",
      "id": "rte-t:ceuta",
      "geometry": {
        "type": "Point",
        "coordinates": [
          -5.32632,
          35.8947
        ]
      },
      "properties": {
        "slug": "ceuta",
        "nombre": "Ceuta",
        "categoria": "red_global",
        "descripcion": "Nodo español de la red transeuropea de transporte: nodo urbano, puerto marítimo (Global). El registro es la DESIGNACIÓN del Reglamento, no la instalación.",
        "estado_registro": "vigente",
        "verif": "confirmado",
        "geo_precision": "municipio",
        "geo_fuente": "punto representativo del municipio «Ceuta» en las unidades administrativas del IGN",
        "fecha_alta": "2026-08-07",
        "fecha_verificacion": "2026-08-07",
        "municipio": "Ceuta",
        "nodo_urbano": true,
        "nodo_urbano__v": "confirmado",
        "nodo_urbano__f": "f1",
        "claves": [
          {
            "k": "Qué es el nodo en el Reglamento",
            "v": "Nodo urbano. Y además: puerto marítimo — «Global», verbatim del Anexo II",
            "verif": "confirmado",
            "fuente": "f1"
          },
          {
            "k": "Qué separa la red básica de la global",
            "v": "Son los dos plazos del Reglamento: la red BÁSICA debe estar terminada en 2030 y la GLOBAL en 2050. No es una escala de importancia, es un calendario con fuerza legal.",
            "verif": "confirmado",
            "fuente": "f1"
          }
        ],
        "fuentes": [
          {
            "id": "f1",
            "tipo": "primaria",
            "titulo": "Reglamento (UE) 2024/1679 del Parlamento Europeo y del Consejo, de 13 de junio de 2024, relativo a las orientaciones de la Unión para el desarrollo de la red transeuropea de transporte. Anexo II, lista de nodos",
            "fecha": "2024-06-13",
            "url": "https://www.boe.es/buscar/doc.php?id=DOUE-L-2024-80996",
            "archivo": "fuentes/2026-08-07_doue_reglamento-2024-1679-rte-t-anexo-ii.pdf"
          },
          {
            "id": "f2",
            "tipo": "primaria",
            "titulo": "Unidades administrativas (municipios) — Instituto Geográfico Nacional, servicio OGC API-Features",
            "fecha": "2026-08-07",
            "url": "https://api-features.ign.es/collections/administrativeunit",
            "archivo": "fuentes/2026-08-07_ign_municipios-nodos-rte-t.json"
          }
        ],
        "puerto_maritimo": "Global",
        "puerto_maritimo__v": "confirmado",
        "puerto_maritimo__f": "f1"
      }
    },
    {
      "type": "Feature",
      "id": "rte-t:caceres",
      "geometry": {
        "type": "Point",
        "coordinates": [
          -6.41058,
          39.42037
        ]
      },
      "properties": {
        "slug": "caceres",
        "nombre": "Cáceres",
        "categoria": "nodo_urbano",
        "descripcion": "Nodo español de la red transeuropea de transporte: nodo urbano. El registro es la DESIGNACIÓN del Reglamento, no la instalación.",
        "estado_registro": "vigente",
        "verif": "confirmado",
        "geo_precision": "municipio",
        "geo_fuente": "punto representativo del municipio «Cáceres» en las unidades administrativas del IGN",
        "fecha_alta": "2026-08-07",
        "fecha_verificacion": "2026-08-07",
        "municipio": "Cáceres",
        "nodo_urbano": true,
        "nodo_urbano__v": "confirmado",
        "nodo_urbano__f": "f1",
        "claves": [
          {
            "k": "Qué es el nodo en el Reglamento",
            "v": "Nodo urbano. Solo nodo urbano: el Anexo II no le asigna ninguna infraestructura de transporte, y por eso tampoco red básica ni global.",
            "verif": "confirmado",
            "fuente": "f1"
          },
          {
            "k": "Qué separa la red básica de la global",
            "v": "Son los dos plazos del Reglamento: la red BÁSICA debe estar terminada en 2030 y la GLOBAL en 2050. No es una escala de importancia, es un calendario con fuerza legal.",
            "verif": "confirmado",
            "fuente": "f1"
          }
        ],
        "fuentes": [
          {
            "id": "f1",
            "tipo": "primaria",
            "titulo": "Reglamento (UE) 2024/1679 del Parlamento Europeo y del Consejo, de 13 de junio de 2024, relativo a las orientaciones de la Unión para el desarrollo de la red transeuropea de transporte. Anexo II, lista de nodos",
            "fecha": "2024-06-13",
            "url": "https://www.boe.es/buscar/doc.php?id=DOUE-L-2024-80996",
            "archivo": "fuentes/2026-08-07_doue_reglamento-2024-1679-rte-t-anexo-ii.pdf"
          },
          {
            "id": "f2",
            "tipo": "primaria",
            "titulo": "Unidades administrativas (municipios) — Instituto Geográfico Nacional, servicio OGC API-Features",
            "fecha": "2026-08-07",
            "url": "https://api-features.ign.es/collections/administrativeunit",
            "archivo": "fuentes/2026-08-07_ign_municipios-nodos-rte-t.json"
          }
        ]
      }
    },
    {
      "type": "Feature",
      "id": "rte-t:cadiz",
      "geometry": {
        "type": "Point",
        "coordinates": [
          -6.28848,
          36.52439
        ]
      },
      "properties": {
        "slug": "cadiz",
        "nombre": "Cádiz",
        "categoria": "red_global",
        "descripcion": "Nodo español de la red transeuropea de transporte: nodo urbano, puerto marítimo (Global (Bahía de Cádiz)). El registro es la DESIGNACIÓN del Reglamento, no la instalación.",
        "estado_registro": "vigente",
        "verif": "confirmado",
        "geo_precision": "municipio",
        "geo_fuente": "punto representativo del municipio «Cádiz» en las unidades administrativas del IGN",
        "fecha_alta": "2026-08-07",
        "fecha_verificacion": "2026-08-07",
        "municipio": "Cádiz",
        "nodo_urbano": true,
        "nodo_urbano__v": "confirmado",
        "nodo_urbano__f": "f1",
        "claves": [
          {
            "k": "Qué es el nodo en el Reglamento",
            "v": "Nodo urbano. Y además: puerto marítimo — «Global (Bahía de Cádiz)», verbatim del Anexo II",
            "verif": "confirmado",
            "fuente": "f1"
          },
          {
            "k": "Qué separa la red básica de la global",
            "v": "Son los dos plazos del Reglamento: la red BÁSICA debe estar terminada en 2030 y la GLOBAL en 2050. No es una escala de importancia, es un calendario con fuerza legal.",
            "verif": "confirmado",
            "fuente": "f1"
          }
        ],
        "fuentes": [
          {
            "id": "f1",
            "tipo": "primaria",
            "titulo": "Reglamento (UE) 2024/1679 del Parlamento Europeo y del Consejo, de 13 de junio de 2024, relativo a las orientaciones de la Unión para el desarrollo de la red transeuropea de transporte. Anexo II, lista de nodos",
            "fecha": "2024-06-13",
            "url": "https://www.boe.es/buscar/doc.php?id=DOUE-L-2024-80996",
            "archivo": "fuentes/2026-08-07_doue_reglamento-2024-1679-rte-t-anexo-ii.pdf"
          },
          {
            "id": "f2",
            "tipo": "primaria",
            "titulo": "Unidades administrativas (municipios) — Instituto Geográfico Nacional, servicio OGC API-Features",
            "fecha": "2026-08-07",
            "url": "https://api-features.ign.es/collections/administrativeunit",
            "archivo": "fuentes/2026-08-07_ign_municipios-nodos-rte-t.json"
          }
        ],
        "puerto_maritimo": "Global (Bahía de Cádiz)",
        "puerto_maritimo__v": "confirmado",
        "puerto_maritimo__f": "f1"
      }
    },
    {
      "type": "Feature",
      "id": "rte-t:cordoba",
      "geometry": {
        "type": "Point",
        "coordinates": [
          -4.74027,
          37.81986
        ]
      },
      "properties": {
        "slug": "cordoba",
        "nombre": "Córdoba",
        "categoria": "red_basica",
        "descripcion": "Nodo español de la red transeuropea de transporte: nodo urbano, terminal ferrocarril-carretera (Básica). El registro es la DESIGNACIÓN del Reglamento, no la instalación.",
        "estado_registro": "vigente",
        "verif": "confirmado",
        "geo_precision": "municipio",
        "geo_fuente": "punto representativo del municipio «Córdoba» en las unidades administrativas del IGN",
        "fecha_alta": "2026-08-07",
        "fecha_verificacion": "2026-08-07",
        "municipio": "Córdoba",
        "nodo_urbano": true,
        "nodo_urbano__v": "confirmado",
        "nodo_urbano__f": "f1",
        "claves": [
          {
            "k": "Qué es el nodo en el Reglamento",
            "v": "Nodo urbano. Y además: terminal ferrocarril-carretera — «Básica», verbatim del Anexo II",
            "verif": "confirmado",
            "fuente": "f1"
          },
          {
            "k": "Qué separa la red básica de la global",
            "v": "Son los dos plazos del Reglamento: la red BÁSICA debe estar terminada en 2030 y la GLOBAL en 2050. No es una escala de importancia, es un calendario con fuerza legal.",
            "verif": "confirmado",
            "fuente": "f1"
          }
        ],
        "fuentes": [
          {
            "id": "f1",
            "tipo": "primaria",
            "titulo": "Reglamento (UE) 2024/1679 del Parlamento Europeo y del Consejo, de 13 de junio de 2024, relativo a las orientaciones de la Unión para el desarrollo de la red transeuropea de transporte. Anexo II, lista de nodos",
            "fecha": "2024-06-13",
            "url": "https://www.boe.es/buscar/doc.php?id=DOUE-L-2024-80996",
            "archivo": "fuentes/2026-08-07_doue_reglamento-2024-1679-rte-t-anexo-ii.pdf"
          },
          {
            "id": "f2",
            "tipo": "primaria",
            "titulo": "Unidades administrativas (municipios) — Instituto Geográfico Nacional, servicio OGC API-Features",
            "fecha": "2026-08-07",
            "url": "https://api-features.ign.es/collections/administrativeunit",
            "archivo": "fuentes/2026-08-07_ign_municipios-nodos-rte-t.json"
          }
        ],
        "terminal_ff_carretera": "Básica",
        "terminal_ff_carretera__v": "confirmado",
        "terminal_ff_carretera__f": "f1"
      }
    },
    {
      "type": "Feature",
      "id": "rte-t:el-hierro",
      "geometry": {
        "type": "Point",
        "coordinates": [
          -17.92865,
          27.79594
        ]
      },
      "properties": {
        "slug": "el-hierro",
        "nombre": "El Hierro",
        "categoria": "red_global",
        "descripcion": "Nodo español de la red transeuropea de transporte: aeropuerto (Global), puerto marítimo (Global (La Estaca)). El registro es la DESIGNACIÓN del Reglamento, no la instalación.",
        "estado_registro": "vigente",
        "verif": "confirmado",
        "geo_precision": "municipio",
        "geo_fuente": "punto representativo del municipio «Valverde» en las unidades administrativas del IGN",
        "fecha_alta": "2026-08-07",
        "fecha_verificacion": "2026-08-07",
        "municipio": "Valverde",
        "nodo_urbano": false,
        "nodo_urbano__v": "confirmado",
        "nodo_urbano__f": "f1",
        "claves": [
          {
            "k": "Qué es el nodo en el Reglamento",
            "v": "aeropuerto — «Global», verbatim del Anexo II; puerto marítimo — «Global (La Estaca)», verbatim del Anexo II",
            "verif": "confirmado",
            "fuente": "f1"
          },
          {
            "k": "Qué separa la red básica de la global",
            "v": "Son los dos plazos del Reglamento: la red BÁSICA debe estar terminada en 2030 y la GLOBAL en 2050. No es una escala de importancia, es un calendario con fuerza legal.",
            "verif": "confirmado",
            "fuente": "f1"
          },
          {
            "k": "Cómo se sitúa este nodo",
            "v": "El Reglamento lo llama «El Hierro» y el punto es el municipio «Valverde» del IGN: el Reglamento nombra la ISLA; su aeropuerto y su puerto están en Valverde. La equivalencia la declara el atlas y se puede discutir; no la ha hecho un emparejador automático.",
            "verif": "parcial",
            "fuente": "f2"
          }
        ],
        "fuentes": [
          {
            "id": "f1",
            "tipo": "primaria",
            "titulo": "Reglamento (UE) 2024/1679 del Parlamento Europeo y del Consejo, de 13 de junio de 2024, relativo a las orientaciones de la Unión para el desarrollo de la red transeuropea de transporte. Anexo II, lista de nodos",
            "fecha": "2024-06-13",
            "url": "https://www.boe.es/buscar/doc.php?id=DOUE-L-2024-80996",
            "archivo": "fuentes/2026-08-07_doue_reglamento-2024-1679-rte-t-anexo-ii.pdf"
          },
          {
            "id": "f2",
            "tipo": "primaria",
            "titulo": "Unidades administrativas (municipios) — Instituto Geográfico Nacional, servicio OGC API-Features",
            "fecha": "2026-08-07",
            "url": "https://api-features.ign.es/collections/administrativeunit",
            "archivo": "fuentes/2026-08-07_ign_municipios-nodos-rte-t.json"
          }
        ],
        "aeropuerto": "Global",
        "aeropuerto__v": "confirmado",
        "aeropuerto__f": "f1",
        "puerto_maritimo": "Global (La Estaca)",
        "puerto_maritimo__v": "confirmado",
        "puerto_maritimo__f": "f1"
      }
    },
    {
      "type": "Feature",
      "id": "rte-t:el-penedes-el-vendrell",
      "geometry": {
        "type": "Point",
        "coordinates": [
          1.52227,
          41.20023
        ]
      },
      "properties": {
        "slug": "el-penedes-el-vendrell",
        "nombre": "El Penedés El Vendrell",
        "categoria": "red_global",
        "descripcion": "Nodo español de la red transeuropea de transporte: terminal ferrocarril-carretera (Global). El registro es la DESIGNACIÓN del Reglamento, no la instalación.",
        "estado_registro": "vigente",
        "verif": "confirmado",
        "geo_precision": "municipio",
        "geo_fuente": "punto representativo del municipio «El Vendrell» en las unidades administrativas del IGN",
        "fecha_alta": "2026-08-07",
        "fecha_verificacion": "2026-08-07",
        "municipio": "El Vendrell",
        "nodo_urbano": false,
        "nodo_urbano__v": "confirmado",
        "nodo_urbano__f": "f1",
        "claves": [
          {
            "k": "Qué es el nodo en el Reglamento",
            "v": "terminal ferrocarril-carretera — «Global», verbatim del Anexo II",
            "verif": "confirmado",
            "fuente": "f1"
          },
          {
            "k": "Qué separa la red básica de la global",
            "v": "Son los dos plazos del Reglamento: la red BÁSICA debe estar terminada en 2030 y la GLOBAL en 2050. No es una escala de importancia, es un calendario con fuerza legal.",
            "verif": "confirmado",
            "fuente": "f1"
          },
          {
            "k": "Cómo se sitúa este nodo",
            "v": "El Reglamento lo llama «El Penedés El Vendrell» y el punto es el municipio «El Vendrell» del IGN: el Reglamento junta la comarca y el municipio. La equivalencia la declara el atlas y se puede discutir; no la ha hecho un emparejador automático.",
            "verif": "parcial",
            "fuente": "f2"
          }
        ],
        "fuentes": [
          {
            "id": "f1",
            "tipo": "primaria",
            "titulo": "Reglamento (UE) 2024/1679 del Parlamento Europeo y del Consejo, de 13 de junio de 2024, relativo a las orientaciones de la Unión para el desarrollo de la red transeuropea de transporte. Anexo II, lista de nodos",
            "fecha": "2024-06-13",
            "url": "https://www.boe.es/buscar/doc.php?id=DOUE-L-2024-80996",
            "archivo": "fuentes/2026-08-07_doue_reglamento-2024-1679-rte-t-anexo-ii.pdf"
          },
          {
            "id": "f2",
            "tipo": "primaria",
            "titulo": "Unidades administrativas (municipios) — Instituto Geográfico Nacional, servicio OGC API-Features",
            "fecha": "2026-08-07",
            "url": "https://api-features.ign.es/collections/administrativeunit",
            "archivo": "fuentes/2026-08-07_ign_municipios-nodos-rte-t.json"
          }
        ],
        "terminal_ff_carretera": "Global",
        "terminal_ff_carretera__v": "confirmado",
        "terminal_ff_carretera__f": "f1"
      }
    },
    {
      "type": "Feature",
      "id": "rte-t:elche",
      "geometry": {
        "type": "Point",
        "coordinates": [
          -0.60261,
          38.2185
        ]
      },
      "properties": {
        "slug": "elche",
        "nombre": "Elche",
        "categoria": "nodo_urbano",
        "descripcion": "Nodo español de la red transeuropea de transporte: nodo urbano. El registro es la DESIGNACIÓN del Reglamento, no la instalación.",
        "estado_registro": "vigente",
        "verif": "confirmado",
        "geo_precision": "municipio",
        "geo_fuente": "punto representativo del municipio «Elx/Elche» en las unidades administrativas del IGN",
        "fecha_alta": "2026-08-07",
        "fecha_verificacion": "2026-08-07",
        "municipio": "Elx/Elche",
        "nodo_urbano": true,
        "nodo_urbano__v": "confirmado",
        "nodo_urbano__f": "f1",
        "claves": [
          {
            "k": "Qué es el nodo en el Reglamento",
            "v": "Nodo urbano. Solo nodo urbano: el Anexo II no le asigna ninguna infraestructura de transporte, y por eso tampoco red básica ni global.",
            "verif": "confirmado",
            "fuente": "f1"
          },
          {
            "k": "Qué separa la red básica de la global",
            "v": "Son los dos plazos del Reglamento: la red BÁSICA debe estar terminada en 2030 y la GLOBAL en 2050. No es una escala de importancia, es un calendario con fuerza legal.",
            "verif": "confirmado",
            "fuente": "f1"
          },
          {
            "k": "Cómo se sitúa este nodo",
            "v": "El Reglamento lo llama «Elche» y el punto es el municipio «Elx/Elche» del IGN: forma oficial bilingüe, valenciano primero. La equivalencia la declara el atlas y se puede discutir; no la ha hecho un emparejador automático.",
            "verif": "parcial",
            "fuente": "f2"
          }
        ],
        "fuentes": [
          {
            "id": "f1",
            "tipo": "primaria",
            "titulo": "Reglamento (UE) 2024/1679 del Parlamento Europeo y del Consejo, de 13 de junio de 2024, relativo a las orientaciones de la Unión para el desarrollo de la red transeuropea de transporte. Anexo II, lista de nodos",
            "fecha": "2024-06-13",
            "url": "https://www.boe.es/buscar/doc.php?id=DOUE-L-2024-80996",
            "archivo": "fuentes/2026-08-07_doue_reglamento-2024-1679-rte-t-anexo-ii.pdf"
          },
          {
            "id": "f2",
            "tipo": "primaria",
            "titulo": "Unidades administrativas (municipios) — Instituto Geográfico Nacional, servicio OGC API-Features",
            "fecha": "2026-08-07",
            "url": "https://api-features.ign.es/collections/administrativeunit",
            "archivo": "fuentes/2026-08-07_ign_municipios-nodos-rte-t.json"
          }
        ]
      }
    },
    {
      "type": "Feature",
      "id": "rte-t:ferrol",
      "geometry": {
        "type": "Point",
        "coordinates": [
          -8.2949,
          43.51148
        ]
      },
      "properties": {
        "slug": "ferrol",
        "nombre": "Ferrol",
        "categoria": "red_global",
        "descripcion": "Nodo español de la red transeuropea de transporte: nodo urbano, puerto marítimo (Global). El registro es la DESIGNACIÓN del Reglamento, no la instalación.",
        "estado_registro": "vigente",
        "verif": "confirmado",
        "geo_precision": "municipio",
        "geo_fuente": "punto representativo del municipio «Ferrol» en las unidades administrativas del IGN",
        "fecha_alta": "2026-08-07",
        "fecha_verificacion": "2026-08-07",
        "municipio": "Ferrol",
        "nodo_urbano": true,
        "nodo_urbano__v": "confirmado",
        "nodo_urbano__f": "f1",
        "claves": [
          {
            "k": "Qué es el nodo en el Reglamento",
            "v": "Nodo urbano. Y además: puerto marítimo — «Global», verbatim del Anexo II",
            "verif": "confirmado",
            "fuente": "f1"
          },
          {
            "k": "Qué separa la red básica de la global",
            "v": "Son los dos plazos del Reglamento: la red BÁSICA debe estar terminada en 2030 y la GLOBAL en 2050. No es una escala de importancia, es un calendario con fuerza legal.",
            "verif": "confirmado",
            "fuente": "f1"
          },
          {
            "k": "Cómo se sitúa este nodo",
            "v": "El Reglamento lo llama «Ferrol» y el punto es el municipio «Ferrol» del IGN: coincide, pero se declara porque el puerto se llama «Ferrol y su ría». La equivalencia la declara el atlas y se puede discutir; no la ha hecho un emparejador automático.",
            "verif": "parcial",
            "fuente": "f2"
          }
        ],
        "fuentes": [
          {
            "id": "f1",
            "tipo": "primaria",
            "titulo": "Reglamento (UE) 2024/1679 del Parlamento Europeo y del Consejo, de 13 de junio de 2024, relativo a las orientaciones de la Unión para el desarrollo de la red transeuropea de transporte. Anexo II, lista de nodos",
            "fecha": "2024-06-13",
            "url": "https://www.boe.es/buscar/doc.php?id=DOUE-L-2024-80996",
            "archivo": "fuentes/2026-08-07_doue_reglamento-2024-1679-rte-t-anexo-ii.pdf"
          },
          {
            "id": "f2",
            "tipo": "primaria",
            "titulo": "Unidades administrativas (municipios) — Instituto Geográfico Nacional, servicio OGC API-Features",
            "fecha": "2026-08-07",
            "url": "https://api-features.ign.es/collections/administrativeunit",
            "archivo": "fuentes/2026-08-07_ign_municipios-nodos-rte-t.json"
          }
        ],
        "puerto_maritimo": "Global",
        "puerto_maritimo__v": "confirmado",
        "puerto_maritimo__f": "f1"
      }
    },
    {
      "type": "Feature",
      "id": "rte-t:figueras",
      "geometry": {
        "type": "Point",
        "coordinates": [
          2.97246,
          42.27477
        ]
      },
      "properties": {
        "slug": "figueras",
        "nombre": "Figueras",
        "categoria": "red_global",
        "descripcion": "Nodo español de la red transeuropea de transporte: terminal ferrocarril-carretera (Global). El registro es la DESIGNACIÓN del Reglamento, no la instalación.",
        "estado_registro": "vigente",
        "verif": "confirmado",
        "geo_precision": "municipio",
        "geo_fuente": "punto representativo del municipio «Figueres» en las unidades administrativas del IGN",
        "fecha_alta": "2026-08-07",
        "fecha_verificacion": "2026-08-07",
        "municipio": "Figueres",
        "nodo_urbano": false,
        "nodo_urbano__v": "confirmado",
        "nodo_urbano__f": "f1",
        "claves": [
          {
            "k": "Qué es el nodo en el Reglamento",
            "v": "terminal ferrocarril-carretera — «Global», verbatim del Anexo II",
            "verif": "confirmado",
            "fuente": "f1"
          },
          {
            "k": "Qué separa la red básica de la global",
            "v": "Son los dos plazos del Reglamento: la red BÁSICA debe estar terminada en 2030 y la GLOBAL en 2050. No es una escala de importancia, es un calendario con fuerza legal.",
            "verif": "confirmado",
            "fuente": "f1"
          },
          {
            "k": "Cómo se sitúa este nodo",
            "v": "El Reglamento lo llama «Figueras» y el punto es el municipio «Figueres» del IGN: exónimo castellano; el IGN rotula en catalán. La equivalencia la declara el atlas y se puede discutir; no la ha hecho un emparejador automático.",
            "verif": "parcial",
            "fuente": "f2"
          }
        ],
        "fuentes": [
          {
            "id": "f1",
            "tipo": "primaria",
            "titulo": "Reglamento (UE) 2024/1679 del Parlamento Europeo y del Consejo, de 13 de junio de 2024, relativo a las orientaciones de la Unión para el desarrollo de la red transeuropea de transporte. Anexo II, lista de nodos",
            "fecha": "2024-06-13",
            "url": "https://www.boe.es/buscar/doc.php?id=DOUE-L-2024-80996",
            "archivo": "fuentes/2026-08-07_doue_reglamento-2024-1679-rte-t-anexo-ii.pdf"
          },
          {
            "id": "f2",
            "tipo": "primaria",
            "titulo": "Unidades administrativas (municipios) — Instituto Geográfico Nacional, servicio OGC API-Features",
            "fecha": "2026-08-07",
            "url": "https://api-features.ign.es/collections/administrativeunit",
            "archivo": "fuentes/2026-08-07_ign_municipios-nodos-rte-t.json"
          }
        ],
        "terminal_ff_carretera": "Global",
        "terminal_ff_carretera__v": "confirmado",
        "terminal_ff_carretera__f": "f1"
      }
    },
    {
      "type": "Feature",
      "id": "rte-t:gerona",
      "geometry": {
        "type": "Point",
        "coordinates": [
          2.8315,
          41.98878
        ]
      },
      "properties": {
        "slug": "gerona",
        "nombre": "Gerona",
        "categoria": "red_global",
        "descripcion": "Nodo español de la red transeuropea de transporte: nodo urbano, aeropuerto (Global). El registro es la DESIGNACIÓN del Reglamento, no la instalación.",
        "estado_registro": "vigente",
        "verif": "confirmado",
        "geo_precision": "municipio",
        "geo_fuente": "punto representativo del municipio «Girona» en las unidades administrativas del IGN",
        "fecha_alta": "2026-08-07",
        "fecha_verificacion": "2026-08-07",
        "municipio": "Girona",
        "nodo_urbano": true,
        "nodo_urbano__v": "confirmado",
        "nodo_urbano__f": "f1",
        "claves": [
          {
            "k": "Qué es el nodo en el Reglamento",
            "v": "Nodo urbano. Y además: aeropuerto — «Global», verbatim del Anexo II",
            "verif": "confirmado",
            "fuente": "f1"
          },
          {
            "k": "Qué separa la red básica de la global",
            "v": "Son los dos plazos del Reglamento: la red BÁSICA debe estar terminada en 2030 y la GLOBAL en 2050. No es una escala de importancia, es un calendario con fuerza legal.",
            "verif": "confirmado",
            "fuente": "f1"
          },
          {
            "k": "Cómo se sitúa este nodo",
            "v": "El Reglamento lo llama «Gerona» y el punto es el municipio «Girona» del IGN: exónimo castellano; el IGN rotula el municipio en catalán. La equivalencia la declara el atlas y se puede discutir; no la ha hecho un emparejador automático.",
            "verif": "parcial",
            "fuente": "f2"
          }
        ],
        "fuentes": [
          {
            "id": "f1",
            "tipo": "primaria",
            "titulo": "Reglamento (UE) 2024/1679 del Parlamento Europeo y del Consejo, de 13 de junio de 2024, relativo a las orientaciones de la Unión para el desarrollo de la red transeuropea de transporte. Anexo II, lista de nodos",
            "fecha": "2024-06-13",
            "url": "https://www.boe.es/buscar/doc.php?id=DOUE-L-2024-80996",
            "archivo": "fuentes/2026-08-07_doue_reglamento-2024-1679-rte-t-anexo-ii.pdf"
          },
          {
            "id": "f2",
            "tipo": "primaria",
            "titulo": "Unidades administrativas (municipios) — Instituto Geográfico Nacional, servicio OGC API-Features",
            "fecha": "2026-08-07",
            "url": "https://api-features.ign.es/collections/administrativeunit",
            "archivo": "fuentes/2026-08-07_ign_municipios-nodos-rte-t.json"
          }
        ],
        "aeropuerto": "Global",
        "aeropuerto__v": "confirmado",
        "aeropuerto__f": "f1"
      }
    },
    {
      "type": "Feature",
      "id": "rte-t:gijon",
      "geometry": {
        "type": "Point",
        "coordinates": [
          -5.66549,
          43.54153
        ]
      },
      "properties": {
        "slug": "gijon",
        "nombre": "Gijón",
        "categoria": "red_basica",
        "descripcion": "Nodo español de la red transeuropea de transporte: nodo urbano, puerto marítimo (Básica). El registro es la DESIGNACIÓN del Reglamento, no la instalación.",
        "estado_registro": "vigente",
        "verif": "confirmado",
        "geo_precision": "municipio",
        "geo_fuente": "punto representativo del municipio «Gijón» en las unidades administrativas del IGN",
        "fecha_alta": "2026-08-07",
        "fecha_verificacion": "2026-08-07",
        "municipio": "Gijón",
        "nodo_urbano": true,
        "nodo_urbano__v": "confirmado",
        "nodo_urbano__f": "f1",
        "claves": [
          {
            "k": "Qué es el nodo en el Reglamento",
            "v": "Nodo urbano. Y además: puerto marítimo — «Básica», verbatim del Anexo II",
            "verif": "confirmado",
            "fuente": "f1"
          },
          {
            "k": "Qué separa la red básica de la global",
            "v": "Son los dos plazos del Reglamento: la red BÁSICA debe estar terminada en 2030 y la GLOBAL en 2050. No es una escala de importancia, es un calendario con fuerza legal.",
            "verif": "confirmado",
            "fuente": "f1"
          }
        ],
        "fuentes": [
          {
            "id": "f1",
            "tipo": "primaria",
            "titulo": "Reglamento (UE) 2024/1679 del Parlamento Europeo y del Consejo, de 13 de junio de 2024, relativo a las orientaciones de la Unión para el desarrollo de la red transeuropea de transporte. Anexo II, lista de nodos",
            "fecha": "2024-06-13",
            "url": "https://www.boe.es/buscar/doc.php?id=DOUE-L-2024-80996",
            "archivo": "fuentes/2026-08-07_doue_reglamento-2024-1679-rte-t-anexo-ii.pdf"
          },
          {
            "id": "f2",
            "tipo": "primaria",
            "titulo": "Unidades administrativas (municipios) — Instituto Geográfico Nacional, servicio OGC API-Features",
            "fecha": "2026-08-07",
            "url": "https://api-features.ign.es/collections/administrativeunit",
            "archivo": "fuentes/2026-08-07_ign_municipios-nodos-rte-t.json"
          }
        ],
        "puerto_maritimo": "Básica",
        "puerto_maritimo__v": "confirmado",
        "puerto_maritimo__f": "f1"
      }
    },
    {
      "type": "Feature",
      "id": "rte-t:granada",
      "geometry": {
        "type": "Point",
        "coordinates": [
          -3.61059,
          37.17925
        ]
      },
      "properties": {
        "slug": "granada",
        "nombre": "Granada",
        "categoria": "red_global",
        "descripcion": "Nodo español de la red transeuropea de transporte: nodo urbano, aeropuerto (Global). El registro es la DESIGNACIÓN del Reglamento, no la instalación.",
        "estado_registro": "vigente",
        "verif": "confirmado",
        "geo_precision": "municipio",
        "geo_fuente": "punto representativo del municipio «Granada» en las unidades administrativas del IGN",
        "fecha_alta": "2026-08-07",
        "fecha_verificacion": "2026-08-07",
        "municipio": "Granada",
        "nodo_urbano": true,
        "nodo_urbano__v": "confirmado",
        "nodo_urbano__f": "f1",
        "claves": [
          {
            "k": "Qué es el nodo en el Reglamento",
            "v": "Nodo urbano. Y además: aeropuerto — «Global», verbatim del Anexo II",
            "verif": "confirmado",
            "fuente": "f1"
          },
          {
            "k": "Qué separa la red básica de la global",
            "v": "Son los dos plazos del Reglamento: la red BÁSICA debe estar terminada en 2030 y la GLOBAL en 2050. No es una escala de importancia, es un calendario con fuerza legal.",
            "verif": "confirmado",
            "fuente": "f1"
          }
        ],
        "fuentes": [
          {
            "id": "f1",
            "tipo": "primaria",
            "titulo": "Reglamento (UE) 2024/1679 del Parlamento Europeo y del Consejo, de 13 de junio de 2024, relativo a las orientaciones de la Unión para el desarrollo de la red transeuropea de transporte. Anexo II, lista de nodos",
            "fecha": "2024-06-13",
            "url": "https://www.boe.es/buscar/doc.php?id=DOUE-L-2024-80996",
            "archivo": "fuentes/2026-08-07_doue_reglamento-2024-1679-rte-t-anexo-ii.pdf"
          },
          {
            "id": "f2",
            "tipo": "primaria",
            "titulo": "Unidades administrativas (municipios) — Instituto Geográfico Nacional, servicio OGC API-Features",
            "fecha": "2026-08-07",
            "url": "https://api-features.ign.es/collections/administrativeunit",
            "archivo": "fuentes/2026-08-07_ign_municipios-nodos-rte-t.json"
          }
        ],
        "aeropuerto": "Global",
        "aeropuerto__v": "confirmado",
        "aeropuerto__f": "f1"
      }
    },
    {
      "type": "Feature",
      "id": "rte-t:huelva",
      "geometry": {
        "type": "Point",
        "coordinates": [
          -6.91179,
          37.15762
        ]
      },
      "properties": {
        "slug": "huelva",
        "nombre": "Huelva",
        "categoria": "red_basica",
        "descripcion": "Nodo español de la red transeuropea de transporte: nodo urbano, puerto marítimo (Básica). El registro es la DESIGNACIÓN del Reglamento, no la instalación.",
        "estado_registro": "vigente",
        "verif": "confirmado",
        "geo_precision": "municipio",
        "geo_fuente": "punto representativo del municipio «Huelva» en las unidades administrativas del IGN",
        "fecha_alta": "2026-08-07",
        "fecha_verificacion": "2026-08-07",
        "municipio": "Huelva",
        "nodo_urbano": true,
        "nodo_urbano__v": "confirmado",
        "nodo_urbano__f": "f1",
        "claves": [
          {
            "k": "Qué es el nodo en el Reglamento",
            "v": "Nodo urbano. Y además: puerto marítimo — «Básica», verbatim del Anexo II",
            "verif": "confirmado",
            "fuente": "f1"
          },
          {
            "k": "Qué separa la red básica de la global",
            "v": "Son los dos plazos del Reglamento: la red BÁSICA debe estar terminada en 2030 y la GLOBAL en 2050. No es una escala de importancia, es un calendario con fuerza legal.",
            "verif": "confirmado",
            "fuente": "f1"
          }
        ],
        "fuentes": [
          {
            "id": "f1",
            "tipo": "primaria",
            "titulo": "Reglamento (UE) 2024/1679 del Parlamento Europeo y del Consejo, de 13 de junio de 2024, relativo a las orientaciones de la Unión para el desarrollo de la red transeuropea de transporte. Anexo II, lista de nodos",
            "fecha": "2024-06-13",
            "url": "https://www.boe.es/buscar/doc.php?id=DOUE-L-2024-80996",
            "archivo": "fuentes/2026-08-07_doue_reglamento-2024-1679-rte-t-anexo-ii.pdf"
          },
          {
            "id": "f2",
            "tipo": "primaria",
            "titulo": "Unidades administrativas (municipios) — Instituto Geográfico Nacional, servicio OGC API-Features",
            "fecha": "2026-08-07",
            "url": "https://api-features.ign.es/collections/administrativeunit",
            "archivo": "fuentes/2026-08-07_ign_municipios-nodos-rte-t.json"
          }
        ],
        "puerto_maritimo": "Básica",
        "puerto_maritimo__v": "confirmado",
        "puerto_maritimo__f": "f1"
      }
    },
    {
      "type": "Feature",
      "id": "rte-t:huesca",
      "geometry": {
        "type": "Point",
        "coordinates": [
          -0.41393,
          42.1472
        ]
      },
      "properties": {
        "slug": "huesca",
        "nombre": "Huesca",
        "categoria": "red_global",
        "descripcion": "Nodo español de la red transeuropea de transporte: terminal ferrocarril-carretera (Global). El registro es la DESIGNACIÓN del Reglamento, no la instalación.",
        "estado_registro": "vigente",
        "verif": "confirmado",
        "geo_precision": "municipio",
        "geo_fuente": "punto representativo del municipio «Huesca» en las unidades administrativas del IGN",
        "fecha_alta": "2026-08-07",
        "fecha_verificacion": "2026-08-07",
        "municipio": "Huesca",
        "nodo_urbano": false,
        "nodo_urbano__v": "confirmado",
        "nodo_urbano__f": "f1",
        "claves": [
          {
            "k": "Qué es el nodo en el Reglamento",
            "v": "terminal ferrocarril-carretera — «Global», verbatim del Anexo II",
            "verif": "confirmado",
            "fuente": "f1"
          },
          {
            "k": "Qué separa la red básica de la global",
            "v": "Son los dos plazos del Reglamento: la red BÁSICA debe estar terminada en 2030 y la GLOBAL en 2050. No es una escala de importancia, es un calendario con fuerza legal.",
            "verif": "confirmado",
            "fuente": "f1"
          }
        ],
        "fuentes": [
          {
            "id": "f1",
            "tipo": "primaria",
            "titulo": "Reglamento (UE) 2024/1679 del Parlamento Europeo y del Consejo, de 13 de junio de 2024, relativo a las orientaciones de la Unión para el desarrollo de la red transeuropea de transporte. Anexo II, lista de nodos",
            "fecha": "2024-06-13",
            "url": "https://www.boe.es/buscar/doc.php?id=DOUE-L-2024-80996",
            "archivo": "fuentes/2026-08-07_doue_reglamento-2024-1679-rte-t-anexo-ii.pdf"
          },
          {
            "id": "f2",
            "tipo": "primaria",
            "titulo": "Unidades administrativas (municipios) — Instituto Geográfico Nacional, servicio OGC API-Features",
            "fecha": "2026-08-07",
            "url": "https://api-features.ign.es/collections/administrativeunit",
            "archivo": "fuentes/2026-08-07_ign_municipios-nodos-rte-t.json"
          }
        ],
        "terminal_ff_carretera": "Global",
        "terminal_ff_carretera__v": "confirmado",
        "terminal_ff_carretera__f": "f1"
      }
    },
    {
      "type": "Feature",
      "id": "rte-t:ibiza",
      "geometry": {
        "type": "Point",
        "coordinates": [
          1.43748,
          38.90819
        ]
      },
      "properties": {
        "slug": "ibiza",
        "nombre": "Ibiza",
        "categoria": "red_global",
        "descripcion": "Nodo español de la red transeuropea de transporte: aeropuerto (Global), puerto marítimo (Global (Eivissa)). El registro es la DESIGNACIÓN del Reglamento, no la instalación.",
        "estado_registro": "vigente",
        "verif": "confirmado",
        "geo_precision": "municipio",
        "geo_fuente": "punto representativo del municipio «Eivissa» en las unidades administrativas del IGN",
        "fecha_alta": "2026-08-07",
        "fecha_verificacion": "2026-08-07",
        "municipio": "Eivissa",
        "nodo_urbano": false,
        "nodo_urbano__v": "confirmado",
        "nodo_urbano__f": "f1",
        "claves": [
          {
            "k": "Qué es el nodo en el Reglamento",
            "v": "aeropuerto — «Global», verbatim del Anexo II; puerto marítimo — «Global (Eivissa)», verbatim del Anexo II",
            "verif": "confirmado",
            "fuente": "f1"
          },
          {
            "k": "Qué separa la red básica de la global",
            "v": "Son los dos plazos del Reglamento: la red BÁSICA debe estar terminada en 2030 y la GLOBAL en 2050. No es una escala de importancia, es un calendario con fuerza legal.",
            "verif": "confirmado",
            "fuente": "f1"
          },
          {
            "k": "Cómo se sitúa este nodo",
            "v": "El Reglamento lo llama «Ibiza» y el punto es el municipio «Eivissa» del IGN: exónimo; el IGN rotula el municipio en catalán. La equivalencia la declara el atlas y se puede discutir; no la ha hecho un emparejador automático.",
            "verif": "parcial",
            "fuente": "f2"
          }
        ],
        "fuentes": [
          {
            "id": "f1",
            "tipo": "primaria",
            "titulo": "Reglamento (UE) 2024/1679 del Parlamento Europeo y del Consejo, de 13 de junio de 2024, relativo a las orientaciones de la Unión para el desarrollo de la red transeuropea de transporte. Anexo II, lista de nodos",
            "fecha": "2024-06-13",
            "url": "https://www.boe.es/buscar/doc.php?id=DOUE-L-2024-80996",
            "archivo": "fuentes/2026-08-07_doue_reglamento-2024-1679-rte-t-anexo-ii.pdf"
          },
          {
            "id": "f2",
            "tipo": "primaria",
            "titulo": "Unidades administrativas (municipios) — Instituto Geográfico Nacional, servicio OGC API-Features",
            "fecha": "2026-08-07",
            "url": "https://api-features.ign.es/collections/administrativeunit",
            "archivo": "fuentes/2026-08-07_ign_municipios-nodos-rte-t.json"
          }
        ],
        "aeropuerto": "Global",
        "aeropuerto__v": "confirmado",
        "aeropuerto__f": "f1",
        "puerto_maritimo": "Global (Eivissa)",
        "puerto_maritimo__v": "confirmado",
        "puerto_maritimo__f": "f1"
      }
    },
    {
      "type": "Feature",
      "id": "rte-t:jaen",
      "geometry": {
        "type": "Point",
        "coordinates": [
          -3.76375,
          37.81431
        ]
      },
      "properties": {
        "slug": "jaen",
        "nombre": "Jaén",
        "categoria": "nodo_urbano",
        "descripcion": "Nodo español de la red transeuropea de transporte: nodo urbano. El registro es la DESIGNACIÓN del Reglamento, no la instalación.",
        "estado_registro": "vigente",
        "verif": "confirmado",
        "geo_precision": "municipio",
        "geo_fuente": "punto representativo del municipio «Jaén» en las unidades administrativas del IGN",
        "fecha_alta": "2026-08-07",
        "fecha_verificacion": "2026-08-07",
        "municipio": "Jaén",
        "nodo_urbano": true,
        "nodo_urbano__v": "confirmado",
        "nodo_urbano__f": "f1",
        "claves": [
          {
            "k": "Qué es el nodo en el Reglamento",
            "v": "Nodo urbano. Solo nodo urbano: el Anexo II no le asigna ninguna infraestructura de transporte, y por eso tampoco red básica ni global.",
            "verif": "confirmado",
            "fuente": "f1"
          },
          {
            "k": "Qué separa la red básica de la global",
            "v": "Son los dos plazos del Reglamento: la red BÁSICA debe estar terminada en 2030 y la GLOBAL en 2050. No es una escala de importancia, es un calendario con fuerza legal.",
            "verif": "confirmado",
            "fuente": "f1"
          }
        ],
        "fuentes": [
          {
            "id": "f1",
            "tipo": "primaria",
            "titulo": "Reglamento (UE) 2024/1679 del Parlamento Europeo y del Consejo, de 13 de junio de 2024, relativo a las orientaciones de la Unión para el desarrollo de la red transeuropea de transporte. Anexo II, lista de nodos",
            "fecha": "2024-06-13",
            "url": "https://www.boe.es/buscar/doc.php?id=DOUE-L-2024-80996",
            "archivo": "fuentes/2026-08-07_doue_reglamento-2024-1679-rte-t-anexo-ii.pdf"
          },
          {
            "id": "f2",
            "tipo": "primaria",
            "titulo": "Unidades administrativas (municipios) — Instituto Geográfico Nacional, servicio OGC API-Features",
            "fecha": "2026-08-07",
            "url": "https://api-features.ign.es/collections/administrativeunit",
            "archivo": "fuentes/2026-08-07_ign_municipios-nodos-rte-t.json"
          }
        ]
      }
    },
    {
      "type": "Feature",
      "id": "rte-t:jerez",
      "geometry": {
        "type": "Point",
        "coordinates": [
          -5.86121,
          36.62156
        ]
      },
      "properties": {
        "slug": "jerez",
        "nombre": "Jerez",
        "categoria": "red_global",
        "descripcion": "Nodo español de la red transeuropea de transporte: nodo urbano, aeropuerto (Global). El registro es la DESIGNACIÓN del Reglamento, no la instalación.",
        "estado_registro": "vigente",
        "verif": "confirmado",
        "geo_precision": "municipio",
        "geo_fuente": "punto representativo del municipio «Jerez de la Frontera» en las unidades administrativas del IGN",
        "fecha_alta": "2026-08-07",
        "fecha_verificacion": "2026-08-07",
        "municipio": "Jerez de la Frontera",
        "nodo_urbano": true,
        "nodo_urbano__v": "confirmado",
        "nodo_urbano__f": "f1",
        "claves": [
          {
            "k": "Qué es el nodo en el Reglamento",
            "v": "Nodo urbano. Y además: aeropuerto — «Global», verbatim del Anexo II",
            "verif": "confirmado",
            "fuente": "f1"
          },
          {
            "k": "Qué separa la red básica de la global",
            "v": "Son los dos plazos del Reglamento: la red BÁSICA debe estar terminada en 2030 y la GLOBAL en 2050. No es una escala de importancia, es un calendario con fuerza legal.",
            "verif": "confirmado",
            "fuente": "f1"
          },
          {
            "k": "Cómo se sitúa este nodo",
            "v": "El Reglamento lo llama «Jerez» y el punto es el municipio «Jerez de la Frontera» del IGN: el Reglamento abrevia el nombre del municipio. La equivalencia la declara el atlas y se puede discutir; no la ha hecho un emparejador automático.",
            "verif": "parcial",
            "fuente": "f2"
          }
        ],
        "fuentes": [
          {
            "id": "f1",
            "tipo": "primaria",
            "titulo": "Reglamento (UE) 2024/1679 del Parlamento Europeo y del Consejo, de 13 de junio de 2024, relativo a las orientaciones de la Unión para el desarrollo de la red transeuropea de transporte. Anexo II, lista de nodos",
            "fecha": "2024-06-13",
            "url": "https://www.boe.es/buscar/doc.php?id=DOUE-L-2024-80996",
            "archivo": "fuentes/2026-08-07_doue_reglamento-2024-1679-rte-t-anexo-ii.pdf"
          },
          {
            "id": "f2",
            "tipo": "primaria",
            "titulo": "Unidades administrativas (municipios) — Instituto Geográfico Nacional, servicio OGC API-Features",
            "fecha": "2026-08-07",
            "url": "https://api-features.ign.es/collections/administrativeunit",
            "archivo": "fuentes/2026-08-07_ign_municipios-nodos-rte-t.json"
          }
        ],
        "aeropuerto": "Global",
        "aeropuerto__v": "confirmado",
        "aeropuerto__f": "f1"
      }
    },
    {
      "type": "Feature",
      "id": "rte-t:la-savina-formentera",
      "geometry": {
        "type": "Point",
        "coordinates": [
          1.45854,
          38.69628
        ]
      },
      "properties": {
        "slug": "la-savina-formentera",
        "nombre": "La Savina (Formentera)",
        "categoria": "red_global",
        "descripcion": "Nodo español de la red transeuropea de transporte: puerto marítimo (Global (Cala Sabina)). El registro es la DESIGNACIÓN del Reglamento, no la instalación.",
        "estado_registro": "vigente",
        "verif": "confirmado",
        "geo_precision": "municipio",
        "geo_fuente": "punto representativo del municipio «Formentera» en las unidades administrativas del IGN",
        "fecha_alta": "2026-08-07",
        "fecha_verificacion": "2026-08-07",
        "municipio": "Formentera",
        "nodo_urbano": false,
        "nodo_urbano__v": "confirmado",
        "nodo_urbano__f": "f1",
        "claves": [
          {
            "k": "Qué es el nodo en el Reglamento",
            "v": "puerto marítimo — «Global (Cala Sabina)», verbatim del Anexo II",
            "verif": "confirmado",
            "fuente": "f1"
          },
          {
            "k": "Qué separa la red básica de la global",
            "v": "Son los dos plazos del Reglamento: la red BÁSICA debe estar terminada en 2030 y la GLOBAL en 2050. No es una escala de importancia, es un calendario con fuerza legal.",
            "verif": "confirmado",
            "fuente": "f1"
          },
          {
            "k": "Cómo se sitúa este nodo",
            "v": "El Reglamento lo llama «La Savina (Formentera)» y el punto es el municipio «Formentera» del IGN: La Savina es el puerto; el municipio es Formentera. La equivalencia la declara el atlas y se puede discutir; no la ha hecho un emparejador automático.",
            "verif": "parcial",
            "fuente": "f2"
          }
        ],
        "fuentes": [
          {
            "id": "f1",
            "tipo": "primaria",
            "titulo": "Reglamento (UE) 2024/1679 del Parlamento Europeo y del Consejo, de 13 de junio de 2024, relativo a las orientaciones de la Unión para el desarrollo de la red transeuropea de transporte. Anexo II, lista de nodos",
            "fecha": "2024-06-13",
            "url": "https://www.boe.es/buscar/doc.php?id=DOUE-L-2024-80996",
            "archivo": "fuentes/2026-08-07_doue_reglamento-2024-1679-rte-t-anexo-ii.pdf"
          },
          {
            "id": "f2",
            "tipo": "primaria",
            "titulo": "Unidades administrativas (municipios) — Instituto Geográfico Nacional, servicio OGC API-Features",
            "fecha": "2026-08-07",
            "url": "https://api-features.ign.es/collections/administrativeunit",
            "archivo": "fuentes/2026-08-07_ign_municipios-nodos-rte-t.json"
          }
        ],
        "puerto_maritimo": "Global (Cala Sabina)",
        "puerto_maritimo__v": "confirmado",
        "puerto_maritimo__f": "f1"
      }
    },
    {
      "type": "Feature",
      "id": "rte-t:leon",
      "geometry": {
        "type": "Point",
        "coordinates": [
          -5.56948,
          42.57304
        ]
      },
      "properties": {
        "slug": "leon",
        "nombre": "León",
        "categoria": "red_basica",
        "descripcion": "Nodo español de la red transeuropea de transporte: nodo urbano, aeropuerto (Global), terminal ferrocarril-carretera (Básica). El registro es la DESIGNACIÓN del Reglamento, no la instalación.",
        "estado_registro": "vigente",
        "verif": "confirmado",
        "geo_precision": "municipio",
        "geo_fuente": "punto representativo del municipio «León» en las unidades administrativas del IGN",
        "fecha_alta": "2026-08-07",
        "fecha_verificacion": "2026-08-07",
        "municipio": "León",
        "nodo_urbano": true,
        "nodo_urbano__v": "confirmado",
        "nodo_urbano__f": "f1",
        "claves": [
          {
            "k": "Qué es el nodo en el Reglamento",
            "v": "Nodo urbano. Y además: aeropuerto — «Global», verbatim del Anexo II; terminal ferrocarril-carretera — «Básica», verbatim del Anexo II",
            "verif": "confirmado",
            "fuente": "f1"
          },
          {
            "k": "Qué separa la red básica de la global",
            "v": "Son los dos plazos del Reglamento: la red BÁSICA debe estar terminada en 2030 y la GLOBAL en 2050. No es una escala de importancia, es un calendario con fuerza legal.",
            "verif": "confirmado",
            "fuente": "f1"
          }
        ],
        "fuentes": [
          {
            "id": "f1",
            "tipo": "primaria",
            "titulo": "Reglamento (UE) 2024/1679 del Parlamento Europeo y del Consejo, de 13 de junio de 2024, relativo a las orientaciones de la Unión para el desarrollo de la red transeuropea de transporte. Anexo II, lista de nodos",
            "fecha": "2024-06-13",
            "url": "https://www.boe.es/buscar/doc.php?id=DOUE-L-2024-80996",
            "archivo": "fuentes/2026-08-07_doue_reglamento-2024-1679-rte-t-anexo-ii.pdf"
          },
          {
            "id": "f2",
            "tipo": "primaria",
            "titulo": "Unidades administrativas (municipios) — Instituto Geográfico Nacional, servicio OGC API-Features",
            "fecha": "2026-08-07",
            "url": "https://api-features.ign.es/collections/administrativeunit",
            "archivo": "fuentes/2026-08-07_ign_municipios-nodos-rte-t.json"
          }
        ],
        "aeropuerto": "Global",
        "aeropuerto__v": "confirmado",
        "aeropuerto__f": "f1",
        "terminal_ff_carretera": "Básica",
        "terminal_ff_carretera__v": "confirmado",
        "terminal_ff_carretera__f": "f1"
      }
    },
    {
      "type": "Feature",
      "id": "rte-t:linares",
      "geometry": {
        "type": "Point",
        "coordinates": [
          -3.64602,
          38.09601
        ]
      },
      "properties": {
        "slug": "linares",
        "nombre": "Linares",
        "categoria": "red_global",
        "descripcion": "Nodo español de la red transeuropea de transporte: terminal ferrocarril-carretera (Global). El registro es la DESIGNACIÓN del Reglamento, no la instalación.",
        "estado_registro": "vigente",
        "verif": "confirmado",
        "geo_precision": "municipio",
        "geo_fuente": "punto representativo del municipio «Linares» en las unidades administrativas del IGN",
        "fecha_alta": "2026-08-07",
        "fecha_verificacion": "2026-08-07",
        "municipio": "Linares",
        "nodo_urbano": false,
        "nodo_urbano__v": "confirmado",
        "nodo_urbano__f": "f1",
        "claves": [
          {
            "k": "Qué es el nodo en el Reglamento",
            "v": "terminal ferrocarril-carretera — «Global», verbatim del Anexo II",
            "verif": "confirmado",
            "fuente": "f1"
          },
          {
            "k": "Qué separa la red básica de la global",
            "v": "Son los dos plazos del Reglamento: la red BÁSICA debe estar terminada en 2030 y la GLOBAL en 2050. No es una escala de importancia, es un calendario con fuerza legal.",
            "verif": "confirmado",
            "fuente": "f1"
          }
        ],
        "fuentes": [
          {
            "id": "f1",
            "tipo": "primaria",
            "titulo": "Reglamento (UE) 2024/1679 del Parlamento Europeo y del Consejo, de 13 de junio de 2024, relativo a las orientaciones de la Unión para el desarrollo de la red transeuropea de transporte. Anexo II, lista de nodos",
            "fecha": "2024-06-13",
            "url": "https://www.boe.es/buscar/doc.php?id=DOUE-L-2024-80996",
            "archivo": "fuentes/2026-08-07_doue_reglamento-2024-1679-rte-t-anexo-ii.pdf"
          },
          {
            "id": "f2",
            "tipo": "primaria",
            "titulo": "Unidades administrativas (municipios) — Instituto Geográfico Nacional, servicio OGC API-Features",
            "fecha": "2026-08-07",
            "url": "https://api-features.ign.es/collections/administrativeunit",
            "archivo": "fuentes/2026-08-07_ign_municipios-nodos-rte-t.json"
          }
        ],
        "terminal_ff_carretera": "Global",
        "terminal_ff_carretera__v": "confirmado",
        "terminal_ff_carretera__f": "f1"
      }
    },
    {
      "type": "Feature",
      "id": "rte-t:lleida-lerida",
      "geometry": {
        "type": "Point",
        "coordinates": [
          0.62265,
          41.61647
        ]
      },
      "properties": {
        "slug": "lleida-lerida",
        "nombre": "Lleida/Lérida",
        "categoria": "nodo_urbano",
        "descripcion": "Nodo español de la red transeuropea de transporte: nodo urbano. El registro es la DESIGNACIÓN del Reglamento, no la instalación.",
        "estado_registro": "vigente",
        "verif": "confirmado",
        "geo_precision": "municipio",
        "geo_fuente": "punto representativo del municipio «Lleida» en las unidades administrativas del IGN",
        "fecha_alta": "2026-08-07",
        "fecha_verificacion": "2026-08-07",
        "municipio": "Lleida",
        "nodo_urbano": true,
        "nodo_urbano__v": "confirmado",
        "nodo_urbano__f": "f1",
        "claves": [
          {
            "k": "Qué es el nodo en el Reglamento",
            "v": "Nodo urbano. Solo nodo urbano: el Anexo II no le asigna ninguna infraestructura de transporte, y por eso tampoco red básica ni global.",
            "verif": "confirmado",
            "fuente": "f1"
          },
          {
            "k": "Qué separa la red básica de la global",
            "v": "Son los dos plazos del Reglamento: la red BÁSICA debe estar terminada en 2030 y la GLOBAL en 2050. No es una escala de importancia, es un calendario con fuerza legal.",
            "verif": "confirmado",
            "fuente": "f1"
          },
          {
            "k": "Cómo se sitúa este nodo",
            "v": "El Reglamento lo llama «Lleida/Lérida» y el punto es el municipio «Lleida» del IGN: forma bilingüe; el IGN rotula el municipio en catalán. La equivalencia la declara el atlas y se puede discutir; no la ha hecho un emparejador automático.",
            "verif": "parcial",
            "fuente": "f2"
          }
        ],
        "fuentes": [
          {
            "id": "f1",
            "tipo": "primaria",
            "titulo": "Reglamento (UE) 2024/1679 del Parlamento Europeo y del Consejo, de 13 de junio de 2024, relativo a las orientaciones de la Unión para el desarrollo de la red transeuropea de transporte. Anexo II, lista de nodos",
            "fecha": "2024-06-13",
            "url": "https://www.boe.es/buscar/doc.php?id=DOUE-L-2024-80996",
            "archivo": "fuentes/2026-08-07_doue_reglamento-2024-1679-rte-t-anexo-ii.pdf"
          },
          {
            "id": "f2",
            "tipo": "primaria",
            "titulo": "Unidades administrativas (municipios) — Instituto Geográfico Nacional, servicio OGC API-Features",
            "fecha": "2026-08-07",
            "url": "https://api-features.ign.es/collections/administrativeunit",
            "archivo": "fuentes/2026-08-07_ign_municipios-nodos-rte-t.json"
          }
        ]
      }
    },
    {
      "type": "Feature",
      "id": "rte-t:logrono",
      "geometry": {
        "type": "Point",
        "coordinates": [
          -2.44539,
          42.46637
        ]
      },
      "properties": {
        "slug": "logrono",
        "nombre": "Logroño",
        "categoria": "red_global",
        "descripcion": "Nodo español de la red transeuropea de transporte: nodo urbano, terminal ferrocarril-carretera (Global). El registro es la DESIGNACIÓN del Reglamento, no la instalación.",
        "estado_registro": "vigente",
        "verif": "confirmado",
        "geo_precision": "municipio",
        "geo_fuente": "punto representativo del municipio «Logroño» en las unidades administrativas del IGN",
        "fecha_alta": "2026-08-07",
        "fecha_verificacion": "2026-08-07",
        "municipio": "Logroño",
        "nodo_urbano": true,
        "nodo_urbano__v": "confirmado",
        "nodo_urbano__f": "f1",
        "claves": [
          {
            "k": "Qué es el nodo en el Reglamento",
            "v": "Nodo urbano. Y además: terminal ferrocarril-carretera — «Global», verbatim del Anexo II",
            "verif": "confirmado",
            "fuente": "f1"
          },
          {
            "k": "Qué separa la red básica de la global",
            "v": "Son los dos plazos del Reglamento: la red BÁSICA debe estar terminada en 2030 y la GLOBAL en 2050. No es una escala de importancia, es un calendario con fuerza legal.",
            "verif": "confirmado",
            "fuente": "f1"
          }
        ],
        "fuentes": [
          {
            "id": "f1",
            "tipo": "primaria",
            "titulo": "Reglamento (UE) 2024/1679 del Parlamento Europeo y del Consejo, de 13 de junio de 2024, relativo a las orientaciones de la Unión para el desarrollo de la red transeuropea de transporte. Anexo II, lista de nodos",
            "fecha": "2024-06-13",
            "url": "https://www.boe.es/buscar/doc.php?id=DOUE-L-2024-80996",
            "archivo": "fuentes/2026-08-07_doue_reglamento-2024-1679-rte-t-anexo-ii.pdf"
          },
          {
            "id": "f2",
            "tipo": "primaria",
            "titulo": "Unidades administrativas (municipios) — Instituto Geográfico Nacional, servicio OGC API-Features",
            "fecha": "2026-08-07",
            "url": "https://api-features.ign.es/collections/administrativeunit",
            "archivo": "fuentes/2026-08-07_ign_municipios-nodos-rte-t.json"
          }
        ],
        "terminal_ff_carretera": "Global",
        "terminal_ff_carretera__v": "confirmado",
        "terminal_ff_carretera__f": "f1"
      }
    },
    {
      "type": "Feature",
      "id": "rte-t:los-cristianos-tenerife",
      "geometry": {
        "type": "Point",
        "coordinates": [
          -16.69431,
          28.03336
        ]
      },
      "properties": {
        "slug": "los-cristianos-tenerife",
        "nombre": "Los Cristianos (Tenerife)",
        "categoria": "red_global",
        "descripcion": "Nodo español de la red transeuropea de transporte: puerto marítimo (Global). El registro es la DESIGNACIÓN del Reglamento, no la instalación.",
        "estado_registro": "vigente",
        "verif": "confirmado",
        "geo_precision": "municipio",
        "geo_fuente": "punto representativo del municipio «Arona» en las unidades administrativas del IGN",
        "fecha_alta": "2026-08-07",
        "fecha_verificacion": "2026-08-07",
        "municipio": "Arona",
        "nodo_urbano": false,
        "nodo_urbano__v": "confirmado",
        "nodo_urbano__f": "f1",
        "claves": [
          {
            "k": "Qué es el nodo en el Reglamento",
            "v": "puerto marítimo — «Global», verbatim del Anexo II",
            "verif": "confirmado",
            "fuente": "f1"
          },
          {
            "k": "Qué separa la red básica de la global",
            "v": "Son los dos plazos del Reglamento: la red BÁSICA debe estar terminada en 2030 y la GLOBAL en 2050. No es una escala de importancia, es un calendario con fuerza legal.",
            "verif": "confirmado",
            "fuente": "f1"
          },
          {
            "k": "Cómo se sitúa este nodo",
            "v": "El Reglamento lo llama «Los Cristianos (Tenerife)» y el punto es el municipio «Arona» del IGN: Los Cristianos es un núcleo del municipio de Arona. La equivalencia la declara el atlas y se puede discutir; no la ha hecho un emparejador automático.",
            "verif": "parcial",
            "fuente": "f2"
          }
        ],
        "fuentes": [
          {
            "id": "f1",
            "tipo": "primaria",
            "titulo": "Reglamento (UE) 2024/1679 del Parlamento Europeo y del Consejo, de 13 de junio de 2024, relativo a las orientaciones de la Unión para el desarrollo de la red transeuropea de transporte. Anexo II, lista de nodos",
            "fecha": "2024-06-13",
            "url": "https://www.boe.es/buscar/doc.php?id=DOUE-L-2024-80996",
            "archivo": "fuentes/2026-08-07_doue_reglamento-2024-1679-rte-t-anexo-ii.pdf"
          },
          {
            "id": "f2",
            "tipo": "primaria",
            "titulo": "Unidades administrativas (municipios) — Instituto Geográfico Nacional, servicio OGC API-Features",
            "fecha": "2026-08-07",
            "url": "https://api-features.ign.es/collections/administrativeunit",
            "archivo": "fuentes/2026-08-07_ign_municipios-nodos-rte-t.json"
          }
        ],
        "puerto_maritimo": "Global",
        "puerto_maritimo__v": "confirmado",
        "puerto_maritimo__f": "f1"
      }
    },
    {
      "type": "Feature",
      "id": "rte-t:lugo",
      "geometry": {
        "type": "Point",
        "coordinates": [
          -7.50135,
          43.00145
        ]
      },
      "properties": {
        "slug": "lugo",
        "nombre": "Lugo",
        "categoria": "nodo_urbano",
        "descripcion": "Nodo español de la red transeuropea de transporte: nodo urbano. El registro es la DESIGNACIÓN del Reglamento, no la instalación.",
        "estado_registro": "vigente",
        "verif": "confirmado",
        "geo_precision": "municipio",
        "geo_fuente": "punto representativo del municipio «Lugo» en las unidades administrativas del IGN",
        "fecha_alta": "2026-08-07",
        "fecha_verificacion": "2026-08-07",
        "municipio": "Lugo",
        "nodo_urbano": true,
        "nodo_urbano__v": "confirmado",
        "nodo_urbano__f": "f1",
        "claves": [
          {
            "k": "Qué es el nodo en el Reglamento",
            "v": "Nodo urbano. Solo nodo urbano: el Anexo II no le asigna ninguna infraestructura de transporte, y por eso tampoco red básica ni global.",
            "verif": "confirmado",
            "fuente": "f1"
          },
          {
            "k": "Qué separa la red básica de la global",
            "v": "Son los dos plazos del Reglamento: la red BÁSICA debe estar terminada en 2030 y la GLOBAL en 2050. No es una escala de importancia, es un calendario con fuerza legal.",
            "verif": "confirmado",
            "fuente": "f1"
          }
        ],
        "fuentes": [
          {
            "id": "f1",
            "tipo": "primaria",
            "titulo": "Reglamento (UE) 2024/1679 del Parlamento Europeo y del Consejo, de 13 de junio de 2024, relativo a las orientaciones de la Unión para el desarrollo de la red transeuropea de transporte. Anexo II, lista de nodos",
            "fecha": "2024-06-13",
            "url": "https://www.boe.es/buscar/doc.php?id=DOUE-L-2024-80996",
            "archivo": "fuentes/2026-08-07_doue_reglamento-2024-1679-rte-t-anexo-ii.pdf"
          },
          {
            "id": "f2",
            "tipo": "primaria",
            "titulo": "Unidades administrativas (municipios) — Instituto Geográfico Nacional, servicio OGC API-Features",
            "fecha": "2026-08-07",
            "url": "https://api-features.ign.es/collections/administrativeunit",
            "archivo": "fuentes/2026-08-07_ign_municipios-nodos-rte-t.json"
          }
        ]
      }
    },
    {
      "type": "Feature",
      "id": "rte-t:mahon-menorca",
      "geometry": {
        "type": "Point",
        "coordinates": [
          4.24433,
          39.91467
        ]
      },
      "properties": {
        "slug": "mahon-menorca",
        "nombre": "Mahon (Menorca)",
        "categoria": "red_global",
        "descripcion": "Nodo español de la red transeuropea de transporte: aeropuerto (Global), puerto marítimo (Global). El registro es la DESIGNACIÓN del Reglamento, no la instalación.",
        "estado_registro": "vigente",
        "verif": "confirmado",
        "geo_precision": "municipio",
        "geo_fuente": "punto representativo del municipio «Maó» en las unidades administrativas del IGN",
        "fecha_alta": "2026-08-07",
        "fecha_verificacion": "2026-08-07",
        "municipio": "Maó",
        "nodo_urbano": false,
        "nodo_urbano__v": "confirmado",
        "nodo_urbano__f": "f1",
        "claves": [
          {
            "k": "Qué es el nodo en el Reglamento",
            "v": "aeropuerto — «Global», verbatim del Anexo II; puerto marítimo — «Global», verbatim del Anexo II",
            "verif": "confirmado",
            "fuente": "f1"
          },
          {
            "k": "Qué separa la red básica de la global",
            "v": "Son los dos plazos del Reglamento: la red BÁSICA debe estar terminada en 2030 y la GLOBAL en 2050. No es una escala de importancia, es un calendario con fuerza legal.",
            "verif": "confirmado",
            "fuente": "f1"
          },
          {
            "k": "Cómo se sitúa este nodo",
            "v": "El Reglamento lo llama «Mahon (Menorca)» y el punto es el municipio «Maó» del IGN: exónimo; el IGN rotula el municipio en catalán. La equivalencia la declara el atlas y se puede discutir; no la ha hecho un emparejador automático.",
            "verif": "parcial",
            "fuente": "f2"
          }
        ],
        "fuentes": [
          {
            "id": "f1",
            "tipo": "primaria",
            "titulo": "Reglamento (UE) 2024/1679 del Parlamento Europeo y del Consejo, de 13 de junio de 2024, relativo a las orientaciones de la Unión para el desarrollo de la red transeuropea de transporte. Anexo II, lista de nodos",
            "fecha": "2024-06-13",
            "url": "https://www.boe.es/buscar/doc.php?id=DOUE-L-2024-80996",
            "archivo": "fuentes/2026-08-07_doue_reglamento-2024-1679-rte-t-anexo-ii.pdf"
          },
          {
            "id": "f2",
            "tipo": "primaria",
            "titulo": "Unidades administrativas (municipios) — Instituto Geográfico Nacional, servicio OGC API-Features",
            "fecha": "2026-08-07",
            "url": "https://api-features.ign.es/collections/administrativeunit",
            "archivo": "fuentes/2026-08-07_ign_municipios-nodos-rte-t.json"
          }
        ],
        "aeropuerto": "Global",
        "aeropuerto__v": "confirmado",
        "aeropuerto__f": "f1",
        "puerto_maritimo": "Global",
        "puerto_maritimo__v": "confirmado",
        "puerto_maritimo__f": "f1"
      }
    },
    {
      "type": "Feature",
      "id": "rte-t:marbella",
      "geometry": {
        "type": "Point",
        "coordinates": [
          -4.92228,
          36.50519
        ]
      },
      "properties": {
        "slug": "marbella",
        "nombre": "Marbella",
        "categoria": "nodo_urbano",
        "descripcion": "Nodo español de la red transeuropea de transporte: nodo urbano. El registro es la DESIGNACIÓN del Reglamento, no la instalación.",
        "estado_registro": "vigente",
        "verif": "confirmado",
        "geo_precision": "municipio",
        "geo_fuente": "punto representativo del municipio «Marbella» en las unidades administrativas del IGN",
        "fecha_alta": "2026-08-07",
        "fecha_verificacion": "2026-08-07",
        "municipio": "Marbella",
        "nodo_urbano": true,
        "nodo_urbano__v": "confirmado",
        "nodo_urbano__f": "f1",
        "claves": [
          {
            "k": "Qué es el nodo en el Reglamento",
            "v": "Nodo urbano. Solo nodo urbano: el Anexo II no le asigna ninguna infraestructura de transporte, y por eso tampoco red básica ni global.",
            "verif": "confirmado",
            "fuente": "f1"
          },
          {
            "k": "Qué separa la red básica de la global",
            "v": "Son los dos plazos del Reglamento: la red BÁSICA debe estar terminada en 2030 y la GLOBAL en 2050. No es una escala de importancia, es un calendario con fuerza legal.",
            "verif": "confirmado",
            "fuente": "f1"
          }
        ],
        "fuentes": [
          {
            "id": "f1",
            "tipo": "primaria",
            "titulo": "Reglamento (UE) 2024/1679 del Parlamento Europeo y del Consejo, de 13 de junio de 2024, relativo a las orientaciones de la Unión para el desarrollo de la red transeuropea de transporte. Anexo II, lista de nodos",
            "fecha": "2024-06-13",
            "url": "https://www.boe.es/buscar/doc.php?id=DOUE-L-2024-80996",
            "archivo": "fuentes/2026-08-07_doue_reglamento-2024-1679-rte-t-anexo-ii.pdf"
          },
          {
            "id": "f2",
            "tipo": "primaria",
            "titulo": "Unidades administrativas (municipios) — Instituto Geográfico Nacional, servicio OGC API-Features",
            "fecha": "2026-08-07",
            "url": "https://api-features.ign.es/collections/administrativeunit",
            "archivo": "fuentes/2026-08-07_ign_municipios-nodos-rte-t.json"
          }
        ]
      }
    },
    {
      "type": "Feature",
      "id": "rte-t:melilla",
      "geometry": {
        "type": "Point",
        "coordinates": [
          -2.93533,
          35.29447
        ]
      },
      "properties": {
        "slug": "melilla",
        "nombre": "Melilla",
        "categoria": "red_global",
        "descripcion": "Nodo español de la red transeuropea de transporte: nodo urbano, aeropuerto (Global), puerto marítimo (Global). El registro es la DESIGNACIÓN del Reglamento, no la instalación.",
        "estado_registro": "vigente",
        "verif": "confirmado",
        "geo_precision": "municipio",
        "geo_fuente": "punto representativo del municipio «Melilla» en las unidades administrativas del IGN",
        "fecha_alta": "2026-08-07",
        "fecha_verificacion": "2026-08-07",
        "municipio": "Melilla",
        "nodo_urbano": true,
        "nodo_urbano__v": "confirmado",
        "nodo_urbano__f": "f1",
        "claves": [
          {
            "k": "Qué es el nodo en el Reglamento",
            "v": "Nodo urbano. Y además: aeropuerto — «Global», verbatim del Anexo II; puerto marítimo — «Global», verbatim del Anexo II",
            "verif": "confirmado",
            "fuente": "f1"
          },
          {
            "k": "Qué separa la red básica de la global",
            "v": "Son los dos plazos del Reglamento: la red BÁSICA debe estar terminada en 2030 y la GLOBAL en 2050. No es una escala de importancia, es un calendario con fuerza legal.",
            "verif": "confirmado",
            "fuente": "f1"
          }
        ],
        "fuentes": [
          {
            "id": "f1",
            "tipo": "primaria",
            "titulo": "Reglamento (UE) 2024/1679 del Parlamento Europeo y del Consejo, de 13 de junio de 2024, relativo a las orientaciones de la Unión para el desarrollo de la red transeuropea de transporte. Anexo II, lista de nodos",
            "fecha": "2024-06-13",
            "url": "https://www.boe.es/buscar/doc.php?id=DOUE-L-2024-80996",
            "archivo": "fuentes/2026-08-07_doue_reglamento-2024-1679-rte-t-anexo-ii.pdf"
          },
          {
            "id": "f2",
            "tipo": "primaria",
            "titulo": "Unidades administrativas (municipios) — Instituto Geográfico Nacional, servicio OGC API-Features",
            "fecha": "2026-08-07",
            "url": "https://api-features.ign.es/collections/administrativeunit",
            "archivo": "fuentes/2026-08-07_ign_municipios-nodos-rte-t.json"
          }
        ],
        "aeropuerto": "Global",
        "aeropuerto__v": "confirmado",
        "aeropuerto__f": "f1",
        "puerto_maritimo": "Global",
        "puerto_maritimo__v": "confirmado",
        "puerto_maritimo__f": "f1"
      }
    },
    {
      "type": "Feature",
      "id": "rte-t:monforte-de-lemos",
      "geometry": {
        "type": "Point",
        "coordinates": [
          -7.50286,
          42.50705
        ]
      },
      "properties": {
        "slug": "monforte-de-lemos",
        "nombre": "Monforte de Lemos",
        "categoria": "red_global",
        "descripcion": "Nodo español de la red transeuropea de transporte: terminal ferrocarril-carretera (Global). El registro es la DESIGNACIÓN del Reglamento, no la instalación.",
        "estado_registro": "vigente",
        "verif": "confirmado",
        "geo_precision": "municipio",
        "geo_fuente": "punto representativo del municipio «Monforte de Lemos» en las unidades administrativas del IGN",
        "fecha_alta": "2026-08-07",
        "fecha_verificacion": "2026-08-07",
        "municipio": "Monforte de Lemos",
        "nodo_urbano": false,
        "nodo_urbano__v": "confirmado",
        "nodo_urbano__f": "f1",
        "claves": [
          {
            "k": "Qué es el nodo en el Reglamento",
            "v": "terminal ferrocarril-carretera — «Global», verbatim del Anexo II",
            "verif": "confirmado",
            "fuente": "f1"
          },
          {
            "k": "Qué separa la red básica de la global",
            "v": "Son los dos plazos del Reglamento: la red BÁSICA debe estar terminada en 2030 y la GLOBAL en 2050. No es una escala de importancia, es un calendario con fuerza legal.",
            "verif": "confirmado",
            "fuente": "f1"
          }
        ],
        "fuentes": [
          {
            "id": "f1",
            "tipo": "primaria",
            "titulo": "Reglamento (UE) 2024/1679 del Parlamento Europeo y del Consejo, de 13 de junio de 2024, relativo a las orientaciones de la Unión para el desarrollo de la red transeuropea de transporte. Anexo II, lista de nodos",
            "fecha": "2024-06-13",
            "url": "https://www.boe.es/buscar/doc.php?id=DOUE-L-2024-80996",
            "archivo": "fuentes/2026-08-07_doue_reglamento-2024-1679-rte-t-anexo-ii.pdf"
          },
          {
            "id": "f2",
            "tipo": "primaria",
            "titulo": "Unidades administrativas (municipios) — Instituto Geográfico Nacional, servicio OGC API-Features",
            "fecha": "2026-08-07",
            "url": "https://api-features.ign.es/collections/administrativeunit",
            "archivo": "fuentes/2026-08-07_ign_municipios-nodos-rte-t.json"
          }
        ],
        "terminal_ff_carretera": "Global",
        "terminal_ff_carretera__v": "confirmado",
        "terminal_ff_carretera__f": "f1"
      }
    },
    {
      "type": "Feature",
      "id": "rte-t:motril",
      "geometry": {
        "type": "Point",
        "coordinates": [
          -3.49018,
          36.72498
        ]
      },
      "properties": {
        "slug": "motril",
        "nombre": "Motril",
        "categoria": "red_global",
        "descripcion": "Nodo español de la red transeuropea de transporte: puerto marítimo (Global). El registro es la DESIGNACIÓN del Reglamento, no la instalación.",
        "estado_registro": "vigente",
        "verif": "confirmado",
        "geo_precision": "municipio",
        "geo_fuente": "punto representativo del municipio «Motril» en las unidades administrativas del IGN",
        "fecha_alta": "2026-08-07",
        "fecha_verificacion": "2026-08-07",
        "municipio": "Motril",
        "nodo_urbano": false,
        "nodo_urbano__v": "confirmado",
        "nodo_urbano__f": "f1",
        "claves": [
          {
            "k": "Qué es el nodo en el Reglamento",
            "v": "puerto marítimo — «Global», verbatim del Anexo II",
            "verif": "confirmado",
            "fuente": "f1"
          },
          {
            "k": "Qué separa la red básica de la global",
            "v": "Son los dos plazos del Reglamento: la red BÁSICA debe estar terminada en 2030 y la GLOBAL en 2050. No es una escala de importancia, es un calendario con fuerza legal.",
            "verif": "confirmado",
            "fuente": "f1"
          }
        ],
        "fuentes": [
          {
            "id": "f1",
            "tipo": "primaria",
            "titulo": "Reglamento (UE) 2024/1679 del Parlamento Europeo y del Consejo, de 13 de junio de 2024, relativo a las orientaciones de la Unión para el desarrollo de la red transeuropea de transporte. Anexo II, lista de nodos",
            "fecha": "2024-06-13",
            "url": "https://www.boe.es/buscar/doc.php?id=DOUE-L-2024-80996",
            "archivo": "fuentes/2026-08-07_doue_reglamento-2024-1679-rte-t-anexo-ii.pdf"
          },
          {
            "id": "f2",
            "tipo": "primaria",
            "titulo": "Unidades administrativas (municipios) — Instituto Geográfico Nacional, servicio OGC API-Features",
            "fecha": "2026-08-07",
            "url": "https://api-features.ign.es/collections/administrativeunit",
            "archivo": "fuentes/2026-08-07_ign_municipios-nodos-rte-t.json"
          }
        ],
        "puerto_maritimo": "Global",
        "puerto_maritimo__v": "confirmado",
        "puerto_maritimo__f": "f1"
      }
    },
    {
      "type": "Feature",
      "id": "rte-t:murcia",
      "geometry": {
        "type": "Point",
        "coordinates": [
          -1.18289,
          37.89632
        ]
      },
      "properties": {
        "slug": "murcia",
        "nombre": "Murcia",
        "categoria": "red_basica",
        "descripcion": "Nodo español de la red transeuropea de transporte: nodo urbano, aeropuerto (Global), terminal ferrocarril-carretera (Básica). El registro es la DESIGNACIÓN del Reglamento, no la instalación.",
        "estado_registro": "vigente",
        "verif": "confirmado",
        "geo_precision": "municipio",
        "geo_fuente": "punto representativo del municipio «Murcia» en las unidades administrativas del IGN",
        "fecha_alta": "2026-08-07",
        "fecha_verificacion": "2026-08-07",
        "municipio": "Murcia",
        "nodo_urbano": true,
        "nodo_urbano__v": "confirmado",
        "nodo_urbano__f": "f1",
        "claves": [
          {
            "k": "Qué es el nodo en el Reglamento",
            "v": "Nodo urbano. Y además: aeropuerto — «Global», verbatim del Anexo II; terminal ferrocarril-carretera — «Básica», verbatim del Anexo II",
            "verif": "confirmado",
            "fuente": "f1"
          },
          {
            "k": "Qué separa la red básica de la global",
            "v": "Son los dos plazos del Reglamento: la red BÁSICA debe estar terminada en 2030 y la GLOBAL en 2050. No es una escala de importancia, es un calendario con fuerza legal.",
            "verif": "confirmado",
            "fuente": "f1"
          }
        ],
        "fuentes": [
          {
            "id": "f1",
            "tipo": "primaria",
            "titulo": "Reglamento (UE) 2024/1679 del Parlamento Europeo y del Consejo, de 13 de junio de 2024, relativo a las orientaciones de la Unión para el desarrollo de la red transeuropea de transporte. Anexo II, lista de nodos",
            "fecha": "2024-06-13",
            "url": "https://www.boe.es/buscar/doc.php?id=DOUE-L-2024-80996",
            "archivo": "fuentes/2026-08-07_doue_reglamento-2024-1679-rte-t-anexo-ii.pdf"
          },
          {
            "id": "f2",
            "tipo": "primaria",
            "titulo": "Unidades administrativas (municipios) — Instituto Geográfico Nacional, servicio OGC API-Features",
            "fecha": "2026-08-07",
            "url": "https://api-features.ign.es/collections/administrativeunit",
            "archivo": "fuentes/2026-08-07_ign_municipios-nodos-rte-t.json"
          }
        ],
        "aeropuerto": "Global",
        "aeropuerto__v": "confirmado",
        "aeropuerto__f": "f1",
        "terminal_ff_carretera": "Básica",
        "terminal_ff_carretera__v": "confirmado",
        "terminal_ff_carretera__f": "f1"
      }
    },
    {
      "type": "Feature",
      "id": "rte-t:malaga",
      "geometry": {
        "type": "Point",
        "coordinates": [
          -4.40341,
          36.7499
        ]
      },
      "properties": {
        "slug": "malaga",
        "nombre": "Málaga",
        "categoria": "red_basica",
        "descripcion": "Nodo español de la red transeuropea de transporte: nodo urbano, aeropuerto (Básica), puerto marítimo (Global). El registro es la DESIGNACIÓN del Reglamento, no la instalación.",
        "estado_registro": "vigente",
        "verif": "confirmado",
        "geo_precision": "municipio",
        "geo_fuente": "punto representativo del municipio «Málaga» en las unidades administrativas del IGN",
        "fecha_alta": "2026-08-07",
        "fecha_verificacion": "2026-08-07",
        "municipio": "Málaga",
        "nodo_urbano": true,
        "nodo_urbano__v": "confirmado",
        "nodo_urbano__f": "f1",
        "claves": [
          {
            "k": "Qué es el nodo en el Reglamento",
            "v": "Nodo urbano. Y además: aeropuerto — «Básica», verbatim del Anexo II; puerto marítimo — «Global», verbatim del Anexo II",
            "verif": "confirmado",
            "fuente": "f1"
          },
          {
            "k": "Qué separa la red básica de la global",
            "v": "Son los dos plazos del Reglamento: la red BÁSICA debe estar terminada en 2030 y la GLOBAL en 2050. No es una escala de importancia, es un calendario con fuerza legal.",
            "verif": "confirmado",
            "fuente": "f1"
          }
        ],
        "fuentes": [
          {
            "id": "f1",
            "tipo": "primaria",
            "titulo": "Reglamento (UE) 2024/1679 del Parlamento Europeo y del Consejo, de 13 de junio de 2024, relativo a las orientaciones de la Unión para el desarrollo de la red transeuropea de transporte. Anexo II, lista de nodos",
            "fecha": "2024-06-13",
            "url": "https://www.boe.es/buscar/doc.php?id=DOUE-L-2024-80996",
            "archivo": "fuentes/2026-08-07_doue_reglamento-2024-1679-rte-t-anexo-ii.pdf"
          },
          {
            "id": "f2",
            "tipo": "primaria",
            "titulo": "Unidades administrativas (municipios) — Instituto Geográfico Nacional, servicio OGC API-Features",
            "fecha": "2026-08-07",
            "url": "https://api-features.ign.es/collections/administrativeunit",
            "archivo": "fuentes/2026-08-07_ign_municipios-nodos-rte-t.json"
          }
        ],
        "aeropuerto": "Básica",
        "aeropuerto__v": "confirmado",
        "aeropuerto__f": "f1",
        "puerto_maritimo": "Global",
        "puerto_maritimo__v": "confirmado",
        "puerto_maritimo__f": "f1"
      }
    },
    {
      "type": "Feature",
      "id": "rte-t:ourense",
      "geometry": {
        "type": "Point",
        "coordinates": [
          -7.90339,
          42.34714
        ]
      },
      "properties": {
        "slug": "ourense",
        "nombre": "Ourense",
        "categoria": "nodo_urbano",
        "descripcion": "Nodo español de la red transeuropea de transporte: nodo urbano. El registro es la DESIGNACIÓN del Reglamento, no la instalación.",
        "estado_registro": "vigente",
        "verif": "confirmado",
        "geo_precision": "municipio",
        "geo_fuente": "punto representativo del municipio «Ourense» en las unidades administrativas del IGN",
        "fecha_alta": "2026-08-07",
        "fecha_verificacion": "2026-08-07",
        "municipio": "Ourense",
        "nodo_urbano": true,
        "nodo_urbano__v": "confirmado",
        "nodo_urbano__f": "f1",
        "claves": [
          {
            "k": "Qué es el nodo en el Reglamento",
            "v": "Nodo urbano. Solo nodo urbano: el Anexo II no le asigna ninguna infraestructura de transporte, y por eso tampoco red básica ni global.",
            "verif": "confirmado",
            "fuente": "f1"
          },
          {
            "k": "Qué separa la red básica de la global",
            "v": "Son los dos plazos del Reglamento: la red BÁSICA debe estar terminada en 2030 y la GLOBAL en 2050. No es una escala de importancia, es un calendario con fuerza legal.",
            "verif": "confirmado",
            "fuente": "f1"
          }
        ],
        "fuentes": [
          {
            "id": "f1",
            "tipo": "primaria",
            "titulo": "Reglamento (UE) 2024/1679 del Parlamento Europeo y del Consejo, de 13 de junio de 2024, relativo a las orientaciones de la Unión para el desarrollo de la red transeuropea de transporte. Anexo II, lista de nodos",
            "fecha": "2024-06-13",
            "url": "https://www.boe.es/buscar/doc.php?id=DOUE-L-2024-80996",
            "archivo": "fuentes/2026-08-07_doue_reglamento-2024-1679-rte-t-anexo-ii.pdf"
          },
          {
            "id": "f2",
            "tipo": "primaria",
            "titulo": "Unidades administrativas (municipios) — Instituto Geográfico Nacional, servicio OGC API-Features",
            "fecha": "2026-08-07",
            "url": "https://api-features.ign.es/collections/administrativeunit",
            "archivo": "fuentes/2026-08-07_ign_municipios-nodos-rte-t.json"
          }
        ]
      }
    },
    {
      "type": "Feature",
      "id": "rte-t:oviedo",
      "geometry": {
        "type": "Point",
        "coordinates": [
          -5.85749,
          43.33897
        ]
      },
      "properties": {
        "slug": "oviedo",
        "nombre": "Oviedo",
        "categoria": "nodo_urbano",
        "descripcion": "Nodo español de la red transeuropea de transporte: nodo urbano. El registro es la DESIGNACIÓN del Reglamento, no la instalación.",
        "estado_registro": "vigente",
        "verif": "confirmado",
        "geo_precision": "municipio",
        "geo_fuente": "punto representativo del municipio «Oviedo» en las unidades administrativas del IGN",
        "fecha_alta": "2026-08-07",
        "fecha_verificacion": "2026-08-07",
        "municipio": "Oviedo",
        "nodo_urbano": true,
        "nodo_urbano__v": "confirmado",
        "nodo_urbano__f": "f1",
        "claves": [
          {
            "k": "Qué es el nodo en el Reglamento",
            "v": "Nodo urbano. Solo nodo urbano: el Anexo II no le asigna ninguna infraestructura de transporte, y por eso tampoco red básica ni global.",
            "verif": "confirmado",
            "fuente": "f1"
          },
          {
            "k": "Qué separa la red básica de la global",
            "v": "Son los dos plazos del Reglamento: la red BÁSICA debe estar terminada en 2030 y la GLOBAL en 2050. No es una escala de importancia, es un calendario con fuerza legal.",
            "verif": "confirmado",
            "fuente": "f1"
          }
        ],
        "fuentes": [
          {
            "id": "f1",
            "tipo": "primaria",
            "titulo": "Reglamento (UE) 2024/1679 del Parlamento Europeo y del Consejo, de 13 de junio de 2024, relativo a las orientaciones de la Unión para el desarrollo de la red transeuropea de transporte. Anexo II, lista de nodos",
            "fecha": "2024-06-13",
            "url": "https://www.boe.es/buscar/doc.php?id=DOUE-L-2024-80996",
            "archivo": "fuentes/2026-08-07_doue_reglamento-2024-1679-rte-t-anexo-ii.pdf"
          },
          {
            "id": "f2",
            "tipo": "primaria",
            "titulo": "Unidades administrativas (municipios) — Instituto Geográfico Nacional, servicio OGC API-Features",
            "fecha": "2026-08-07",
            "url": "https://api-features.ign.es/collections/administrativeunit",
            "archivo": "fuentes/2026-08-07_ign_municipios-nodos-rte-t.json"
          }
        ]
      }
    },
    {
      "type": "Feature",
      "id": "rte-t:palma-de-mallorca",
      "geometry": {
        "type": "Point",
        "coordinates": [
          2.62448,
          39.55069
        ]
      },
      "properties": {
        "slug": "palma-de-mallorca",
        "nombre": "Palma de Mallorca",
        "categoria": "red_basica",
        "descripcion": "Nodo español de la red transeuropea de transporte: nodo urbano, aeropuerto (Básica), puerto marítimo (Básica). El registro es la DESIGNACIÓN del Reglamento, no la instalación.",
        "estado_registro": "vigente",
        "verif": "confirmado",
        "geo_precision": "municipio",
        "geo_fuente": "punto representativo del municipio «Palma» en las unidades administrativas del IGN",
        "fecha_alta": "2026-08-07",
        "fecha_verificacion": "2026-08-07",
        "municipio": "Palma",
        "nodo_urbano": true,
        "nodo_urbano__v": "confirmado",
        "nodo_urbano__f": "f1",
        "claves": [
          {
            "k": "Qué es el nodo en el Reglamento",
            "v": "Nodo urbano. Y además: aeropuerto — «Básica», verbatim del Anexo II; puerto marítimo — «Básica», verbatim del Anexo II",
            "verif": "confirmado",
            "fuente": "f1"
          },
          {
            "k": "Qué separa la red básica de la global",
            "v": "Son los dos plazos del Reglamento: la red BÁSICA debe estar terminada en 2030 y la GLOBAL en 2050. No es una escala de importancia, es un calendario con fuerza legal.",
            "verif": "confirmado",
            "fuente": "f1"
          },
          {
            "k": "Cómo se sitúa este nodo",
            "v": "El Reglamento lo llama «Palma de Mallorca» y el punto es el municipio «Palma» del IGN: el municipio se llama solo «Palma» desde 2016. La equivalencia la declara el atlas y se puede discutir; no la ha hecho un emparejador automático.",
            "verif": "parcial",
            "fuente": "f2"
          }
        ],
        "fuentes": [
          {
            "id": "f1",
            "tipo": "primaria",
            "titulo": "Reglamento (UE) 2024/1679 del Parlamento Europeo y del Consejo, de 13 de junio de 2024, relativo a las orientaciones de la Unión para el desarrollo de la red transeuropea de transporte. Anexo II, lista de nodos",
            "fecha": "2024-06-13",
            "url": "https://www.boe.es/buscar/doc.php?id=DOUE-L-2024-80996",
            "archivo": "fuentes/2026-08-07_doue_reglamento-2024-1679-rte-t-anexo-ii.pdf"
          },
          {
            "id": "f2",
            "tipo": "primaria",
            "titulo": "Unidades administrativas (municipios) — Instituto Geográfico Nacional, servicio OGC API-Features",
            "fecha": "2026-08-07",
            "url": "https://api-features.ign.es/collections/administrativeunit",
            "archivo": "fuentes/2026-08-07_ign_municipios-nodos-rte-t.json"
          }
        ],
        "aeropuerto": "Básica",
        "aeropuerto__v": "confirmado",
        "aeropuerto__f": "f1",
        "puerto_maritimo": "Básica",
        "puerto_maritimo__v": "confirmado",
        "puerto_maritimo__f": "f1"
      }
    },
    {
      "type": "Feature",
      "id": "rte-t:pamplona",
      "geometry": {
        "type": "Point",
        "coordinates": [
          -1.64504,
          42.81227
        ]
      },
      "properties": {
        "slug": "pamplona",
        "nombre": "Pamplona",
        "categoria": "red_global",
        "descripcion": "Nodo español de la red transeuropea de transporte: nodo urbano, aeropuerto (Global), terminal ferrocarril-carretera (Global (Noain)). El registro es la DESIGNACIÓN del Reglamento, no la instalación.",
        "estado_registro": "vigente",
        "verif": "confirmado",
        "geo_precision": "municipio",
        "geo_fuente": "punto representativo del municipio «Pamplona/Iruña» en las unidades administrativas del IGN",
        "fecha_alta": "2026-08-07",
        "fecha_verificacion": "2026-08-07",
        "municipio": "Pamplona/Iruña",
        "nodo_urbano": true,
        "nodo_urbano__v": "confirmado",
        "nodo_urbano__f": "f1",
        "claves": [
          {
            "k": "Qué es el nodo en el Reglamento",
            "v": "Nodo urbano. Y además: aeropuerto — «Global», verbatim del Anexo II; terminal ferrocarril-carretera — «Global (Noain)», verbatim del Anexo II",
            "verif": "confirmado",
            "fuente": "f1"
          },
          {
            "k": "Qué separa la red básica de la global",
            "v": "Son los dos plazos del Reglamento: la red BÁSICA debe estar terminada en 2030 y la GLOBAL en 2050. No es una escala de importancia, es un calendario con fuerza legal.",
            "verif": "confirmado",
            "fuente": "f1"
          },
          {
            "k": "Cómo se sitúa este nodo",
            "v": "El Reglamento lo llama «Pamplona» y el punto es el municipio «Pamplona/Iruña» del IGN: forma oficial bilingüe, castellano primero. La equivalencia la declara el atlas y se puede discutir; no la ha hecho un emparejador automático.",
            "verif": "parcial",
            "fuente": "f2"
          }
        ],
        "fuentes": [
          {
            "id": "f1",
            "tipo": "primaria",
            "titulo": "Reglamento (UE) 2024/1679 del Parlamento Europeo y del Consejo, de 13 de junio de 2024, relativo a las orientaciones de la Unión para el desarrollo de la red transeuropea de transporte. Anexo II, lista de nodos",
            "fecha": "2024-06-13",
            "url": "https://www.boe.es/buscar/doc.php?id=DOUE-L-2024-80996",
            "archivo": "fuentes/2026-08-07_doue_reglamento-2024-1679-rte-t-anexo-ii.pdf"
          },
          {
            "id": "f2",
            "tipo": "primaria",
            "titulo": "Unidades administrativas (municipios) — Instituto Geográfico Nacional, servicio OGC API-Features",
            "fecha": "2026-08-07",
            "url": "https://api-features.ign.es/collections/administrativeunit",
            "archivo": "fuentes/2026-08-07_ign_municipios-nodos-rte-t.json"
          }
        ],
        "aeropuerto": "Global",
        "aeropuerto__v": "confirmado",
        "aeropuerto__f": "f1",
        "terminal_ff_carretera": "Global (Noain)",
        "terminal_ff_carretera__v": "confirmado",
        "terminal_ff_carretera__f": "f1"
      }
    },
    {
      "type": "Feature",
      "id": "rte-t:pasajes",
      "geometry": {
        "type": "Point",
        "coordinates": [
          -1.9031,
          43.34063
        ]
      },
      "properties": {
        "slug": "pasajes",
        "nombre": "Pasajes",
        "categoria": "red_global",
        "descripcion": "Nodo español de la red transeuropea de transporte: puerto marítimo (Global). El registro es la DESIGNACIÓN del Reglamento, no la instalación.",
        "estado_registro": "vigente",
        "verif": "confirmado",
        "geo_precision": "municipio",
        "geo_fuente": "punto representativo del municipio «Pasaia» en las unidades administrativas del IGN",
        "fecha_alta": "2026-08-07",
        "fecha_verificacion": "2026-08-07",
        "municipio": "Pasaia",
        "nodo_urbano": false,
        "nodo_urbano__v": "confirmado",
        "nodo_urbano__f": "f1",
        "claves": [
          {
            "k": "Qué es el nodo en el Reglamento",
            "v": "puerto marítimo — «Global», verbatim del Anexo II",
            "verif": "confirmado",
            "fuente": "f1"
          },
          {
            "k": "Qué separa la red básica de la global",
            "v": "Son los dos plazos del Reglamento: la red BÁSICA debe estar terminada en 2030 y la GLOBAL en 2050. No es una escala de importancia, es un calendario con fuerza legal.",
            "verif": "confirmado",
            "fuente": "f1"
          },
          {
            "k": "Cómo se sitúa este nodo",
            "v": "El Reglamento lo llama «Pasajes» y el punto es el municipio «Pasaia» del IGN: exónimo; el IGN rotula el municipio en euskera. La equivalencia la declara el atlas y se puede discutir; no la ha hecho un emparejador automático.",
            "verif": "parcial",
            "fuente": "f2"
          }
        ],
        "fuentes": [
          {
            "id": "f1",
            "tipo": "primaria",
            "titulo": "Reglamento (UE) 2024/1679 del Parlamento Europeo y del Consejo, de 13 de junio de 2024, relativo a las orientaciones de la Unión para el desarrollo de la red transeuropea de transporte. Anexo II, lista de nodos",
            "fecha": "2024-06-13",
            "url": "https://www.boe.es/buscar/doc.php?id=DOUE-L-2024-80996",
            "archivo": "fuentes/2026-08-07_doue_reglamento-2024-1679-rte-t-anexo-ii.pdf"
          },
          {
            "id": "f2",
            "tipo": "primaria",
            "titulo": "Unidades administrativas (municipios) — Instituto Geográfico Nacional, servicio OGC API-Features",
            "fecha": "2026-08-07",
            "url": "https://api-features.ign.es/collections/administrativeunit",
            "archivo": "fuentes/2026-08-07_ign_municipios-nodos-rte-t.json"
          }
        ],
        "puerto_maritimo": "Global",
        "puerto_maritimo__v": "confirmado",
        "puerto_maritimo__f": "f1"
      }
    },
    {
      "type": "Feature",
      "id": "rte-t:pontevedra",
      "geometry": {
        "type": "Point",
        "coordinates": [
          -8.63077,
          42.4184
        ]
      },
      "properties": {
        "slug": "pontevedra",
        "nombre": "Pontevedra",
        "categoria": "red_global",
        "descripcion": "Nodo español de la red transeuropea de transporte: puerto marítimo (Global (Marín y Ría de Pontevedra)). El registro es la DESIGNACIÓN del Reglamento, no la instalación.",
        "estado_registro": "vigente",
        "verif": "confirmado",
        "geo_precision": "municipio",
        "geo_fuente": "punto representativo del municipio «Pontevedra» en las unidades administrativas del IGN",
        "fecha_alta": "2026-08-07",
        "fecha_verificacion": "2026-08-07",
        "municipio": "Pontevedra",
        "nodo_urbano": false,
        "nodo_urbano__v": "confirmado",
        "nodo_urbano__f": "f1",
        "claves": [
          {
            "k": "Qué es el nodo en el Reglamento",
            "v": "puerto marítimo — «Global (Marín y Ría de Pontevedra)», verbatim del Anexo II",
            "verif": "confirmado",
            "fuente": "f1"
          },
          {
            "k": "Qué separa la red básica de la global",
            "v": "Son los dos plazos del Reglamento: la red BÁSICA debe estar terminada en 2030 y la GLOBAL en 2050. No es una escala de importancia, es un calendario con fuerza legal.",
            "verif": "confirmado",
            "fuente": "f1"
          },
          {
            "k": "Cómo se sitúa este nodo",
            "v": "El Reglamento lo llama «Pontevedra» y el punto es el municipio «Pontevedra» del IGN: coincide; el puerto es «Marín y Ría de Pontevedra», que es otro municipio. La equivalencia la declara el atlas y se puede discutir; no la ha hecho un emparejador automático.",
            "verif": "parcial",
            "fuente": "f2"
          }
        ],
        "fuentes": [
          {
            "id": "f1",
            "tipo": "primaria",
            "titulo": "Reglamento (UE) 2024/1679 del Parlamento Europeo y del Consejo, de 13 de junio de 2024, relativo a las orientaciones de la Unión para el desarrollo de la red transeuropea de transporte. Anexo II, lista de nodos",
            "fecha": "2024-06-13",
            "url": "https://www.boe.es/buscar/doc.php?id=DOUE-L-2024-80996",
            "archivo": "fuentes/2026-08-07_doue_reglamento-2024-1679-rte-t-anexo-ii.pdf"
          },
          {
            "id": "f2",
            "tipo": "primaria",
            "titulo": "Unidades administrativas (municipios) — Instituto Geográfico Nacional, servicio OGC API-Features",
            "fecha": "2026-08-07",
            "url": "https://api-features.ign.es/collections/administrativeunit",
            "archivo": "fuentes/2026-08-07_ign_municipios-nodos-rte-t.json"
          }
        ],
        "puerto_maritimo": "Global (Marín y Ría de Pontevedra)",
        "puerto_maritimo__v": "confirmado",
        "puerto_maritimo__f": "f1"
      }
    },
    {
      "type": "Feature",
      "id": "rte-t:puerto-del-rosario-fuerteventura",
      "geometry": {
        "type": "Point",
        "coordinates": [
          -13.94895,
          28.50759
        ]
      },
      "properties": {
        "slug": "puerto-del-rosario-fuerteventura",
        "nombre": "Puerto del Rosario (Fuerteventura)",
        "categoria": "red_global",
        "descripcion": "Nodo español de la red transeuropea de transporte: aeropuerto (Global (Fuerteventura)), puerto marítimo (Global). El registro es la DESIGNACIÓN del Reglamento, no la instalación.",
        "estado_registro": "vigente",
        "verif": "confirmado",
        "geo_precision": "municipio",
        "geo_fuente": "punto representativo del municipio «Puerto del Rosario» en las unidades administrativas del IGN",
        "fecha_alta": "2026-08-07",
        "fecha_verificacion": "2026-08-07",
        "municipio": "Puerto del Rosario",
        "nodo_urbano": false,
        "nodo_urbano__v": "confirmado",
        "nodo_urbano__f": "f1",
        "claves": [
          {
            "k": "Qué es el nodo en el Reglamento",
            "v": "aeropuerto — «Global (Fuerteventura)», verbatim del Anexo II; puerto marítimo — «Global», verbatim del Anexo II",
            "verif": "confirmado",
            "fuente": "f1"
          },
          {
            "k": "Qué separa la red básica de la global",
            "v": "Son los dos plazos del Reglamento: la red BÁSICA debe estar terminada en 2030 y la GLOBAL en 2050. No es una escala de importancia, es un calendario con fuerza legal.",
            "verif": "confirmado",
            "fuente": "f1"
          },
          {
            "k": "Cómo se sitúa este nodo",
            "v": "El Reglamento lo llama «Puerto del Rosario (Fuerteventura)» y el punto es el municipio «Puerto del Rosario» del IGN: la isla va entre paréntesis. La equivalencia la declara el atlas y se puede discutir; no la ha hecho un emparejador automático.",
            "verif": "parcial",
            "fuente": "f2"
          }
        ],
        "fuentes": [
          {
            "id": "f1",
            "tipo": "primaria",
            "titulo": "Reglamento (UE) 2024/1679 del Parlamento Europeo y del Consejo, de 13 de junio de 2024, relativo a las orientaciones de la Unión para el desarrollo de la red transeuropea de transporte. Anexo II, lista de nodos",
            "fecha": "2024-06-13",
            "url": "https://www.boe.es/buscar/doc.php?id=DOUE-L-2024-80996",
            "archivo": "fuentes/2026-08-07_doue_reglamento-2024-1679-rte-t-anexo-ii.pdf"
          },
          {
            "id": "f2",
            "tipo": "primaria",
            "titulo": "Unidades administrativas (municipios) — Instituto Geográfico Nacional, servicio OGC API-Features",
            "fecha": "2026-08-07",
            "url": "https://api-features.ign.es/collections/administrativeunit",
            "archivo": "fuentes/2026-08-07_ign_municipios-nodos-rte-t.json"
          }
        ],
        "aeropuerto": "Global (Fuerteventura)",
        "aeropuerto__v": "confirmado",
        "aeropuerto__f": "f1",
        "puerto_maritimo": "Global",
        "puerto_maritimo__v": "confirmado",
        "puerto_maritimo__f": "f1"
      }
    },
    {
      "type": "Feature",
      "id": "rte-t:sagunto",
      "geometry": {
        "type": "Point",
        "coordinates": [
          -0.26153,
          39.69545
        ]
      },
      "properties": {
        "slug": "sagunto",
        "nombre": "Sagunto",
        "categoria": "red_basica",
        "descripcion": "Nodo español de la red transeuropea de transporte: puerto marítimo (Global), terminal ferrocarril-carretera (Básica). El registro es la DESIGNACIÓN del Reglamento, no la instalación.",
        "estado_registro": "vigente",
        "verif": "confirmado",
        "geo_precision": "municipio",
        "geo_fuente": "punto representativo del municipio «Sagunt/Sagunto» en las unidades administrativas del IGN",
        "fecha_alta": "2026-08-07",
        "fecha_verificacion": "2026-08-07",
        "municipio": "Sagunt/Sagunto",
        "nodo_urbano": false,
        "nodo_urbano__v": "confirmado",
        "nodo_urbano__f": "f1",
        "claves": [
          {
            "k": "Qué es el nodo en el Reglamento",
            "v": "puerto marítimo — «Global», verbatim del Anexo II; terminal ferrocarril-carretera — «Básica», verbatim del Anexo II",
            "verif": "confirmado",
            "fuente": "f1"
          },
          {
            "k": "Qué separa la red básica de la global",
            "v": "Son los dos plazos del Reglamento: la red BÁSICA debe estar terminada en 2030 y la GLOBAL en 2050. No es una escala de importancia, es un calendario con fuerza legal.",
            "verif": "confirmado",
            "fuente": "f1"
          },
          {
            "k": "Cómo se sitúa este nodo",
            "v": "El Reglamento lo llama «Sagunto» y el punto es el municipio «Sagunt/Sagunto» del IGN: forma oficial bilingüe. La equivalencia la declara el atlas y se puede discutir; no la ha hecho un emparejador automático.",
            "verif": "parcial",
            "fuente": "f2"
          }
        ],
        "fuentes": [
          {
            "id": "f1",
            "tipo": "primaria",
            "titulo": "Reglamento (UE) 2024/1679 del Parlamento Europeo y del Consejo, de 13 de junio de 2024, relativo a las orientaciones de la Unión para el desarrollo de la red transeuropea de transporte. Anexo II, lista de nodos",
            "fecha": "2024-06-13",
            "url": "https://www.boe.es/buscar/doc.php?id=DOUE-L-2024-80996",
            "archivo": "fuentes/2026-08-07_doue_reglamento-2024-1679-rte-t-anexo-ii.pdf"
          },
          {
            "id": "f2",
            "tipo": "primaria",
            "titulo": "Unidades administrativas (municipios) — Instituto Geográfico Nacional, servicio OGC API-Features",
            "fecha": "2026-08-07",
            "url": "https://api-features.ign.es/collections/administrativeunit",
            "archivo": "fuentes/2026-08-07_ign_municipios-nodos-rte-t.json"
          }
        ],
        "puerto_maritimo": "Global",
        "puerto_maritimo__v": "confirmado",
        "puerto_maritimo__f": "f1",
        "terminal_ff_carretera": "Básica",
        "terminal_ff_carretera__v": "confirmado",
        "terminal_ff_carretera__f": "f1"
      }
    },
    {
      "type": "Feature",
      "id": "rte-t:salamanca",
      "geometry": {
        "type": "Point",
        "coordinates": [
          -5.68531,
          40.95565
        ]
      },
      "properties": {
        "slug": "salamanca",
        "nombre": "Salamanca",
        "categoria": "red_global",
        "descripcion": "Nodo español de la red transeuropea de transporte: nodo urbano, aeropuerto (Global), terminal ferrocarril-carretera (Global). El registro es la DESIGNACIÓN del Reglamento, no la instalación.",
        "estado_registro": "vigente",
        "verif": "confirmado",
        "geo_precision": "municipio",
        "geo_fuente": "punto representativo del municipio «Salamanca» en las unidades administrativas del IGN",
        "fecha_alta": "2026-08-07",
        "fecha_verificacion": "2026-08-07",
        "municipio": "Salamanca",
        "nodo_urbano": true,
        "nodo_urbano__v": "confirmado",
        "nodo_urbano__f": "f1",
        "claves": [
          {
            "k": "Qué es el nodo en el Reglamento",
            "v": "Nodo urbano. Y además: aeropuerto — «Global», verbatim del Anexo II; terminal ferrocarril-carretera — «Global», verbatim del Anexo II",
            "verif": "confirmado",
            "fuente": "f1"
          },
          {
            "k": "Qué separa la red básica de la global",
            "v": "Son los dos plazos del Reglamento: la red BÁSICA debe estar terminada en 2030 y la GLOBAL en 2050. No es una escala de importancia, es un calendario con fuerza legal.",
            "verif": "confirmado",
            "fuente": "f1"
          }
        ],
        "fuentes": [
          {
            "id": "f1",
            "tipo": "primaria",
            "titulo": "Reglamento (UE) 2024/1679 del Parlamento Europeo y del Consejo, de 13 de junio de 2024, relativo a las orientaciones de la Unión para el desarrollo de la red transeuropea de transporte. Anexo II, lista de nodos",
            "fecha": "2024-06-13",
            "url": "https://www.boe.es/buscar/doc.php?id=DOUE-L-2024-80996",
            "archivo": "fuentes/2026-08-07_doue_reglamento-2024-1679-rte-t-anexo-ii.pdf"
          },
          {
            "id": "f2",
            "tipo": "primaria",
            "titulo": "Unidades administrativas (municipios) — Instituto Geográfico Nacional, servicio OGC API-Features",
            "fecha": "2026-08-07",
            "url": "https://api-features.ign.es/collections/administrativeunit",
            "archivo": "fuentes/2026-08-07_ign_municipios-nodos-rte-t.json"
          }
        ],
        "aeropuerto": "Global",
        "aeropuerto__v": "confirmado",
        "aeropuerto__f": "f1",
        "terminal_ff_carretera": "Global",
        "terminal_ff_carretera__v": "confirmado",
        "terminal_ff_carretera__f": "f1"
      }
    },
    {
      "type": "Feature",
      "id": "rte-t:san-cibrao",
      "geometry": {
        "type": "Point",
        "coordinates": [
          -7.4275,
          43.67877
        ]
      },
      "properties": {
        "slug": "san-cibrao",
        "nombre": "San Cibrao",
        "categoria": "red_global",
        "descripcion": "Nodo español de la red transeuropea de transporte: puerto marítimo (Global). El registro es la DESIGNACIÓN del Reglamento, no la instalación.",
        "estado_registro": "vigente",
        "verif": "confirmado",
        "geo_precision": "municipio",
        "geo_fuente": "punto representativo del municipio «Cervo» en las unidades administrativas del IGN",
        "fecha_alta": "2026-08-07",
        "fecha_verificacion": "2026-08-07",
        "municipio": "Cervo",
        "nodo_urbano": false,
        "nodo_urbano__v": "confirmado",
        "nodo_urbano__f": "f1",
        "claves": [
          {
            "k": "Qué es el nodo en el Reglamento",
            "v": "puerto marítimo — «Global», verbatim del Anexo II",
            "verif": "confirmado",
            "fuente": "f1"
          },
          {
            "k": "Qué separa la red básica de la global",
            "v": "Son los dos plazos del Reglamento: la red BÁSICA debe estar terminada en 2030 y la GLOBAL en 2050. No es una escala de importancia, es un calendario con fuerza legal.",
            "verif": "confirmado",
            "fuente": "f1"
          },
          {
            "k": "Cómo se sitúa este nodo",
            "v": "El Reglamento lo llama «San Cibrao» y el punto es el municipio «Cervo» del IGN: San Cibrao es una parroquia del municipio de Cervo. La equivalencia la declara el atlas y se puede discutir; no la ha hecho un emparejador automático.",
            "verif": "parcial",
            "fuente": "f2"
          }
        ],
        "fuentes": [
          {
            "id": "f1",
            "tipo": "primaria",
            "titulo": "Reglamento (UE) 2024/1679 del Parlamento Europeo y del Consejo, de 13 de junio de 2024, relativo a las orientaciones de la Unión para el desarrollo de la red transeuropea de transporte. Anexo II, lista de nodos",
            "fecha": "2024-06-13",
            "url": "https://www.boe.es/buscar/doc.php?id=DOUE-L-2024-80996",
            "archivo": "fuentes/2026-08-07_doue_reglamento-2024-1679-rte-t-anexo-ii.pdf"
          },
          {
            "id": "f2",
            "tipo": "primaria",
            "titulo": "Unidades administrativas (municipios) — Instituto Geográfico Nacional, servicio OGC API-Features",
            "fecha": "2026-08-07",
            "url": "https://api-features.ign.es/collections/administrativeunit",
            "archivo": "fuentes/2026-08-07_ign_municipios-nodos-rte-t.json"
          }
        ],
        "puerto_maritimo": "Global",
        "puerto_maritimo__v": "confirmado",
        "puerto_maritimo__f": "f1"
      }
    },
    {
      "type": "Feature",
      "id": "rte-t:san-sebastian-de-la-gomera",
      "geometry": {
        "type": "Point",
        "coordinates": [
          -17.14015,
          28.09267
        ]
      },
      "properties": {
        "slug": "san-sebastian-de-la-gomera",
        "nombre": "San Sebastián de la Gomera",
        "categoria": "red_global",
        "descripcion": "Nodo español de la red transeuropea de transporte: aeropuerto (Global), puerto marítimo (Global). El registro es la DESIGNACIÓN del Reglamento, no la instalación.",
        "estado_registro": "vigente",
        "verif": "confirmado",
        "geo_precision": "municipio",
        "geo_fuente": "punto representativo del municipio «San Sebastián de la Gomera» en las unidades administrativas del IGN",
        "fecha_alta": "2026-08-07",
        "fecha_verificacion": "2026-08-07",
        "municipio": "San Sebastián de la Gomera",
        "nodo_urbano": false,
        "nodo_urbano__v": "confirmado",
        "nodo_urbano__f": "f1",
        "claves": [
          {
            "k": "Qué es el nodo en el Reglamento",
            "v": "aeropuerto — «Global», verbatim del Anexo II; puerto marítimo — «Global», verbatim del Anexo II",
            "verif": "confirmado",
            "fuente": "f1"
          },
          {
            "k": "Qué separa la red básica de la global",
            "v": "Son los dos plazos del Reglamento: la red BÁSICA debe estar terminada en 2030 y la GLOBAL en 2050. No es una escala de importancia, es un calendario con fuerza legal.",
            "verif": "confirmado",
            "fuente": "f1"
          }
        ],
        "fuentes": [
          {
            "id": "f1",
            "tipo": "primaria",
            "titulo": "Reglamento (UE) 2024/1679 del Parlamento Europeo y del Consejo, de 13 de junio de 2024, relativo a las orientaciones de la Unión para el desarrollo de la red transeuropea de transporte. Anexo II, lista de nodos",
            "fecha": "2024-06-13",
            "url": "https://www.boe.es/buscar/doc.php?id=DOUE-L-2024-80996",
            "archivo": "fuentes/2026-08-07_doue_reglamento-2024-1679-rte-t-anexo-ii.pdf"
          },
          {
            "id": "f2",
            "tipo": "primaria",
            "titulo": "Unidades administrativas (municipios) — Instituto Geográfico Nacional, servicio OGC API-Features",
            "fecha": "2026-08-07",
            "url": "https://api-features.ign.es/collections/administrativeunit",
            "archivo": "fuentes/2026-08-07_ign_municipios-nodos-rte-t.json"
          }
        ],
        "aeropuerto": "Global",
        "aeropuerto__v": "confirmado",
        "aeropuerto__f": "f1",
        "puerto_maritimo": "Global",
        "puerto_maritimo__v": "confirmado",
        "puerto_maritimo__f": "f1"
      }
    },
    {
      "type": "Feature",
      "id": "rte-t:san-sebastian-donostia",
      "geometry": {
        "type": "Point",
        "coordinates": [
          -1.99126,
          43.32272
        ]
      },
      "properties": {
        "slug": "san-sebastian-donostia",
        "nombre": "San Sebastián-Donostia",
        "categoria": "red_global",
        "descripcion": "Nodo español de la red transeuropea de transporte: nodo urbano, aeropuerto (Global), terminal ferrocarril-carretera (Global (Lezo)). El registro es la DESIGNACIÓN del Reglamento, no la instalación.",
        "estado_registro": "vigente",
        "verif": "confirmado",
        "geo_precision": "municipio",
        "geo_fuente": "punto representativo del municipio «Donostia/San Sebastián» en las unidades administrativas del IGN",
        "fecha_alta": "2026-08-07",
        "fecha_verificacion": "2026-08-07",
        "municipio": "Donostia/San Sebastián",
        "nodo_urbano": true,
        "nodo_urbano__v": "confirmado",
        "nodo_urbano__f": "f1",
        "claves": [
          {
            "k": "Qué es el nodo en el Reglamento",
            "v": "Nodo urbano. Y además: aeropuerto — «Global», verbatim del Anexo II; terminal ferrocarril-carretera — «Global (Lezo)», verbatim del Anexo II",
            "verif": "confirmado",
            "fuente": "f1"
          },
          {
            "k": "Qué separa la red básica de la global",
            "v": "Son los dos plazos del Reglamento: la red BÁSICA debe estar terminada en 2030 y la GLOBAL en 2050. No es una escala de importancia, es un calendario con fuerza legal.",
            "verif": "confirmado",
            "fuente": "f1"
          },
          {
            "k": "Cómo se sitúa este nodo",
            "v": "El Reglamento lo llama «San Sebastián-Donostia» y el punto es el municipio «Donostia/San Sebastián» del IGN: forma bilingüe, invertida respecto al IGN. La equivalencia la declara el atlas y se puede discutir; no la ha hecho un emparejador automático.",
            "verif": "parcial",
            "fuente": "f2"
          }
        ],
        "fuentes": [
          {
            "id": "f1",
            "tipo": "primaria",
            "titulo": "Reglamento (UE) 2024/1679 del Parlamento Europeo y del Consejo, de 13 de junio de 2024, relativo a las orientaciones de la Unión para el desarrollo de la red transeuropea de transporte. Anexo II, lista de nodos",
            "fecha": "2024-06-13",
            "url": "https://www.boe.es/buscar/doc.php?id=DOUE-L-2024-80996",
            "archivo": "fuentes/2026-08-07_doue_reglamento-2024-1679-rte-t-anexo-ii.pdf"
          },
          {
            "id": "f2",
            "tipo": "primaria",
            "titulo": "Unidades administrativas (municipios) — Instituto Geográfico Nacional, servicio OGC API-Features",
            "fecha": "2026-08-07",
            "url": "https://api-features.ign.es/collections/administrativeunit",
            "archivo": "fuentes/2026-08-07_ign_municipios-nodos-rte-t.json"
          }
        ],
        "aeropuerto": "Global",
        "aeropuerto__v": "confirmado",
        "aeropuerto__f": "f1",
        "terminal_ff_carretera": "Global (Lezo)",
        "terminal_ff_carretera__v": "confirmado",
        "terminal_ff_carretera__f": "f1"
      }
    },
    {
      "type": "Feature",
      "id": "rte-t:santa-cruz-de-la-palma-la-palma",
      "geometry": {
        "type": "Point",
        "coordinates": [
          -17.77167,
          28.69565
        ]
      },
      "properties": {
        "slug": "santa-cruz-de-la-palma-la-palma",
        "nombre": "Santa Cruz de la Palma (La Palma)",
        "categoria": "red_global",
        "descripcion": "Nodo español de la red transeuropea de transporte: aeropuerto (Global (La Palma)), puerto marítimo (Global (Santa Cruz de la Palma)). El registro es la DESIGNACIÓN del Reglamento, no la instalación.",
        "estado_registro": "vigente",
        "verif": "confirmado",
        "geo_precision": "municipio",
        "geo_fuente": "punto representativo del municipio «Santa Cruz de la Palma» en las unidades administrativas del IGN",
        "fecha_alta": "2026-08-07",
        "fecha_verificacion": "2026-08-07",
        "municipio": "Santa Cruz de la Palma",
        "nodo_urbano": false,
        "nodo_urbano__v": "confirmado",
        "nodo_urbano__f": "f1",
        "claves": [
          {
            "k": "Qué es el nodo en el Reglamento",
            "v": "aeropuerto — «Global (La Palma)», verbatim del Anexo II; puerto marítimo — «Global (Santa Cruz de la Palma)», verbatim del Anexo II",
            "verif": "confirmado",
            "fuente": "f1"
          },
          {
            "k": "Qué separa la red básica de la global",
            "v": "Son los dos plazos del Reglamento: la red BÁSICA debe estar terminada en 2030 y la GLOBAL en 2050. No es una escala de importancia, es un calendario con fuerza legal.",
            "verif": "confirmado",
            "fuente": "f1"
          },
          {
            "k": "Cómo se sitúa este nodo",
            "v": "El Reglamento lo llama «Santa Cruz de la Palma (La Palma)» y el punto es el municipio «Santa Cruz de la Palma» del IGN: la isla va entre paréntesis; ojo con la caja de «la», que el IGN escribe en minúscula. La equivalencia la declara el atlas y se puede discutir; no la ha hecho un emparejador automático.",
            "verif": "parcial",
            "fuente": "f2"
          }
        ],
        "fuentes": [
          {
            "id": "f1",
            "tipo": "primaria",
            "titulo": "Reglamento (UE) 2024/1679 del Parlamento Europeo y del Consejo, de 13 de junio de 2024, relativo a las orientaciones de la Unión para el desarrollo de la red transeuropea de transporte. Anexo II, lista de nodos",
            "fecha": "2024-06-13",
            "url": "https://www.boe.es/buscar/doc.php?id=DOUE-L-2024-80996",
            "archivo": "fuentes/2026-08-07_doue_reglamento-2024-1679-rte-t-anexo-ii.pdf"
          },
          {
            "id": "f2",
            "tipo": "primaria",
            "titulo": "Unidades administrativas (municipios) — Instituto Geográfico Nacional, servicio OGC API-Features",
            "fecha": "2026-08-07",
            "url": "https://api-features.ign.es/collections/administrativeunit",
            "archivo": "fuentes/2026-08-07_ign_municipios-nodos-rte-t.json"
          }
        ],
        "aeropuerto": "Global (La Palma)",
        "aeropuerto__v": "confirmado",
        "aeropuerto__f": "f1",
        "puerto_maritimo": "Global (Santa Cruz de la Palma)",
        "puerto_maritimo__v": "confirmado",
        "puerto_maritimo__f": "f1"
      }
    },
    {
      "type": "Feature",
      "id": "rte-t:santander",
      "geometry": {
        "type": "Point",
        "coordinates": [
          -3.81706,
          43.4737
        ]
      },
      "properties": {
        "slug": "santander",
        "nombre": "Santander",
        "categoria": "red_basica",
        "descripcion": "Nodo español de la red transeuropea de transporte: nodo urbano, aeropuerto (Global), puerto marítimo (Básica), terminal ferrocarril-carretera (Global (Torrelavega)). El registro es la DESIGNACIÓN del Reglamento, no la instalación.",
        "estado_registro": "vigente",
        "verif": "confirmado",
        "geo_precision": "municipio",
        "geo_fuente": "punto representativo del municipio «Santander» en las unidades administrativas del IGN",
        "fecha_alta": "2026-08-07",
        "fecha_verificacion": "2026-08-07",
        "municipio": "Santander",
        "nodo_urbano": true,
        "nodo_urbano__v": "confirmado",
        "nodo_urbano__f": "f1",
        "claves": [
          {
            "k": "Qué es el nodo en el Reglamento",
            "v": "Nodo urbano. Y además: aeropuerto — «Global», verbatim del Anexo II; puerto marítimo — «Básica», verbatim del Anexo II; terminal ferrocarril-carretera — «Global (Torrelavega)», verbatim del Anexo II",
            "verif": "confirmado",
            "fuente": "f1"
          },
          {
            "k": "Qué separa la red básica de la global",
            "v": "Son los dos plazos del Reglamento: la red BÁSICA debe estar terminada en 2030 y la GLOBAL en 2050. No es una escala de importancia, es un calendario con fuerza legal.",
            "verif": "confirmado",
            "fuente": "f1"
          }
        ],
        "fuentes": [
          {
            "id": "f1",
            "tipo": "primaria",
            "titulo": "Reglamento (UE) 2024/1679 del Parlamento Europeo y del Consejo, de 13 de junio de 2024, relativo a las orientaciones de la Unión para el desarrollo de la red transeuropea de transporte. Anexo II, lista de nodos",
            "fecha": "2024-06-13",
            "url": "https://www.boe.es/buscar/doc.php?id=DOUE-L-2024-80996",
            "archivo": "fuentes/2026-08-07_doue_reglamento-2024-1679-rte-t-anexo-ii.pdf"
          },
          {
            "id": "f2",
            "tipo": "primaria",
            "titulo": "Unidades administrativas (municipios) — Instituto Geográfico Nacional, servicio OGC API-Features",
            "fecha": "2026-08-07",
            "url": "https://api-features.ign.es/collections/administrativeunit",
            "archivo": "fuentes/2026-08-07_ign_municipios-nodos-rte-t.json"
          }
        ],
        "aeropuerto": "Global",
        "aeropuerto__v": "confirmado",
        "aeropuerto__f": "f1",
        "puerto_maritimo": "Básica",
        "puerto_maritimo__v": "confirmado",
        "puerto_maritimo__f": "f1",
        "terminal_ff_carretera": "Global (Torrelavega)",
        "terminal_ff_carretera__v": "confirmado",
        "terminal_ff_carretera__f": "f1"
      }
    },
    {
      "type": "Feature",
      "id": "rte-t:santiago-de-compostela",
      "geometry": {
        "type": "Point",
        "coordinates": [
          -8.53069,
          42.92311
        ]
      },
      "properties": {
        "slug": "santiago-de-compostela",
        "nombre": "Santiago de Compostela",
        "categoria": "red_global",
        "descripcion": "Nodo español de la red transeuropea de transporte: nodo urbano, aeropuerto (Global). El registro es la DESIGNACIÓN del Reglamento, no la instalación.",
        "estado_registro": "vigente",
        "verif": "confirmado",
        "geo_precision": "municipio",
        "geo_fuente": "punto representativo del municipio «Santiago de Compostela» en las unidades administrativas del IGN",
        "fecha_alta": "2026-08-07",
        "fecha_verificacion": "2026-08-07",
        "municipio": "Santiago de Compostela",
        "nodo_urbano": true,
        "nodo_urbano__v": "confirmado",
        "nodo_urbano__f": "f1",
        "claves": [
          {
            "k": "Qué es el nodo en el Reglamento",
            "v": "Nodo urbano. Y además: aeropuerto — «Global», verbatim del Anexo II",
            "verif": "confirmado",
            "fuente": "f1"
          },
          {
            "k": "Qué separa la red básica de la global",
            "v": "Son los dos plazos del Reglamento: la red BÁSICA debe estar terminada en 2030 y la GLOBAL en 2050. No es una escala de importancia, es un calendario con fuerza legal.",
            "verif": "confirmado",
            "fuente": "f1"
          }
        ],
        "fuentes": [
          {
            "id": "f1",
            "tipo": "primaria",
            "titulo": "Reglamento (UE) 2024/1679 del Parlamento Europeo y del Consejo, de 13 de junio de 2024, relativo a las orientaciones de la Unión para el desarrollo de la red transeuropea de transporte. Anexo II, lista de nodos",
            "fecha": "2024-06-13",
            "url": "https://www.boe.es/buscar/doc.php?id=DOUE-L-2024-80996",
            "archivo": "fuentes/2026-08-07_doue_reglamento-2024-1679-rte-t-anexo-ii.pdf"
          },
          {
            "id": "f2",
            "tipo": "primaria",
            "titulo": "Unidades administrativas (municipios) — Instituto Geográfico Nacional, servicio OGC API-Features",
            "fecha": "2026-08-07",
            "url": "https://api-features.ign.es/collections/administrativeunit",
            "archivo": "fuentes/2026-08-07_ign_municipios-nodos-rte-t.json"
          }
        ],
        "aeropuerto": "Global",
        "aeropuerto__v": "confirmado",
        "aeropuerto__f": "f1"
      }
    },
    {
      "type": "Feature",
      "id": "rte-t:tarifa",
      "geometry": {
        "type": "Point",
        "coordinates": [
          -5.60922,
          36.00564
        ]
      },
      "properties": {
        "slug": "tarifa",
        "nombre": "Tarifa",
        "categoria": "red_global",
        "descripcion": "Nodo español de la red transeuropea de transporte: puerto marítimo (Global). El registro es la DESIGNACIÓN del Reglamento, no la instalación.",
        "estado_registro": "vigente",
        "verif": "confirmado",
        "geo_precision": "municipio",
        "geo_fuente": "punto representativo del municipio «Tarifa» en las unidades administrativas del IGN",
        "fecha_alta": "2026-08-07",
        "fecha_verificacion": "2026-08-07",
        "municipio": "Tarifa",
        "nodo_urbano": false,
        "nodo_urbano__v": "confirmado",
        "nodo_urbano__f": "f1",
        "claves": [
          {
            "k": "Qué es el nodo en el Reglamento",
            "v": "puerto marítimo — «Global», verbatim del Anexo II",
            "verif": "confirmado",
            "fuente": "f1"
          },
          {
            "k": "Qué separa la red básica de la global",
            "v": "Son los dos plazos del Reglamento: la red BÁSICA debe estar terminada en 2030 y la GLOBAL en 2050. No es una escala de importancia, es un calendario con fuerza legal.",
            "verif": "confirmado",
            "fuente": "f1"
          }
        ],
        "fuentes": [
          {
            "id": "f1",
            "tipo": "primaria",
            "titulo": "Reglamento (UE) 2024/1679 del Parlamento Europeo y del Consejo, de 13 de junio de 2024, relativo a las orientaciones de la Unión para el desarrollo de la red transeuropea de transporte. Anexo II, lista de nodos",
            "fecha": "2024-06-13",
            "url": "https://www.boe.es/buscar/doc.php?id=DOUE-L-2024-80996",
            "archivo": "fuentes/2026-08-07_doue_reglamento-2024-1679-rte-t-anexo-ii.pdf"
          },
          {
            "id": "f2",
            "tipo": "primaria",
            "titulo": "Unidades administrativas (municipios) — Instituto Geográfico Nacional, servicio OGC API-Features",
            "fecha": "2026-08-07",
            "url": "https://api-features.ign.es/collections/administrativeunit",
            "archivo": "fuentes/2026-08-07_ign_municipios-nodos-rte-t.json"
          }
        ],
        "puerto_maritimo": "Global",
        "puerto_maritimo__v": "confirmado",
        "puerto_maritimo__f": "f1"
      }
    },
    {
      "type": "Feature",
      "id": "rte-t:tarragona-reus",
      "geometry": {
        "type": "Point",
        "coordinates": [
          1.28087,
          41.13057
        ]
      },
      "properties": {
        "slug": "tarragona-reus",
        "nombre": "Tarragona-Reus",
        "categoria": "red_basica",
        "descripcion": "Nodo español de la red transeuropea de transporte: nodo urbano, aeropuerto (Global (Reus)), puerto marítimo (Básica (Tarragona)). El registro es la DESIGNACIÓN del Reglamento, no la instalación.",
        "estado_registro": "vigente",
        "verif": "confirmado",
        "geo_precision": "municipio",
        "geo_fuente": "punto representativo del municipio «Tarragona» en las unidades administrativas del IGN",
        "fecha_alta": "2026-08-07",
        "fecha_verificacion": "2026-08-07",
        "municipio": "Tarragona",
        "nodo_urbano": true,
        "nodo_urbano__v": "confirmado",
        "nodo_urbano__f": "f1",
        "claves": [
          {
            "k": "Qué es el nodo en el Reglamento",
            "v": "Nodo urbano. Y además: aeropuerto — «Global (Reus)», verbatim del Anexo II; puerto marítimo — «Básica (Tarragona)», verbatim del Anexo II",
            "verif": "confirmado",
            "fuente": "f1"
          },
          {
            "k": "Qué separa la red básica de la global",
            "v": "Son los dos plazos del Reglamento: la red BÁSICA debe estar terminada en 2030 y la GLOBAL en 2050. No es una escala de importancia, es un calendario con fuerza legal.",
            "verif": "confirmado",
            "fuente": "f1"
          },
          {
            "k": "Cómo se sitúa este nodo",
            "v": "El Reglamento lo llama «Tarragona-Reus» y el punto es el municipio «Tarragona» del IGN: el nodo son DOS municipios —el puerto en Tarragona, el aeropuerto en Reus—; se apunta al primero y se dice en la ficha. La equivalencia la declara el atlas y se puede discutir; no la ha hecho un emparejador automático.",
            "verif": "parcial",
            "fuente": "f2"
          }
        ],
        "fuentes": [
          {
            "id": "f1",
            "tipo": "primaria",
            "titulo": "Reglamento (UE) 2024/1679 del Parlamento Europeo y del Consejo, de 13 de junio de 2024, relativo a las orientaciones de la Unión para el desarrollo de la red transeuropea de transporte. Anexo II, lista de nodos",
            "fecha": "2024-06-13",
            "url": "https://www.boe.es/buscar/doc.php?id=DOUE-L-2024-80996",
            "archivo": "fuentes/2026-08-07_doue_reglamento-2024-1679-rte-t-anexo-ii.pdf"
          },
          {
            "id": "f2",
            "tipo": "primaria",
            "titulo": "Unidades administrativas (municipios) — Instituto Geográfico Nacional, servicio OGC API-Features",
            "fecha": "2026-08-07",
            "url": "https://api-features.ign.es/collections/administrativeunit",
            "archivo": "fuentes/2026-08-07_ign_municipios-nodos-rte-t.json"
          }
        ],
        "aeropuerto": "Global (Reus)",
        "aeropuerto__v": "confirmado",
        "aeropuerto__f": "f1",
        "puerto_maritimo": "Básica (Tarragona)",
        "puerto_maritimo__v": "confirmado",
        "puerto_maritimo__f": "f1"
      }
    },
    {
      "type": "Feature",
      "id": "rte-t:toledo",
      "geometry": {
        "type": "Point",
        "coordinates": [
          -4.03961,
          39.86752
        ]
      },
      "properties": {
        "slug": "toledo",
        "nombre": "Toledo",
        "categoria": "red_global",
        "descripcion": "Nodo español de la red transeuropea de transporte: terminal ferrocarril-carretera (Global). El registro es la DESIGNACIÓN del Reglamento, no la instalación.",
        "estado_registro": "vigente",
        "verif": "confirmado",
        "geo_precision": "municipio",
        "geo_fuente": "punto representativo del municipio «Toledo» en las unidades administrativas del IGN",
        "fecha_alta": "2026-08-07",
        "fecha_verificacion": "2026-08-07",
        "municipio": "Toledo",
        "nodo_urbano": false,
        "nodo_urbano__v": "confirmado",
        "nodo_urbano__f": "f1",
        "claves": [
          {
            "k": "Qué es el nodo en el Reglamento",
            "v": "terminal ferrocarril-carretera — «Global», verbatim del Anexo II",
            "verif": "confirmado",
            "fuente": "f1"
          },
          {
            "k": "Qué separa la red básica de la global",
            "v": "Son los dos plazos del Reglamento: la red BÁSICA debe estar terminada en 2030 y la GLOBAL en 2050. No es una escala de importancia, es un calendario con fuerza legal.",
            "verif": "confirmado",
            "fuente": "f1"
          }
        ],
        "fuentes": [
          {
            "id": "f1",
            "tipo": "primaria",
            "titulo": "Reglamento (UE) 2024/1679 del Parlamento Europeo y del Consejo, de 13 de junio de 2024, relativo a las orientaciones de la Unión para el desarrollo de la red transeuropea de transporte. Anexo II, lista de nodos",
            "fecha": "2024-06-13",
            "url": "https://www.boe.es/buscar/doc.php?id=DOUE-L-2024-80996",
            "archivo": "fuentes/2026-08-07_doue_reglamento-2024-1679-rte-t-anexo-ii.pdf"
          },
          {
            "id": "f2",
            "tipo": "primaria",
            "titulo": "Unidades administrativas (municipios) — Instituto Geográfico Nacional, servicio OGC API-Features",
            "fecha": "2026-08-07",
            "url": "https://api-features.ign.es/collections/administrativeunit",
            "archivo": "fuentes/2026-08-07_ign_municipios-nodos-rte-t.json"
          }
        ],
        "terminal_ff_carretera": "Global",
        "terminal_ff_carretera__v": "confirmado",
        "terminal_ff_carretera__f": "f1"
      }
    },
    {
      "type": "Feature",
      "id": "rte-t:tudela",
      "geometry": {
        "type": "Point",
        "coordinates": [
          -1.63896,
          42.07323
        ]
      },
      "properties": {
        "slug": "tudela",
        "nombre": "Tudela",
        "categoria": "red_global",
        "descripcion": "Nodo español de la red transeuropea de transporte: terminal ferrocarril-carretera (Global). El registro es la DESIGNACIÓN del Reglamento, no la instalación.",
        "estado_registro": "vigente",
        "verif": "confirmado",
        "geo_precision": "municipio",
        "geo_fuente": "punto representativo del municipio «Tudela» en las unidades administrativas del IGN",
        "fecha_alta": "2026-08-07",
        "fecha_verificacion": "2026-08-07",
        "municipio": "Tudela",
        "nodo_urbano": false,
        "nodo_urbano__v": "confirmado",
        "nodo_urbano__f": "f1",
        "claves": [
          {
            "k": "Qué es el nodo en el Reglamento",
            "v": "terminal ferrocarril-carretera — «Global», verbatim del Anexo II",
            "verif": "confirmado",
            "fuente": "f1"
          },
          {
            "k": "Qué separa la red básica de la global",
            "v": "Son los dos plazos del Reglamento: la red BÁSICA debe estar terminada en 2030 y la GLOBAL en 2050. No es una escala de importancia, es un calendario con fuerza legal.",
            "verif": "confirmado",
            "fuente": "f1"
          }
        ],
        "fuentes": [
          {
            "id": "f1",
            "tipo": "primaria",
            "titulo": "Reglamento (UE) 2024/1679 del Parlamento Europeo y del Consejo, de 13 de junio de 2024, relativo a las orientaciones de la Unión para el desarrollo de la red transeuropea de transporte. Anexo II, lista de nodos",
            "fecha": "2024-06-13",
            "url": "https://www.boe.es/buscar/doc.php?id=DOUE-L-2024-80996",
            "archivo": "fuentes/2026-08-07_doue_reglamento-2024-1679-rte-t-anexo-ii.pdf"
          },
          {
            "id": "f2",
            "tipo": "primaria",
            "titulo": "Unidades administrativas (municipios) — Instituto Geográfico Nacional, servicio OGC API-Features",
            "fecha": "2026-08-07",
            "url": "https://api-features.ign.es/collections/administrativeunit",
            "archivo": "fuentes/2026-08-07_ign_municipios-nodos-rte-t.json"
          }
        ],
        "terminal_ff_carretera": "Global",
        "terminal_ff_carretera__v": "confirmado",
        "terminal_ff_carretera__f": "f1"
      }
    },
    {
      "type": "Feature",
      "id": "rte-t:valencia",
      "geometry": {
        "type": "Point",
        "coordinates": [
          -0.33354,
          39.43763
        ]
      },
      "properties": {
        "slug": "valencia",
        "nombre": "Valencia",
        "categoria": "red_basica",
        "descripcion": "Nodo español de la red transeuropea de transporte: nodo urbano, aeropuerto (Básica), puerto marítimo (Básica), terminal ferrocarril-carretera (Básica (Fonteta de Saint Lluís) Global (Silla)). El registro es la DESIGNACIÓN del Reglamento, no la instalación.",
        "estado_registro": "vigente",
        "verif": "confirmado",
        "geo_precision": "municipio",
        "geo_fuente": "punto representativo del municipio «València» en las unidades administrativas del IGN",
        "fecha_alta": "2026-08-07",
        "fecha_verificacion": "2026-08-07",
        "municipio": "València",
        "nodo_urbano": true,
        "nodo_urbano__v": "confirmado",
        "nodo_urbano__f": "f1",
        "claves": [
          {
            "k": "Qué es el nodo en el Reglamento",
            "v": "Nodo urbano. Y además: aeropuerto — «Básica», verbatim del Anexo II; puerto marítimo — «Básica», verbatim del Anexo II; terminal ferrocarril-carretera — «Básica (Fonteta de Saint Lluís) Global (Silla)», verbatim del Anexo II",
            "verif": "confirmado",
            "fuente": "f1"
          },
          {
            "k": "Qué separa la red básica de la global",
            "v": "Son los dos plazos del Reglamento: la red BÁSICA debe estar terminada en 2030 y la GLOBAL en 2050. No es una escala de importancia, es un calendario con fuerza legal.",
            "verif": "confirmado",
            "fuente": "f1"
          },
          {
            "k": "Cómo se sitúa este nodo",
            "v": "El Reglamento lo llama «Valencia» y el punto es el municipio «València» del IGN: el IGN rotula el municipio en valenciano. La equivalencia la declara el atlas y se puede discutir; no la ha hecho un emparejador automático.",
            "verif": "parcial",
            "fuente": "f2"
          }
        ],
        "fuentes": [
          {
            "id": "f1",
            "tipo": "primaria",
            "titulo": "Reglamento (UE) 2024/1679 del Parlamento Europeo y del Consejo, de 13 de junio de 2024, relativo a las orientaciones de la Unión para el desarrollo de la red transeuropea de transporte. Anexo II, lista de nodos",
            "fecha": "2024-06-13",
            "url": "https://www.boe.es/buscar/doc.php?id=DOUE-L-2024-80996",
            "archivo": "fuentes/2026-08-07_doue_reglamento-2024-1679-rte-t-anexo-ii.pdf"
          },
          {
            "id": "f2",
            "tipo": "primaria",
            "titulo": "Unidades administrativas (municipios) — Instituto Geográfico Nacional, servicio OGC API-Features",
            "fecha": "2026-08-07",
            "url": "https://api-features.ign.es/collections/administrativeunit",
            "archivo": "fuentes/2026-08-07_ign_municipios-nodos-rte-t.json"
          }
        ],
        "aeropuerto": "Básica",
        "aeropuerto__v": "confirmado",
        "aeropuerto__f": "f1",
        "puerto_maritimo": "Básica",
        "puerto_maritimo__v": "confirmado",
        "puerto_maritimo__f": "f1",
        "terminal_ff_carretera": "Básica (Fonteta de Saint Lluís) Global (Silla)",
        "terminal_ff_carretera__v": "confirmado",
        "terminal_ff_carretera__f": "f1"
      }
    },
    {
      "type": "Feature",
      "id": "rte-t:valladolid",
      "geometry": {
        "type": "Point",
        "coordinates": [
          -4.74826,
          41.60685
        ]
      },
      "properties": {
        "slug": "valladolid",
        "nombre": "Valladolid",
        "categoria": "red_basica",
        "descripcion": "Nodo español de la red transeuropea de transporte: nodo urbano, aeropuerto (Global), terminal ferrocarril-carretera (Básica). El registro es la DESIGNACIÓN del Reglamento, no la instalación.",
        "estado_registro": "vigente",
        "verif": "confirmado",
        "geo_precision": "municipio",
        "geo_fuente": "punto representativo del municipio «Valladolid» en las unidades administrativas del IGN",
        "fecha_alta": "2026-08-07",
        "fecha_verificacion": "2026-08-07",
        "municipio": "Valladolid",
        "nodo_urbano": true,
        "nodo_urbano__v": "confirmado",
        "nodo_urbano__f": "f1",
        "claves": [
          {
            "k": "Qué es el nodo en el Reglamento",
            "v": "Nodo urbano. Y además: aeropuerto — «Global», verbatim del Anexo II; terminal ferrocarril-carretera — «Básica», verbatim del Anexo II",
            "verif": "confirmado",
            "fuente": "f1"
          },
          {
            "k": "Qué separa la red básica de la global",
            "v": "Son los dos plazos del Reglamento: la red BÁSICA debe estar terminada en 2030 y la GLOBAL en 2050. No es una escala de importancia, es un calendario con fuerza legal.",
            "verif": "confirmado",
            "fuente": "f1"
          }
        ],
        "fuentes": [
          {
            "id": "f1",
            "tipo": "primaria",
            "titulo": "Reglamento (UE) 2024/1679 del Parlamento Europeo y del Consejo, de 13 de junio de 2024, relativo a las orientaciones de la Unión para el desarrollo de la red transeuropea de transporte. Anexo II, lista de nodos",
            "fecha": "2024-06-13",
            "url": "https://www.boe.es/buscar/doc.php?id=DOUE-L-2024-80996",
            "archivo": "fuentes/2026-08-07_doue_reglamento-2024-1679-rte-t-anexo-ii.pdf"
          },
          {
            "id": "f2",
            "tipo": "primaria",
            "titulo": "Unidades administrativas (municipios) — Instituto Geográfico Nacional, servicio OGC API-Features",
            "fecha": "2026-08-07",
            "url": "https://api-features.ign.es/collections/administrativeunit",
            "archivo": "fuentes/2026-08-07_ign_municipios-nodos-rte-t.json"
          }
        ],
        "aeropuerto": "Global",
        "aeropuerto__v": "confirmado",
        "aeropuerto__f": "f1",
        "terminal_ff_carretera": "Básica",
        "terminal_ff_carretera__v": "confirmado",
        "terminal_ff_carretera__f": "f1"
      }
    },
    {
      "type": "Feature",
      "id": "rte-t:vigo",
      "geometry": {
        "type": "Point",
        "coordinates": [
          -8.76145,
          42.21222
        ]
      },
      "properties": {
        "slug": "vigo",
        "nombre": "Vigo",
        "categoria": "red_global",
        "descripcion": "Nodo español de la red transeuropea de transporte: nodo urbano, aeropuerto (Global), puerto marítimo (Global). El registro es la DESIGNACIÓN del Reglamento, no la instalación.",
        "estado_registro": "vigente",
        "verif": "confirmado",
        "geo_precision": "municipio",
        "geo_fuente": "punto representativo del municipio «Vigo» en las unidades administrativas del IGN",
        "fecha_alta": "2026-08-07",
        "fecha_verificacion": "2026-08-07",
        "municipio": "Vigo",
        "nodo_urbano": true,
        "nodo_urbano__v": "confirmado",
        "nodo_urbano__f": "f1",
        "claves": [
          {
            "k": "Qué es el nodo en el Reglamento",
            "v": "Nodo urbano. Y además: aeropuerto — «Global», verbatim del Anexo II; puerto marítimo — «Global», verbatim del Anexo II",
            "verif": "confirmado",
            "fuente": "f1"
          },
          {
            "k": "Qué separa la red básica de la global",
            "v": "Son los dos plazos del Reglamento: la red BÁSICA debe estar terminada en 2030 y la GLOBAL en 2050. No es una escala de importancia, es un calendario con fuerza legal.",
            "verif": "confirmado",
            "fuente": "f1"
          }
        ],
        "fuentes": [
          {
            "id": "f1",
            "tipo": "primaria",
            "titulo": "Reglamento (UE) 2024/1679 del Parlamento Europeo y del Consejo, de 13 de junio de 2024, relativo a las orientaciones de la Unión para el desarrollo de la red transeuropea de transporte. Anexo II, lista de nodos",
            "fecha": "2024-06-13",
            "url": "https://www.boe.es/buscar/doc.php?id=DOUE-L-2024-80996",
            "archivo": "fuentes/2026-08-07_doue_reglamento-2024-1679-rte-t-anexo-ii.pdf"
          },
          {
            "id": "f2",
            "tipo": "primaria",
            "titulo": "Unidades administrativas (municipios) — Instituto Geográfico Nacional, servicio OGC API-Features",
            "fecha": "2026-08-07",
            "url": "https://api-features.ign.es/collections/administrativeunit",
            "archivo": "fuentes/2026-08-07_ign_municipios-nodos-rte-t.json"
          }
        ],
        "aeropuerto": "Global",
        "aeropuerto__v": "confirmado",
        "aeropuerto__f": "f1",
        "puerto_maritimo": "Global",
        "puerto_maritimo__v": "confirmado",
        "puerto_maritimo__f": "f1"
      }
    },
    {
      "type": "Feature",
      "id": "rte-t:vilagarcia",
      "geometry": {
        "type": "Point",
        "coordinates": [
          -8.76926,
          42.59313
        ]
      },
      "properties": {
        "slug": "vilagarcia",
        "nombre": "Vilagarcia",
        "categoria": "red_global",
        "descripcion": "Nodo español de la red transeuropea de transporte: puerto marítimo (Global). El registro es la DESIGNACIÓN del Reglamento, no la instalación.",
        "estado_registro": "vigente",
        "verif": "confirmado",
        "geo_precision": "municipio",
        "geo_fuente": "punto representativo del municipio «Vilagarcía de Arousa» en las unidades administrativas del IGN",
        "fecha_alta": "2026-08-07",
        "fecha_verificacion": "2026-08-07",
        "municipio": "Vilagarcía de Arousa",
        "nodo_urbano": false,
        "nodo_urbano__v": "confirmado",
        "nodo_urbano__f": "f1",
        "claves": [
          {
            "k": "Qué es el nodo en el Reglamento",
            "v": "puerto marítimo — «Global», verbatim del Anexo II",
            "verif": "confirmado",
            "fuente": "f1"
          },
          {
            "k": "Qué separa la red básica de la global",
            "v": "Son los dos plazos del Reglamento: la red BÁSICA debe estar terminada en 2030 y la GLOBAL en 2050. No es una escala de importancia, es un calendario con fuerza legal.",
            "verif": "confirmado",
            "fuente": "f1"
          },
          {
            "k": "Cómo se sitúa este nodo",
            "v": "El Reglamento lo llama «Vilagarcia» y el punto es el municipio «Vilagarcía de Arousa» del IGN: el Reglamento abrevia y pierde la tilde. La equivalencia la declara el atlas y se puede discutir; no la ha hecho un emparejador automático.",
            "verif": "parcial",
            "fuente": "f2"
          }
        ],
        "fuentes": [
          {
            "id": "f1",
            "tipo": "primaria",
            "titulo": "Reglamento (UE) 2024/1679 del Parlamento Europeo y del Consejo, de 13 de junio de 2024, relativo a las orientaciones de la Unión para el desarrollo de la red transeuropea de transporte. Anexo II, lista de nodos",
            "fecha": "2024-06-13",
            "url": "https://www.boe.es/buscar/doc.php?id=DOUE-L-2024-80996",
            "archivo": "fuentes/2026-08-07_doue_reglamento-2024-1679-rte-t-anexo-ii.pdf"
          },
          {
            "id": "f2",
            "tipo": "primaria",
            "titulo": "Unidades administrativas (municipios) — Instituto Geográfico Nacional, servicio OGC API-Features",
            "fecha": "2026-08-07",
            "url": "https://api-features.ign.es/collections/administrativeunit",
            "archivo": "fuentes/2026-08-07_ign_municipios-nodos-rte-t.json"
          }
        ],
        "puerto_maritimo": "Global",
        "puerto_maritimo__v": "confirmado",
        "puerto_maritimo__f": "f1"
      }
    },
    {
      "type": "Feature",
      "id": "rte-t:vitoria-gasteiz",
      "geometry": {
        "type": "Point",
        "coordinates": [
          -2.66608,
          42.85033
        ]
      },
      "properties": {
        "slug": "vitoria-gasteiz",
        "nombre": "Vitoria-Gasteiz",
        "categoria": "red_basica",
        "descripcion": "Nodo español de la red transeuropea de transporte: nodo urbano, aeropuerto (Global), terminal ferrocarril-carretera (Básica (Jundiz)). El registro es la DESIGNACIÓN del Reglamento, no la instalación.",
        "estado_registro": "vigente",
        "verif": "confirmado",
        "geo_precision": "municipio",
        "geo_fuente": "punto representativo del municipio «Vitoria-Gasteiz» en las unidades administrativas del IGN",
        "fecha_alta": "2026-08-07",
        "fecha_verificacion": "2026-08-07",
        "municipio": "Vitoria-Gasteiz",
        "nodo_urbano": true,
        "nodo_urbano__v": "confirmado",
        "nodo_urbano__f": "f1",
        "claves": [
          {
            "k": "Qué es el nodo en el Reglamento",
            "v": "Nodo urbano. Y además: aeropuerto — «Global», verbatim del Anexo II; terminal ferrocarril-carretera — «Básica (Jundiz)», verbatim del Anexo II",
            "verif": "confirmado",
            "fuente": "f1"
          },
          {
            "k": "Qué separa la red básica de la global",
            "v": "Son los dos plazos del Reglamento: la red BÁSICA debe estar terminada en 2030 y la GLOBAL en 2050. No es una escala de importancia, es un calendario con fuerza legal.",
            "verif": "confirmado",
            "fuente": "f1"
          }
        ],
        "fuentes": [
          {
            "id": "f1",
            "tipo": "primaria",
            "titulo": "Reglamento (UE) 2024/1679 del Parlamento Europeo y del Consejo, de 13 de junio de 2024, relativo a las orientaciones de la Unión para el desarrollo de la red transeuropea de transporte. Anexo II, lista de nodos",
            "fecha": "2024-06-13",
            "url": "https://www.boe.es/buscar/doc.php?id=DOUE-L-2024-80996",
            "archivo": "fuentes/2026-08-07_doue_reglamento-2024-1679-rte-t-anexo-ii.pdf"
          },
          {
            "id": "f2",
            "tipo": "primaria",
            "titulo": "Unidades administrativas (municipios) — Instituto Geográfico Nacional, servicio OGC API-Features",
            "fecha": "2026-08-07",
            "url": "https://api-features.ign.es/collections/administrativeunit",
            "archivo": "fuentes/2026-08-07_ign_municipios-nodos-rte-t.json"
          }
        ],
        "aeropuerto": "Global",
        "aeropuerto__v": "confirmado",
        "aeropuerto__f": "f1",
        "terminal_ff_carretera": "Básica (Jundiz)",
        "terminal_ff_carretera__v": "confirmado",
        "terminal_ff_carretera__f": "f1"
      }
    },
    {
      "type": "Feature",
      "id": "rte-t:zaragoza",
      "geometry": {
        "type": "Point",
        "coordinates": [
          -0.90428,
          41.64026
        ]
      },
      "properties": {
        "slug": "zaragoza",
        "nombre": "Zaragoza",
        "categoria": "red_basica",
        "descripcion": "Nodo español de la red transeuropea de transporte: nodo urbano, aeropuerto (Global), terminal ferrocarril-carretera (Básica). El registro es la DESIGNACIÓN del Reglamento, no la instalación.",
        "estado_registro": "vigente",
        "verif": "confirmado",
        "geo_precision": "municipio",
        "geo_fuente": "punto representativo del municipio «Zaragoza» en las unidades administrativas del IGN",
        "fecha_alta": "2026-08-07",
        "fecha_verificacion": "2026-08-07",
        "municipio": "Zaragoza",
        "nodo_urbano": true,
        "nodo_urbano__v": "confirmado",
        "nodo_urbano__f": "f1",
        "claves": [
          {
            "k": "Qué es el nodo en el Reglamento",
            "v": "Nodo urbano. Y además: aeropuerto — «Global», verbatim del Anexo II; terminal ferrocarril-carretera — «Básica», verbatim del Anexo II",
            "verif": "confirmado",
            "fuente": "f1"
          },
          {
            "k": "Qué separa la red básica de la global",
            "v": "Son los dos plazos del Reglamento: la red BÁSICA debe estar terminada en 2030 y la GLOBAL en 2050. No es una escala de importancia, es un calendario con fuerza legal.",
            "verif": "confirmado",
            "fuente": "f1"
          }
        ],
        "fuentes": [
          {
            "id": "f1",
            "tipo": "primaria",
            "titulo": "Reglamento (UE) 2024/1679 del Parlamento Europeo y del Consejo, de 13 de junio de 2024, relativo a las orientaciones de la Unión para el desarrollo de la red transeuropea de transporte. Anexo II, lista de nodos",
            "fecha": "2024-06-13",
            "url": "https://www.boe.es/buscar/doc.php?id=DOUE-L-2024-80996",
            "archivo": "fuentes/2026-08-07_doue_reglamento-2024-1679-rte-t-anexo-ii.pdf"
          },
          {
            "id": "f2",
            "tipo": "primaria",
            "titulo": "Unidades administrativas (municipios) — Instituto Geográfico Nacional, servicio OGC API-Features",
            "fecha": "2026-08-07",
            "url": "https://api-features.ign.es/collections/administrativeunit",
            "archivo": "fuentes/2026-08-07_ign_municipios-nodos-rte-t.json"
          }
        ],
        "aeropuerto": "Global",
        "aeropuerto__v": "confirmado",
        "aeropuerto__f": "f1",
        "terminal_ff_carretera": "Básica",
        "terminal_ff_carretera__v": "confirmado",
        "terminal_ff_carretera__f": "f1"
      }
    },
    {
      "type": "Feature",
      "id": "rte-t:area-metropolitana-de-almeria",
      "geometry": {
        "type": "Point",
        "coordinates": [
          -2.42115,
          36.82806
        ]
      },
      "properties": {
        "slug": "area-metropolitana-de-almeria",
        "nombre": "Área Metropolitana de Almería",
        "categoria": "red_global",
        "descripcion": "Nodo español de la red transeuropea de transporte: nodo urbano, aeropuerto (Global), puerto marítimo (Global). El registro es la DESIGNACIÓN del Reglamento, no la instalación.",
        "estado_registro": "vigente",
        "verif": "confirmado",
        "geo_precision": "municipio",
        "geo_fuente": "punto representativo del municipio «Almería» en las unidades administrativas del IGN",
        "fecha_alta": "2026-08-07",
        "fecha_verificacion": "2026-08-07",
        "municipio": "Almería",
        "nodo_urbano": true,
        "nodo_urbano__v": "confirmado",
        "nodo_urbano__f": "f1",
        "claves": [
          {
            "k": "Qué es el nodo en el Reglamento",
            "v": "Nodo urbano. Y además: aeropuerto — «Global», verbatim del Anexo II; puerto marítimo — «Global», verbatim del Anexo II",
            "verif": "confirmado",
            "fuente": "f1"
          },
          {
            "k": "Qué separa la red básica de la global",
            "v": "Son los dos plazos del Reglamento: la red BÁSICA debe estar terminada en 2030 y la GLOBAL en 2050. No es una escala de importancia, es un calendario con fuerza legal.",
            "verif": "confirmado",
            "fuente": "f1"
          },
          {
            "k": "Cómo se sitúa este nodo",
            "v": "El Reglamento lo llama «Área Metropolitana de Almería» y el punto es el municipio «Almería» del IGN: área metropolitana: se apunta al municipio central. La equivalencia la declara el atlas y se puede discutir; no la ha hecho un emparejador automático.",
            "verif": "parcial",
            "fuente": "f2"
          }
        ],
        "fuentes": [
          {
            "id": "f1",
            "tipo": "primaria",
            "titulo": "Reglamento (UE) 2024/1679 del Parlamento Europeo y del Consejo, de 13 de junio de 2024, relativo a las orientaciones de la Unión para el desarrollo de la red transeuropea de transporte. Anexo II, lista de nodos",
            "fecha": "2024-06-13",
            "url": "https://www.boe.es/buscar/doc.php?id=DOUE-L-2024-80996",
            "archivo": "fuentes/2026-08-07_doue_reglamento-2024-1679-rte-t-anexo-ii.pdf"
          },
          {
            "id": "f2",
            "tipo": "primaria",
            "titulo": "Unidades administrativas (municipios) — Instituto Geográfico Nacional, servicio OGC API-Features",
            "fecha": "2026-08-07",
            "url": "https://api-features.ign.es/collections/administrativeunit",
            "archivo": "fuentes/2026-08-07_ign_municipios-nodos-rte-t.json"
          }
        ],
        "aeropuerto": "Global",
        "aeropuerto__v": "confirmado",
        "aeropuerto__f": "f1",
        "puerto_maritimo": "Global",
        "puerto_maritimo__v": "confirmado",
        "puerto_maritimo__f": "f1"
      }
    },
    {
      "type": "Feature",
      "id": "rte-t:area-metropolitana-de-barcelona",
      "geometry": {
        "type": "Point",
        "coordinates": [
          2.14595,
          41.40673
        ]
      },
      "properties": {
        "slug": "area-metropolitana-de-barcelona",
        "nombre": "Área Metropolitana de Barcelona",
        "categoria": "red_basica",
        "descripcion": "Nodo español de la red transeuropea de transporte: nodo urbano, aeropuerto (Básica), puerto marítimo (Básica), terminal ferrocarril-carretera (Básica). El registro es la DESIGNACIÓN del Reglamento, no la instalación.",
        "estado_registro": "vigente",
        "verif": "confirmado",
        "geo_precision": "municipio",
        "geo_fuente": "punto representativo del municipio «Barcelona» en las unidades administrativas del IGN",
        "fecha_alta": "2026-08-07",
        "fecha_verificacion": "2026-08-07",
        "municipio": "Barcelona",
        "nodo_urbano": true,
        "nodo_urbano__v": "confirmado",
        "nodo_urbano__f": "f1",
        "claves": [
          {
            "k": "Qué es el nodo en el Reglamento",
            "v": "Nodo urbano. Y además: aeropuerto — «Básica», verbatim del Anexo II; puerto marítimo — «Básica», verbatim del Anexo II; terminal ferrocarril-carretera — «Básica», verbatim del Anexo II",
            "verif": "confirmado",
            "fuente": "f1"
          },
          {
            "k": "Qué separa la red básica de la global",
            "v": "Son los dos plazos del Reglamento: la red BÁSICA debe estar terminada en 2030 y la GLOBAL en 2050. No es una escala de importancia, es un calendario con fuerza legal.",
            "verif": "confirmado",
            "fuente": "f1"
          },
          {
            "k": "Cómo se sitúa este nodo",
            "v": "El Reglamento lo llama «Área Metropolitana de Barcelona» y el punto es el municipio «Barcelona» del IGN: área metropolitana: se apunta al municipio central. La equivalencia la declara el atlas y se puede discutir; no la ha hecho un emparejador automático.",
            "verif": "parcial",
            "fuente": "f2"
          }
        ],
        "fuentes": [
          {
            "id": "f1",
            "tipo": "primaria",
            "titulo": "Reglamento (UE) 2024/1679 del Parlamento Europeo y del Consejo, de 13 de junio de 2024, relativo a las orientaciones de la Unión para el desarrollo de la red transeuropea de transporte. Anexo II, lista de nodos",
            "fecha": "2024-06-13",
            "url": "https://www.boe.es/buscar/doc.php?id=DOUE-L-2024-80996",
            "archivo": "fuentes/2026-08-07_doue_reglamento-2024-1679-rte-t-anexo-ii.pdf"
          },
          {
            "id": "f2",
            "tipo": "primaria",
            "titulo": "Unidades administrativas (municipios) — Instituto Geográfico Nacional, servicio OGC API-Features",
            "fecha": "2026-08-07",
            "url": "https://api-features.ign.es/collections/administrativeunit",
            "archivo": "fuentes/2026-08-07_ign_municipios-nodos-rte-t.json"
          }
        ],
        "aeropuerto": "Básica",
        "aeropuerto__v": "confirmado",
        "aeropuerto__f": "f1",
        "puerto_maritimo": "Básica",
        "puerto_maritimo__v": "confirmado",
        "puerto_maritimo__f": "f1",
        "terminal_ff_carretera": "Básica",
        "terminal_ff_carretera__v": "confirmado",
        "terminal_ff_carretera__f": "f1"
      }
    },
    {
      "type": "Feature",
      "id": "rte-t:area-metropolitana-de-bilbao",
      "geometry": {
        "type": "Point",
        "coordinates": [
          -2.91854,
          43.25615
        ]
      },
      "properties": {
        "slug": "area-metropolitana-de-bilbao",
        "nombre": "Área Metropolitana de Bilbao",
        "categoria": "red_basica",
        "descripcion": "Nodo español de la red transeuropea de transporte: nodo urbano, aeropuerto (Básica), puerto marítimo (Básica), terminal ferrocarril-carretera (Básica). El registro es la DESIGNACIÓN del Reglamento, no la instalación.",
        "estado_registro": "vigente",
        "verif": "confirmado",
        "geo_precision": "municipio",
        "geo_fuente": "punto representativo del municipio «Bilbao» en las unidades administrativas del IGN",
        "fecha_alta": "2026-08-07",
        "fecha_verificacion": "2026-08-07",
        "municipio": "Bilbao",
        "nodo_urbano": true,
        "nodo_urbano__v": "confirmado",
        "nodo_urbano__f": "f1",
        "claves": [
          {
            "k": "Qué es el nodo en el Reglamento",
            "v": "Nodo urbano. Y además: aeropuerto — «Básica», verbatim del Anexo II; puerto marítimo — «Básica», verbatim del Anexo II; terminal ferrocarril-carretera — «Básica», verbatim del Anexo II",
            "verif": "confirmado",
            "fuente": "f1"
          },
          {
            "k": "Qué separa la red básica de la global",
            "v": "Son los dos plazos del Reglamento: la red BÁSICA debe estar terminada en 2030 y la GLOBAL en 2050. No es una escala de importancia, es un calendario con fuerza legal.",
            "verif": "confirmado",
            "fuente": "f1"
          },
          {
            "k": "Cómo se sitúa este nodo",
            "v": "El Reglamento lo llama «Área Metropolitana de Bilbao» y el punto es el municipio «Bilbao» del IGN: área metropolitana: se apunta al municipio central. La equivalencia la declara el atlas y se puede discutir; no la ha hecho un emparejador automático.",
            "verif": "parcial",
            "fuente": "f2"
          }
        ],
        "fuentes": [
          {
            "id": "f1",
            "tipo": "primaria",
            "titulo": "Reglamento (UE) 2024/1679 del Parlamento Europeo y del Consejo, de 13 de junio de 2024, relativo a las orientaciones de la Unión para el desarrollo de la red transeuropea de transporte. Anexo II, lista de nodos",
            "fecha": "2024-06-13",
            "url": "https://www.boe.es/buscar/doc.php?id=DOUE-L-2024-80996",
            "archivo": "fuentes/2026-08-07_doue_reglamento-2024-1679-rte-t-anexo-ii.pdf"
          },
          {
            "id": "f2",
            "tipo": "primaria",
            "titulo": "Unidades administrativas (municipios) — Instituto Geográfico Nacional, servicio OGC API-Features",
            "fecha": "2026-08-07",
            "url": "https://api-features.ign.es/collections/administrativeunit",
            "archivo": "fuentes/2026-08-07_ign_municipios-nodos-rte-t.json"
          }
        ],
        "aeropuerto": "Básica",
        "aeropuerto__v": "confirmado",
        "aeropuerto__f": "f1",
        "puerto_maritimo": "Básica",
        "puerto_maritimo__v": "confirmado",
        "puerto_maritimo__f": "f1",
        "terminal_ff_carretera": "Básica",
        "terminal_ff_carretera__v": "confirmado",
        "terminal_ff_carretera__f": "f1"
      }
    },
    {
      "type": "Feature",
      "id": "rte-t:area-metropolitana-de-las-palmas-de-gran-canaria",
      "geometry": {
        "type": "Point",
        "coordinates": [
          -15.45775,
          28.08729
        ]
      },
      "properties": {
        "slug": "area-metropolitana-de-las-palmas-de-gran-canaria",
        "nombre": "Área Metropolitana de Las Palmas de Gran Canaria",
        "categoria": "red_basica",
        "descripcion": "Nodo español de la red transeuropea de transporte: nodo urbano, aeropuerto (Básica (Las Palmas)), puerto marítimo (Básica (Las Palmas)). El registro es la DESIGNACIÓN del Reglamento, no la instalación.",
        "estado_registro": "vigente",
        "verif": "confirmado",
        "geo_precision": "municipio",
        "geo_fuente": "punto representativo del municipio «Las Palmas de Gran Canaria» en las unidades administrativas del IGN",
        "fecha_alta": "2026-08-07",
        "fecha_verificacion": "2026-08-07",
        "municipio": "Las Palmas de Gran Canaria",
        "nodo_urbano": true,
        "nodo_urbano__v": "confirmado",
        "nodo_urbano__f": "f1",
        "claves": [
          {
            "k": "Qué es el nodo en el Reglamento",
            "v": "Nodo urbano. Y además: aeropuerto — «Básica (Las Palmas)», verbatim del Anexo II; puerto marítimo — «Básica (Las Palmas)», verbatim del Anexo II",
            "verif": "confirmado",
            "fuente": "f1"
          },
          {
            "k": "Qué separa la red básica de la global",
            "v": "Son los dos plazos del Reglamento: la red BÁSICA debe estar terminada en 2030 y la GLOBAL en 2050. No es una escala de importancia, es un calendario con fuerza legal.",
            "verif": "confirmado",
            "fuente": "f1"
          },
          {
            "k": "Cómo se sitúa este nodo",
            "v": "El Reglamento lo llama «Área Metropolitana de Las Palmas de Gran Canaria» y el punto es el municipio «Las Palmas de Gran Canaria» del IGN: área metropolitana: se apunta al municipio central. La equivalencia la declara el atlas y se puede discutir; no la ha hecho un emparejador automático.",
            "verif": "parcial",
            "fuente": "f2"
          }
        ],
        "fuentes": [
          {
            "id": "f1",
            "tipo": "primaria",
            "titulo": "Reglamento (UE) 2024/1679 del Parlamento Europeo y del Consejo, de 13 de junio de 2024, relativo a las orientaciones de la Unión para el desarrollo de la red transeuropea de transporte. Anexo II, lista de nodos",
            "fecha": "2024-06-13",
            "url": "https://www.boe.es/buscar/doc.php?id=DOUE-L-2024-80996",
            "archivo": "fuentes/2026-08-07_doue_reglamento-2024-1679-rte-t-anexo-ii.pdf"
          },
          {
            "id": "f2",
            "tipo": "primaria",
            "titulo": "Unidades administrativas (municipios) — Instituto Geográfico Nacional, servicio OGC API-Features",
            "fecha": "2026-08-07",
            "url": "https://api-features.ign.es/collections/administrativeunit",
            "archivo": "fuentes/2026-08-07_ign_municipios-nodos-rte-t.json"
          }
        ],
        "aeropuerto": "Básica (Las Palmas)",
        "aeropuerto__v": "confirmado",
        "aeropuerto__f": "f1",
        "puerto_maritimo": "Básica (Las Palmas)",
        "puerto_maritimo__v": "confirmado",
        "puerto_maritimo__f": "f1"
      }
    },
    {
      "type": "Feature",
      "id": "rte-t:area-metropolitana-de-madrid",
      "geometry": {
        "type": "Point",
        "coordinates": [
          -3.68447,
          40.50006
        ]
      },
      "properties": {
        "slug": "area-metropolitana-de-madrid",
        "nombre": "Área Metropolitana de Madrid",
        "categoria": "red_basica",
        "descripcion": "Nodo español de la red transeuropea de transporte: nodo urbano, aeropuerto (Básica (Barajas)), terminal ferrocarril-carretera (Básica (Norte y Sur)). El registro es la DESIGNACIÓN del Reglamento, no la instalación.",
        "estado_registro": "vigente",
        "verif": "confirmado",
        "geo_precision": "municipio",
        "geo_fuente": "punto representativo del municipio «Madrid» en las unidades administrativas del IGN",
        "fecha_alta": "2026-08-07",
        "fecha_verificacion": "2026-08-07",
        "municipio": "Madrid",
        "nodo_urbano": true,
        "nodo_urbano__v": "confirmado",
        "nodo_urbano__f": "f1",
        "claves": [
          {
            "k": "Qué es el nodo en el Reglamento",
            "v": "Nodo urbano. Y además: aeropuerto — «Básica (Barajas)», verbatim del Anexo II; terminal ferrocarril-carretera — «Básica (Norte y Sur)», verbatim del Anexo II",
            "verif": "confirmado",
            "fuente": "f1"
          },
          {
            "k": "Qué separa la red básica de la global",
            "v": "Son los dos plazos del Reglamento: la red BÁSICA debe estar terminada en 2030 y la GLOBAL en 2050. No es una escala de importancia, es un calendario con fuerza legal.",
            "verif": "confirmado",
            "fuente": "f1"
          },
          {
            "k": "Cómo se sitúa este nodo",
            "v": "El Reglamento lo llama «Área Metropolitana de Madrid» y el punto es el municipio «Madrid» del IGN: área metropolitana: se apunta al municipio central. La equivalencia la declara el atlas y se puede discutir; no la ha hecho un emparejador automático.",
            "verif": "parcial",
            "fuente": "f2"
          }
        ],
        "fuentes": [
          {
            "id": "f1",
            "tipo": "primaria",
            "titulo": "Reglamento (UE) 2024/1679 del Parlamento Europeo y del Consejo, de 13 de junio de 2024, relativo a las orientaciones de la Unión para el desarrollo de la red transeuropea de transporte. Anexo II, lista de nodos",
            "fecha": "2024-06-13",
            "url": "https://www.boe.es/buscar/doc.php?id=DOUE-L-2024-80996",
            "archivo": "fuentes/2026-08-07_doue_reglamento-2024-1679-rte-t-anexo-ii.pdf"
          },
          {
            "id": "f2",
            "tipo": "primaria",
            "titulo": "Unidades administrativas (municipios) — Instituto Geográfico Nacional, servicio OGC API-Features",
            "fecha": "2026-08-07",
            "url": "https://api-features.ign.es/collections/administrativeunit",
            "archivo": "fuentes/2026-08-07_ign_municipios-nodos-rte-t.json"
          }
        ],
        "aeropuerto": "Básica (Barajas)",
        "aeropuerto__v": "confirmado",
        "aeropuerto__f": "f1",
        "terminal_ff_carretera": "Básica (Norte y Sur)",
        "terminal_ff_carretera__v": "confirmado",
        "terminal_ff_carretera__f": "f1"
      }
    },
    {
      "type": "Feature",
      "id": "rte-t:area-metropolitana-de-santa-cruz-de-tenerife",
      "geometry": {
        "type": "Point",
        "coordinates": [
          -16.22244,
          28.51704
        ]
      },
      "properties": {
        "slug": "area-metropolitana-de-santa-cruz-de-tenerife",
        "nombre": "Área Metropolitana de Santa Cruz de Tenerife",
        "categoria": "red_basica",
        "descripcion": "Nodo español de la red transeuropea de transporte: nodo urbano, aeropuerto (Global (Los Rodeos), Básica (Reina Sofia)), puerto marítimo (Básica (incl Granadilla)). El registro es la DESIGNACIÓN del Reglamento, no la instalación.",
        "estado_registro": "vigente",
        "verif": "confirmado",
        "geo_precision": "municipio",
        "geo_fuente": "punto representativo del municipio «Santa Cruz de Tenerife» en las unidades administrativas del IGN",
        "fecha_alta": "2026-08-07",
        "fecha_verificacion": "2026-08-07",
        "municipio": "Santa Cruz de Tenerife",
        "nodo_urbano": true,
        "nodo_urbano__v": "confirmado",
        "nodo_urbano__f": "f1",
        "claves": [
          {
            "k": "Qué es el nodo en el Reglamento",
            "v": "Nodo urbano. Y además: aeropuerto — «Global (Los Rodeos), Básica (Reina Sofia)», verbatim del Anexo II; puerto marítimo — «Básica (incl Granadilla)», verbatim del Anexo II",
            "verif": "confirmado",
            "fuente": "f1"
          },
          {
            "k": "Qué separa la red básica de la global",
            "v": "Son los dos plazos del Reglamento: la red BÁSICA debe estar terminada en 2030 y la GLOBAL en 2050. No es una escala de importancia, es un calendario con fuerza legal.",
            "verif": "confirmado",
            "fuente": "f1"
          },
          {
            "k": "Cómo se sitúa este nodo",
            "v": "El Reglamento lo llama «Área Metropolitana de Santa Cruz de Tenerife» y el punto es el municipio «Santa Cruz de Tenerife» del IGN: área metropolitana: se apunta al municipio central. La equivalencia la declara el atlas y se puede discutir; no la ha hecho un emparejador automático.",
            "verif": "parcial",
            "fuente": "f2"
          }
        ],
        "fuentes": [
          {
            "id": "f1",
            "tipo": "primaria",
            "titulo": "Reglamento (UE) 2024/1679 del Parlamento Europeo y del Consejo, de 13 de junio de 2024, relativo a las orientaciones de la Unión para el desarrollo de la red transeuropea de transporte. Anexo II, lista de nodos",
            "fecha": "2024-06-13",
            "url": "https://www.boe.es/buscar/doc.php?id=DOUE-L-2024-80996",
            "archivo": "fuentes/2026-08-07_doue_reglamento-2024-1679-rte-t-anexo-ii.pdf"
          },
          {
            "id": "f2",
            "tipo": "primaria",
            "titulo": "Unidades administrativas (municipios) — Instituto Geográfico Nacional, servicio OGC API-Features",
            "fecha": "2026-08-07",
            "url": "https://api-features.ign.es/collections/administrativeunit",
            "archivo": "fuentes/2026-08-07_ign_municipios-nodos-rte-t.json"
          }
        ],
        "aeropuerto": "Global (Los Rodeos), Básica (Reina Sofia)",
        "aeropuerto__v": "confirmado",
        "aeropuerto__f": "f1",
        "puerto_maritimo": "Básica (incl Granadilla)",
        "puerto_maritimo__v": "confirmado",
        "puerto_maritimo__f": "f1"
      }
    },
    {
      "type": "Feature",
      "id": "rte-t:area-metropolitana-de-sevilla",
      "geometry": {
        "type": "Point",
        "coordinates": [
          -5.95729,
          37.39157
        ]
      },
      "properties": {
        "slug": "area-metropolitana-de-sevilla",
        "nombre": "Área Metropolitana de Sevilla",
        "categoria": "red_basica",
        "descripcion": "Nodo español de la red transeuropea de transporte: nodo urbano, aeropuerto (Básica), puerto marítimo (Básica), puerto interior (Básica), terminal ferrocarril-carretera (Básica). El registro es la DESIGNACIÓN del Reglamento, no la instalación.",
        "estado_registro": "vigente",
        "verif": "confirmado",
        "geo_precision": "municipio",
        "geo_fuente": "punto representativo del municipio «Sevilla» en las unidades administrativas del IGN",
        "fecha_alta": "2026-08-07",
        "fecha_verificacion": "2026-08-07",
        "municipio": "Sevilla",
        "nodo_urbano": true,
        "nodo_urbano__v": "confirmado",
        "nodo_urbano__f": "f1",
        "claves": [
          {
            "k": "Qué es el nodo en el Reglamento",
            "v": "Nodo urbano. Y además: aeropuerto — «Básica», verbatim del Anexo II; puerto marítimo — «Básica», verbatim del Anexo II; puerto interior — «Básica», verbatim del Anexo II; terminal ferrocarril-carretera — «Básica», verbatim del Anexo II",
            "verif": "confirmado",
            "fuente": "f1"
          },
          {
            "k": "Qué separa la red básica de la global",
            "v": "Son los dos plazos del Reglamento: la red BÁSICA debe estar terminada en 2030 y la GLOBAL en 2050. No es una escala de importancia, es un calendario con fuerza legal.",
            "verif": "confirmado",
            "fuente": "f1"
          },
          {
            "k": "Cómo se sitúa este nodo",
            "v": "El Reglamento lo llama «Área Metropolitana de Sevilla» y el punto es el municipio «Sevilla» del IGN: área metropolitana: se apunta al municipio central. La equivalencia la declara el atlas y se puede discutir; no la ha hecho un emparejador automático.",
            "verif": "parcial",
            "fuente": "f2"
          }
        ],
        "fuentes": [
          {
            "id": "f1",
            "tipo": "primaria",
            "titulo": "Reglamento (UE) 2024/1679 del Parlamento Europeo y del Consejo, de 13 de junio de 2024, relativo a las orientaciones de la Unión para el desarrollo de la red transeuropea de transporte. Anexo II, lista de nodos",
            "fecha": "2024-06-13",
            "url": "https://www.boe.es/buscar/doc.php?id=DOUE-L-2024-80996",
            "archivo": "fuentes/2026-08-07_doue_reglamento-2024-1679-rte-t-anexo-ii.pdf"
          },
          {
            "id": "f2",
            "tipo": "primaria",
            "titulo": "Unidades administrativas (municipios) — Instituto Geográfico Nacional, servicio OGC API-Features",
            "fecha": "2026-08-07",
            "url": "https://api-features.ign.es/collections/administrativeunit",
            "archivo": "fuentes/2026-08-07_ign_municipios-nodos-rte-t.json"
          }
        ],
        "aeropuerto": "Básica",
        "aeropuerto__v": "confirmado",
        "aeropuerto__f": "f1",
        "puerto_maritimo": "Básica",
        "puerto_maritimo__v": "confirmado",
        "puerto_maritimo__f": "f1",
        "puerto_interior": "Básica",
        "puerto_interior__v": "confirmado",
        "puerto_interior__f": "f1",
        "terminal_ff_carretera": "Básica",
        "terminal_ff_carretera__v": "confirmado",
        "terminal_ff_carretera__f": "f1"
      }
    }
  ]
}
